config,operator,source,NS,sampler,seed,pre_2opt,post_2opt,fes,iterations,two_opt_evals,two_opt_moves,wall_seconds,N,ST,max_fes,instance,rounded,git_sha
swap(current tree)|NS=6|-,swap,current,6,-,0,8631.0,7941.0,104260,334,9990,8,1.605,52,0.5,104000,berlin52,True,06f6700
swap(current tree)|NS=6|-,swap,current,6,-,1,8823.0,7941.0,104260,334,13531,12,1.6,52,0.5,104000,berlin52,True,06f6700
swap(current tree)|NS=6|-,swap,current,6,-,2,8805.0,7941.0,104260,334,11150,10,1.61,52,0.5,104000,berlin52,True,06f6700
swap(current tree)|NS=6|-,swap,current,6,-,3,8614.0,7941.0,104260,334,8806,7,1.62,52,0.5,104000,berlin52,True,06f6700
swap(current tree)|NS=6|-,swap,current,6,-,4,8844.0,7967.0,104260,334,5089,11,1.625,52,0.5,104000,berlin52,True,06f6700
swap(current tree)|NS=6|-,swap,current,6,-,5,8747.0,7941.0,104260,334,12359,10,1.553,52,0.5,104000,berlin52,True,06f6700
swap(current tree)|NS=6|-,swap,current,6,-,6,8771.0,7967.0,104260,334,7155,12,1.657,52,0.5,104000,berlin52,True,06f6700
swap(current tree)|NS=6|-,swap,current,6,-,7,8746.0,7941.0,104260,334,11162,9,1.717,52,0.5,104000,berlin52,True,06f6700
swap(current tree)|NS=6|-,swap,current,6,-,8,8614.0,7941.0,104260,334,8806,7,1.586,52,0.5,104000,berlin52,True,06f6700
swap(current tree)|NS=6|-,swap,current,6,-,9,8836.0,7941.0,104260,334,13491,12,1.591,52,0.5,104000,berlin52,True,06f6700
swap(current tree)|NS=6|-,swap,current,6,-,10,8790.0,7941.0,104260,334,11100,9,1.554,52,0.5,104000,berlin52,True,06f6700
swap(current tree)|NS=6|-,swap,current,6,-,11,8775.0,7941.0,104260,334,12369,11,1.585,52,0.5,104000,berlin52,True,06f6700
swap(current tree)|NS=6|-,swap,current,6,-,12,8923.0,7967.0,104260,334,5374,12,1.498,52,0.5,104000,berlin52,True,06f6700
swap(current tree)|NS=6|-,swap,current,6,-,13,8760.0,7941.0,104260,334,12319,10,1.555,52,0.5,104000,berlin52,True,06f6700
swap(current tree)|NS=6|-,swap,current,6,-,14,8831.0,7941.0,104260,334,13775,12,1.589,52,0.5,104000,berlin52,True,06f6700
swap(current tree)|NS=6|-,swap,current,6,-,15,8520.0,7991.0,104260,334,7678,6,1.618,52,0.5,104000,berlin52,True,06f6700
swap(current tree)|NS=6|-,swap,current,6,-,16,8614.0,7941.0,104260,334,8806,7,1.491,52,0.5,104000,berlin52,True,06f6700
swap(current tree)|NS=6|-,swap,current,6,-,17,8746.0,7941.0,104260,334,11162,9,1.566,52,0.5,104000,berlin52,True,06f6700
swap(current tree)|NS=6|-,swap,current,6,-,18,8666.0,7941.0,104260,334,10285,10,1.546,52,0.5,104000,berlin52,True,06f6700
swap(current tree)|NS=6|-,swap,current,6,-,19,8614.0,7941.0,104260,334,8806,7,1.517,52,0.5,104000,berlin52,True,06f6700
swap(current tree)|NS=6|-,swap,current,6,-,20,8614.0,7941.0,104260,334,8806,7,1.571,52,0.5,104000,berlin52,True,06f6700
swap(current tree)|NS=6|-,swap,current,6,-,21,8614.0,7941.0,104260,334,8806,7,1.504,52,0.5,104000,berlin52,True,06f6700
swap(current tree)|NS=6|-,swap,current,6,-,22,8826.0,7941.0,104260,334,13403,11,1.582,52,0.5,104000,berlin52,True,06f6700
swap(current tree)|NS=6|-,swap,current,6,-,23,8597.0,7992.0,104260,334,12251,10,1.635,52,0.5,104000,berlin52,True,06f6700
swap(current tree)|NS=6|-,swap,current,6,-,24,8747.0,7941.0,104260,334,12359,10,1.498,52,0.5,104000,berlin52,True,06f6700
swap(current tree)|NS=6|-,swap,current,6,-,25,8840.0,7941.0,104260,334,12256,11,1.515,52,0.5,104000,berlin52,True,06f6700
swap(current tree)|NS=6|-,swap,current,6,-,26,8680.0,7941.0,104260,334,10300,9,1.484,52,0.5,104000,berlin52,True,06f6700
swap(current tree)|NS=6|-,swap,current,6,-,27,8683.0,7986.0,104260,334,11029,9,1.486,52,0.5,104000,berlin52,True,06f6700
swap(current tree)|NS=6|-,swap,current,6,-,28,8629.0,7941.0,104260,334,8856,8,1.502,52,0.5,104000,berlin52,True,06f6700
swap(current tree)|NS=6|-,swap,current,6,-,29,8640.0,7941.0,104260,334,9862,8,1.5,52,0.5,104000,berlin52,True,06f6700
swap(current tree)|NS=1|-,swap,current,1,-,0,8561.0,7992.0,104000,1999,10047,9,2.104,52,0.5,104000,berlin52,True,06f6700
swap(current tree)|NS=1|-,swap,current,1,-,1,8693.0,7941.0,104000,1999,9850,8,2.184,52,0.5,104000,berlin52,True,06f6700
swap(current tree)|NS=1|-,swap,current,1,-,2,8751.0,7941.0,104000,1999,11534,10,2.132,52,0.5,104000,berlin52,True,06f6700
swap(current tree)|NS=1|-,swap,current,1,-,3,8754.0,7941.0,104000,1999,10972,9,2.167,52,0.5,104000,berlin52,True,06f6700
swap(current tree)|NS=1|-,swap,current,1,-,4,8821.0,7941.0,104000,1999,13441,11,2.121,52,0.5,104000,berlin52,True,06f6700
swap(current tree)|NS=1|-,swap,current,1,-,5,8698.0,7941.0,104000,1999,10222,9,2.161,52,0.5,104000,berlin52,True,06f6700
swap(current tree)|NS=1|-,swap,current,1,-,6,8805.0,7967.0,104000,1999,5958,12,2.241,52,0.5,104000,berlin52,True,06f6700
swap(current tree)|NS=1|-,swap,current,1,-,7,8729.0,7941.0,104000,1999,9978,8,2.153,52,0.5,104000,berlin52,True,06f6700
swap(current tree)|NS=1|-,swap,current,1,-,8,8533.0,7992.0,104000,1999,11257,10,2.01,52,0.5,104000,berlin52,True,06f6700
swap(current tree)|NS=1|-,swap,current,1,-,9,8693.0,7941.0,104000,1999,9850,8,2.049,52,0.5,104000,berlin52,True,06f6700
swap(current tree)|NS=1|-,swap,current,1,-,10,8841.0,7941.0,104000,1999,13453,12,2.11,52,0.5,104000,berlin52,True,06f6700
swap(current tree)|NS=1|-,swap,current,1,-,11,8729.0,7941.0,104000,1999,9978,8,2.081,52,0.5,104000,berlin52,True,06f6700
swap(current tree)|NS=1|-,swap,current,1,-,12,8672.0,7967.0,104000,1999,7103,11,2.137,52,0.5,104000,berlin52,True,06f6700
swap(current tree)|NS=1|-,swap,current,1,-,13,8762.0,7941.0,104000,1999,12409,11,2.082,52,0.5,104000,berlin52,True,06f6700
swap(current tree)|NS=1|-,swap,current,1,-,14,8629.0,7941.0,104000,1999,8856,8,2.126,52,0.5,104000,berlin52,True,06f6700
swap(current tree)|NS=1|-,swap,current,1,-,15,8614.0,7941.0,104000,1999,8806,7,2.091,52,0.5,104000,berlin52,True,06f6700
swap(current tree)|NS=1|-,swap,current,1,-,16,8746.0,7941.0,104000,1999,11162,9,2.054,52,0.5,104000,berlin52,True,06f6700
swap(current tree)|NS=1|-,swap,current,1,-,17,8723.0,7967.0,104000,1999,5037,10,2.16,52,0.5,104000,berlin52,True,06f6700
swap(current tree)|NS=1|-,swap,current,1,-,18,8690.0,7941.0,104000,1999,9978,9,2.076,52,0.5,104000,berlin52,True,06f6700
swap(current tree)|NS=1|-,swap,current,1,-,19,8629.0,7941.0,104000,1999,8856,8,1.992,52,0.5,104000,berlin52,True,06f6700
swap(current tree)|NS=1|-,swap,current,1,-,20,8884.0,7941.0,104000,1999,12194,11,2.07,52,0.5,104000,berlin52,True,06f6700
swap(current tree)|NS=1|-,swap,current,1,-,21,8693.0,7941.0,104000,1999,9850,8,2.094,52,0.5,104000,berlin52,True,06f6700
swap(current tree)|NS=1|-,swap,current,1,-,22,8760.0,7941.0,104000,1999,12319,10,2.152,52,0.5,104000,berlin52,True,06f6700
swap(current tree)|NS=1|-,swap,current,1,-,23,8747.0,7941.0,104000,1999,12359,10,1.989,52,0.5,104000,berlin52,True,06f6700
swap(current tree)|NS=1|-,swap,current,1,-,24,8857.0,7967.0,104000,1999,5140,12,1.956,52,0.5,104000,berlin52,True,06f6700
swap(current tree)|NS=1|-,swap,current,1,-,25,8751.0,7941.0,104000,1999,11534,10,1.958,52,0.5,104000,berlin52,True,06f6700
swap(current tree)|NS=1|-,swap,current,1,-,26,8675.0,7941.0,104000,1999,9928,8,1.918,52,0.5,104000,berlin52,True,06f6700
swap(current tree)|NS=1|-,swap,current,1,-,27,8874.0,7941.0,104000,1999,12516,11,1.953,52,0.5,104000,berlin52,True,06f6700
swap(current tree)|NS=1|-,swap,current,1,-,28,8746.0,7967.0,104000,1999,6141,11,1.948,52,0.5,104000,berlin52,True,06f6700
swap(current tree)|NS=1|-,swap,current,1,-,29,8619.0,7941.0,104000,1999,9178,8,1.952,52,0.5,104000,berlin52,True,06f6700
swap(random tree)|NS=6|-,swap,random,6,-,0,8518.0,7992.0,104260,334,11207,9,1.6,52,0.5,104000,berlin52,True,06f6700
swap(random tree)|NS=6|-,swap,random,6,-,1,8278.0,8096.0,104260,334,3333,3,1.648,52,0.5,104000,berlin52,True,06f6700
swap(random tree)|NS=6|-,swap,random,6,-,2,8523.0,7988.0,104260,334,10781,9,1.597,52,0.5,104000,berlin52,True,06f6700
swap(random tree)|NS=6|-,swap,random,6,-,3,8518.0,7992.0,104260,334,11207,9,1.583,52,0.5,104000,berlin52,True,06f6700
swap(random tree)|NS=6|-,swap,random,6,-,4,8268.0,8096.0,104260,334,3612,3,1.593,52,0.5,104000,berlin52,True,06f6700
swap(random tree)|NS=6|-,swap,random,6,-,5,8467.0,7967.0,104260,334,6829,6,1.684,52,0.5,104000,berlin52,True,06f6700
swap(random tree)|NS=6|-,swap,random,6,-,6,8507.0,7941.0,104260,334,8537,7,1.64,52,0.5,104000,berlin52,True,06f6700
swap(random tree)|NS=6|-,swap,random,6,-,7,8506.0,7941.0,104260,334,7697,6,1.589,52,0.5,104000,berlin52,True,06f6700
swap(random tree)|NS=6|-,swap,random,6,-,8,8519.0,7992.0,104260,334,12047,10,1.658,52,0.5,104000,berlin52,True,06f6700
swap(random tree)|NS=6|-,swap,random,6,-,9,8267.0,8096.0,104260,334,4353,3,1.55,52,0.5,104000,berlin52,True,06f6700
swap(random tree)|NS=6|-,swap,random,6,-,10,8518.0,7992.0,104260,334,11207,9,1.552,52,0.5,104000,berlin52,True,06f6700
swap(random tree)|NS=6|-,swap,random,6,-,11,8462.0,7967.0,104260,334,6149,5,1.644,52,0.5,104000,berlin52,True,06f6700
swap(random tree)|NS=6|-,swap,random,6,-,12,8518.0,7992.0,104260,334,11207,9,1.52,52,0.5,104000,berlin52,True,06f6700
swap(random tree)|NS=6|-,swap,random,6,-,13,8164.0,8024.0,104260,334,1345,1,1.579,52,0.5,104000,berlin52,True,06f6700
swap(random tree)|NS=6|-,swap,random,6,-,14,8279.0,8103.0,104260,334,4725,4,1.67,52,0.5,104000,berlin52,True,06f6700
swap(random tree)|NS=6|-,swap,random,6,-,15,8506.0,7941.0,104260,334,7697,6,1.621,52,0.5,104000,berlin52,True,06f6700
swap(random tree)|NS=6|-,swap,random,6,-,16,8506.0,7941.0,104260,334,7697,6,1.618,52,0.5,104000,berlin52,True,06f6700
swap(random tree)|NS=6|-,swap,random,6,-,17,8506.0,7941.0,104260,334,7697,6,1.565,52,0.5,104000,berlin52,True,06f6700
swap(random tree)|NS=6|-,swap,random,6,-,18,8462.0,7967.0,104260,334,6149,5,1.587,52,0.5,104000,berlin52,True,06f6700
swap(random tree)|NS=6|-,swap,random,6,-,19,8520.0,7991.0,104260,334,7678,6,1.591,52,0.5,104000,berlin52,True,06f6700
swap(random tree)|NS=6|-,swap,random,6,-,20,8506.0,7941.0,104260,334,7697,6,1.638,52,0.5,104000,berlin52,True,06f6700
swap(random tree)|NS=6|-,swap,random,6,-,21,8279.0,8108.0,104260,334,4393,3,1.636,52,0.5,104000,berlin52,True,06f6700
swap(random tree)|NS=6|-,swap,random,6,-,22,8220.0,8108.0,104260,334,2197,1,1.613,52,0.5,104000,berlin52,True,06f6700
swap(random tree)|NS=6|-,swap,random,6,-,23,8506.0,7941.0,104260,334,7697,6,1.675,52,0.5,104000,berlin52,True,06f6700
swap(random tree)|NS=6|-,swap,random,6,-,24,8506.0,7941.0,104260,334,7697,6,1.555,52,0.5,104000,berlin52,True,06f6700
swap(random tree)|NS=6|-,swap,random,6,-,25,8518.0,7992.0,104260,334,11207,9,1.526,52,0.5,104000,berlin52,True,06f6700
swap(random tree)|NS=6|-,swap,random,6,-,26,8268.0,8096.0,104260,334,3655,3,1.512,52,0.5,104000,berlin52,True,06f6700
swap(random tree)|NS=6|-,swap,random,6,-,27,8513.0,7948.0,104260,334,7697,6,1.511,52,0.5,104000,berlin52,True,06f6700
swap(random tree)|NS=6|-,swap,random,6,-,28,8506.0,7941.0,104260,334,7697,6,1.521,52,0.5,104000,berlin52,True,06f6700
swap(random tree)|NS=6|-,swap,random,6,-,29,8511.0,7941.0,104260,334,8069,7,1.493,52,0.5,104000,berlin52,True,06f6700
swap(random tree)|NS=1|-,swap,random,1,-,0,8147.0,8045.0,104000,1999,2261,2,2.091,52,0.5,104000,berlin52,True,06f6700
swap(random tree)|NS=1|-,swap,random,1,-,1,8469.0,7974.0,104000,1999,6149,5,2.229,52,0.5,104000,berlin52,True,06f6700
swap(random tree)|NS=1|-,swap,random,1,-,2,8506.0,7941.0,104000,1999,7697,6,2.101,52,0.5,104000,berlin52,True,06f6700
swap(random tree)|NS=1|-,swap,random,1,-,3,8325.0,8213.0,104000,1999,2197,1,2.105,52,0.5,104000,berlin52,True,06f6700
swap(random tree)|NS=1|-,swap,random,1,-,4,8506.0,7941.0,104000,1999,7697,6,2.248,52,0.5,104000,berlin52,True,06f6700
swap(random tree)|NS=1|-,swap,random,1,-,5,8267.0,8096.0,104000,1999,4353,3,2.115,52,0.5,104000,berlin52,True,06f6700
swap(random tree)|NS=1|-,swap,random,1,-,6,8517.0,7941.0,104000,1999,8152,7,2.199,52,0.5,104000,berlin52,True,06f6700
swap(random tree)|NS=1|-,swap,random,1,-,7,8519.0,7992.0,104000,1999,12047,10,2.205,52,0.5,104000,berlin52,True,06f6700
swap(random tree)|NS=1|-,swap,random,1,-,8,8507.0,7941.0,104000,1999,8537,7,2.161,52,0.5,104000,berlin52,True,06f6700
swap(random tree)|NS=1|-,swap,random,1,-,9,8518.0,7992.0,104000,1999,11207,9,2.212,52,0.5,104000,berlin52,True,06f6700
swap(random tree)|NS=1|-,swap,random,1,-,10,8462.0,7967.0,104000,1999,6149,5,2.185,52,0.5,104000,berlin52,True,06f6700
swap(random tree)|NS=1|-,swap,random,1,-,11,8506.0,7941.0,104000,1999,7697,6,2.189,52,0.5,104000,berlin52,True,06f6700
swap(random tree)|NS=1|-,swap,random,1,-,12,8518.0,7992.0,104000,1999,11207,9,2.206,52,0.5,104000,berlin52,True,06f6700
swap(random tree)|NS=1|-,swap,random,1,-,13,8506.0,7941.0,104000,1999,7697,6,2.145,52,0.5,104000,berlin52,True,06f6700
swap(random tree)|NS=1|-,swap,random,1,-,14,8272.0,8096.0,104000,1999,4682,4,2.161,52,0.5,104000,berlin52,True,06f6700
swap(random tree)|NS=1|-,swap,random,1,-,15,8511.0,7941.0,104000,1999,8069,7,2.188,52,0.5,104000,berlin52,True,06f6700
swap(random tree)|NS=1|-,swap,random,1,-,16,8462.0,7967.0,104000,1999,6149,5,2.422,52,0.5,104000,berlin52,True,06f6700
swap(random tree)|NS=1|-,swap,random,1,-,17,8445.0,7988.0,104000,1999,7065,6,2.361,52,0.5,104000,berlin52,True,06f6700
swap(random tree)|NS=1|-,swap,random,1,-,18,8506.0,7941.0,104000,1999,7697,6,2.389,52,0.5,104000,berlin52,True,06f6700
swap(random tree)|NS=1|-,swap,random,1,-,19,8278.0,8096.0,104000,1999,4808,4,2.451,52,0.5,104000,berlin52,True,06f6700
swap(random tree)|NS=1|-,swap,random,1,-,20,8615.0,7941.0,104000,1999,9646,8,2.477,52,0.5,104000,berlin52,True,06f6700
swap(random tree)|NS=1|-,swap,random,1,-,21,8507.0,7941.0,104000,1999,8537,7,2.484,52,0.5,104000,berlin52,True,06f6700
swap(random tree)|NS=1|-,swap,random,1,-,22,8506.0,7941.0,104000,1999,7697,6,2.43,52,0.5,104000,berlin52,True,06f6700
swap(random tree)|NS=1|-,swap,random,1,-,23,8155.0,8045.0,104000,1999,3721,4,2.42,52,0.5,104000,berlin52,True,06f6700
swap(random tree)|NS=1|-,swap,random,1,-,24,8462.0,7967.0,104000,1999,6149,5,2.13,52,0.5,104000,berlin52,True,06f6700
swap(random tree)|NS=1|-,swap,random,1,-,25,8506.0,7941.0,104000,1999,7697,6,2.043,52,0.5,104000,berlin52,True,06f6700
swap(random tree)|NS=1|-,swap,random,1,-,26,8513.0,7948.0,104000,1999,7697,6,2.076,52,0.5,104000,berlin52,True,06f6700
swap(random tree)|NS=1|-,swap,random,1,-,27,8506.0,7941.0,104000,1999,7697,6,2.075,52,0.5,104000,berlin52,True,06f6700
swap(random tree)|NS=1|-,swap,random,1,-,28,8300.0,7967.0,104000,1999,9863,8,2.032,52,0.5,104000,berlin52,True,06f6700
swap(random tree)|NS=1|-,swap,random,1,-,29,8244.0,8113.0,104000,1999,3423,3,1.992,52,0.5,104000,berlin52,True,06f6700
swap(best tree)|NS=6|-,swap,best,6,-,0,8523.0,7992.0,104260,334,8777,7,1.636,52,0.5,104000,berlin52,True,06f6700
swap(best tree)|NS=6|-,swap,best,6,-,1,8614.0,7941.0,104260,334,8806,7,1.685,52,0.5,104000,berlin52,True,06f6700
swap(best tree)|NS=6|-,swap,best,6,-,2,8614.0,7941.0,104260,334,8806,7,1.66,52,0.5,104000,berlin52,True,06f6700
swap(best tree)|NS=6|-,swap,best,6,-,3,8518.0,7992.0,104260,334,11207,9,1.633,52,0.5,104000,berlin52,True,06f6700
swap(best tree)|NS=6|-,swap,best,6,-,4,8614.0,7941.0,104260,334,8806,7,1.678,52,0.5,104000,berlin52,True,06f6700
swap(best tree)|NS=6|-,swap,best,6,-,5,8614.0,7941.0,104260,334,8806,7,1.668,52,0.5,104000,berlin52,True,06f6700
swap(best tree)|NS=6|-,swap,best,6,-,6,8614.0,7941.0,104260,334,8806,7,1.598,52,0.5,104000,berlin52,True,06f6700
swap(best tree)|NS=6|-,swap,best,6,-,7,8614.0,7941.0,104260,334,8806,7,1.74,52,0.5,104000,berlin52,True,06f6700
swap(best tree)|NS=6|-,swap,best,6,-,8,8614.0,7941.0,104260,334,8806,7,1.91,52,0.5,104000,berlin52,True,06f6700
swap(best tree)|NS=6|-,swap,best,6,-,9,8614.0,7941.0,104260,334,8806,7,1.885,52,0.5,104000,berlin52,True,06f6700
swap(best tree)|NS=6|-,swap,best,6,-,10,8614.0,7941.0,104260,334,8806,7,1.922,52,0.5,104000,berlin52,True,06f6700
swap(best tree)|NS=6|-,swap,best,6,-,11,8614.0,7941.0,104260,334,8806,7,1.933,52,0.5,104000,berlin52,True,06f6700
swap(best tree)|NS=6|-,swap,best,6,-,12,8614.0,7941.0,104260,334,8806,7,1.831,52,0.5,104000,berlin52,True,06f6700
swap(best tree)|NS=6|-,swap,best,6,-,13,8614.0,7941.0,104260,334,8806,7,2.023,52,0.5,104000,berlin52,True,06f6700
swap(best tree)|NS=6|-,swap,best,6,-,14,8614.0,7941.0,104260,334,8806,7,1.996,52,0.5,104000,berlin52,True,06f6700
swap(best tree)|NS=6|-,swap,best,6,-,15,8506.0,7941.0,104260,334,7697,6,1.901,52,0.5,104000,berlin52,True,06f6700
swap(best tree)|NS=6|-,swap,best,6,-,16,8614.0,7941.0,104260,334,8806,7,1.829,52,0.5,104000,berlin52,True,06f6700
swap(best tree)|NS=6|-,swap,best,6,-,17,8614.0,7941.0,104260,334,8806,7,1.73,52,0.5,104000,berlin52,True,06f6700
swap(best tree)|NS=6|-,swap,best,6,-,18,8614.0,7941.0,104260,334,8806,7,1.698,52,0.5,104000,berlin52,True,06f6700
swap(best tree)|NS=6|-,swap,best,6,-,19,8614.0,7941.0,104260,334,8806,7,1.744,52,0.5,104000,berlin52,True,06f6700
swap(best tree)|NS=6|-,swap,best,6,-,20,8614.0,7941.0,104260,334,8806,7,1.847,52,0.5,104000,berlin52,True,06f6700
swap(best tree)|NS=6|-,swap,best,6,-,21,8614.0,7941.0,104260,334,8806,7,1.802,52,0.5,104000,berlin52,True,06f6700
swap(best tree)|NS=6|-,swap,best,6,-,22,8614.0,7941.0,104260,334,8806,7,1.976,52,0.5,104000,berlin52,True,06f6700
swap(best tree)|NS=6|-,swap,best,6,-,23,8614.0,7941.0,104260,334,8806,7,1.693,52,0.5,104000,berlin52,True,06f6700
swap(best tree)|NS=6|-,swap,best,6,-,24,8614.0,7941.0,104260,334,8806,7,1.525,52,0.5,104000,berlin52,True,06f6700
swap(best tree)|NS=6|-,swap,best,6,-,25,8614.0,7941.0,104260,334,8806,7,1.561,52,0.5,104000,berlin52,True,06f6700
swap(best tree)|NS=6|-,swap,best,6,-,26,8614.0,7941.0,104260,334,8806,7,1.569,52,0.5,104000,berlin52,True,06f6700
swap(best tree)|NS=6|-,swap,best,6,-,27,8614.0,7941.0,104260,334,8806,7,1.556,52,0.5,104000,berlin52,True,06f6700
swap(best tree)|NS=6|-,swap,best,6,-,28,8614.0,7941.0,104260,334,8806,7,1.518,52,0.5,104000,berlin52,True,06f6700
swap(best tree)|NS=6|-,swap,best,6,-,29,8614.0,7941.0,104260,334,8806,7,1.515,52,0.5,104000,berlin52,True,06f6700
swap(best tree)|NS=1|-,swap,best,1,-,0,8614.0,7941.0,104000,1999,8806,7,2.173,52,0.5,104000,berlin52,True,06f6700
swap(best tree)|NS=1|-,swap,best,1,-,1,8614.0,7941.0,104000,1999,8806,7,2.164,52,0.5,104000,berlin52,True,06f6700
swap(best tree)|NS=1|-,swap,best,1,-,2,8614.0,7941.0,104000,1999,8806,7,2.198,52,0.5,104000,berlin52,True,06f6700
swap(best tree)|NS=1|-,swap,best,1,-,3,8614.0,7941.0,104000,1999,8806,7,2.105,52,0.5,104000,berlin52,True,06f6700
swap(best tree)|NS=1|-,swap,best,1,-,4,8614.0,7941.0,104000,1999,8806,7,2.108,52,0.5,104000,berlin52,True,06f6700
swap(best tree)|NS=1|-,swap,best,1,-,5,8506.0,7941.0,104000,1999,7697,6,2.165,52,0.5,104000,berlin52,True,06f6700
swap(best tree)|NS=1|-,swap,best,1,-,6,8614.0,7941.0,104000,1999,8806,7,2.14,52,0.5,104000,berlin52,True,06f6700
swap(best tree)|NS=1|-,swap,best,1,-,7,8614.0,7941.0,104000,1999,8806,7,2.128,52,0.5,104000,berlin52,True,06f6700
swap(best tree)|NS=1|-,swap,best,1,-,8,8614.0,7941.0,104000,1999,8806,7,2.162,52,0.5,104000,berlin52,True,06f6700
swap(best tree)|NS=1|-,swap,best,1,-,9,8614.0,7941.0,104000,1999,8806,7,2.092,52,0.5,104000,berlin52,True,06f6700
swap(best tree)|NS=1|-,swap,best,1,-,10,8614.0,7941.0,104000,1999,8806,7,2.066,52,0.5,104000,berlin52,True,06f6700
swap(best tree)|NS=1|-,swap,best,1,-,11,8614.0,7941.0,104000,1999,8806,7,2.083,52,0.5,104000,berlin52,True,06f6700
swap(best tree)|NS=1|-,swap,best,1,-,12,8614.0,7941.0,104000,1999,8806,7,2.196,52,0.5,104000,berlin52,True,06f6700
swap(best tree)|NS=1|-,swap,best,1,-,13,8614.0,7941.0,104000,1999,8806,7,2.119,52,0.5,104000,berlin52,True,06f6700
swap(best tree)|NS=1|-,swap,best,1,-,14,8614.0,7941.0,104000,1999,8806,7,2.155,52,0.5,104000,berlin52,True,06f6700
swap(best tree)|NS=1|-,swap,best,1,-,15,8506.0,7941.0,104000,1999,7697,6,2.061,52,0.5,104000,berlin52,True,06f6700
swap(best tree)|NS=1|-,swap,best,1,-,16,8614.0,7941.0,104000,1999,8806,7,2.123,52,0.5,104000,berlin52,True,06f6700
swap(best tree)|NS=1|-,swap,best,1,-,17,8506.0,7941.0,104000,1999,7697,6,2.084,52,0.5,104000,berlin52,True,06f6700
swap(best tree)|NS=1|-,swap,best,1,-,18,8614.0,7941.0,104000,1999,8806,7,2.079,52,0.5,104000,berlin52,True,06f6700
swap(best tree)|NS=1|-,swap,best,1,-,19,8614.0,7941.0,104000,1999,8806,7,2.111,52,0.5,104000,berlin52,True,06f6700
swap(best tree)|NS=1|-,swap,best,1,-,20,8614.0,7941.0,104000,1999,8806,7,2.131,52,0.5,104000,berlin52,True,06f6700
swap(best tree)|NS=1|-,swap,best,1,-,21,8614.0,7941.0,104000,1999,8806,7,2.056,52,0.5,104000,berlin52,True,06f6700
swap(best tree)|NS=1|-,swap,best,1,-,22,8614.0,7941.0,104000,1999,8806,7,2.133,52,0.5,104000,berlin52,True,06f6700
swap(best tree)|NS=1|-,swap,best,1,-,23,8614.0,7941.0,104000,1999,8806,7,2.148,52,0.5,104000,berlin52,True,06f6700
swap(best tree)|NS=1|-,swap,best,1,-,24,8614.0,7941.0,104000,1999,8806,7,1.944,52,0.5,104000,berlin52,True,06f6700
swap(best tree)|NS=1|-,swap,best,1,-,25,8614.0,7941.0,104000,1999,8806,7,1.948,52,0.5,104000,berlin52,True,06f6700
swap(best tree)|NS=1|-,swap,best,1,-,26,8614.0,7941.0,104000,1999,8806,7,1.937,52,0.5,104000,berlin52,True,06f6700
swap(best tree)|NS=1|-,swap,best,1,-,27,8614.0,7941.0,104000,1999,8806,7,1.928,52,0.5,104000,berlin52,True,06f6700
swap(best tree)|NS=1|-,swap,best,1,-,28,8614.0,7941.0,104000,1999,8806,7,1.933,52,0.5,104000,berlin52,True,06f6700
swap(best tree)|NS=1|-,swap,best,1,-,29,8506.0,7941.0,104000,1999,7697,6,1.935,52,0.5,104000,berlin52,True,06f6700
shift(current tree)|NS=6|-,shift,current,6,-,0,8303.0,8108.0,104260,334,4254,3,1.691,52,0.5,104000,berlin52,True,06f6700
shift(current tree)|NS=6|-,shift,current,6,-,1,8346.0,7989.0,104260,334,6234,7,1.758,52,0.5,104000,berlin52,True,06f6700
shift(current tree)|NS=6|-,shift,current,6,-,2,8351.0,8108.0,104260,334,4618,4,1.729,52,0.5,104000,berlin52,True,06f6700
shift(current tree)|NS=6|-,shift,current,6,-,3,8497.0,8091.0,104260,334,7722,6,1.654,52,0.5,104000,berlin52,True,06f6700
shift(current tree)|NS=6|-,shift,current,6,-,4,8521.0,7989.0,104260,334,10875,12,1.693,52,0.5,104000,berlin52,True,06f6700
shift(current tree)|NS=6|-,shift,current,6,-,5,8638.0,7941.0,104260,334,9958,9,1.641,52,0.5,104000,berlin52,True,06f6700
shift(current tree)|NS=6|-,shift,current,6,-,6,8675.0,7941.0,104260,334,8628,8,1.714,52,0.5,104000,berlin52,True,06f6700
shift(current tree)|NS=6|-,shift,current,6,-,7,8724.0,7941.0,104260,334,10940,10,1.684,52,0.5,104000,berlin52,True,06f6700
shift(current tree)|NS=6|-,shift,current,6,-,8,8490.0,7992.0,104260,334,12644,11,1.665,52,0.5,104000,berlin52,True,06f6700
shift(current tree)|NS=6|-,shift,current,6,-,9,8469.0,8143.0,104260,334,6680,6,1.663,52,0.5,104000,berlin52,True,06f6700
shift(current tree)|NS=6|-,shift,current,6,-,10,8633.0,8056.0,104260,334,11030,9,1.66,52,0.5,104000,berlin52,True,06f6700
shift(current tree)|NS=6|-,shift,current,6,-,11,8611.0,8171.0,104260,334,7878,6,1.725,52,0.5,104000,berlin52,True,06f6700
shift(current tree)|NS=6|-,shift,current,6,-,12,8465.0,7989.0,104260,334,11614,13,1.676,52,0.5,104000,berlin52,True,06f6700
shift(current tree)|NS=6|-,shift,current,6,-,13,8396.0,8108.0,104260,334,6280,5,1.694,52,0.5,104000,berlin52,True,06f6700
shift(current tree)|NS=6|-,shift,current,6,-,14,8371.0,7989.0,104260,334,5968,7,1.712,52,0.5,104000,berlin52,True,06f6700
shift(current tree)|NS=6|-,shift,current,6,-,15,8264.0,7989.0,104260,334,4942,6,1.78,52,0.5,104000,berlin52,True,06f6700
shift(current tree)|NS=6|-,shift,current,6,-,16,8360.0,8113.0,104260,334,4487,3,1.68,52,0.5,104000,berlin52,True,06f6700
shift(current tree)|NS=6|-,shift,current,6,-,17,8690.0,8125.0,104260,334,8131,10,1.661,52,0.5,104000,berlin52,True,06f6700
shift(current tree)|NS=6|-,shift,current,6,-,18,8404.0,8042.0,104260,334,7070,6,1.709,52,0.5,104000,berlin52,True,06f6700
shift(current tree)|NS=6|-,shift,current,6,-,19,8455.0,8046.0,104260,334,3557,5,1.741,52,0.5,104000,berlin52,True,06f6700
shift(current tree)|NS=6|-,shift,current,6,-,20,8207.0,7989.0,104260,334,6436,6,1.705,52,0.5,104000,berlin52,True,06f6700
shift(current tree)|NS=6|-,shift,current,6,-,21,8375.0,7989.0,104260,334,7474,8,1.786,52,0.5,104000,berlin52,True,06f6700
shift(current tree)|NS=6|-,shift,current,6,-,22,8487.0,8177.0,104260,334,4139,6,1.741,52,0.5,104000,berlin52,True,06f6700
shift(current tree)|NS=6|-,shift,current,6,-,23,8372.0,8108.0,104260,334,5493,4,1.732,52,0.5,104000,berlin52,True,06f6700
shift(current tree)|NS=6|-,shift,current,6,-,24,8388.0,8066.0,104260,334,5712,4,1.636,52,0.5,104000,berlin52,True,06f6700
shift(current tree)|NS=6|-,shift,current,6,-,25,8820.0,7941.0,104260,334,10894,10,1.645,52,0.5,104000,berlin52,True,06f6700
shift(current tree)|NS=6|-,shift,current,6,-,26,8636.0,7948.0,104260,334,11640,15,1.6,52,0.5,104000,berlin52,True,06f6700
shift(current tree)|NS=6|-,shift,current,6,-,27,8337.0,7926.0,104260,334,3905,6,1.607,52,0.5,104000,berlin52,True,06f6700
shift(current tree)|NS=6|-,shift,current,6,-,28,8314.0,8047.0,104260,334,2801,4,1.632,52,0.5,104000,berlin52,True,06f6700
shift(current tree)|NS=6|-,shift,current,6,-,29,8615.0,7941.0,104260,334,11221,10,1.595,52,0.5,104000,berlin52,True,06f6700
shift(current tree)|NS=1|-,shift,current,1,-,0,8355.0,8108.0,104000,1999,4627,4,2.256,52,0.5,104000,berlin52,True,06f6700
shift(current tree)|NS=1|-,shift,current,1,-,1,8513.0,8125.0,104000,1999,4140,6,2.361,52,0.5,104000,berlin52,True,06f6700
shift(current tree)|NS=1|-,shift,current,1,-,2,8610.0,8082.0,104000,1999,8366,8,2.243,52,0.5,104000,berlin52,True,06f6700
shift(current tree)|NS=1|-,shift,current,1,-,3,8425.0,7989.0,104000,1999,6824,8,2.316,52,0.5,104000,berlin52,True,06f6700
shift(current tree)|NS=1|-,shift,current,1,-,4,8337.0,8108.0,104000,1999,4569,3,2.336,52,0.5,104000,berlin52,True,06f6700
shift(current tree)|NS=1|-,shift,current,1,-,5,8574.0,7992.0,104000,1999,14060,13,2.311,52,0.5,104000,berlin52,True,06f6700
shift(current tree)|NS=1|-,shift,current,1,-,6,8563.0,7967.0,104000,1999,5952,12,2.249,52,0.5,104000,berlin52,True,06f6700
shift(current tree)|NS=1|-,shift,current,1,-,7,8678.0,8108.0,104000,1999,9424,9,2.238,52,0.5,104000,berlin52,True,06f6700
shift(current tree)|NS=1|-,shift,current,1,-,8,8191.0,8042.0,104000,1999,5927,5,2.193,52,0.5,104000,berlin52,True,06f6700
shift(current tree)|NS=1|-,shift,current,1,-,9,8575.0,8056.0,104000,1999,6721,5,2.185,52,0.5,104000,berlin52,True,06f6700
shift(current tree)|NS=1|-,shift,current,1,-,10,8584.0,7992.0,104000,1999,13738,13,2.169,52,0.5,104000,berlin52,True,06f6700
shift(current tree)|NS=1|-,shift,current,1,-,11,8576.0,8171.0,104000,1999,6996,6,2.256,52,0.5,104000,berlin52,True,06f6700
shift(current tree)|NS=1|-,shift,current,1,-,12,8279.0,7989.0,104000,1999,6735,8,2.189,52,0.5,104000,berlin52,True,06f6700
shift(current tree)|NS=1|-,shift,current,1,-,13,8468.0,8066.0,104000,1999,6818,5,2.132,52,0.5,104000,berlin52,True,06f6700
shift(current tree)|NS=1|-,shift,current,1,-,14,8378.0,8056.0,104000,1999,5570,5,2.241,52,0.5,104000,berlin52,True,06f6700
shift(current tree)|NS=1|-,shift,current,1,-,15,8384.0,8108.0,104000,1999,6640,6,2.304,52,0.5,104000,berlin52,True,06f6700
shift(current tree)|NS=1|-,shift,current,1,-,16,8361.0,7983.0,104000,1999,5766,7,2.196,52,0.5,104000,berlin52,True,06f6700
shift(current tree)|NS=1|-,shift,current,1,-,17,8410.0,8103.0,104000,1999,5057,9,2.203,52,0.5,104000,berlin52,True,06f6700
shift(current tree)|NS=1|-,shift,current,1,-,18,8368.0,8108.0,104000,1999,5568,5,2.166,52,0.5,104000,berlin52,True,06f6700
shift(current tree)|NS=1|-,shift,current,1,-,19,8342.0,7902.0,104000,1999,5139,7,2.204,52,0.5,104000,berlin52,True,06f6700
shift(current tree)|NS=1|-,shift,current,1,-,20,8345.0,7989.0,104000,1999,6080,8,2.191,52,0.5,104000,berlin52,True,06f6700
shift(current tree)|NS=1|-,shift,current,1,-,21,8546.0,7986.0,104000,1999,6525,6,2.245,52,0.5,104000,berlin52,True,06f6700
shift(current tree)|NS=1|-,shift,current,1,-,22,8732.0,7941.0,104000,1999,13756,12,2.188,52,0.5,104000,berlin52,True,06f6700
shift(current tree)|NS=1|-,shift,current,1,-,23,8487.0,8177.0,104000,1999,4139,6,2.279,52,0.5,104000,berlin52,True,06f6700
shift(current tree)|NS=1|-,shift,current,1,-,24,8509.0,7989.0,104000,1999,9635,10,2.06,52,0.5,104000,berlin52,True,06f6700
shift(current tree)|NS=1|-,shift,current,1,-,25,8606.0,8082.0,104000,1999,8533,9,2.105,52,0.5,104000,berlin52,True,06f6700
shift(current tree)|NS=1|-,shift,current,1,-,26,8455.0,8082.0,104000,1999,6313,7,2.064,52,0.5,104000,berlin52,True,06f6700
shift(current tree)|NS=1|-,shift,current,1,-,27,8479.0,7948.0,104000,1999,10409,13,2.058,52,0.5,104000,berlin52,True,06f6700
shift(current tree)|NS=1|-,shift,current,1,-,28,8502.0,8248.0,104000,1999,5351,5,2.063,52,0.5,104000,berlin52,True,06f6700
shift(current tree)|NS=1|-,shift,current,1,-,29,8479.0,8213.0,104000,1999,5762,5,2.03,52,0.5,104000,berlin52,True,06f6700
shift(random tree)|NS=6|-,shift,random,6,-,0,8201.0,8024.0,104260,334,3167,2,1.782,52,0.5,104000,berlin52,True,06f6700
shift(random tree)|NS=6|-,shift,random,6,-,1,8275.0,8108.0,104260,334,3206,2,1.82,52,0.5,104000,berlin52,True,06f6700
shift(random tree)|NS=6|-,shift,random,6,-,2,8242.0,8046.0,104260,334,3323,4,1.784,52,0.5,104000,berlin52,True,06f6700
shift(random tree)|NS=6|-,shift,random,6,-,3,8325.0,7969.0,104260,334,5180,5,1.772,52,0.5,104000,berlin52,True,06f6700
shift(random tree)|NS=6|-,shift,random,6,-,4,8304.0,7907.0,104260,334,8724,7,1.756,52,0.5,104000,berlin52,True,06f6700
shift(random tree)|NS=6|-,shift,random,6,-,5,8237.0,7978.0,104260,334,2298,2,1.741,52,0.5,104000,berlin52,True,06f6700
shift(random tree)|NS=6|-,shift,random,6,-,6,8440.0,8172.0,104260,334,7023,6,1.784,52,0.5,104000,berlin52,True,06f6700
shift(random tree)|NS=6|-,shift,random,6,-,7,8293.0,7804.0,104260,334,3935,5,1.832,52,0.5,104000,berlin52,True,06f6700
shift(random tree)|NS=6|-,shift,random,6,-,8,8242.0,7992.0,104260,334,9218,9,1.81,52,0.5,104000,berlin52,True,06f6700
shift(random tree)|NS=6|-,shift,random,6,-,9,8275.0,8108.0,104260,334,3206,2,1.817,52,0.5,104000,berlin52,True,06f6700
shift(random tree)|NS=6|-,shift,random,6,-,10,8202.0,8024.0,104260,334,3116,2,1.755,52,0.5,104000,berlin52,True,06f6700
shift(random tree)|NS=6|-,shift,random,6,-,11,8202.0,8024.0,104260,334,3116,2,1.809,52,0.5,104000,berlin52,True,06f6700
shift(random tree)|NS=6|-,shift,random,6,-,12,8275.0,8108.0,104260,334,3302,2,1.838,52,0.5,104000,berlin52,True,06f6700
shift(random tree)|NS=6|-,shift,random,6,-,13,8209.0,8024.0,104260,334,3147,2,1.75,52,0.5,104000,berlin52,True,06f6700
shift(random tree)|NS=6|-,shift,random,6,-,14,8269.0,8024.0,104260,334,6407,6,1.884,52,0.5,104000,berlin52,True,06f6700
shift(random tree)|NS=6|-,shift,random,6,-,15,8196.0,8024.0,104260,334,4687,4,1.832,52,0.5,104000,berlin52,True,06f6700
shift(random tree)|NS=6|-,shift,random,6,-,16,8201.0,8024.0,104260,334,3217,2,1.728,52,0.5,104000,berlin52,True,06f6700
shift(random tree)|NS=6|-,shift,random,6,-,17,8280.0,8113.0,104260,334,3155,2,1.76,52,0.5,104000,berlin52,True,06f6700
shift(random tree)|NS=6|-,shift,random,6,-,18,8201.0,8024.0,104260,334,3167,2,1.797,52,0.5,104000,berlin52,True,06f6700
shift(random tree)|NS=6|-,shift,random,6,-,19,8272.0,7993.0,104260,334,5838,6,1.801,52,0.5,104000,berlin52,True,06f6700
shift(random tree)|NS=6|-,shift,random,6,-,20,8280.0,8108.0,104260,334,3349,3,1.779,52,0.5,104000,berlin52,True,06f6700
shift(random tree)|NS=6|-,shift,random,6,-,21,8191.0,8024.0,104260,334,4493,3,1.771,52,0.5,104000,berlin52,True,06f6700
shift(random tree)|NS=6|-,shift,random,6,-,22,8214.0,7989.0,104260,334,6583,8,1.841,52,0.5,104000,berlin52,True,06f6700
shift(random tree)|NS=6|-,shift,random,6,-,23,8242.0,8024.0,104260,334,5584,4,1.816,52,0.5,104000,berlin52,True,06f6700
shift(random tree)|NS=6|-,shift,random,6,-,24,8275.0,8108.0,104260,334,3302,2,1.633,52,0.5,104000,berlin52,True,06f6700
shift(random tree)|NS=6|-,shift,random,6,-,25,8347.0,8021.0,104260,334,3257,3,1.621,52,0.5,104000,berlin52,True,06f6700
shift(random tree)|NS=6|-,shift,random,6,-,26,8309.0,7957.0,104260,334,5073,4,1.623,52,0.5,104000,berlin52,True,06f6700
shift(random tree)|NS=6|-,shift,random,6,-,27,8237.0,8024.0,104260,334,5680,4,1.615,52,0.5,104000,berlin52,True,06f6700
shift(random tree)|NS=6|-,shift,random,6,-,28,8172.0,7800.0,104260,334,3320,5,1.613,52,0.5,104000,berlin52,True,06f6700
shift(random tree)|NS=6|-,shift,random,6,-,29,8208.0,7996.0,104260,334,3554,3,1.599,52,0.5,104000,berlin52,True,06f6700
shift(random tree)|NS=1|-,shift,random,1,-,0,8276.0,8108.0,104000,1999,3157,2,2.319,52,0.5,104000,berlin52,True,06f6700
shift(random tree)|NS=1|-,shift,random,1,-,1,8207.0,8024.0,104000,1999,3458,3,2.385,52,0.5,104000,berlin52,True,06f6700
shift(random tree)|NS=1|-,shift,random,1,-,2,8238.0,8024.0,104000,1999,5619,4,2.258,52,0.5,104000,berlin52,True,06f6700
shift(random tree)|NS=1|-,shift,random,1,-,3,8266.0,7895.0,104000,1999,4176,6,2.223,52,0.5,104000,berlin52,True,06f6700
shift(random tree)|NS=1|-,shift,random,1,-,4,8198.0,8039.0,104000,1999,7484,7,2.28,52,0.5,104000,berlin52,True,06f6700
shift(random tree)|NS=1|-,shift,random,1,-,5,8202.0,8024.0,104000,1999,3218,2,2.243,52,0.5,104000,berlin52,True,06f6700
shift(random tree)|NS=1|-,shift,random,1,-,6,8103.0,7986.0,104000,1999,2349,2,2.235,52,0.5,104000,berlin52,True,06f6700
shift(random tree)|NS=1|-,shift,random,1,-,7,8264.0,7972.0,104000,1999,5740,4,2.318,52,0.5,104000,berlin52,True,06f6700
shift(random tree)|NS=1|-,shift,random,1,-,8,8191.0,8024.0,104000,1999,4493,3,2.345,52,0.5,104000,berlin52,True,06f6700
shift(random tree)|NS=1|-,shift,random,1,-,9,8196.0,8024.0,104000,1999,4733,4,2.322,52,0.5,104000,berlin52,True,06f6700
shift(random tree)|NS=1|-,shift,random,1,-,10,8202.0,8024.0,104000,1999,3168,2,2.341,52,0.5,104000,berlin52,True,06f6700
shift(random tree)|NS=1|-,shift,random,1,-,11,8206.0,7930.0,104000,1999,3579,4,2.357,52,0.5,104000,berlin52,True,06f6700
shift(random tree)|NS=1|-,shift,random,1,-,12,8210.0,7996.0,104000,1999,3872,6,2.429,52,0.5,104000,berlin52,True,06f6700
shift(random tree)|NS=1|-,shift,random,1,-,13,8276.0,8108.0,104000,1999,3156,2,2.322,52,0.5,104000,berlin52,True,06f6700
shift(random tree)|NS=1|-,shift,random,1,-,14,8221.0,7985.0,104000,1999,3008,2,2.321,52,0.5,104000,berlin52,True,06f6700
shift(random tree)|NS=1|-,shift,random,1,-,15,8266.0,7856.0,104000,1999,3524,3,2.422,52,0.5,104000,berlin52,True,06f6700
shift(random tree)|NS=1|-,shift,random,1,-,16,8275.0,8108.0,104000,1999,3302,2,2.402,52,0.5,104000,berlin52,True,06f6700
shift(random tree)|NS=1|-,shift,random,1,-,17,8202.0,7989.0,104000,1999,4268,4,2.323,52,0.5,104000,berlin52,True,06f6700
shift(random tree)|NS=1|-,shift,random,1,-,18,8289.0,7950.0,104000,1999,3071,5,2.277,52,0.5,104000,berlin52,True,06f6700
shift(random tree)|NS=1|-,shift,random,1,-,19,8222.0,8024.0,104000,1999,5107,5,2.361,52,0.5,104000,berlin52,True,06f6700
shift(random tree)|NS=1|-,shift,random,1,-,20,8202.0,8024.0,104000,1999,3218,2,2.385,52,0.5,104000,berlin52,True,06f6700
shift(random tree)|NS=1|-,shift,random,1,-,21,8202.0,8024.0,104000,1999,3168,2,2.347,52,0.5,104000,berlin52,True,06f6700
shift(random tree)|NS=1|-,shift,random,1,-,22,8202.0,8024.0,104000,1999,3168,2,2.398,52,0.5,104000,berlin52,True,06f6700
shift(random tree)|NS=1|-,shift,random,1,-,23,8200.0,8037.0,104000,1999,3057,3,2.349,52,0.5,104000,berlin52,True,06f6700
shift(random tree)|NS=1|-,shift,random,1,-,24,8196.0,8024.0,104000,1999,4733,4,2.179,52,0.5,104000,berlin52,True,06f6700
shift(random tree)|NS=1|-,shift,random,1,-,25,8275.0,8108.0,104000,1999,3155,2,2.23,52,0.5,104000,berlin52,True,06f6700
shift(random tree)|NS=1|-,shift,random,1,-,26,8217.0,7972.0,104000,1999,4442,3,2.163,52,0.5,104000,berlin52,True,06f6700
shift(random tree)|NS=1|-,shift,random,1,-,27,8237.0,8024.0,104000,1999,5552,4,2.157,52,0.5,104000,berlin52,True,06f6700
shift(random tree)|NS=1|-,shift,random,1,-,28,8201.0,8024.0,104000,1999,3061,2,2.181,52,0.5,104000,berlin52,True,06f6700
shift(random tree)|NS=1|-,shift,random,1,-,29,8302.0,8056.0,104000,1999,3257,2,2.131,52,0.5,104000,berlin52,True,06f6700
shift(best tree)|NS=6|-,shift,best,6,-,0,8276.0,8108.0,104260,334,3304,2,1.966,52,0.5,104000,berlin52,True,06f6700
shift(best tree)|NS=6|-,shift,best,6,-,1,8236.0,7905.0,104260,334,2401,3,1.897,52,0.5,104000,berlin52,True,06f6700
shift(best tree)|NS=6|-,shift,best,6,-,2,8190.0,8024.0,104260,334,4492,3,1.948,52,0.5,104000,berlin52,True,06f6700
shift(best tree)|NS=6|-,shift,best,6,-,3,8275.0,8108.0,104260,334,3303,2,1.896,52,0.5,104000,berlin52,True,06f6700
shift(best tree)|NS=6|-,shift,best,6,-,4,8275.0,8108.0,104260,334,3256,2,1.848,52,0.5,104000,berlin52,True,06f6700
shift(best tree)|NS=6|-,shift,best,6,-,5,8276.0,8108.0,104260,334,3304,2,1.871,52,0.5,104000,berlin52,True,06f6700
shift(best tree)|NS=6|-,shift,best,6,-,6,8265.0,7939.0,104260,334,3345,4,1.915,52,0.5,104000,berlin52,True,06f6700
shift(best tree)|NS=6|-,shift,best,6,-,7,8217.0,7972.0,104260,334,4494,3,1.768,52,0.5,104000,berlin52,True,06f6700
shift(best tree)|NS=6|-,shift,best,6,-,8,8275.0,8108.0,104260,334,3303,2,1.948,52,0.5,104000,berlin52,True,06f6700
shift(best tree)|NS=6|-,shift,best,6,-,9,8276.0,8108.0,104260,334,3304,2,1.954,52,0.5,104000,berlin52,True,06f6700
shift(best tree)|NS=6|-,shift,best,6,-,10,8275.0,8108.0,104260,334,3303,2,2.044,52,0.5,104000,berlin52,True,06f6700
shift(best tree)|NS=6|-,shift,best,6,-,11,8276.0,8108.0,104260,334,3257,2,1.911,52,0.5,104000,berlin52,True,06f6700
shift(best tree)|NS=6|-,shift,best,6,-,12,8280.0,8113.0,104260,334,3256,2,2.039,52,0.5,104000,berlin52,True,06f6700
shift(best tree)|NS=6|-,shift,best,6,-,13,8281.0,8113.0,104260,334,3257,2,1.988,52,0.5,104000,berlin52,True,06f6700
shift(best tree)|NS=6|-,shift,best,6,-,14,8190.0,8042.0,104260,334,3587,3,1.986,52,0.5,104000,berlin52,True,06f6700
shift(best tree)|NS=6|-,shift,best,6,-,15,8276.0,8108.0,104260,334,3304,2,1.836,52,0.5,104000,berlin52,True,06f6700
shift(best tree)|NS=6|-,shift,best,6,-,16,8275.0,8108.0,104260,334,3256,2,1.879,52,0.5,104000,berlin52,True,06f6700
shift(best tree)|NS=6|-,shift,best,6,-,17,8355.0,8097.0,104260,334,6743,6,1.844,52,0.5,104000,berlin52,True,06f6700
shift(best tree)|NS=6|-,shift,best,6,-,18,8191.0,8024.0,104260,334,4493,3,1.811,52,0.5,104000,berlin52,True,06f6700
shift(best tree)|NS=6|-,shift,best,6,-,19,8281.0,8113.0,104260,334,3304,2,1.896,52,0.5,104000,berlin52,True,06f6700
shift(best tree)|NS=6|-,shift,best,6,-,20,8217.0,7972.0,104260,334,4494,3,1.862,52,0.5,104000,berlin52,True,06f6700
shift(best tree)|NS=6|-,shift,best,6,-,21,8276.0,8108.0,104260,334,3257,2,1.785,52,0.5,104000,berlin52,True,06f6700
shift(best tree)|NS=6|-,shift,best,6,-,22,8280.0,8113.0,104260,334,3256,2,1.935,52,0.5,104000,berlin52,True,06f6700
shift(best tree)|NS=6|-,shift,best,6,-,23,8281.0,8113.0,104260,334,3257,2,1.909,52,0.5,104000,berlin52,True,06f6700
shift(best tree)|NS=6|-,shift,best,6,-,24,8190.0,8042.0,104260,334,3587,3,1.643,52,0.5,104000,berlin52,True,06f6700
shift(best tree)|NS=6|-,shift,best,6,-,25,8276.0,8108.0,104260,334,3304,2,1.666,52,0.5,104000,berlin52,True,06f6700
shift(best tree)|NS=6|-,shift,best,6,-,26,8191.0,8024.0,104260,334,4493,3,1.671,52,0.5,104000,berlin52,True,06f6700
shift(best tree)|NS=6|-,shift,best,6,-,27,8191.0,8024.0,104260,334,4493,3,1.665,52,0.5,104000,berlin52,True,06f6700
shift(best tree)|NS=6|-,shift,best,6,-,28,8321.0,8071.0,104260,334,8880,7,1.659,52,0.5,104000,berlin52,True,06f6700
shift(best tree)|NS=6|-,shift,best,6,-,29,8275.0,8108.0,104260,334,3303,2,1.66,52,0.5,104000,berlin52,True,06f6700
shift(best tree)|NS=1|-,shift,best,1,-,0,8191.0,8024.0,104000,1999,4493,3,2.425,52,0.5,104000,berlin52,True,06f6700
shift(best tree)|NS=1|-,shift,best,1,-,1,8419.0,8218.0,104000,1999,4376,3,2.27,52,0.5,104000,berlin52,True,06f6700
shift(best tree)|NS=1|-,shift,best,1,-,2,8281.0,8113.0,104000,1999,3304,2,2.241,52,0.5,104000,berlin52,True,06f6700
shift(best tree)|NS=1|-,shift,best,1,-,3,8351.0,8076.0,104000,1999,9256,8,2.321,52,0.5,104000,berlin52,True,06f6700
shift(best tree)|NS=1|-,shift,best,1,-,4,8310.0,8020.0,104000,1999,5008,4,2.281,52,0.5,104000,berlin52,True,06f6700
shift(best tree)|NS=1|-,shift,best,1,-,5,8278.0,8042.0,104000,1999,4756,4,2.346,52,0.5,104000,berlin52,True,06f6700
shift(best tree)|NS=1|-,shift,best,1,-,6,8236.0,7905.0,104000,1999,2401,3,2.232,52,0.5,104000,berlin52,True,06f6700
shift(best tree)|NS=1|-,shift,best,1,-,7,8302.0,8056.0,104000,1999,3258,2,2.295,52,0.5,104000,berlin52,True,06f6700
shift(best tree)|NS=1|-,shift,best,1,-,8,8278.0,7972.0,104000,1999,6709,5,2.28,52,0.5,104000,berlin52,True,06f6700
shift(best tree)|NS=1|-,shift,best,1,-,9,8217.0,8042.0,104000,1999,2402,2,2.344,52,0.5,104000,berlin52,True,06f6700
shift(best tree)|NS=1|-,shift,best,1,-,10,8280.0,8113.0,104000,1999,3256,2,2.278,52,0.5,104000,berlin52,True,06f6700
shift(best tree)|NS=1|-,shift,best,1,-,11,8191.0,8042.0,104000,1999,5927,5,2.328,52,0.5,104000,berlin52,True,06f6700
shift(best tree)|NS=1|-,shift,best,1,-,12,8276.0,8108.0,104000,1999,3257,2,2.35,52,0.5,104000,berlin52,True,06f6700
shift(best tree)|NS=1|-,shift,best,1,-,13,8236.0,7905.0,104000,1999,2401,3,2.258,52,0.5,104000,berlin52,True,06f6700
shift(best tree)|NS=1|-,shift,best,1,-,14,8191.0,8024.0,104000,1999,4493,3,2.366,52,0.5,104000,berlin52,True,06f6700
shift(best tree)|NS=1|-,shift,best,1,-,15,8217.0,8042.0,104000,1999,2402,2,2.448,52,0.5,104000,berlin52,True,06f6700
shift(best tree)|NS=1|-,shift,best,1,-,16,8276.0,8108.0,104000,1999,3257,2,2.355,52,0.5,104000,berlin52,True,06f6700
shift(best tree)|NS=1|-,shift,best,1,-,17,8304.0,7907.0,104000,1999,8848,7,2.282,52,0.5,104000,berlin52,True,06f6700
shift(best tree)|NS=1|-,shift,best,1,-,18,8293.0,7972.0,104000,1999,3365,2,2.377,52,0.5,104000,berlin52,True,06f6700
shift(best tree)|NS=1|-,shift,best,1,-,19,8307.0,8061.0,104000,1999,3305,2,2.335,52,0.5,104000,berlin52,True,06f6700
shift(best tree)|NS=1|-,shift,best,1,-,20,8307.0,8061.0,104000,1999,3258,2,2.287,52,0.5,104000,berlin52,True,06f6700
shift(best tree)|NS=1|-,shift,best,1,-,21,8276.0,8108.0,104000,1999,3304,2,2.276,52,0.5,104000,berlin52,True,06f6700
shift(best tree)|NS=1|-,shift,best,1,-,22,8191.0,8042.0,104000,1999,5927,5,2.303,52,0.5,104000,berlin52,True,06f6700
shift(best tree)|NS=1|-,shift,best,1,-,23,8281.0,8113.0,104000,1999,3304,2,2.365,52,0.5,104000,berlin52,True,06f6700
shift(best tree)|NS=1|-,shift,best,1,-,24,8190.0,8042.0,104000,1999,3587,3,2.143,52,0.5,104000,berlin52,True,06f6700
shift(best tree)|NS=1|-,shift,best,1,-,25,8281.0,8113.0,104000,1999,3304,2,2.109,52,0.5,104000,berlin52,True,06f6700
shift(best tree)|NS=1|-,shift,best,1,-,26,8278.0,8042.0,104000,1999,4756,4,2.111,52,0.5,104000,berlin52,True,06f6700
shift(best tree)|NS=1|-,shift,best,1,-,27,8190.0,8024.0,104000,1999,4492,3,2.123,52,0.5,104000,berlin52,True,06f6700
shift(best tree)|NS=1|-,shift,best,1,-,28,8309.0,7907.0,104000,1999,6273,5,2.115,52,0.5,104000,berlin52,True,06f6700
shift(best tree)|NS=1|-,shift,best,1,-,29,8191.0,8042.0,104000,1999,5927,5,2.11,52,0.5,104000,berlin52,True,06f6700
symmetry(current tree)|NS=6|C1,symmetry,current,6,C1,0,8591.0,7941.0,104260,334,12220,11,2.783,52,0.5,104000,berlin52,True,06f6700
symmetry(current tree)|NS=6|C1,symmetry,current,6,C1,1,8652.0,8108.0,104260,334,8113,8,2.831,52,0.5,104000,berlin52,True,06f6700
symmetry(current tree)|NS=6|C1,symmetry,current,6,C1,2,8505.0,7837.0,104260,334,7693,9,2.732,52,0.5,104000,berlin52,True,06f6700
symmetry(current tree)|NS=6|C1,symmetry,current,6,C1,3,8292.0,8059.0,104260,334,6285,5,2.657,52,0.5,104000,berlin52,True,06f6700
symmetry(current tree)|NS=6|C1,symmetry,current,6,C1,4,8578.0,7941.0,104260,334,12272,11,2.817,52,0.5,104000,berlin52,True,06f6700
symmetry(current tree)|NS=6|C1,symmetry,current,6,C1,5,8760.0,8073.0,104260,334,12190,14,2.742,52,0.5,104000,berlin52,True,06f6700
symmetry(current tree)|NS=6|C1,symmetry,current,6,C1,6,8786.0,8056.0,104260,334,10164,10,2.723,52,0.5,104000,berlin52,True,06f6700
symmetry(current tree)|NS=6|C1,symmetry,current,6,C1,7,8521.0,8063.0,104260,334,11832,10,2.745,52,0.5,104000,berlin52,True,06f6700
symmetry(current tree)|NS=6|C1,symmetry,current,6,C1,8,8452.0,7902.0,104260,334,6152,8,2.788,52,0.5,104000,berlin52,True,06f6700
symmetry(current tree)|NS=6|C1,symmetry,current,6,C1,9,8394.0,8038.0,104260,334,5451,6,2.751,52,0.5,104000,berlin52,True,06f6700
symmetry(current tree)|NS=6|C1,symmetry,current,6,C1,10,8488.0,8039.0,104260,334,8681,13,2.702,52,0.5,104000,berlin52,True,06f6700
symmetry(current tree)|NS=6|C1,symmetry,current,6,C1,11,8622.0,7910.0,104260,334,8372,16,2.692,52,0.5,104000,berlin52,True,06f6700
symmetry(current tree)|NS=6|C1,symmetry,current,6,C1,12,8400.0,7974.0,104260,334,7856,10,2.76,52,0.5,104000,berlin52,True,06f6700
symmetry(current tree)|NS=6|C1,symmetry,current,6,C1,13,8495.0,7941.0,104260,334,11056,10,2.768,52,0.5,104000,berlin52,True,06f6700
symmetry(current tree)|NS=6|C1,symmetry,current,6,C1,14,8604.0,7948.0,104260,334,11484,11,2.689,52,0.5,104000,berlin52,True,06f6700
symmetry(current tree)|NS=6|C1,symmetry,current,6,C1,15,8756.0,7995.0,104260,334,12589,16,2.932,52,0.5,104000,berlin52,True,06f6700
symmetry(current tree)|NS=6|C1,symmetry,current,6,C1,16,8699.0,7950.0,104260,334,11875,13,2.825,52,0.5,104000,berlin52,True,06f6700
symmetry(current tree)|NS=6|C1,symmetry,current,6,C1,17,8749.0,8160.0,104260,334,6529,9,2.827,52,0.5,104000,berlin52,True,06f6700
symmetry(current tree)|NS=6|C1,symmetry,current,6,C1,18,8612.0,7967.0,104260,334,12868,10,2.743,52,0.5,104000,berlin52,True,06f6700
symmetry(current tree)|NS=6|C1,symmetry,current,6,C1,19,8564.0,8263.0,104260,334,4179,6,2.745,52,0.5,104000,berlin52,True,06f6700
symmetry(current tree)|NS=6|C1,symmetry,current,6,C1,20,8397.0,7991.0,104260,334,4713,6,2.71,52,0.5,104000,berlin52,True,06f6700
symmetry(current tree)|NS=6|C1,symmetry,current,6,C1,21,8494.0,7941.0,104260,334,11642,10,2.711,52,0.5,104000,berlin52,True,06f6700
symmetry(current tree)|NS=6|C1,symmetry,current,6,C1,22,8559.0,7944.0,104260,334,9245,8,2.756,52,0.5,104000,berlin52,True,06f6700
symmetry(current tree)|NS=6|C1,symmetry,current,6,C1,23,8464.0,8152.0,104260,334,5709,7,2.892,52,0.5,104000,berlin52,True,06f6700
symmetry(current tree)|NS=6|C1,symmetry,current,6,C1,24,8498.0,8034.0,104260,334,5409,8,2.514,52,0.5,104000,berlin52,True,06f6700
symmetry(current tree)|NS=6|C1,symmetry,current,6,C1,25,8740.0,8105.0,104260,334,9413,10,2.534,52,0.5,104000,berlin52,True,06f6700
symmetry(current tree)|NS=6|C1,symmetry,current,6,C1,26,8590.0,7948.0,104260,334,10212,12,2.525,52,0.5,104000,berlin52,True,06f6700
symmetry(current tree)|NS=6|C1,symmetry,current,6,C1,27,8838.0,8002.0,104260,334,12762,19,2.512,52,0.5,104000,berlin52,True,06f6700
symmetry(current tree)|NS=6|C1,symmetry,current,6,C1,28,8575.0,8166.0,104260,334,9317,11,2.505,52,0.5,104000,berlin52,True,06f6700
symmetry(current tree)|NS=6|C1,symmetry,current,6,C1,29,8690.0,8172.0,104260,334,4935,7,2.518,52,0.5,104000,berlin52,True,06f6700
symmetry(current tree)|NS=6|C2,symmetry,current,6,C2,0,8782.0,8113.0,104260,334,6118,9,4.475,52,0.5,104000,berlin52,True,06f6700
symmetry(current tree)|NS=6|C2,symmetry,current,6,C2,1,8588.0,8113.0,104260,334,8415,7,4.654,52,0.5,104000,berlin52,True,06f6700
symmetry(current tree)|NS=6|C2,symmetry,current,6,C2,2,8755.0,8155.0,104260,334,6256,10,4.452,52,0.5,104000,berlin52,True,06f6700
symmetry(current tree)|NS=6|C2,symmetry,current,6,C2,3,8603.0,7991.0,104260,334,9594,9,4.54,52,0.5,104000,berlin52,True,06f6700
symmetry(current tree)|NS=6|C2,symmetry,current,6,C2,4,8439.0,7885.0,104260,334,5833,15,4.553,52,0.5,104000,berlin52,True,06f6700
symmetry(current tree)|NS=6|C2,symmetry,current,6,C2,5,8353.0,7800.0,104260,334,9069,10,4.503,52,0.5,104000,berlin52,True,06f6700
symmetry(current tree)|NS=6|C2,symmetry,current,6,C2,6,8758.0,7967.0,104260,334,16262,17,4.411,52,0.5,104000,berlin52,True,06f6700
symmetry(current tree)|NS=6|C2,symmetry,current,6,C2,7,8451.0,8113.0,104260,334,4037,6,4.498,52,0.5,104000,berlin52,True,06f6700
symmetry(current tree)|NS=6|C2,symmetry,current,6,C2,8,8795.0,8104.0,104260,334,15962,16,4.354,52,0.5,104000,berlin52,True,06f6700
symmetry(current tree)|NS=6|C2,symmetry,current,6,C2,9,8492.0,7842.0,104260,334,10369,10,4.444,52,0.5,104000,berlin52,True,06f6700
symmetry(current tree)|NS=6|C2,symmetry,current,6,C2,10,8611.0,7991.0,104260,334,5650,8,4.439,52,0.5,104000,berlin52,True,06f6700
symmetry(current tree)|NS=6|C2,symmetry,current,6,C2,11,8577.0,8113.0,104260,334,3943,6,4.414,52,0.5,104000,berlin52,True,06f6700
symmetry(current tree)|NS=6|C2,symmetry,current,6,C2,12,8780.0,7876.0,104260,334,7721,13,4.515,52,0.5,104000,berlin52,True,06f6700
symmetry(current tree)|NS=6|C2,symmetry,current,6,C2,13,8959.0,8104.0,104260,334,13596,14,4.474,52,0.5,104000,berlin52,True,06f6700
symmetry(current tree)|NS=6|C2,symmetry,current,6,C2,14,8488.0,7889.0,104260,334,11939,11,4.442,52,0.5,104000,berlin52,True,06f6700
symmetry(current tree)|NS=6|C2,symmetry,current,6,C2,15,8677.0,8155.0,104260,334,12096,11,4.529,52,0.5,104000,berlin52,True,06f6700
symmetry(current tree)|NS=6|C2,symmetry,current,6,C2,16,8772.0,7979.0,104260,334,10361,11,4.5,52,0.5,104000,berlin52,True,06f6700
symmetry(current tree)|NS=6|C2,symmetry,current,6,C2,17,8531.0,7965.0,104260,334,10087,14,4.342,52,0.5,104000,berlin52,True,06f6700
symmetry(current tree)|NS=6|C2,symmetry,current,6,C2,18,8867.0,8061.0,104260,334,10795,10,4.576,52,0.5,104000,berlin52,True,06f6700
symmetry(current tree)|NS=6|C2,symmetry,current,6,C2,19,8818.0,8056.0,104260,334,6912,10,4.397,52,0.5,104000,berlin52,True,06f6700
symmetry(current tree)|NS=6|C2,symmetry,current,6,C2,20,8700.0,8097.0,104260,334,7380,11,4.489,52,0.5,104000,berlin52,True,06f6700
symmetry(current tree)|NS=6|C2,symmetry,current,6,C2,21,8804.0,7889.0,104260,334,7619,12,4.458,52,0.5,104000,berlin52,True,06f6700
symmetry(current tree)|NS=6|C2,symmetry,current,6,C2,22,8816.0,7967.0,104260,334,7864,17,4.442,52,0.5,104000,berlin52,True,06f6700
symmetry(current tree)|NS=6|C2,symmetry,current,6,C2,23,8881.0,7972.0,104260,334,4911,11,4.582,52,0.5,104000,berlin52,True,06f6700
symmetry(current tree)|NS=6|C2,symmetry,current,6,C2,24,8670.0,8056.0,104260,334,7678,10,4.115,52,0.5,104000,berlin52,True,06f6700
symmetry(current tree)|NS=6|C2,symmetry,current,6,C2,25,8713.0,8051.0,104260,334,8360,8,4.075,52,0.5,104000,berlin52,True,06f6700
symmetry(current tree)|NS=6|C2,symmetry,current,6,C2,26,8735.0,8068.0,104260,334,7454,10,4.109,52,0.5,104000,berlin52,True,06f6700
symmetry(current tree)|NS=6|C2,symmetry,current,6,C2,27,8667.0,8056.0,104260,334,7666,8,4.058,52,0.5,104000,berlin52,True,06f6700
symmetry(current tree)|NS=6|C2,symmetry,current,6,C2,28,8818.0,8056.0,104260,334,11539,10,4.071,52,0.5,104000,berlin52,True,06f6700
symmetry(current tree)|NS=6|C2,symmetry,current,6,C2,29,8400.0,8113.0,104260,334,5230,6,4.077,52,0.5,104000,berlin52,True,06f6700
symmetry(current tree)|NS=6|C3,symmetry,current,6,C3,0,8545.0,7967.0,104260,334,4820,10,2.793,52,0.5,104000,berlin52,True,06f6700
symmetry(current tree)|NS=6|C3,symmetry,current,6,C3,1,8557.0,7902.0,104260,334,4641,11,3.015,52,0.5,104000,berlin52,True,06f6700
symmetry(current tree)|NS=6|C3,symmetry,current,6,C3,2,8899.0,8109.0,104260,334,10023,11,2.944,52,0.5,104000,berlin52,True,06f6700
symmetry(current tree)|NS=6|C3,symmetry,current,6,C3,3,8473.0,8113.0,104260,334,7161,7,2.869,52,0.5,104000,berlin52,True,06f6700
symmetry(current tree)|NS=6|C3,symmetry,current,6,C3,4,8558.0,8160.0,104260,334,4705,8,2.893,52,0.5,104000,berlin52,True,06f6700
symmetry(current tree)|NS=6|C3,symmetry,current,6,C3,5,8489.0,8066.0,104260,334,7002,6,2.848,52,0.5,104000,berlin52,True,06f6700
symmetry(current tree)|NS=6|C3,symmetry,current,6,C3,6,8788.0,8024.0,104260,334,4993,12,2.817,52,0.5,104000,berlin52,True,06f6700
symmetry(current tree)|NS=6|C3,symmetry,current,6,C3,7,8907.0,7749.0,104260,334,14626,13,2.823,52,0.5,104000,berlin52,True,06f6700
symmetry(current tree)|NS=6|C3,symmetry,current,6,C3,8,8808.0,7967.0,104260,334,6021,11,2.846,52,0.5,104000,berlin52,True,06f6700
symmetry(current tree)|NS=6|C3,symmetry,current,6,C3,9,8597.0,7902.0,104260,334,6090,11,2.892,52,0.5,104000,berlin52,True,06f6700
symmetry(current tree)|NS=6|C3,symmetry,current,6,C3,10,8888.0,8056.0,104260,334,12702,13,2.804,52,0.5,104000,berlin52,True,06f6700
symmetry(current tree)|NS=6|C3,symmetry,current,6,C3,11,8562.0,8056.0,104260,334,9134,8,2.799,52,0.5,104000,berlin52,True,06f6700
symmetry(current tree)|NS=6|C3,symmetry,current,6,C3,12,8618.0,7991.0,104260,334,8528,8,2.863,52,0.5,104000,berlin52,True,06f6700
symmetry(current tree)|NS=6|C3,symmetry,current,6,C3,13,8557.0,8160.0,104260,334,3991,7,2.744,52,0.5,104000,berlin52,True,06f6700
symmetry(current tree)|NS=6|C3,symmetry,current,6,C3,14,8752.0,8039.0,104260,334,11234,12,2.906,52,0.5,104000,berlin52,True,06f6700
symmetry(current tree)|NS=6|C3,symmetry,current,6,C3,15,8907.0,7972.0,104260,334,4910,11,3.005,52,0.5,104000,berlin52,True,06f6700
symmetry(current tree)|NS=6|C3,symmetry,current,6,C3,16,8816.0,7967.0,104260,334,7864,17,2.734,52,0.5,104000,berlin52,True,06f6700
symmetry(current tree)|NS=6|C3,symmetry,current,6,C3,17,8450.0,7794.0,104260,334,10730,10,2.779,52,0.5,104000,berlin52,True,06f6700
symmetry(current tree)|NS=6|C3,symmetry,current,6,C3,18,8920.0,7972.0,104260,334,4961,12,2.813,52,0.5,104000,berlin52,True,06f6700
symmetry(current tree)|NS=6|C3,symmetry,current,6,C3,19,8775.0,8024.0,104260,334,4942,11,2.724,52,0.5,104000,berlin52,True,06f6700
symmetry(current tree)|NS=6|C3,symmetry,current,6,C3,20,8799.0,8130.0,104260,334,7184,11,2.723,52,0.5,104000,berlin52,True,06f6700
symmetry(current tree)|NS=6|C3,symmetry,current,6,C3,21,8496.0,8160.0,104260,334,3844,6,2.792,52,0.5,104000,berlin52,True,06f6700
symmetry(current tree)|NS=6|C3,symmetry,current,6,C3,22,8773.0,7902.0,104260,334,5608,13,2.753,52,0.5,104000,berlin52,True,06f6700
symmetry(current tree)|NS=6|C3,symmetry,current,6,C3,23,8620.0,7902.0,104260,334,5222,10,2.968,52,0.5,104000,berlin52,True,06f6700
symmetry(current tree)|NS=6|C3,symmetry,current,6,C3,24,8675.0,7800.0,104260,334,11456,11,2.607,52,0.5,104000,berlin52,True,06f6700
symmetry(current tree)|NS=6|C3,symmetry,current,6,C3,25,8614.0,8066.0,104260,334,9758,9,2.604,52,0.5,104000,berlin52,True,06f6700
symmetry(current tree)|NS=6|C3,symmetry,current,6,C3,26,8697.0,8024.0,104260,334,5761,11,2.606,52,0.5,104000,berlin52,True,06f6700
symmetry(current tree)|NS=6|C3,symmetry,current,6,C3,27,8356.0,8038.0,104260,334,4677,7,2.594,52,0.5,104000,berlin52,True,06f6700
symmetry(current tree)|NS=6|C3,symmetry,current,6,C3,28,8773.0,7902.0,104260,334,5608,13,2.617,52,0.5,104000,berlin52,True,06f6700
symmetry(current tree)|NS=6|C3,symmetry,current,6,C3,29,8550.0,8098.0,104260,334,5529,11,2.599,52,0.5,104000,berlin52,True,06f6700
symmetry(current tree)|NS=6|C4,symmetry,current,6,C4,0,8320.0,8258.0,104260,334,2051,4,1.417,52,0.5,104000,berlin52,True,06f6700
symmetry(current tree)|NS=6|C4,symmetry,current,6,C4,1,8187.0,7923.0,104260,334,3761,5,1.426,52,0.5,104000,berlin52,True,06f6700
symmetry(current tree)|NS=6|C4,symmetry,current,6,C4,2,8065.0,7986.0,104260,334,1883,1,1.453,52,0.5,104000,berlin52,True,06f6700
symmetry(current tree)|NS=6|C4,symmetry,current,6,C4,3,8440.0,7986.0,104260,334,6914,6,1.388,52,0.5,104000,berlin52,True,06f6700
symmetry(current tree)|NS=6|C4,symmetry,current,6,C4,4,8463.0,7986.0,104260,334,7066,7,1.421,52,0.5,104000,berlin52,True,06f6700
symmetry(current tree)|NS=6|C4,symmetry,current,6,C4,5,8322.0,8024.0,104260,334,9182,8,1.455,52,0.5,104000,berlin52,True,06f6700
symmetry(current tree)|NS=6|C4,symmetry,current,6,C4,6,8036.0,8009.0,104260,334,4840,3,1.461,52,0.5,104000,berlin52,True,06f6700
symmetry(current tree)|NS=6|C4,symmetry,current,6,C4,7,8342.0,8012.0,104260,334,4422,5,1.431,52,0.5,104000,berlin52,True,06f6700
symmetry(current tree)|NS=6|C4,symmetry,current,6,C4,8,8202.0,8108.0,104260,334,2833,2,1.443,52,0.5,104000,berlin52,True,06f6700
symmetry(current tree)|NS=6|C4,symmetry,current,6,C4,9,8617.0,7941.0,104260,334,10168,9,1.411,52,0.5,104000,berlin52,True,06f6700
symmetry(current tree)|NS=6|C4,symmetry,current,6,C4,10,8379.0,7986.0,104260,334,5675,5,1.411,52,0.5,104000,berlin52,True,06f6700
symmetry(current tree)|NS=6|C4,symmetry,current,6,C4,11,8232.0,7986.0,104260,334,5109,5,1.484,52,0.5,104000,berlin52,True,06f6700
symmetry(current tree)|NS=6|C4,symmetry,current,6,C4,12,8326.0,7991.0,104260,334,5361,4,1.447,52,0.5,104000,berlin52,True,06f6700
symmetry(current tree)|NS=6|C4,symmetry,current,6,C4,13,8288.0,8108.0,104260,334,3676,3,1.441,52,0.5,104000,berlin52,True,06f6700
symmetry(current tree)|NS=6|C4,symmetry,current,6,C4,14,8367.0,8113.0,104260,334,2573,2,1.428,52,0.5,104000,berlin52,True,06f6700
symmetry(current tree)|NS=6|C4,symmetry,current,6,C4,15,8404.0,8124.0,104260,334,8308,6,1.437,52,0.5,104000,berlin52,True,06f6700
symmetry(current tree)|NS=6|C4,symmetry,current,6,C4,16,8519.0,7986.0,104260,334,8111,7,1.435,52,0.5,104000,berlin52,True,06f6700
symmetry(current tree)|NS=6|C4,symmetry,current,6,C4,17,8214.0,8108.0,104260,334,1373,1,1.398,52,0.5,104000,berlin52,True,06f6700
symmetry(current tree)|NS=6|C4,symmetry,current,6,C4,18,8194.0,8170.0,104260,334,3600,2,1.472,52,0.5,104000,berlin52,True,06f6700
symmetry(current tree)|NS=6|C4,symmetry,current,6,C4,19,8361.0,8246.0,104260,334,7228,5,1.463,52,0.5,104000,berlin52,True,06f6700
symmetry(current tree)|NS=6|C4,symmetry,current,6,C4,20,8288.0,8108.0,104260,334,3676,3,1.43,52,0.5,104000,berlin52,True,06f6700
symmetry(current tree)|NS=6|C4,symmetry,current,6,C4,21,8238.0,8147.0,104260,334,1787,2,1.45,52,0.5,104000,berlin52,True,06f6700
symmetry(current tree)|NS=6|C4,symmetry,current,6,C4,22,8223.0,8147.0,104260,334,1559,1,1.446,52,0.5,104000,berlin52,True,06f6700
symmetry(current tree)|NS=6|C4,symmetry,current,6,C4,23,8376.0,8124.0,104260,334,9079,7,1.466,52,0.5,104000,berlin52,True,06f6700
symmetry(current tree)|NS=6|C4,symmetry,current,6,C4,24,8164.0,8147.0,104260,334,2458,1,1.294,52,0.5,104000,berlin52,True,06f6700
symmetry(current tree)|NS=6|C4,symmetry,current,6,C4,25,8394.0,8113.0,104260,334,3011,2,1.29,52,0.5,104000,berlin52,True,06f6700
symmetry(current tree)|NS=6|C4,symmetry,current,6,C4,26,8113.0,8108.0,104260,334,2494,1,1.283,52,0.5,104000,berlin52,True,06f6700
symmetry(current tree)|NS=6|C4,symmetry,current,6,C4,27,8349.0,8108.0,104260,334,4915,4,1.279,52,0.5,104000,berlin52,True,06f6700
symmetry(current tree)|NS=6|C4,symmetry,current,6,C4,28,8334.0,8258.0,104260,334,1559,1,1.292,52,0.5,104000,berlin52,True,06f6700
symmetry(current tree)|NS=6|C4,symmetry,current,6,C4,29,8367.0,8113.0,104260,334,3607,2,1.288,52,0.5,104000,berlin52,True,06f6700
symmetry(current tree)|NS=1|C1,symmetry,current,1,C1,0,8647.0,7945.0,104000,1999,11882,19,3.397,52,0.5,104000,berlin52,True,06f6700
symmetry(current tree)|NS=1|C1,symmetry,current,1,C1,1,8447.0,7902.0,104000,1999,5130,7,3.501,52,0.5,104000,berlin52,True,06f6700
symmetry(current tree)|NS=1|C1,symmetry,current,1,C1,2,8692.0,8098.0,104000,1999,4837,7,3.304,52,0.5,104000,berlin52,True,06f6700
symmetry(current tree)|NS=1|C1,symmetry,current,1,C1,3,8733.0,8103.0,104000,1999,9735,9,3.446,52,0.5,104000,berlin52,True,06f6700
symmetry(current tree)|NS=1|C1,symmetry,current,1,C1,4,8697.0,8073.0,104000,1999,8972,10,3.348,52,0.5,104000,berlin52,True,06f6700
symmetry(current tree)|NS=1|C1,symmetry,current,1,C1,5,8208.0,7749.0,104000,1999,6697,8,3.436,52,0.5,104000,berlin52,True,06f6700
symmetry(current tree)|NS=1|C1,symmetry,current,1,C1,6,8784.0,7933.0,104000,1999,15883,17,3.426,52,0.5,104000,berlin52,True,06f6700
symmetry(current tree)|NS=1|C1,symmetry,current,1,C1,7,8647.0,8017.0,104000,1999,8449,11,3.355,52,0.5,104000,berlin52,True,06f6700
symmetry(current tree)|NS=1|C1,symmetry,current,1,C1,8,8616.0,8060.0,104000,1999,9207,14,3.318,52,0.5,104000,berlin52,True,06f6700
symmetry(current tree)|NS=1|C1,symmetry,current,1,C1,9,8521.0,8066.0,104000,1999,8875,8,3.367,52,0.5,104000,berlin52,True,06f6700
symmetry(current tree)|NS=1|C1,symmetry,current,1,C1,10,8760.0,8108.0,104000,1999,9333,9,3.26,52,0.5,104000,berlin52,True,06f6700
symmetry(current tree)|NS=1|C1,symmetry,current,1,C1,11,8785.0,8103.0,104000,1999,6788,7,3.418,52,0.5,104000,berlin52,True,06f6700
symmetry(current tree)|NS=1|C1,symmetry,current,1,C1,12,8537.0,7849.0,104000,1999,8427,11,3.347,52,0.5,104000,berlin52,True,06f6700
symmetry(current tree)|NS=1|C1,symmetry,current,1,C1,13,8717.0,8046.0,104000,1999,8327,11,3.316,52,0.5,104000,berlin52,True,06f6700
symmetry(current tree)|NS=1|C1,symmetry,current,1,C1,14,8637.0,8291.0,104000,1999,5075,8,3.372,52,0.5,104000,berlin52,True,06f6700
symmetry(current tree)|NS=1|C1,symmetry,current,1,C1,15,8652.0,8108.0,104000,1999,8113,8,3.579,52,0.5,104000,berlin52,True,06f6700
symmetry(current tree)|NS=1|C1,symmetry,current,1,C1,16,8670.0,8056.0,104000,1999,6985,7,3.323,52,0.5,104000,berlin52,True,06f6700
symmetry(current tree)|NS=1|C1,symmetry,current,1,C1,17,8483.0,7991.0,104000,1999,8336,7,3.332,52,0.5,104000,berlin52,True,06f6700
symmetry(current tree)|NS=1|C1,symmetry,current,1,C1,18,8413.0,8056.0,104000,1999,6333,6,3.433,52,0.5,104000,berlin52,True,06f6700
symmetry(current tree)|NS=1|C1,symmetry,current,1,C1,19,8778.0,7950.0,104000,1999,12685,14,3.374,52,0.5,104000,berlin52,True,06f6700
symmetry(current tree)|NS=1|C1,symmetry,current,1,C1,20,8424.0,8038.0,104000,1999,6882,6,3.38,52,0.5,104000,berlin52,True,06f6700
symmetry(current tree)|NS=1|C1,symmetry,current,1,C1,21,8699.0,7933.0,104000,1999,14452,14,3.406,52,0.5,104000,berlin52,True,06f6700
symmetry(current tree)|NS=1|C1,symmetry,current,1,C1,22,8541.0,8024.0,104000,1999,10413,12,3.374,52,0.5,104000,berlin52,True,06f6700
symmetry(current tree)|NS=1|C1,symmetry,current,1,C1,23,8578.0,8056.0,104000,1999,8601,10,3.396,52,0.5,104000,berlin52,True,06f6700
symmetry(current tree)|NS=1|C1,symmetry,current,1,C1,24,8832.0,7945.0,104000,1999,14276,22,3.084,52,0.5,104000,berlin52,True,06f6700
symmetry(current tree)|NS=1|C1,symmetry,current,1,C1,25,8717.0,8056.0,104000,1999,10301,9,3.054,52,0.5,104000,berlin52,True,06f6700
symmetry(current tree)|NS=1|C1,symmetry,current,1,C1,26,8645.0,8180.0,104000,1999,12034,12,3.089,52,0.5,104000,berlin52,True,06f6700
symmetry(current tree)|NS=1|C1,symmetry,current,1,C1,27,8583.0,7948.0,104000,1999,10283,11,3.075,52,0.5,104000,berlin52,True,06f6700
symmetry(current tree)|NS=1|C1,symmetry,current,1,C1,28,8684.0,7940.0,104000,1999,6820,7,3.089,52,0.5,104000,berlin52,True,06f6700
symmetry(current tree)|NS=1|C1,symmetry,current,1,C1,29,8766.0,7967.0,104000,1999,7059,10,3.066,52,0.5,104000,berlin52,True,06f6700
symmetry(current tree)|NS=1|C2,symmetry,current,1,C2,0,8721.0,8170.0,104000,1999,6015,7,5.325,52,0.5,104000,berlin52,True,06f6700
symmetry(current tree)|NS=1|C2,symmetry,current,1,C2,1,8816.0,8056.0,104000,1999,11755,13,5.653,52,0.5,104000,berlin52,True,06f6700
symmetry(current tree)|NS=1|C2,symmetry,current,1,C2,2,8523.0,8113.0,104000,1999,7218,6,5.356,52,0.5,104000,berlin52,True,06f6700
symmetry(current tree)|NS=1|C2,symmetry,current,1,C2,3,8795.0,8104.0,104000,1999,15962,16,5.402,52,0.5,104000,berlin52,True,06f6700
symmetry(current tree)|NS=1|C2,symmetry,current,1,C2,4,8668.0,7749.0,104000,1999,7471,11,5.408,52,0.5,104000,berlin52,True,06f6700
symmetry(current tree)|NS=1|C2,symmetry,current,1,C2,5,8768.0,8056.0,104000,1999,11154,10,5.344,52,0.5,104000,berlin52,True,06f6700
symmetry(current tree)|NS=1|C2,symmetry,current,1,C2,6,8415.0,8038.0,104000,1999,4870,6,5.265,52,0.5,104000,berlin52,True,06f6700
symmetry(current tree)|NS=1|C2,symmetry,current,1,C2,7,8801.0,7967.0,104000,1999,7941,18,5.34,52,0.5,104000,berlin52,True,06f6700
symmetry(current tree)|NS=1|C2,symmetry,current,1,C2,8,8663.0,7967.0,104000,1999,7391,14,6.047,52,0.5,104000,berlin52,True,06f6700
symmetry(current tree)|NS=1|C2,symmetry,current,1,C2,9,8492.0,8160.0,104000,1999,5831,7,6.018,52,0.5,104000,berlin52,True,06f6700
symmetry(current tree)|NS=1|C2,symmetry,current,1,C2,10,8558.0,8160.0,104000,1999,6422,8,6.086,52,0.5,104000,berlin52,True,06f6700
symmetry(current tree)|NS=1|C2,symmetry,current,1,C2,11,8520.0,8108.0,104000,1999,5909,8,6.084,52,0.5,104000,berlin52,True,06f6700
symmetry(current tree)|NS=1|C2,symmetry,current,1,C2,12,8855.0,8156.0,104000,1999,6650,10,5.975,52,0.5,104000,berlin52,True,06f6700
symmetry(current tree)|NS=1|C2,symmetry,current,1,C2,13,8728.0,8145.0,104000,1999,13003,19,6.096,52,0.5,104000,berlin52,True,06f6700
symmetry(current tree)|NS=1|C2,symmetry,current,1,C2,14,8845.0,8034.0,104000,1999,9399,9,6.054,52,0.5,104000,berlin52,True,06f6700
symmetry(current tree)|NS=1|C2,symmetry,current,1,C2,15,8425.0,7974.0,104000,1999,7162,11,6.249,52,0.5,104000,berlin52,True,06f6700
symmetry(current tree)|NS=1|C2,symmetry,current,1,C2,16,8803.0,8200.0,104000,1999,6095,15,5.674,52,0.5,104000,berlin52,True,06f6700
symmetry(current tree)|NS=1|C2,symmetry,current,1,C2,17,8761.0,8056.0,104000,1999,10929,10,5.608,52,0.5,104000,berlin52,True,06f6700
symmetry(current tree)|NS=1|C2,symmetry,current,1,C2,18,8526.0,8160.0,104000,1999,7526,8,5.72,52,0.5,104000,berlin52,True,06f6700
symmetry(current tree)|NS=1|C2,symmetry,current,1,C2,19,8828.0,7937.0,104000,1999,12623,16,5.536,52,0.5,104000,berlin52,True,06f6700
symmetry(current tree)|NS=1|C2,symmetry,current,1,C2,20,8652.0,8059.0,104000,1999,5881,9,5.614,52,0.5,104000,berlin52,True,06f6700
symmetry(current tree)|NS=1|C2,symmetry,current,1,C2,21,8566.0,7997.0,104000,1999,9205,9,5.565,52,0.5,104000,berlin52,True,06f6700
symmetry(current tree)|NS=1|C2,symmetry,current,1,C2,22,8626.0,8113.0,104000,1999,7974,7,5.591,52,0.5,104000,berlin52,True,06f6700
symmetry(current tree)|NS=1|C2,symmetry,current,1,C2,23,8700.0,8060.0,104000,1999,7096,11,5.737,52,0.5,104000,berlin52,True,06f6700
symmetry(current tree)|NS=1|C2,symmetry,current,1,C2,24,8607.0,8103.0,104000,1999,5536,7,4.812,52,0.5,104000,berlin52,True,06f6700
symmetry(current tree)|NS=1|C2,symmetry,current,1,C2,25,8806.0,8061.0,104000,1999,9535,9,4.855,52,0.5,104000,berlin52,True,06f6700
symmetry(current tree)|NS=1|C2,symmetry,current,1,C2,26,8598.0,8113.0,104000,1999,5868,7,4.861,52,0.5,104000,berlin52,True,06f6700
symmetry(current tree)|NS=1|C2,symmetry,current,1,C2,27,8619.0,8034.0,104000,1999,7305,9,4.872,52,0.5,104000,berlin52,True,06f6700
symmetry(current tree)|NS=1|C2,symmetry,current,1,C2,28,8666.0,8160.0,104000,1999,4487,6,4.869,52,0.5,104000,berlin52,True,06f6700
symmetry(current tree)|NS=1|C2,symmetry,current,1,C2,29,8855.0,8065.0,104000,1999,5252,11,4.857,52,0.5,104000,berlin52,True,06f6700
symmetry(current tree)|NS=1|C3,symmetry,current,1,C3,0,8479.0,8160.0,104000,1999,4376,7,3.421,52,0.5,104000,berlin52,True,06f6700
symmetry(current tree)|NS=1|C3,symmetry,current,1,C3,1,8860.0,8130.0,104000,1999,8393,12,3.698,52,0.5,104000,berlin52,True,06f6700
symmetry(current tree)|NS=1|C3,symmetry,current,1,C3,2,8522.0,8103.0,104000,1999,6237,9,3.387,52,0.5,104000,berlin52,True,06f6700
symmetry(current tree)|NS=1|C3,symmetry,current,1,C3,3,8959.0,8104.0,104000,1999,13596,14,3.57,52,0.5,104000,berlin52,True,06f6700
symmetry(current tree)|NS=1|C3,symmetry,current,1,C3,4,8609.0,8103.0,104000,1999,5355,8,3.531,52,0.5,104000,berlin52,True,06f6700
symmetry(current tree)|NS=1|C3,symmetry,current,1,C3,5,8857.0,7967.0,104000,1999,5140,12,3.482,52,0.5,104000,berlin52,True,06f6700
symmetry(current tree)|NS=1|C3,symmetry,current,1,C3,6,8677.0,8151.0,104000,1999,13140,11,3.51,52,0.5,104000,berlin52,True,06f6700
symmetry(current tree)|NS=1|C3,symmetry,current,1,C3,7,8620.0,7941.0,104000,1999,11986,11,3.485,52,0.5,104000,berlin52,True,06f6700
symmetry(current tree)|NS=1|C3,symmetry,current,1,C3,8,8975.0,7967.0,104000,1999,5475,14,3.539,52,0.5,104000,berlin52,True,06f6700
symmetry(current tree)|NS=1|C3,symmetry,current,1,C3,9,8832.0,8056.0,104000,1999,14436,13,3.564,52,0.5,104000,berlin52,True,06f6700
symmetry(current tree)|NS=1|C3,symmetry,current,1,C3,10,8775.0,7972.0,104000,1999,3379,9,3.513,52,0.5,104000,berlin52,True,06f6700
symmetry(current tree)|NS=1|C3,symmetry,current,1,C3,11,8662.0,7967.0,104000,1999,6170,13,3.629,52,0.5,104000,berlin52,True,06f6700
symmetry(current tree)|NS=1|C3,symmetry,current,1,C3,12,8789.0,8024.0,104000,1999,5673,13,3.618,52,0.5,104000,berlin52,True,06f6700
symmetry(current tree)|NS=1|C3,symmetry,current,1,C3,13,8713.0,8182.0,104000,1999,7047,9,3.692,52,0.5,104000,berlin52,True,06f6700
symmetry(current tree)|NS=1|C3,symmetry,current,1,C3,14,8531.0,7967.0,104000,1999,5693,11,3.743,52,0.5,104000,berlin52,True,06f6700
symmetry(current tree)|NS=1|C3,symmetry,current,1,C3,15,8789.0,8024.0,104000,1999,5673,13,3.853,52,0.5,104000,berlin52,True,06f6700
symmetry(current tree)|NS=1|C3,symmetry,current,1,C3,16,8639.0,7967.0,104000,1999,4688,12,3.566,52,0.5,104000,berlin52,True,06f6700
symmetry(current tree)|NS=1|C3,symmetry,current,1,C3,17,8739.0,8161.0,104000,1999,9467,9,3.536,52,0.5,104000,berlin52,True,06f6700
symmetry(current tree)|NS=1|C3,symmetry,current,1,C3,18,8676.0,7902.0,104000,1999,6375,12,3.526,52,0.5,104000,berlin52,True,06f6700
symmetry(current tree)|NS=1|C3,symmetry,current,1,C3,19,8784.0,8024.0,104000,1999,4426,12,3.61,52,0.5,104000,berlin52,True,06f6700
symmetry(current tree)|NS=1|C3,symmetry,current,1,C3,20,8580.0,8024.0,104000,1999,5474,10,3.537,52,0.5,104000,berlin52,True,06f6700
symmetry(current tree)|NS=1|C3,symmetry,current,1,C3,21,8499.0,8103.0,104000,1999,4949,9,3.42,52,0.5,104000,berlin52,True,06f6700
symmetry(current tree)|NS=1|C3,symmetry,current,1,C3,22,8668.0,7902.0,104000,1999,4261,10,3.546,52,0.5,104000,berlin52,True,06f6700
symmetry(current tree)|NS=1|C3,symmetry,current,1,C3,23,8634.0,7941.0,104000,1999,13143,12,3.577,52,0.5,104000,berlin52,True,06f6700
symmetry(current tree)|NS=1|C3,symmetry,current,1,C3,24,8686.0,7967.0,104000,1999,5572,13,3.233,52,0.5,104000,berlin52,True,06f6700
symmetry(current tree)|NS=1|C3,symmetry,current,1,C3,25,8561.0,8060.0,104000,1999,7100,9,3.206,52,0.5,104000,berlin52,True,06f6700
symmetry(current tree)|NS=1|C3,symmetry,current,1,C3,26,8840.0,7967.0,104000,1999,6387,13,3.266,52,0.5,104000,berlin52,True,06f6700
symmetry(current tree)|NS=1|C3,symmetry,current,1,C3,27,8763.0,8061.0,104000,1999,8111,7,3.246,52,0.5,104000,berlin52,True,06f6700
symmetry(current tree)|NS=1|C3,symmetry,current,1,C3,28,8554.0,8038.0,104000,1999,5540,9,3.187,52,0.5,104000,berlin52,True,06f6700
symmetry(current tree)|NS=1|C3,symmetry,current,1,C3,29,8862.0,7967.0,104000,1999,6387,13,3.202,52,0.5,104000,berlin52,True,06f6700
symmetry(current tree)|NS=1|C4,symmetry,current,1,C4,0,8268.0,8131.0,104000,1999,3963,4,2.046,52,0.5,104000,berlin52,True,06f6700
symmetry(current tree)|NS=1|C4,symmetry,current,1,C4,1,8349.0,8108.0,104000,1999,4915,4,1.995,52,0.5,104000,berlin52,True,06f6700
symmetry(current tree)|NS=1|C4,symmetry,current,1,C4,2,8227.0,7974.0,104000,1999,4830,6,2.057,52,0.5,104000,berlin52,True,06f6700
symmetry(current tree)|NS=1|C4,symmetry,current,1,C4,3,8507.0,8174.0,104000,1999,10887,10,2.015,52,0.5,104000,berlin52,True,06f6700
symmetry(current tree)|NS=1|C4,symmetry,current,1,C4,4,8171.0,8049.0,104000,1999,5288,5,2.021,52,0.5,104000,berlin52,True,06f6700
symmetry(current tree)|NS=1|C4,symmetry,current,1,C4,5,8169.0,8147.0,104000,1999,1808,1,2.086,52,0.5,104000,berlin52,True,06f6700
symmetry(current tree)|NS=1|C4,symmetry,current,1,C4,6,8400.0,7923.0,104000,1999,6257,7,2.074,52,0.5,104000,berlin52,True,06f6700
symmetry(current tree)|NS=1|C4,symmetry,current,1,C4,7,8466.0,8059.0,104000,1999,7148,6,2.08,52,0.5,104000,berlin52,True,06f6700
symmetry(current tree)|NS=1|C4,symmetry,current,1,C4,8,8470.0,8108.0,104000,1999,6402,6,2.078,52,0.5,104000,berlin52,True,06f6700
symmetry(current tree)|NS=1|C4,symmetry,current,1,C4,9,8470.0,8246.0,104000,1999,7398,6,1.995,52,0.5,104000,berlin52,True,06f6700
symmetry(current tree)|NS=1|C4,symmetry,current,1,C4,10,8199.0,8170.0,104000,1999,3794,3,2.001,52,0.5,104000,berlin52,True,06f6700
symmetry(current tree)|NS=1|C4,symmetry,current,1,C4,11,8124.0,8009.0,104000,1999,4507,4,1.987,52,0.5,104000,berlin52,True,06f6700
symmetry(current tree)|NS=1|C4,symmetry,current,1,C4,12,8167.0,8059.0,104000,1999,3969,4,2.019,52,0.5,104000,berlin52,True,06f6700
symmetry(current tree)|NS=1|C4,symmetry,current,1,C4,13,8379.0,7986.0,104000,1999,5675,5,2.094,52,0.5,104000,berlin52,True,06f6700
symmetry(current tree)|NS=1|C4,symmetry,current,1,C4,14,8311.0,8158.0,104000,1999,6844,7,2.024,52,0.5,104000,berlin52,True,06f6700
symmetry(current tree)|NS=1|C4,symmetry,current,1,C4,15,8394.0,8108.0,104000,1999,4651,4,2.018,52,0.5,104000,berlin52,True,06f6700
symmetry(current tree)|NS=1|C4,symmetry,current,1,C4,16,8497.0,8188.0,104000,1999,9757,11,2.019,52,0.5,104000,berlin52,True,06f6700
symmetry(current tree)|NS=1|C4,symmetry,current,1,C4,17,8214.0,8059.0,104000,1999,4122,4,2.028,52,0.5,104000,berlin52,True,06f6700
symmetry(current tree)|NS=1|C4,symmetry,current,1,C4,18,8388.0,8045.0,104000,1999,4883,6,1.992,52,0.5,104000,berlin52,True,06f6700
symmetry(current tree)|NS=1|C4,symmetry,current,1,C4,19,8156.0,8108.0,104000,1999,2273,1,1.995,52,0.5,104000,berlin52,True,06f6700
symmetry(current tree)|NS=1|C4,symmetry,current,1,C4,20,8183.0,8009.0,104000,1999,6331,6,1.95,52,0.5,104000,berlin52,True,06f6700
symmetry(current tree)|NS=1|C4,symmetry,current,1,C4,21,8088.0,8059.0,104000,1999,3640,3,1.904,52,0.5,104000,berlin52,True,06f6700
symmetry(current tree)|NS=1|C4,symmetry,current,1,C4,22,8108.0,8108.0,104000,1999,1274,0,1.913,52,0.5,104000,berlin52,True,06f6700
symmetry(current tree)|NS=1|C4,symmetry,current,1,C4,23,8405.0,8155.0,104000,1999,2874,3,1.941,52,0.5,104000,berlin52,True,06f6700
symmetry(current tree)|NS=1|C4,symmetry,current,1,C4,24,8362.0,7889.0,104000,1999,7228,7,1.875,52,0.5,104000,berlin52,True,06f6700
symmetry(current tree)|NS=1|C4,symmetry,current,1,C4,25,8304.0,8096.0,104000,1999,2793,5,1.933,52,0.5,104000,berlin52,True,06f6700
symmetry(current tree)|NS=1|C4,symmetry,current,1,C4,26,8288.0,8108.0,104000,1999,3676,3,1.915,52,0.5,104000,berlin52,True,06f6700
symmetry(current tree)|NS=1|C4,symmetry,current,1,C4,27,8131.0,8009.0,104000,1999,5279,5,1.856,52,0.5,104000,berlin52,True,06f6700
symmetry(current tree)|NS=1|C4,symmetry,current,1,C4,28,8287.0,8009.0,104000,1999,7265,6,1.879,52,0.5,104000,berlin52,True,06f6700
symmetry(current tree)|NS=1|C4,symmetry,current,1,C4,29,8346.0,8078.0,104000,1999,9792,9,1.855,52,0.5,104000,berlin52,True,06f6700
symmetry(random tree)|NS=6|C1,symmetry,random,6,C1,0,8051.0,8051.0,104260,334,1274,0,3.342,52,0.5,104000,berlin52,True,06f6700
symmetry(random tree)|NS=6|C1,symmetry,random,6,C1,1,8033.0,7982.0,104260,334,1661,2,3.239,52,0.5,104000,berlin52,True,06f6700
symmetry(random tree)|NS=6|C1,symmetry,random,6,C1,2,8147.0,8147.0,104260,334,1274,0,3.18,52,0.5,104000,berlin52,True,06f6700
symmetry(random tree)|NS=6|C1,symmetry,random,6,C1,3,7916.0,7877.0,104260,334,1421,1,3.177,52,0.5,104000,berlin52,True,06f6700
symmetry(random tree)|NS=6|C1,symmetry,random,6,C1,4,8112.0,8051.0,104260,334,1569,2,3.239,52,0.5,104000,berlin52,True,06f6700
symmetry(random tree)|NS=6|C1,symmetry,random,6,C1,5,8189.0,8113.0,104260,334,3616,2,3.251,52,0.5,104000,berlin52,True,06f6700
symmetry(random tree)|NS=6|C1,symmetry,random,6,C1,6,8113.0,8113.0,104260,334,1274,0,3.122,52,0.5,104000,berlin52,True,06f6700
symmetry(random tree)|NS=6|C1,symmetry,random,6,C1,7,7749.0,7749.0,104260,334,1274,0,3.276,52,0.5,104000,berlin52,True,06f6700
symmetry(random tree)|NS=6|C1,symmetry,random,6,C1,8,8130.0,8051.0,104260,334,1646,1,3.016,52,0.5,104000,berlin52,True,06f6700
symmetry(random tree)|NS=6|C1,symmetry,random,6,C1,9,8067.0,8067.0,104260,334,1274,0,2.989,52,0.5,104000,berlin52,True,06f6700
symmetry(random tree)|NS=6|C1,symmetry,random,6,C1,10,7867.0,7800.0,104260,334,1954,1,3.12,52,0.5,104000,berlin52,True,06f6700
symmetry(random tree)|NS=6|C1,symmetry,random,6,C1,11,7800.0,7800.0,104260,334,1274,0,2.911,52,0.5,104000,berlin52,True,06f6700
symmetry(random tree)|NS=6|C1,symmetry,random,6,C1,12,8108.0,8108.0,104260,334,1274,0,3.072,52,0.5,104000,berlin52,True,06f6700
symmetry(random tree)|NS=6|C1,symmetry,random,6,C1,13,8275.0,8258.0,104260,334,3548,2,3.139,52,0.5,104000,berlin52,True,06f6700
symmetry(random tree)|NS=6|C1,symmetry,random,6,C1,14,8110.0,8110.0,104260,334,1274,0,3.099,52,0.5,104000,berlin52,True,06f6700
symmetry(random tree)|NS=6|C1,symmetry,random,6,C1,15,7842.0,7842.0,104260,334,1274,0,3.252,52,0.5,104000,berlin52,True,06f6700
symmetry(random tree)|NS=6|C1,symmetry,random,6,C1,16,7997.0,7982.0,104260,334,1514,1,2.968,52,0.5,104000,berlin52,True,06f6700
symmetry(random tree)|NS=6|C1,symmetry,random,6,C1,17,8187.0,8038.0,104260,334,2483,1,2.861,52,0.5,104000,berlin52,True,06f6700
symmetry(random tree)|NS=6|C1,symmetry,random,6,C1,18,8103.0,8103.0,104260,334,1274,0,2.979,52,0.5,104000,berlin52,True,06f6700
symmetry(random tree)|NS=6|C1,symmetry,random,6,C1,19,8038.0,8038.0,104260,334,1274,0,2.982,52,0.5,104000,berlin52,True,06f6700
symmetry(random tree)|NS=6|C1,symmetry,random,6,C1,20,7903.0,7903.0,104260,334,1274,0,2.886,52,0.5,104000,berlin52,True,06f6700
symmetry(random tree)|NS=6|C1,symmetry,random,6,C1,21,7924.0,7842.0,104260,334,3187,2,3.032,52,0.5,104000,berlin52,True,06f6700
symmetry(random tree)|NS=6|C1,symmetry,random,6,C1,22,7872.0,7872.0,104260,334,1274,0,2.904,52,0.5,104000,berlin52,True,06f6700
symmetry(random tree)|NS=6|C1,symmetry,random,6,C1,23,8066.0,8066.0,104260,334,1274,0,2.884,52,0.5,104000,berlin52,True,06f6700
symmetry(random tree)|NS=6|C1,symmetry,random,6,C1,24,7986.0,7986.0,104260,334,1274,0,2.652,52,0.5,104000,berlin52,True,06f6700
symmetry(random tree)|NS=6|C1,symmetry,random,6,C1,25,8108.0,8108.0,104260,334,1274,0,2.584,52,0.5,104000,berlin52,True,06f6700
symmetry(random tree)|NS=6|C1,symmetry,random,6,C1,26,7991.0,7991.0,104260,334,1274,0,2.605,52,0.5,104000,berlin52,True,06f6700
symmetry(random tree)|NS=6|C1,symmetry,random,6,C1,27,7958.0,7897.0,104260,334,2504,1,2.611,52,0.5,104000,berlin52,True,06f6700
symmetry(random tree)|NS=6|C1,symmetry,random,6,C1,28,7816.0,7749.0,104260,334,1514,1,2.602,52,0.5,104000,berlin52,True,06f6700
symmetry(random tree)|NS=6|C1,symmetry,random,6,C1,29,7754.0,7749.0,104260,334,2273,1,2.575,52,0.5,104000,berlin52,True,06f6700
symmetry(random tree)|NS=6|C2,symmetry,random,6,C2,0,8331.0,8182.0,104260,334,7678,6,4.757,52,0.5,104000,berlin52,True,06f6700
symmetry(random tree)|NS=6|C2,symmetry,random,6,C2,1,8297.0,8113.0,104260,334,5637,6,4.908,52,0.5,104000,berlin52,True,06f6700
symmetry(random tree)|NS=6|C2,symmetry,random,6,C2,2,8093.0,7715.0,104260,334,9742,9,4.63,52,0.5,104000,berlin52,True,06f6700
symmetry(random tree)|NS=6|C2,symmetry,random,6,C2,3,8187.0,8043.0,104260,334,9965,9,4.609,52,0.5,104000,berlin52,True,06f6700
symmetry(random tree)|NS=6|C2,symmetry,random,6,C2,4,8238.0,8033.0,104260,334,4600,5,4.733,52,0.5,104000,berlin52,True,06f6700
symmetry(random tree)|NS=6|C2,symmetry,random,6,C2,5,7960.0,7799.0,104260,334,5771,5,4.646,52,0.5,104000,berlin52,True,06f6700
symmetry(random tree)|NS=6|C2,symmetry,random,6,C2,6,8128.0,7930.0,104260,334,7247,8,4.637,52,0.5,104000,berlin52,True,06f6700
symmetry(random tree)|NS=6|C2,symmetry,random,6,C2,7,8251.0,7932.0,104260,334,9254,9,4.705,52,0.5,104000,berlin52,True,06f6700
symmetry(random tree)|NS=6|C2,symmetry,random,6,C2,8,8316.0,8034.0,104260,334,6100,6,4.822,52,0.5,104000,berlin52,True,06f6700
symmetry(random tree)|NS=6|C2,symmetry,random,6,C2,9,8123.0,8044.0,104260,334,1729,1,4.727,52,0.5,104000,berlin52,True,06f6700
symmetry(random tree)|NS=6|C2,symmetry,random,6,C2,10,8109.0,7842.0,104260,334,4203,6,4.746,52,0.5,104000,berlin52,True,06f6700
symmetry(random tree)|NS=6|C2,symmetry,random,6,C2,11,8216.0,7746.0,104260,334,12112,20,4.69,52,0.5,104000,berlin52,True,06f6700
symmetry(random tree)|NS=6|C2,symmetry,random,6,C2,12,8057.0,7851.0,104260,334,6632,5,4.752,52,0.5,104000,berlin52,True,06f6700
symmetry(random tree)|NS=6|C2,symmetry,random,6,C2,13,8155.0,7864.0,104260,334,6082,8,4.656,52,0.5,104000,berlin52,True,06f6700
symmetry(random tree)|NS=6|C2,symmetry,random,6,C2,14,8115.0,7935.0,104260,334,5995,7,4.746,52,0.5,104000,berlin52,True,06f6700
symmetry(random tree)|NS=6|C2,symmetry,random,6,C2,15,8419.0,7989.0,104260,334,13069,16,4.799,52,0.5,104000,berlin52,True,06f6700
symmetry(random tree)|NS=6|C2,symmetry,random,6,C2,16,8169.0,8007.0,104260,334,6505,5,4.823,52,0.5,104000,berlin52,True,06f6700
symmetry(random tree)|NS=6|C2,symmetry,random,6,C2,17,8145.0,7990.0,104260,334,8577,8,4.634,52,0.5,104000,berlin52,True,06f6700
symmetry(random tree)|NS=6|C2,symmetry,random,6,C2,18,8266.0,7797.0,104260,334,18597,18,4.752,52,0.5,104000,berlin52,True,06f6700
symmetry(random tree)|NS=6|C2,symmetry,random,6,C2,19,8252.0,7803.0,104260,334,10672,13,4.928,52,0.5,104000,berlin52,True,06f6700
symmetry(random tree)|NS=6|C2,symmetry,random,6,C2,20,8423.0,7842.0,104260,334,8947,12,4.747,52,0.5,104000,berlin52,True,06f6700
symmetry(random tree)|NS=6|C2,symmetry,random,6,C2,21,8021.0,7732.0,104260,334,5794,6,4.687,52,0.5,104000,berlin52,True,06f6700
symmetry(random tree)|NS=6|C2,symmetry,random,6,C2,22,8325.0,8056.0,104260,334,6714,8,4.725,52,0.5,104000,berlin52,True,06f6700
symmetry(random tree)|NS=6|C2,symmetry,random,6,C2,23,8412.0,8277.0,104260,334,5385,5,4.886,52,0.5,104000,berlin52,True,06f6700
symmetry(random tree)|NS=6|C2,symmetry,random,6,C2,24,8215.0,7854.0,104260,334,5371,7,4.257,52,0.5,104000,berlin52,True,06f6700
symmetry(random tree)|NS=6|C2,symmetry,random,6,C2,25,8060.0,7845.0,104260,334,8909,8,4.186,52,0.5,104000,berlin52,True,06f6700
symmetry(random tree)|NS=6|C2,symmetry,random,6,C2,26,8080.0,7842.0,104260,334,4167,5,4.158,52,0.5,104000,berlin52,True,06f6700
symmetry(random tree)|NS=6|C2,symmetry,random,6,C2,27,7982.0,7850.0,104260,334,4116,5,4.197,52,0.5,104000,berlin52,True,06f6700
symmetry(random tree)|NS=6|C2,symmetry,random,6,C2,28,8215.0,7886.0,104260,334,9225,12,4.174,52,0.5,104000,berlin52,True,06f6700
symmetry(random tree)|NS=6|C2,symmetry,random,6,C2,29,8338.0,7998.0,104260,334,6152,7,4.164,52,0.5,104000,berlin52,True,06f6700
symmetry(random tree)|NS=6|C3,symmetry,random,6,C3,0,8319.0,8115.0,104260,334,3585,5,2.941,52,0.5,104000,berlin52,True,06f6700
symmetry(random tree)|NS=6|C3,symmetry,random,6,C3,1,8259.0,7994.0,104260,334,7089,9,3.112,52,0.5,104000,berlin52,True,06f6700
symmetry(random tree)|NS=6|C3,symmetry,random,6,C3,2,8269.0,7902.0,104260,334,7514,7,2.943,52,0.5,104000,berlin52,True,06f6700
symmetry(random tree)|NS=6|C3,symmetry,random,6,C3,3,8324.0,8113.0,104260,334,5384,5,3.011,52,0.5,104000,berlin52,True,06f6700
symmetry(random tree)|NS=6|C3,symmetry,random,6,C3,4,8270.0,7991.0,104260,334,7225,8,2.875,52,0.5,104000,berlin52,True,06f6700
symmetry(random tree)|NS=6|C3,symmetry,random,6,C3,5,8295.0,8061.0,104260,334,4513,6,2.976,52,0.5,104000,berlin52,True,06f6700
symmetry(random tree)|NS=6|C3,symmetry,random,6,C3,6,8269.0,8113.0,104260,334,3444,3,2.982,52,0.5,104000,berlin52,True,06f6700
symmetry(random tree)|NS=6|C3,symmetry,random,6,C3,7,8169.0,8051.0,104260,334,6229,5,2.932,52,0.5,104000,berlin52,True,06f6700
symmetry(random tree)|NS=6|C3,symmetry,random,6,C3,8,8210.0,8056.0,104260,334,6715,8,2.814,52,0.5,104000,berlin52,True,06f6700
symmetry(random tree)|NS=6|C3,symmetry,random,6,C3,9,8199.0,8039.0,104260,334,3337,4,2.902,52,0.5,104000,berlin52,True,06f6700
symmetry(random tree)|NS=6|C3,symmetry,random,6,C3,10,8085.0,7991.0,104260,334,4242,4,2.87,52,0.5,104000,berlin52,True,06f6700
symmetry(random tree)|NS=6|C3,symmetry,random,6,C3,11,8139.0,7993.0,104260,334,5074,5,2.905,52,0.5,104000,berlin52,True,06f6700
symmetry(random tree)|NS=6|C3,symmetry,random,6,C3,12,8230.0,8061.0,104260,334,4391,5,2.826,52,0.5,104000,berlin52,True,06f6700
symmetry(random tree)|NS=6|C3,symmetry,random,6,C3,13,8332.0,8104.0,104260,334,8994,10,2.816,52,0.5,104000,berlin52,True,06f6700
symmetry(random tree)|NS=6|C3,symmetry,random,6,C3,14,8292.0,7994.0,104260,334,7857,9,2.804,52,0.5,104000,berlin52,True,06f6700
symmetry(random tree)|NS=6|C3,symmetry,random,6,C3,15,8304.0,8113.0,104260,334,5993,7,3.007,52,0.5,104000,berlin52,True,06f6700
symmetry(random tree)|NS=6|C3,symmetry,random,6,C3,16,8213.0,7986.0,104260,334,5250,7,2.906,52,0.5,104000,berlin52,True,06f6700
symmetry(random tree)|NS=6|C3,symmetry,random,6,C3,17,8256.0,8086.0,104260,334,4338,3,2.945,52,0.5,104000,berlin52,True,06f6700
symmetry(random tree)|NS=6|C3,symmetry,random,6,C3,18,8269.0,8151.0,104260,334,6260,5,2.853,52,0.5,104000,berlin52,True,06f6700
symmetry(random tree)|NS=6|C3,symmetry,random,6,C3,19,8247.0,7994.0,104260,334,6531,9,2.859,52,0.5,104000,berlin52,True,06f6700
symmetry(random tree)|NS=6|C3,symmetry,random,6,C3,20,8161.0,7967.0,104260,334,9326,8,2.985,52,0.5,104000,berlin52,True,06f6700
symmetry(random tree)|NS=6|C3,symmetry,random,6,C3,21,8264.0,7991.0,104260,334,6556,8,2.86,52,0.5,104000,berlin52,True,06f6700
symmetry(random tree)|NS=6|C3,symmetry,random,6,C3,22,8317.0,7993.0,104260,334,7105,8,2.861,52,0.5,104000,berlin52,True,06f6700
symmetry(random tree)|NS=6|C3,symmetry,random,6,C3,23,8307.0,8063.0,104260,334,5878,6,3.057,52,0.5,104000,berlin52,True,06f6700
symmetry(random tree)|NS=6|C3,symmetry,random,6,C3,24,8271.0,8098.0,104260,334,5238,4,2.622,52,0.5,104000,berlin52,True,06f6700
symmetry(random tree)|NS=6|C3,symmetry,random,6,C3,25,8351.0,8120.0,104260,334,6558,9,2.632,52,0.5,104000,berlin52,True,06f6700
symmetry(random tree)|NS=6|C3,symmetry,random,6,C3,26,8257.0,7991.0,104260,334,4556,7,2.659,52,0.5,104000,berlin52,True,06f6700
symmetry(random tree)|NS=6|C3,symmetry,random,6,C3,27,8334.0,8072.0,104260,334,6818,8,2.619,52,0.5,104000,berlin52,True,06f6700
symmetry(random tree)|NS=6|C3,symmetry,random,6,C3,28,8255.0,8063.0,104260,334,5747,5,2.637,52,0.5,104000,berlin52,True,06f6700
symmetry(random tree)|NS=6|C3,symmetry,random,6,C3,29,8284.0,8056.0,104260,334,7029,8,2.602,52,0.5,104000,berlin52,True,06f6700
symmetry(random tree)|NS=6|C4,symmetry,random,6,C4,0,8033.0,8009.0,104260,334,2596,2,1.432,52,0.5,104000,berlin52,True,06f6700
symmetry(random tree)|NS=6|C4,symmetry,random,6,C4,1,8258.0,8258.0,104260,334,1274,0,1.466,52,0.5,104000,berlin52,True,06f6700
symmetry(random tree)|NS=6|C4,symmetry,random,6,C4,2,8097.0,8097.0,104260,334,1274,0,1.444,52,0.5,104000,berlin52,True,06f6700
symmetry(random tree)|NS=6|C4,symmetry,random,6,C4,3,8147.0,8147.0,104260,334,1274,0,1.465,52,0.5,104000,berlin52,True,06f6700
symmetry(random tree)|NS=6|C4,symmetry,random,6,C4,4,8033.0,8009.0,104260,334,1518,2,1.44,52,0.5,104000,berlin52,True,06f6700
symmetry(random tree)|NS=6|C4,symmetry,random,6,C4,5,8166.0,7991.0,104260,334,2252,1,1.415,52,0.5,104000,berlin52,True,06f6700
symmetry(random tree)|NS=6|C4,symmetry,random,6,C4,6,7986.0,7986.0,104260,334,1274,0,1.38,52,0.5,104000,berlin52,True,06f6700
symmetry(random tree)|NS=6|C4,symmetry,random,6,C4,7,7986.0,7986.0,104260,334,1274,0,1.481,52,0.5,104000,berlin52,True,06f6700
symmetry(random tree)|NS=6|C4,symmetry,random,6,C4,8,7986.0,7986.0,104260,334,1274,0,1.484,52,0.5,104000,berlin52,True,06f6700
symmetry(random tree)|NS=6|C4,symmetry,random,6,C4,9,8075.0,8055.0,104260,334,2054,1,1.448,52,0.5,104000,berlin52,True,06f6700
symmetry(random tree)|NS=6|C4,symmetry,random,6,C4,10,8102.0,8078.0,104260,334,1469,2,1.439,52,0.5,104000,berlin52,True,06f6700
symmetry(random tree)|NS=6|C4,symmetry,random,6,C4,11,8073.0,8073.0,104260,334,1274,0,1.468,52,0.5,104000,berlin52,True,06f6700
symmetry(random tree)|NS=6|C4,symmetry,random,6,C4,12,8108.0,8108.0,104260,334,1274,0,1.447,52,0.5,104000,berlin52,True,06f6700
symmetry(random tree)|NS=6|C4,symmetry,random,6,C4,13,8108.0,8108.0,104260,334,1274,0,1.393,52,0.5,104000,berlin52,True,06f6700
symmetry(random tree)|NS=6|C4,symmetry,random,6,C4,14,8108.0,8108.0,104260,334,1274,0,1.499,52,0.5,104000,berlin52,True,06f6700
symmetry(random tree)|NS=6|C4,symmetry,random,6,C4,15,8059.0,8059.0,104260,334,1274,0,1.479,52,0.5,104000,berlin52,True,06f6700
symmetry(random tree)|NS=6|C4,symmetry,random,6,C4,16,7986.0,7986.0,104260,334,1274,0,1.474,52,0.5,104000,berlin52,True,06f6700
symmetry(random tree)|NS=6|C4,symmetry,random,6,C4,17,8147.0,8147.0,104260,334,1274,0,1.478,52,0.5,104000,berlin52,True,06f6700
symmetry(random tree)|NS=6|C4,symmetry,random,6,C4,18,7986.0,7986.0,104260,334,1274,0,1.447,52,0.5,104000,berlin52,True,06f6700
symmetry(random tree)|NS=6|C4,symmetry,random,6,C4,19,8147.0,8147.0,104260,334,1274,0,1.459,52,0.5,104000,berlin52,True,06f6700
symmetry(random tree)|NS=6|C4,symmetry,random,6,C4,20,8136.0,8021.0,104260,334,3567,4,1.471,52,0.5,104000,berlin52,True,06f6700
symmetry(random tree)|NS=6|C4,symmetry,random,6,C4,21,7993.0,7993.0,104260,334,1274,0,1.484,52,0.5,104000,berlin52,True,06f6700
symmetry(random tree)|NS=6|C4,symmetry,random,6,C4,22,7986.0,7986.0,104260,334,1274,0,1.499,52,0.5,104000,berlin52,True,06f6700
symmetry(random tree)|NS=6|C4,symmetry,random,6,C4,23,7986.0,7986.0,104260,334,1274,0,1.527,52,0.5,104000,berlin52,True,06f6700
symmetry(random tree)|NS=6|C4,symmetry,random,6,C4,24,8115.0,8115.0,104260,334,1274,0,1.328,52,0.5,104000,berlin52,True,06f6700
symmetry(random tree)|NS=6|C4,symmetry,random,6,C4,25,7986.0,7986.0,104260,334,1274,0,1.338,52,0.5,104000,berlin52,True,06f6700
symmetry(random tree)|NS=6|C4,symmetry,random,6,C4,26,8108.0,8108.0,104260,334,1274,0,1.336,52,0.5,104000,berlin52,True,06f6700
symmetry(random tree)|NS=6|C4,symmetry,random,6,C4,27,8108.0,8108.0,104260,334,1274,0,1.328,52,0.5,104000,berlin52,True,06f6700
symmetry(random tree)|NS=6|C4,symmetry,random,6,C4,28,7986.0,7986.0,104260,334,1274,0,1.32,52,0.5,104000,berlin52,True,06f6700
symmetry(random tree)|NS=6|C4,symmetry,random,6,C4,29,8108.0,8108.0,104260,334,1274,0,1.312,52,0.5,104000,berlin52,True,06f6700
symmetry(random tree)|NS=1|C1,symmetry,random,1,C1,0,7887.0,7872.0,104000,1999,1846,1,3.626,52,0.5,104000,berlin52,True,06f6700
symmetry(random tree)|NS=1|C1,symmetry,random,1,C1,1,7991.0,7991.0,104000,1999,1274,0,3.625,52,0.5,104000,berlin52,True,06f6700
symmetry(random tree)|NS=1|C1,symmetry,random,1,C1,2,7880.0,7880.0,104000,1999,1274,0,3.497,52,0.5,104000,berlin52,True,06f6700
symmetry(random tree)|NS=1|C1,symmetry,random,1,C1,3,8076.0,8061.0,104000,1999,2021,1,3.641,52,0.5,104000,berlin52,True,06f6700
symmetry(random tree)|NS=1|C1,symmetry,random,1,C1,4,7853.0,7853.0,104000,1999,1274,0,3.671,52,0.5,104000,berlin52,True,06f6700
symmetry(random tree)|NS=1|C1,symmetry,random,1,C1,5,8152.0,8152.0,104000,1999,1274,0,3.734,52,0.5,104000,berlin52,True,06f6700
symmetry(random tree)|NS=1|C1,symmetry,random,1,C1,6,8085.0,8080.0,104000,1999,2413,1,3.706,52,0.5,104000,berlin52,True,06f6700
symmetry(random tree)|NS=1|C1,symmetry,random,1,C1,7,7821.0,7749.0,104000,1999,2278,2,3.581,52,0.5,104000,berlin52,True,06f6700
symmetry(random tree)|NS=1|C1,symmetry,random,1,C1,8,8182.0,8182.0,104000,1999,1274,0,4.048,52,0.5,104000,berlin52,True,06f6700
symmetry(random tree)|NS=1|C1,symmetry,random,1,C1,9,8012.0,8012.0,104000,1999,1274,0,4.001,52,0.5,104000,berlin52,True,06f6700
symmetry(random tree)|NS=1|C1,symmetry,random,1,C1,10,8029.0,8024.0,104000,1999,2396,1,4.105,52,0.5,104000,berlin52,True,06f6700
symmetry(random tree)|NS=1|C1,symmetry,random,1,C1,11,8124.0,8063.0,104000,1999,2494,1,4.115,52,0.5,104000,berlin52,True,06f6700
symmetry(random tree)|NS=1|C1,symmetry,random,1,C1,12,7897.0,7897.0,104000,1999,1274,0,3.607,52,0.5,104000,berlin52,True,06f6700
symmetry(random tree)|NS=1|C1,symmetry,random,1,C1,13,7788.0,7788.0,104000,1999,1274,0,3.626,52,0.5,104000,berlin52,True,06f6700
symmetry(random tree)|NS=1|C1,symmetry,random,1,C1,14,7749.0,7749.0,104000,1999,1274,0,3.885,52,0.5,104000,berlin52,True,06f6700
symmetry(random tree)|NS=1|C1,symmetry,random,1,C1,15,7838.0,7800.0,104000,1999,3638,2,3.976,52,0.5,104000,berlin52,True,06f6700
symmetry(random tree)|NS=1|C1,symmetry,random,1,C1,16,8108.0,8108.0,104000,1999,1274,0,3.972,52,0.5,104000,berlin52,True,06f6700
symmetry(random tree)|NS=1|C1,symmetry,random,1,C1,17,8061.0,8061.0,104000,1999,1274,0,4.052,52,0.5,104000,berlin52,True,06f6700
symmetry(random tree)|NS=1|C1,symmetry,random,1,C1,18,8067.0,8056.0,104000,1999,2273,1,4.197,52,0.5,104000,berlin52,True,06f6700
symmetry(random tree)|NS=1|C1,symmetry,random,1,C1,19,8008.0,7991.0,104000,1999,1988,1,3.92,52,0.5,104000,berlin52,True,06f6700
symmetry(random tree)|NS=1|C1,symmetry,random,1,C1,20,7992.0,7992.0,104000,1999,1274,0,4.032,52,0.5,104000,berlin52,True,06f6700
symmetry(random tree)|NS=1|C1,symmetry,random,1,C1,21,8238.0,8162.0,104000,1999,2789,2,4.055,52,0.5,104000,berlin52,True,06f6700
symmetry(random tree)|NS=1|C1,symmetry,random,1,C1,22,7762.0,7762.0,104000,1999,1274,0,4.109,52,0.5,104000,berlin52,True,06f6700
symmetry(random tree)|NS=1|C1,symmetry,random,1,C1,23,7941.0,7941.0,104000,1999,1274,0,3.964,52,0.5,104000,berlin52,True,06f6700
symmetry(random tree)|NS=1|C1,symmetry,random,1,C1,24,7991.0,7991.0,104000,1999,1274,0,3.35,52,0.5,104000,berlin52,True,06f6700
symmetry(random tree)|NS=1|C1,symmetry,random,1,C1,25,8029.0,8029.0,104000,1999,1274,0,3.27,52,0.5,104000,berlin52,True,06f6700
symmetry(random tree)|NS=1|C1,symmetry,random,1,C1,26,8118.0,8113.0,104000,1999,2021,1,3.201,52,0.5,104000,berlin52,True,06f6700
symmetry(random tree)|NS=1|C1,symmetry,random,1,C1,27,7800.0,7800.0,104000,1999,1274,0,3.199,52,0.5,104000,berlin52,True,06f6700
symmetry(random tree)|NS=1|C1,symmetry,random,1,C1,28,8108.0,8108.0,104000,1999,1274,0,3.15,52,0.5,104000,berlin52,True,06f6700
symmetry(random tree)|NS=1|C1,symmetry,random,1,C1,29,8017.0,8012.0,104000,1999,2339,1,3.156,52,0.5,104000,berlin52,True,06f6700
symmetry(random tree)|NS=1|C2,symmetry,random,1,C2,0,8122.0,7803.0,104000,1999,5462,7,5.593,52,0.5,104000,berlin52,True,06f6700
symmetry(random tree)|NS=1|C2,symmetry,random,1,C2,1,8153.0,7867.0,104000,1999,7165,8,5.885,52,0.5,104000,berlin52,True,06f6700
symmetry(random tree)|NS=1|C2,symmetry,random,1,C2,2,8268.0,8120.0,104000,1999,4736,4,5.518,52,0.5,104000,berlin52,True,06f6700
symmetry(random tree)|NS=1|C2,symmetry,random,1,C2,3,8134.0,7850.0,104000,1999,5866,7,5.953,52,0.5,104000,berlin52,True,06f6700
symmetry(random tree)|NS=1|C2,symmetry,random,1,C2,4,8122.0,7849.0,104000,1999,6174,10,5.947,52,0.5,104000,berlin52,True,06f6700
symmetry(random tree)|NS=1|C2,symmetry,random,1,C2,5,8131.0,7947.0,104000,1999,4586,8,5.738,52,0.5,104000,berlin52,True,06f6700
symmetry(random tree)|NS=1|C2,symmetry,random,1,C2,6,8309.0,8116.0,104000,1999,5349,6,5.777,52,0.5,104000,berlin52,True,06f6700
symmetry(random tree)|NS=1|C2,symmetry,random,1,C2,7,8309.0,8036.0,104000,1999,7412,8,5.657,52,0.5,104000,berlin52,True,06f6700
symmetry(random tree)|NS=1|C2,symmetry,random,1,C2,8,8171.0,7947.0,104000,1999,5931,7,5.582,52,0.5,104000,berlin52,True,06f6700
symmetry(random tree)|NS=1|C2,symmetry,random,1,C2,9,8124.0,8010.0,104000,1999,4920,5,5.623,52,0.5,104000,berlin52,True,06f6700
symmetry(random tree)|NS=1|C2,symmetry,random,1,C2,10,7979.0,7779.0,104000,1999,4685,5,5.765,52,0.5,104000,berlin52,True,06f6700
symmetry(random tree)|NS=1|C2,symmetry,random,1,C2,11,8224.0,7765.0,104000,1999,12924,13,5.615,52,0.5,104000,berlin52,True,06f6700
symmetry(random tree)|NS=1|C2,symmetry,random,1,C2,12,8220.0,7986.0,104000,1999,6615,8,5.682,52,0.5,104000,berlin52,True,06f6700
symmetry(random tree)|NS=1|C2,symmetry,random,1,C2,13,8376.0,7810.0,104000,1999,16870,15,5.831,52,0.5,104000,berlin52,True,06f6700
symmetry(random tree)|NS=1|C2,symmetry,random,1,C2,14,8195.0,8023.0,104000,1999,7106,6,5.803,52,0.5,104000,berlin52,True,06f6700
symmetry(random tree)|NS=1|C2,symmetry,random,1,C2,15,8070.0,7852.0,104000,1999,6811,9,5.825,52,0.5,104000,berlin52,True,06f6700
symmetry(random tree)|NS=1|C2,symmetry,random,1,C2,16,8208.0,7837.0,104000,1999,6060,9,5.893,52,0.5,104000,berlin52,True,06f6700
symmetry(random tree)|NS=1|C2,symmetry,random,1,C2,17,8141.0,7953.0,104000,1999,5148,6,5.778,52,0.5,104000,berlin52,True,06f6700
symmetry(random tree)|NS=1|C2,symmetry,random,1,C2,18,8258.0,7988.0,104000,1999,6531,10,5.731,52,0.5,104000,berlin52,True,06f6700
symmetry(random tree)|NS=1|C2,symmetry,random,1,C2,19,8087.0,7906.0,104000,1999,8746,10,6.005,52,0.5,104000,berlin52,True,06f6700
symmetry(random tree)|NS=1|C2,symmetry,random,1,C2,20,8314.0,7842.0,104000,1999,12565,10,5.636,52,0.5,104000,berlin52,True,06f6700
symmetry(random tree)|NS=1|C2,symmetry,random,1,C2,21,8191.0,7896.0,104000,1999,7772,7,5.93,52,0.5,104000,berlin52,True,06f6700
symmetry(random tree)|NS=1|C2,symmetry,random,1,C2,22,8104.0,7993.0,104000,1999,5497,5,5.828,52,0.5,104000,berlin52,True,06f6700
symmetry(random tree)|NS=1|C2,symmetry,random,1,C2,23,8125.0,7841.0,104000,1999,12367,11,5.733,52,0.5,104000,berlin52,True,06f6700
symmetry(random tree)|NS=1|C2,symmetry,random,1,C2,24,8393.0,8113.0,104000,1999,4773,4,4.81,52,0.5,104000,berlin52,True,06f6700
symmetry(random tree)|NS=1|C2,symmetry,random,1,C2,25,8262.0,7935.0,104000,1999,8024,11,4.75,52,0.5,104000,berlin52,True,06f6700
symmetry(random tree)|NS=1|C2,symmetry,random,1,C2,26,8314.0,7958.0,104000,1999,6586,10,4.748,52,0.5,104000,berlin52,True,06f6700
symmetry(random tree)|NS=1|C2,symmetry,random,1,C2,27,8204.0,7807.0,104000,1999,11731,12,4.76,52,0.5,104000,berlin52,True,06f6700
symmetry(random tree)|NS=1|C2,symmetry,random,1,C2,28,8119.0,7749.0,104000,1999,9912,9,4.696,52,0.5,104000,berlin52,True,06f6700
symmetry(random tree)|NS=1|C2,symmetry,random,1,C2,29,8302.0,8050.0,104000,1999,7286,5,4.653,52,0.5,104000,berlin52,True,06f6700
symmetry(random tree)|NS=1|C3,symmetry,random,1,C3,0,8296.0,8219.0,104000,1999,3509,4,3.922,52,0.5,104000,berlin52,True,06f6700
symmetry(random tree)|NS=1|C3,symmetry,random,1,C3,1,8298.0,8113.0,104000,1999,6781,9,4.096,52,0.5,104000,berlin52,True,06f6700
symmetry(random tree)|NS=1|C3,symmetry,random,1,C3,2,8307.0,8056.0,104000,1999,7774,9,4.036,52,0.5,104000,berlin52,True,06f6700
symmetry(random tree)|NS=1|C3,symmetry,random,1,C3,3,8304.0,8056.0,104000,1999,5339,8,4.013,52,0.5,104000,berlin52,True,06f6700
symmetry(random tree)|NS=1|C3,symmetry,random,1,C3,4,8269.0,7991.0,104000,1999,7126,9,3.905,52,0.5,104000,berlin52,True,06f6700
symmetry(random tree)|NS=1|C3,symmetry,random,1,C3,5,8331.0,8113.0,104000,1999,6296,6,3.87,52,0.5,104000,berlin52,True,06f6700
symmetry(random tree)|NS=1|C3,symmetry,random,1,C3,6,8255.0,7986.0,104000,1999,5950,7,3.958,52,0.5,104000,berlin52,True,06f6700
symmetry(random tree)|NS=1|C3,symmetry,random,1,C3,7,8255.0,8038.0,104000,1999,4080,6,3.996,52,0.5,104000,berlin52,True,06f6700
symmetry(random tree)|NS=1|C3,symmetry,random,1,C3,8,8239.0,8056.0,104000,1999,6244,8,3.446,52,0.5,104000,berlin52,True,06f6700
symmetry(random tree)|NS=1|C3,symmetry,random,1,C3,9,8314.0,8164.0,104000,1999,3559,6,3.463,52,0.5,104000,berlin52,True,06f6700
symmetry(random tree)|NS=1|C3,symmetry,random,1,C3,10,8295.0,7991.0,104000,1999,6155,7,3.363,52,0.5,104000,berlin52,True,06f6700
symmetry(random tree)|NS=1|C3,symmetry,random,1,C3,11,8239.0,7998.0,104000,1999,4247,4,3.485,52,0.5,104000,berlin52,True,06f6700
symmetry(random tree)|NS=1|C3,symmetry,random,1,C3,12,8347.0,8103.0,104000,1999,6011,7,3.534,52,0.5,104000,berlin52,True,06f6700
symmetry(random tree)|NS=1|C3,symmetry,random,1,C3,13,8253.0,8089.0,104000,1999,5450,5,3.553,52,0.5,104000,berlin52,True,06f6700
symmetry(random tree)|NS=1|C3,symmetry,random,1,C3,14,8255.0,8108.0,104000,1999,4291,5,3.574,52,0.5,104000,berlin52,True,06f6700
symmetry(random tree)|NS=1|C3,symmetry,random,1,C3,15,8346.0,8133.0,104000,1999,8345,8,3.59,52,0.5,104000,berlin52,True,06f6700
symmetry(random tree)|NS=1|C3,symmetry,random,1,C3,16,8402.0,7948.0,104000,1999,7722,8,3.67,52,0.5,104000,berlin52,True,06f6700
symmetry(random tree)|NS=1|C3,symmetry,random,1,C3,17,8312.0,8099.0,104000,1999,4799,6,3.568,52,0.5,104000,berlin52,True,06f6700
symmetry(random tree)|NS=1|C3,symmetry,random,1,C3,18,8190.0,7991.0,104000,1999,4345,5,3.455,52,0.5,104000,berlin52,True,06f6700
symmetry(random tree)|NS=1|C3,symmetry,random,1,C3,19,8362.0,8115.0,104000,1999,5762,7,3.557,52,0.5,104000,berlin52,True,06f6700
symmetry(random tree)|NS=1|C3,symmetry,random,1,C3,20,8346.0,8056.0,104000,1999,9452,11,3.643,52,0.5,104000,berlin52,True,06f6700
symmetry(random tree)|NS=1|C3,symmetry,random,1,C3,21,8286.0,8108.0,104000,1999,3791,3,3.667,52,0.5,104000,berlin52,True,06f6700
symmetry(random tree)|NS=1|C3,symmetry,random,1,C3,22,8173.0,7991.0,104000,1999,3624,4,3.501,52,0.5,104000,berlin52,True,06f6700
symmetry(random tree)|NS=1|C3,symmetry,random,1,C3,23,8292.0,8103.0,104000,1999,7612,7,3.717,52,0.5,104000,berlin52,True,06f6700
symmetry(random tree)|NS=1|C3,symmetry,random,1,C3,24,8376.0,8103.0,104000,1999,8232,7,3.076,52,0.5,104000,berlin52,True,06f6700
symmetry(random tree)|NS=1|C3,symmetry,random,1,C3,25,8227.0,8038.0,104000,1999,6642,7,3.087,52,0.5,104000,berlin52,True,06f6700
symmetry(random tree)|NS=1|C3,symmetry,random,1,C3,26,8453.0,8103.0,104000,1999,7670,11,3.1,52,0.5,104000,berlin52,True,06f6700
symmetry(random tree)|NS=1|C3,symmetry,random,1,C3,27,8360.0,8056.0,104000,1999,11654,13,3.09,52,0.5,104000,berlin52,True,06f6700
symmetry(random tree)|NS=1|C3,symmetry,random,1,C3,28,8265.0,8056.0,104000,1999,7385,8,3.061,52,0.5,104000,berlin52,True,06f6700
symmetry(random tree)|NS=1|C3,symmetry,random,1,C3,29,8365.0,8180.0,104000,1999,8057,7,3.038,52,0.5,104000,berlin52,True,06f6700
symmetry(random tree)|NS=1|C4,symmetry,random,1,C4,0,7991.0,7991.0,104000,1999,1274,0,1.884,52,0.5,104000,berlin52,True,06f6700
symmetry(random tree)|NS=1|C4,symmetry,random,1,C4,1,7986.0,7986.0,104000,1999,1274,0,1.967,52,0.5,104000,berlin52,True,06f6700
symmetry(random tree)|NS=1|C4,symmetry,random,1,C4,2,8166.0,7991.0,104000,1999,2299,1,1.99,52,0.5,104000,berlin52,True,06f6700
symmetry(random tree)|NS=1|C4,symmetry,random,1,C4,3,8033.0,8009.0,104000,1999,2185,2,1.915,52,0.5,104000,berlin52,True,06f6700
symmetry(random tree)|NS=1|C4,symmetry,random,1,C4,4,8040.0,8016.0,104000,1999,2185,2,1.953,52,0.5,104000,berlin52,True,06f6700
symmetry(random tree)|NS=1|C4,symmetry,random,1,C4,5,7986.0,7986.0,104000,1999,1274,0,1.931,52,0.5,104000,berlin52,True,06f6700
symmetry(random tree)|NS=1|C4,symmetry,random,1,C4,6,8083.0,8059.0,104000,1999,1469,2,1.929,52,0.5,104000,berlin52,True,06f6700
symmetry(random tree)|NS=1|C4,symmetry,random,1,C4,7,8075.0,8055.0,104000,1999,2054,1,1.914,52,0.5,104000,berlin52,True,06f6700
symmetry(random tree)|NS=1|C4,symmetry,random,1,C4,8,8166.0,7986.0,104000,1999,3676,3,1.951,52,0.5,104000,berlin52,True,06f6700
symmetry(random tree)|NS=1|C4,symmetry,random,1,C4,9,8108.0,8108.0,104000,1999,1274,0,1.915,52,0.5,104000,berlin52,True,06f6700
symmetry(random tree)|NS=1|C4,symmetry,random,1,C4,10,8083.0,8059.0,104000,1999,2596,2,1.998,52,0.5,104000,berlin52,True,06f6700
symmetry(random tree)|NS=1|C4,symmetry,random,1,C4,11,8083.0,8059.0,104000,1999,1469,2,1.961,52,0.5,104000,berlin52,True,06f6700
symmetry(random tree)|NS=1|C4,symmetry,random,1,C4,12,7986.0,7986.0,104000,1999,1274,0,1.914,52,0.5,104000,berlin52,True,06f6700
symmetry(random tree)|NS=1|C4,symmetry,random,1,C4,13,8108.0,8108.0,104000,1999,1274,0,1.932,52,0.5,104000,berlin52,True,06f6700
symmetry(random tree)|NS=1|C4,symmetry,random,1,C4,14,8295.0,8115.0,104000,1999,3676,3,2.039,52,0.5,104000,berlin52,True,06f6700
symmetry(random tree)|NS=1|C4,symmetry,random,1,C4,15,8131.0,8131.0,104000,1999,1274,0,1.959,52,0.5,104000,berlin52,True,06f6700
symmetry(random tree)|NS=1|C4,symmetry,random,1,C4,16,8115.0,8115.0,104000,1999,1274,0,1.924,52,0.5,104000,berlin52,True,06f6700
symmetry(random tree)|NS=1|C4,symmetry,random,1,C4,17,7986.0,7986.0,104000,1999,1274,0,1.952,52,0.5,104000,berlin52,True,06f6700
symmetry(random tree)|NS=1|C4,symmetry,random,1,C4,18,8288.0,8108.0,104000,1999,5067,3,1.999,52,0.5,104000,berlin52,True,06f6700
symmetry(random tree)|NS=1|C4,symmetry,random,1,C4,19,8068.0,8068.0,104000,1999,1274,0,1.993,52,0.5,104000,berlin52,True,06f6700
symmetry(random tree)|NS=1|C4,symmetry,random,1,C4,20,8200.0,8171.0,104000,1999,1322,1,1.971,52,0.5,104000,berlin52,True,06f6700
symmetry(random tree)|NS=1|C4,symmetry,random,1,C4,21,8009.0,8009.0,104000,1999,1274,0,2.038,52,0.5,104000,berlin52,True,06f6700
symmetry(random tree)|NS=1|C4,symmetry,random,1,C4,22,8097.0,8097.0,104000,1999,1274,0,1.985,52,0.5,104000,berlin52,True,06f6700
symmetry(random tree)|NS=1|C4,symmetry,random,1,C4,23,7986.0,7986.0,104000,1999,1274,0,2.081,52,0.5,104000,berlin52,True,06f6700
symmetry(random tree)|NS=1|C4,symmetry,random,1,C4,24,8147.0,8147.0,104000,1999,1274,0,1.753,52,0.5,104000,berlin52,True,06f6700
symmetry(random tree)|NS=1|C4,symmetry,random,1,C4,25,8083.0,8059.0,104000,1999,3225,2,1.759,52,0.5,104000,berlin52,True,06f6700
symmetry(random tree)|NS=1|C4,symmetry,random,1,C4,26,8108.0,8108.0,104000,1999,1274,0,1.755,52,0.5,104000,berlin52,True,06f6700
symmetry(random tree)|NS=1|C4,symmetry,random,1,C4,27,8197.0,8177.0,104000,1999,2547,1,1.741,52,0.5,104000,berlin52,True,06f6700
symmetry(random tree)|NS=1|C4,symmetry,random,1,C4,28,7986.0,7986.0,104000,1999,1274,0,1.739,52,0.5,104000,berlin52,True,06f6700
symmetry(random tree)|NS=1|C4,symmetry,random,1,C4,29,8197.0,8177.0,104000,1999,2225,1,1.722,52,0.5,104000,berlin52,True,06f6700
symmetry(best tree)|NS=6|C1,symmetry,best,6,C1,0,7849.0,7849.0,104260,334,1274,0,2.98,52,0.5,104000,berlin52,True,06f6700
symmetry(best tree)|NS=6|C1,symmetry,best,6,C1,1,8012.0,8012.0,104260,334,1274,0,2.981,52,0.5,104000,berlin52,True,06f6700
symmetry(best tree)|NS=6|C1,symmetry,best,6,C1,2,8085.0,8006.0,104260,334,2396,1,2.825,52,0.5,104000,berlin52,True,06f6700
symmetry(best tree)|NS=6|C1,symmetry,best,6,C1,3,7885.0,7885.0,104260,334,1274,0,2.896,52,0.5,104000,berlin52,True,06f6700
symmetry(best tree)|NS=6|C1,symmetry,best,6,C1,4,8248.0,8056.0,104260,334,4747,5,2.919,52,0.5,104000,berlin52,True,06f6700
symmetry(best tree)|NS=6|C1,symmetry,best,6,C1,5,7986.0,7986.0,104260,334,1274,0,2.946,52,0.5,104000,berlin52,True,06f6700
symmetry(best tree)|NS=6|C1,symmetry,best,6,C1,6,7889.0,7889.0,104260,334,1274,0,2.834,52,0.5,104000,berlin52,True,06f6700
symmetry(best tree)|NS=6|C1,symmetry,best,6,C1,7,7842.0,7842.0,104260,334,1274,0,2.841,52,0.5,104000,berlin52,True,06f6700
symmetry(best tree)|NS=6|C1,symmetry,best,6,C1,8,8180.0,8098.0,104260,334,2077,2,2.769,52,0.5,104000,berlin52,True,06f6700
symmetry(best tree)|NS=6|C1,symmetry,best,6,C1,9,8056.0,8056.0,104260,334,1274,0,2.798,52,0.5,104000,berlin52,True,06f6700
symmetry(best tree)|NS=6|C1,symmetry,best,6,C1,10,8098.0,8098.0,104260,334,1274,0,2.839,52,0.5,104000,berlin52,True,06f6700
symmetry(best tree)|NS=6|C1,symmetry,best,6,C1,11,8384.0,8056.0,104260,334,2524,1,2.875,52,0.5,104000,berlin52,True,06f6700
symmetry(best tree)|NS=6|C1,symmetry,best,6,C1,12,8153.0,8130.0,104260,334,2483,1,2.761,52,0.5,104000,berlin52,True,06f6700
symmetry(best tree)|NS=6|C1,symmetry,best,6,C1,13,8045.0,8045.0,104260,334,1274,0,2.762,52,0.5,104000,berlin52,True,06f6700
symmetry(best tree)|NS=6|C1,symmetry,best,6,C1,14,8061.0,8061.0,104260,334,1274,0,2.742,52,0.5,104000,berlin52,True,06f6700
symmetry(best tree)|NS=6|C1,symmetry,best,6,C1,15,7992.0,7992.0,104260,334,1274,0,3.02,52,0.5,104000,berlin52,True,06f6700
symmetry(best tree)|NS=6|C1,symmetry,best,6,C1,16,8166.0,7991.0,104260,334,2027,2,2.818,52,0.5,104000,berlin52,True,06f6700
symmetry(best tree)|NS=6|C1,symmetry,best,6,C1,17,7914.0,7914.0,104260,334,1274,0,2.773,52,0.5,104000,berlin52,True,06f6700
symmetry(best tree)|NS=6|C1,symmetry,best,6,C1,18,8061.0,8061.0,104260,334,1274,0,2.793,52,0.5,104000,berlin52,True,06f6700
symmetry(best tree)|NS=6|C1,symmetry,best,6,C1,19,8056.0,8056.0,104260,334,1274,0,2.81,52,0.5,104000,berlin52,True,06f6700
symmetry(best tree)|NS=6|C1,symmetry,best,6,C1,20,8161.0,8113.0,104260,334,2249,1,2.863,52,0.5,104000,berlin52,True,06f6700
symmetry(best tree)|NS=6|C1,symmetry,best,6,C1,21,7977.0,7977.0,104260,334,1274,0,2.909,52,0.5,104000,berlin52,True,06f6700
symmetry(best tree)|NS=6|C1,symmetry,best,6,C1,22,7991.0,7991.0,104260,334,1274,0,2.824,52,0.5,104000,berlin52,True,06f6700
symmetry(best tree)|NS=6|C1,symmetry,best,6,C1,23,7904.0,7800.0,104260,334,2513,1,2.993,52,0.5,104000,berlin52,True,06f6700
symmetry(best tree)|NS=6|C1,symmetry,best,6,C1,24,7847.0,7800.0,104260,334,2528,1,2.579,52,0.5,104000,berlin52,True,06f6700
symmetry(best tree)|NS=6|C1,symmetry,best,6,C1,25,7977.0,7977.0,104260,334,1274,0,2.567,52,0.5,104000,berlin52,True,06f6700
symmetry(best tree)|NS=6|C1,symmetry,best,6,C1,26,8113.0,8113.0,104260,334,1274,0,2.533,52,0.5,104000,berlin52,True,06f6700
symmetry(best tree)|NS=6|C1,symmetry,best,6,C1,27,7977.0,7977.0,104260,334,1274,0,2.566,52,0.5,104000,berlin52,True,06f6700
symmetry(best tree)|NS=6|C1,symmetry,best,6,C1,28,7941.0,7941.0,104260,334,1274,0,2.544,52,0.5,104000,berlin52,True,06f6700
symmetry(best tree)|NS=6|C1,symmetry,best,6,C1,29,8099.0,8056.0,104260,334,1524,3,2.574,52,0.5,104000,berlin52,True,06f6700
symmetry(best tree)|NS=6|C2,symmetry,best,6,C2,0,7924.0,7924.0,104260,334,1274,0,4.538,52,0.5,104000,berlin52,True,06f6700
symmetry(best tree)|NS=6|C2,symmetry,best,6,C2,1,8113.0,8113.0,104260,334,1274,0,4.876,52,0.5,104000,berlin52,True,06f6700
symmetry(best tree)|NS=6|C2,symmetry,best,6,C2,2,8061.0,8061.0,104260,334,1274,0,4.566,52,0.5,104000,berlin52,True,06f6700
symmetry(best tree)|NS=6|C2,symmetry,best,6,C2,3,8056.0,8056.0,104260,334,1274,0,4.496,52,0.5,104000,berlin52,True,06f6700
symmetry(best tree)|NS=6|C2,symmetry,best,6,C2,4,8097.0,8097.0,104260,334,1274,0,4.608,52,0.5,104000,berlin52,True,06f6700
symmetry(best tree)|NS=6|C2,symmetry,best,6,C2,5,8263.0,8263.0,104260,334,1274,0,4.589,52,0.5,104000,berlin52,True,06f6700
symmetry(best tree)|NS=6|C2,symmetry,best,6,C2,6,7800.0,7800.0,104260,334,1274,0,4.551,52,0.5,104000,berlin52,True,06f6700
symmetry(best tree)|NS=6|C2,symmetry,best,6,C2,7,7991.0,7991.0,104260,334,1274,0,4.62,52,0.5,104000,berlin52,True,06f6700
symmetry(best tree)|NS=6|C2,symmetry,best,6,C2,8,7895.0,7895.0,104260,334,1274,0,4.567,52,0.5,104000,berlin52,True,06f6700
symmetry(best tree)|NS=6|C2,symmetry,best,6,C2,9,7991.0,7991.0,104260,334,1274,0,4.509,52,0.5,104000,berlin52,True,06f6700
symmetry(best tree)|NS=6|C2,symmetry,best,6,C2,10,8056.0,8056.0,104260,334,1274,0,4.618,52,0.5,104000,berlin52,True,06f6700
symmetry(best tree)|NS=6|C2,symmetry,best,6,C2,11,8051.0,8051.0,104260,334,1274,0,4.543,52,0.5,104000,berlin52,True,06f6700
symmetry(best tree)|NS=6|C2,symmetry,best,6,C2,12,8194.0,8194.0,104260,334,1274,0,4.532,52,0.5,104000,berlin52,True,06f6700
symmetry(best tree)|NS=6|C2,symmetry,best,6,C2,13,8056.0,8056.0,104260,334,1274,0,4.552,52,0.5,104000,berlin52,True,06f6700
symmetry(best tree)|NS=6|C2,symmetry,best,6,C2,14,8051.0,8051.0,104260,334,1274,0,4.66,52,0.5,104000,berlin52,True,06f6700
symmetry(best tree)|NS=6|C2,symmetry,best,6,C2,15,7914.0,7914.0,104260,334,1274,0,4.678,52,0.5,104000,berlin52,True,06f6700
symmetry(best tree)|NS=6|C2,symmetry,best,6,C2,16,8060.0,8060.0,104260,334,1274,0,4.702,52,0.5,104000,berlin52,True,06f6700
symmetry(best tree)|NS=6|C2,symmetry,best,6,C2,17,8012.0,8012.0,104260,334,1274,0,4.632,52,0.5,104000,berlin52,True,06f6700
symmetry(best tree)|NS=6|C2,symmetry,best,6,C2,18,8048.0,8048.0,104260,334,1274,0,4.702,52,0.5,104000,berlin52,True,06f6700
symmetry(best tree)|NS=6|C2,symmetry,best,6,C2,19,8056.0,8056.0,104260,334,1274,0,4.665,52,0.5,104000,berlin52,True,06f6700
symmetry(best tree)|NS=6|C2,symmetry,best,6,C2,20,8060.0,8060.0,104260,334,1274,0,4.705,52,0.5,104000,berlin52,True,06f6700
symmetry(best tree)|NS=6|C2,symmetry,best,6,C2,21,7951.0,7951.0,104260,334,1274,0,4.705,52,0.5,104000,berlin52,True,06f6700
symmetry(best tree)|NS=6|C2,symmetry,best,6,C2,22,8177.0,8177.0,104260,334,1274,0,4.658,52,0.5,104000,berlin52,True,06f6700
symmetry(best tree)|NS=6|C2,symmetry,best,6,C2,23,7800.0,7800.0,104260,334,1274,0,4.793,52,0.5,104000,berlin52,True,06f6700
symmetry(best tree)|NS=6|C2,symmetry,best,6,C2,24,7835.0,7835.0,104260,334,1274,0,4.214,52,0.5,104000,berlin52,True,06f6700
symmetry(best tree)|NS=6|C2,symmetry,best,6,C2,25,8051.0,8051.0,104260,334,1274,0,4.195,52,0.5,104000,berlin52,True,06f6700
symmetry(best tree)|NS=6|C2,symmetry,best,6,C2,26,8056.0,8056.0,104260,334,1274,0,4.208,52,0.5,104000,berlin52,True,06f6700
symmetry(best tree)|NS=6|C2,symmetry,best,6,C2,27,8026.0,8026.0,104260,334,1274,0,4.183,52,0.5,104000,berlin52,True,06f6700
symmetry(best tree)|NS=6|C2,symmetry,best,6,C2,28,8056.0,8056.0,104260,334,1274,0,4.172,52,0.5,104000,berlin52,True,06f6700
symmetry(best tree)|NS=6|C2,symmetry,best,6,C2,29,7986.0,7986.0,104260,334,1274,0,4.166,52,0.5,104000,berlin52,True,06f6700
symmetry(best tree)|NS=6|C3,symmetry,best,6,C3,0,8103.0,7991.0,104260,334,2197,1,3.005,52,0.5,104000,berlin52,True,06f6700
symmetry(best tree)|NS=6|C3,symmetry,best,6,C3,1,8122.0,7991.0,104260,334,1318,1,3.049,52,0.5,104000,berlin52,True,06f6700
symmetry(best tree)|NS=6|C3,symmetry,best,6,C3,2,8225.0,8113.0,104260,334,2197,1,2.852,52,0.5,104000,berlin52,True,06f6700
symmetry(best tree)|NS=6|C3,symmetry,best,6,C3,3,8225.0,8113.0,104260,334,2197,1,3.022,52,0.5,104000,berlin52,True,06f6700
symmetry(best tree)|NS=6|C3,symmetry,best,6,C3,4,8225.0,8113.0,104260,334,2197,1,2.946,52,0.5,104000,berlin52,True,06f6700
symmetry(best tree)|NS=6|C3,symmetry,best,6,C3,5,8168.0,8056.0,104260,334,2197,1,3.019,52,0.5,104000,berlin52,True,06f6700
symmetry(best tree)|NS=6|C3,symmetry,best,6,C3,6,8108.0,8108.0,104260,334,1274,0,2.98,52,0.5,104000,berlin52,True,06f6700
symmetry(best tree)|NS=6|C3,symmetry,best,6,C3,7,8182.0,8051.0,104260,334,1318,1,3.004,52,0.5,104000,berlin52,True,06f6700
symmetry(best tree)|NS=6|C3,symmetry,best,6,C3,8,8164.0,8024.0,104260,334,1345,1,2.868,52,0.5,104000,berlin52,True,06f6700
symmetry(best tree)|NS=6|C3,symmetry,best,6,C3,9,8173.0,8061.0,104260,334,2197,1,2.888,52,0.5,104000,berlin52,True,06f6700
symmetry(best tree)|NS=6|C3,symmetry,best,6,C3,10,8251.0,8120.0,104260,334,1318,1,2.836,52,0.5,104000,berlin52,True,06f6700
symmetry(best tree)|NS=6|C3,symmetry,best,6,C3,11,8187.0,8056.0,104260,334,1318,1,2.888,52,0.5,104000,berlin52,True,06f6700
symmetry(best tree)|NS=6|C3,symmetry,best,6,C3,12,8103.0,7991.0,104260,334,2197,1,2.938,52,0.5,104000,berlin52,True,06f6700
symmetry(best tree)|NS=6|C3,symmetry,best,6,C3,13,8034.0,8034.0,104260,334,1274,0,3.0,52,0.5,104000,berlin52,True,06f6700
symmetry(best tree)|NS=6|C3,symmetry,best,6,C3,14,8168.0,8056.0,104260,334,2197,1,2.834,52,0.5,104000,berlin52,True,06f6700
symmetry(best tree)|NS=6|C3,symmetry,best,6,C3,15,8103.0,7991.0,104260,334,2197,1,3.049,52,0.5,104000,berlin52,True,06f6700
symmetry(best tree)|NS=6|C3,symmetry,best,6,C3,16,8113.0,8113.0,104260,334,1274,0,2.9,52,0.5,104000,berlin52,True,06f6700
symmetry(best tree)|NS=6|C3,symmetry,best,6,C3,17,8151.0,8039.0,104260,334,2196,1,2.925,52,0.5,104000,berlin52,True,06f6700
symmetry(best tree)|NS=6|C3,symmetry,best,6,C3,18,8168.0,8056.0,104260,334,2197,1,2.873,52,0.5,104000,berlin52,True,06f6700
symmetry(best tree)|NS=6|C3,symmetry,best,6,C3,19,8168.0,8056.0,104260,334,2197,1,2.896,52,0.5,104000,berlin52,True,06f6700
symmetry(best tree)|NS=6|C3,symmetry,best,6,C3,20,8168.0,8056.0,104260,334,2197,1,2.873,52,0.5,104000,berlin52,True,06f6700
symmetry(best tree)|NS=6|C3,symmetry,best,6,C3,21,8168.0,8056.0,104260,334,2197,1,2.817,52,0.5,104000,berlin52,True,06f6700
symmetry(best tree)|NS=6|C3,symmetry,best,6,C3,22,8042.0,7902.0,104260,334,1345,1,2.865,52,0.5,104000,berlin52,True,06f6700
symmetry(best tree)|NS=6|C3,symmetry,best,6,C3,23,8225.0,8113.0,104260,334,2197,1,2.998,52,0.5,104000,berlin52,True,06f6700
symmetry(best tree)|NS=6|C3,symmetry,best,6,C3,24,8168.0,8056.0,104260,334,2197,1,2.633,52,0.5,104000,berlin52,True,06f6700
symmetry(best tree)|NS=6|C3,symmetry,best,6,C3,25,8103.0,7991.0,104260,334,2197,1,2.615,52,0.5,104000,berlin52,True,06f6700
symmetry(best tree)|NS=6|C3,symmetry,best,6,C3,26,8244.0,8113.0,104260,334,1318,1,2.608,52,0.5,104000,berlin52,True,06f6700
symmetry(best tree)|NS=6|C3,symmetry,best,6,C3,27,8264.0,8133.0,104260,334,1318,1,2.646,52,0.5,104000,berlin52,True,06f6700
symmetry(best tree)|NS=6|C3,symmetry,best,6,C3,28,8098.0,7986.0,104260,334,2197,1,2.651,52,0.5,104000,berlin52,True,06f6700
symmetry(best tree)|NS=6|C3,symmetry,best,6,C3,29,8244.0,8113.0,104260,334,1318,1,2.62,52,0.5,104000,berlin52,True,06f6700
symmetry(best tree)|NS=6|C4,symmetry,best,6,C4,0,8166.0,7991.0,104260,334,2201,1,1.498,52,0.5,104000,berlin52,True,06f6700
symmetry(best tree)|NS=6|C4,symmetry,best,6,C4,1,8166.0,7986.0,104260,334,3676,3,1.555,52,0.5,104000,berlin52,True,06f6700
symmetry(best tree)|NS=6|C4,symmetry,best,6,C4,2,8166.0,7991.0,104260,334,2542,1,1.455,52,0.5,104000,berlin52,True,06f6700
symmetry(best tree)|NS=6|C4,symmetry,best,6,C4,3,7986.0,7986.0,104260,334,1274,0,1.431,52,0.5,104000,berlin52,True,06f6700
symmetry(best tree)|NS=6|C4,symmetry,best,6,C4,4,8288.0,8113.0,104260,334,2542,1,1.431,52,0.5,104000,berlin52,True,06f6700
symmetry(best tree)|NS=6|C4,symmetry,best,6,C4,5,8108.0,8108.0,104260,334,1274,0,1.443,52,0.5,104000,berlin52,True,06f6700
symmetry(best tree)|NS=6|C4,symmetry,best,6,C4,6,8097.0,8097.0,104260,334,1274,0,1.427,52,0.5,104000,berlin52,True,06f6700
symmetry(best tree)|NS=6|C4,symmetry,best,6,C4,7,8288.0,8108.0,104260,334,3676,3,1.427,52,0.5,104000,berlin52,True,06f6700
symmetry(best tree)|NS=6|C4,symmetry,best,6,C4,8,8166.0,7986.0,104260,334,4022,3,1.442,52,0.5,104000,berlin52,True,06f6700
symmetry(best tree)|NS=6|C4,symmetry,best,6,C4,9,8166.0,7991.0,104260,334,2201,1,1.406,52,0.5,104000,berlin52,True,06f6700
symmetry(best tree)|NS=6|C4,symmetry,best,6,C4,10,8166.0,7986.0,104260,334,3676,3,1.52,52,0.5,104000,berlin52,True,06f6700
symmetry(best tree)|NS=6|C4,symmetry,best,6,C4,11,8097.0,8097.0,104260,334,1274,0,1.455,52,0.5,104000,berlin52,True,06f6700
symmetry(best tree)|NS=6|C4,symmetry,best,6,C4,12,7986.0,7986.0,104260,334,1274,0,1.45,52,0.5,104000,berlin52,True,06f6700
symmetry(best tree)|NS=6|C4,symmetry,best,6,C4,13,8288.0,8113.0,104260,334,2542,1,1.497,52,0.5,104000,berlin52,True,06f6700
symmetry(best tree)|NS=6|C4,symmetry,best,6,C4,14,8166.0,7986.0,104260,334,3676,3,1.435,52,0.5,104000,berlin52,True,06f6700
symmetry(best tree)|NS=6|C4,symmetry,best,6,C4,15,8166.0,7986.0,104260,334,3676,3,1.56,52,0.5,104000,berlin52,True,06f6700
symmetry(best tree)|NS=6|C4,symmetry,best,6,C4,16,8288.0,8108.0,104260,334,3676,3,1.402,52,0.5,104000,berlin52,True,06f6700
symmetry(best tree)|NS=6|C4,symmetry,best,6,C4,17,8033.0,8009.0,104260,334,2596,2,1.458,52,0.5,104000,berlin52,True,06f6700
symmetry(best tree)|NS=6|C4,symmetry,best,6,C4,18,8108.0,8108.0,104260,334,1274,0,1.441,52,0.5,104000,berlin52,True,06f6700
symmetry(best tree)|NS=6|C4,symmetry,best,6,C4,19,8166.0,7986.0,104260,334,3676,3,1.42,52,0.5,104000,berlin52,True,06f6700
symmetry(best tree)|NS=6|C4,symmetry,best,6,C4,20,8166.0,7991.0,104260,334,2542,1,1.45,52,0.5,104000,berlin52,True,06f6700
symmetry(best tree)|NS=6|C4,symmetry,best,6,C4,21,7986.0,7986.0,104260,334,1274,0,1.451,52,0.5,104000,berlin52,True,06f6700
symmetry(best tree)|NS=6|C4,symmetry,best,6,C4,22,8108.0,8108.0,104260,334,1274,0,1.438,52,0.5,104000,berlin52,True,06f6700
symmetry(best tree)|NS=6|C4,symmetry,best,6,C4,23,8108.0,8108.0,104260,334,1274,0,1.456,52,0.5,104000,berlin52,True,06f6700
symmetry(best tree)|NS=6|C4,symmetry,best,6,C4,24,8288.0,8108.0,104260,334,3676,3,1.326,52,0.5,104000,berlin52,True,06f6700
symmetry(best tree)|NS=6|C4,symmetry,best,6,C4,25,8288.0,8113.0,104260,334,2542,1,1.314,52,0.5,104000,berlin52,True,06f6700
symmetry(best tree)|NS=6|C4,symmetry,best,6,C4,26,8108.0,8108.0,104260,334,1274,0,1.296,52,0.5,104000,berlin52,True,06f6700
symmetry(best tree)|NS=6|C4,symmetry,best,6,C4,27,8166.0,7986.0,104260,334,3676,3,1.301,52,0.5,104000,berlin52,True,06f6700
symmetry(best tree)|NS=6|C4,symmetry,best,6,C4,28,8033.0,8009.0,104260,334,2596,2,1.304,52,0.5,104000,berlin52,True,06f6700
symmetry(best tree)|NS=6|C4,symmetry,best,6,C4,29,8288.0,8108.0,104260,334,3676,3,1.295,52,0.5,104000,berlin52,True,06f6700
symmetry(best tree)|NS=1|C1,symmetry,best,1,C1,0,8202.0,8202.0,104000,1999,1274,0,3.381,52,0.5,104000,berlin52,True,06f6700
symmetry(best tree)|NS=1|C1,symmetry,best,1,C1,1,8113.0,8113.0,104000,1999,1274,0,3.504,52,0.5,104000,berlin52,True,06f6700
symmetry(best tree)|NS=1|C1,symmetry,best,1,C1,2,7941.0,7941.0,104000,1999,1274,0,3.351,52,0.5,104000,berlin52,True,06f6700
symmetry(best tree)|NS=1|C1,symmetry,best,1,C1,3,8016.0,7940.0,104000,1999,2543,1,3.405,52,0.5,104000,berlin52,True,06f6700
symmetry(best tree)|NS=1|C1,symmetry,best,1,C1,4,8152.0,8152.0,104000,1999,1274,0,3.414,52,0.5,104000,berlin52,True,06f6700
symmetry(best tree)|NS=1|C1,symmetry,best,1,C1,5,8109.0,8089.0,104000,1999,1955,1,3.345,52,0.5,104000,berlin52,True,06f6700
symmetry(best tree)|NS=1|C1,symmetry,best,1,C1,6,8034.0,8034.0,104000,1999,1274,0,3.35,52,0.5,104000,berlin52,True,06f6700
symmetry(best tree)|NS=1|C1,symmetry,best,1,C1,7,8113.0,8113.0,104000,1999,1274,0,3.476,52,0.5,104000,berlin52,True,06f6700
symmetry(best tree)|NS=1|C1,symmetry,best,1,C1,8,8099.0,8094.0,104000,1999,2528,1,3.502,52,0.5,104000,berlin52,True,06f6700
symmetry(best tree)|NS=1|C1,symmetry,best,1,C1,9,8075.0,8014.0,104000,1999,2534,1,3.386,52,0.5,104000,berlin52,True,06f6700
symmetry(best tree)|NS=1|C1,symmetry,best,1,C1,10,8113.0,8113.0,104000,1999,1274,0,3.545,52,0.5,104000,berlin52,True,06f6700
symmetry(best tree)|NS=1|C1,symmetry,best,1,C1,11,7991.0,7991.0,104000,1999,1274,0,3.558,52,0.5,104000,berlin52,True,06f6700
symmetry(best tree)|NS=1|C1,symmetry,best,1,C1,12,7991.0,7991.0,104000,1999,1274,0,3.426,52,0.5,104000,berlin52,True,06f6700
symmetry(best tree)|NS=1|C1,symmetry,best,1,C1,13,8056.0,8056.0,104000,1999,1274,0,3.409,52,0.5,104000,berlin52,True,06f6700
symmetry(best tree)|NS=1|C1,symmetry,best,1,C1,14,8143.0,8143.0,104000,1999,1274,0,3.457,52,0.5,104000,berlin52,True,06f6700
symmetry(best tree)|NS=1|C1,symmetry,best,1,C1,15,8113.0,8113.0,104000,1999,1274,0,3.597,52,0.5,104000,berlin52,True,06f6700
symmetry(best tree)|NS=1|C1,symmetry,best,1,C1,16,7987.0,7868.0,104000,1999,3859,3,3.463,52,0.5,104000,berlin52,True,06f6700
symmetry(best tree)|NS=1|C1,symmetry,best,1,C1,17,7800.0,7800.0,104000,1999,1274,0,3.361,52,0.5,104000,berlin52,True,06f6700
symmetry(best tree)|NS=1|C1,symmetry,best,1,C1,18,7749.0,7749.0,104000,1999,1274,0,3.368,52,0.5,104000,berlin52,True,06f6700
symmetry(best tree)|NS=1|C1,symmetry,best,1,C1,19,8070.0,8056.0,104000,1999,3179,2,3.375,52,0.5,104000,berlin52,True,06f6700
symmetry(best tree)|NS=1|C1,symmetry,best,1,C1,20,8266.0,8160.0,104000,1999,1324,1,3.333,52,0.5,104000,berlin52,True,06f6700
symmetry(best tree)|NS=1|C1,symmetry,best,1,C1,21,7844.0,7844.0,104000,1999,1274,0,3.431,52,0.5,104000,berlin52,True,06f6700
symmetry(best tree)|NS=1|C1,symmetry,best,1,C1,22,7991.0,7967.0,104000,1999,2084,1,3.38,52,0.5,104000,berlin52,True,06f6700
symmetry(best tree)|NS=1|C1,symmetry,best,1,C1,23,8149.0,8051.0,104000,1999,1765,3,3.432,52,0.5,104000,berlin52,True,06f6700
symmetry(best tree)|NS=1|C1,symmetry,best,1,C1,24,8258.0,8258.0,104000,1999,1274,0,3.083,52,0.5,104000,berlin52,True,06f6700
symmetry(best tree)|NS=1|C1,symmetry,best,1,C1,25,7950.0,7950.0,104000,1999,1274,0,3.091,52,0.5,104000,berlin52,True,06f6700
symmetry(best tree)|NS=1|C1,symmetry,best,1,C1,26,8061.0,8061.0,104000,1999,1274,0,3.098,52,0.5,104000,berlin52,True,06f6700
symmetry(best tree)|NS=1|C1,symmetry,best,1,C1,27,8039.0,7992.0,104000,1999,2359,1,3.123,52,0.5,104000,berlin52,True,06f6700
symmetry(best tree)|NS=1|C1,symmetry,best,1,C1,28,8161.0,8113.0,104000,1999,2249,1,3.107,52,0.5,104000,berlin52,True,06f6700
symmetry(best tree)|NS=1|C1,symmetry,best,1,C1,29,7749.0,7749.0,104000,1999,1274,0,3.084,52,0.5,104000,berlin52,True,06f6700
symmetry(best tree)|NS=1|C2,symmetry,best,1,C2,0,7972.0,7972.0,104000,1999,1274,0,5.291,52,0.5,104000,berlin52,True,06f6700
symmetry(best tree)|NS=1|C2,symmetry,best,1,C2,1,8056.0,8056.0,104000,1999,1274,0,5.574,52,0.5,104000,berlin52,True,06f6700
symmetry(best tree)|NS=1|C2,symmetry,best,1,C2,2,8064.0,8064.0,104000,1999,1274,0,5.183,52,0.5,104000,berlin52,True,06f6700
symmetry(best tree)|NS=1|C2,symmetry,best,1,C2,3,8066.0,8066.0,104000,1999,1274,0,5.288,52,0.5,104000,berlin52,True,06f6700
symmetry(best tree)|NS=1|C2,symmetry,best,1,C2,4,8113.0,8113.0,104000,1999,1274,0,5.288,52,0.5,104000,berlin52,True,06f6700
symmetry(best tree)|NS=1|C2,symmetry,best,1,C2,5,8160.0,8160.0,104000,1999,1274,0,5.386,52,0.5,104000,berlin52,True,06f6700
symmetry(best tree)|NS=1|C2,symmetry,best,1,C2,6,8160.0,8160.0,104000,1999,1274,0,5.378,52,0.5,104000,berlin52,True,06f6700
symmetry(best tree)|NS=1|C2,symmetry,best,1,C2,7,7889.0,7889.0,104000,1999,1274,0,5.283,52,0.5,104000,berlin52,True,06f6700
symmetry(best tree)|NS=1|C2,symmetry,best,1,C2,8,7886.0,7886.0,104000,1999,1274,0,5.283,52,0.5,104000,berlin52,True,06f6700
symmetry(best tree)|NS=1|C2,symmetry,best,1,C2,9,8061.0,8061.0,104000,1999,1274,0,5.203,52,0.5,104000,berlin52,True,06f6700
symmetry(best tree)|NS=1|C2,symmetry,best,1,C2,10,8004.0,8004.0,104000,1999,1274,0,5.368,52,0.5,104000,berlin52,True,06f6700
symmetry(best tree)|NS=1|C2,symmetry,best,1,C2,11,7967.0,7967.0,104000,1999,1274,0,5.156,52,0.5,104000,berlin52,True,06f6700
symmetry(best tree)|NS=1|C2,symmetry,best,1,C2,12,8051.0,8051.0,104000,1999,1274,0,5.306,52,0.5,104000,berlin52,True,06f6700
symmetry(best tree)|NS=1|C2,symmetry,best,1,C2,13,8125.0,8125.0,104000,1999,1274,0,5.325,52,0.5,104000,berlin52,True,06f6700
symmetry(best tree)|NS=1|C2,symmetry,best,1,C2,14,7991.0,7991.0,104000,1999,1274,0,5.295,52,0.5,104000,berlin52,True,06f6700
symmetry(best tree)|NS=1|C2,symmetry,best,1,C2,15,8056.0,8056.0,104000,1999,1274,0,5.5,52,0.5,104000,berlin52,True,06f6700
symmetry(best tree)|NS=1|C2,symmetry,best,1,C2,16,7991.0,7991.0,104000,1999,1274,0,5.671,52,0.5,104000,berlin52,True,06f6700
symmetry(best tree)|NS=1|C2,symmetry,best,1,C2,17,8056.0,8056.0,104000,1999,1274,0,5.58,52,0.5,104000,berlin52,True,06f6700
symmetry(best tree)|NS=1|C2,symmetry,best,1,C2,18,8103.0,8103.0,104000,1999,1274,0,5.649,52,0.5,104000,berlin52,True,06f6700
symmetry(best tree)|NS=1|C2,symmetry,best,1,C2,19,8102.0,8102.0,104000,1999,1274,0,5.511,52,0.5,104000,berlin52,True,06f6700
symmetry(best tree)|NS=1|C2,symmetry,best,1,C2,20,8220.0,8220.0,104000,1999,1274,0,5.473,52,0.5,104000,berlin52,True,06f6700
symmetry(best tree)|NS=1|C2,symmetry,best,1,C2,21,7872.0,7872.0,104000,1999,1274,0,5.556,52,0.5,104000,berlin52,True,06f6700
symmetry(best tree)|NS=1|C2,symmetry,best,1,C2,22,7972.0,7972.0,104000,1999,1274,0,5.538,52,0.5,104000,berlin52,True,06f6700
symmetry(best tree)|NS=1|C2,symmetry,best,1,C2,23,8056.0,8056.0,104000,1999,1274,0,5.593,52,0.5,104000,berlin52,True,06f6700
symmetry(best tree)|NS=1|C2,symmetry,best,1,C2,24,8155.0,8155.0,104000,1999,1274,0,4.837,52,0.5,104000,berlin52,True,06f6700
symmetry(best tree)|NS=1|C2,symmetry,best,1,C2,25,8182.0,8182.0,104000,1999,1274,0,4.819,52,0.5,104000,berlin52,True,06f6700
symmetry(best tree)|NS=1|C2,symmetry,best,1,C2,26,8002.0,7991.0,104000,1999,2396,1,4.826,52,0.5,104000,berlin52,True,06f6700
symmetry(best tree)|NS=1|C2,symmetry,best,1,C2,27,8298.0,8298.0,104000,1999,1274,0,4.821,52,0.5,104000,berlin52,True,06f6700
symmetry(best tree)|NS=1|C2,symmetry,best,1,C2,28,8103.0,8103.0,104000,1999,1274,0,4.783,52,0.5,104000,berlin52,True,06f6700
symmetry(best tree)|NS=1|C2,symmetry,best,1,C2,29,7961.0,7961.0,104000,1999,1274,0,4.799,52,0.5,104000,berlin52,True,06f6700
symmetry(best tree)|NS=1|C3,symmetry,best,1,C3,0,8173.0,8061.0,104000,1999,2197,1,3.613,52,0.5,104000,berlin52,True,06f6700
symmetry(best tree)|NS=1|C3,symmetry,best,1,C3,1,8168.0,8056.0,104000,1999,2197,1,3.642,52,0.5,104000,berlin52,True,06f6700
symmetry(best tree)|NS=1|C3,symmetry,best,1,C3,2,8068.0,8068.0,104000,1999,1274,0,3.567,52,0.5,104000,berlin52,True,06f6700
symmetry(best tree)|NS=1|C3,symmetry,best,1,C3,3,8147.0,8045.0,104000,1999,2261,2,3.696,52,0.5,104000,berlin52,True,06f6700
symmetry(best tree)|NS=1|C3,symmetry,best,1,C3,4,8147.0,8045.0,104000,1999,2261,2,3.421,52,0.5,104000,berlin52,True,06f6700
symmetry(best tree)|NS=1|C3,symmetry,best,1,C3,5,8168.0,8056.0,104000,1999,2197,1,3.435,52,0.5,104000,berlin52,True,06f6700
symmetry(best tree)|NS=1|C3,symmetry,best,1,C3,6,8225.0,8113.0,104000,1999,2197,1,3.625,52,0.5,104000,berlin52,True,06f6700
symmetry(best tree)|NS=1|C3,symmetry,best,1,C3,7,8168.0,8056.0,104000,1999,2197,1,3.565,52,0.5,104000,berlin52,True,06f6700
symmetry(best tree)|NS=1|C3,symmetry,best,1,C3,8,8103.0,7991.0,104000,1999,2197,1,3.833,52,0.5,104000,berlin52,True,06f6700
symmetry(best tree)|NS=1|C3,symmetry,best,1,C3,9,8208.0,8096.0,104000,1999,2196,1,3.692,52,0.5,104000,berlin52,True,06f6700
symmetry(best tree)|NS=1|C3,symmetry,best,1,C3,10,8208.0,8096.0,104000,1999,2196,1,3.636,52,0.5,104000,berlin52,True,06f6700
symmetry(best tree)|NS=1|C3,symmetry,best,1,C3,11,8187.0,8056.0,104000,1999,1318,1,3.764,52,0.5,104000,berlin52,True,06f6700
symmetry(best tree)|NS=1|C3,symmetry,best,1,C3,12,8122.0,7991.0,104000,1999,1318,1,3.673,52,0.5,104000,berlin52,True,06f6700
symmetry(best tree)|NS=1|C3,symmetry,best,1,C3,13,8173.0,8061.0,104000,1999,2197,1,3.766,52,0.5,104000,berlin52,True,06f6700
symmetry(best tree)|NS=1|C3,symmetry,best,1,C3,14,8220.0,8108.0,104000,1999,2197,1,3.872,52,0.5,104000,berlin52,True,06f6700
symmetry(best tree)|NS=1|C3,symmetry,best,1,C3,15,8225.0,8113.0,104000,1999,2197,1,3.8,52,0.5,104000,berlin52,True,06f6700
symmetry(best tree)|NS=1|C3,symmetry,best,1,C3,16,8220.0,8108.0,104000,1999,2197,1,3.736,52,0.5,104000,berlin52,True,06f6700
symmetry(best tree)|NS=1|C3,symmetry,best,1,C3,17,8112.0,7972.0,104000,1999,1345,1,3.648,52,0.5,104000,berlin52,True,06f6700
symmetry(best tree)|NS=1|C3,symmetry,best,1,C3,18,8155.0,8024.0,104000,1999,1318,1,3.619,52,0.5,104000,berlin52,True,06f6700
symmetry(best tree)|NS=1|C3,symmetry,best,1,C3,19,8173.0,8061.0,104000,1999,2197,1,3.592,52,0.5,104000,berlin52,True,06f6700
symmetry(best tree)|NS=1|C3,symmetry,best,1,C3,20,8056.0,8056.0,104000,1999,1274,0,3.572,52,0.5,104000,berlin52,True,06f6700
symmetry(best tree)|NS=1|C3,symmetry,best,1,C3,21,8146.0,8146.0,104000,1999,1274,0,3.705,52,0.5,104000,berlin52,True,06f6700
symmetry(best tree)|NS=1|C3,symmetry,best,1,C3,22,8168.0,8056.0,104000,1999,2197,1,3.6,52,0.5,104000,berlin52,True,06f6700
symmetry(best tree)|NS=1|C3,symmetry,best,1,C3,23,8173.0,8061.0,104000,1999,2197,1,3.693,52,0.5,104000,berlin52,True,06f6700
symmetry(best tree)|NS=1|C3,symmetry,best,1,C3,24,8086.0,7974.0,104000,1999,2196,1,3.108,52,0.5,104000,berlin52,True,06f6700
symmetry(best tree)|NS=1|C3,symmetry,best,1,C3,25,8151.0,8039.0,104000,1999,2196,1,3.089,52,0.5,104000,berlin52,True,06f6700
symmetry(best tree)|NS=1|C3,symmetry,best,1,C3,26,8244.0,8113.0,104000,1999,1318,1,3.125,52,0.5,104000,berlin52,True,06f6700
symmetry(best tree)|NS=1|C3,symmetry,best,1,C3,27,8182.0,8051.0,104000,1999,1318,1,3.111,52,0.5,104000,berlin52,True,06f6700
symmetry(best tree)|NS=1|C3,symmetry,best,1,C3,28,8182.0,8051.0,104000,1999,1318,1,3.111,52,0.5,104000,berlin52,True,06f6700
symmetry(best tree)|NS=1|C3,symmetry,best,1,C3,29,8187.0,8056.0,104000,1999,1318,1,3.058,52,0.5,104000,berlin52,True,06f6700
symmetry(best tree)|NS=1|C4,symmetry,best,1,C4,0,8288.0,8108.0,104000,1999,4022,3,2.102,52,0.5,104000,berlin52,True,06f6700
symmetry(best tree)|NS=1|C4,symmetry,best,1,C4,1,8166.0,7986.0,104000,1999,3676,3,2.051,52,0.5,104000,berlin52,True,06f6700
symmetry(best tree)|NS=1|C4,symmetry,best,1,C4,2,8219.0,8219.0,104000,1999,1274,0,2.029,52,0.5,104000,berlin52,True,06f6700
symmetry(best tree)|NS=1|C4,symmetry,best,1,C4,3,8288.0,8108.0,104000,1999,3676,3,2.05,52,0.5,104000,berlin52,True,06f6700
symmetry(best tree)|NS=1|C4,symmetry,best,1,C4,4,8192.0,7886.0,104000,1999,3772,4,1.961,52,0.5,104000,berlin52,True,06f6700
symmetry(best tree)|NS=1|C4,symmetry,best,1,C4,5,8288.0,8113.0,104000,1999,2542,1,1.998,52,0.5,104000,berlin52,True,06f6700
symmetry(best tree)|NS=1|C4,symmetry,best,1,C4,6,8194.0,8170.0,104000,1999,2596,2,2.099,52,0.5,104000,berlin52,True,06f6700
symmetry(best tree)|NS=1|C4,symmetry,best,1,C4,7,8097.0,8097.0,104000,1999,1274,0,2.073,52,0.5,104000,berlin52,True,06f6700
symmetry(best tree)|NS=1|C4,symmetry,best,1,C4,8,8219.0,8219.0,104000,1999,1274,0,1.978,52,0.5,104000,berlin52,True,06f6700
symmetry(best tree)|NS=1|C4,symmetry,best,1,C4,9,8108.0,8108.0,104000,1999,1274,0,2.004,52,0.5,104000,berlin52,True,06f6700
symmetry(best tree)|NS=1|C4,symmetry,best,1,C4,10,8108.0,8108.0,104000,1999,1274,0,2.006,52,0.5,104000,berlin52,True,06f6700
symmetry(best tree)|NS=1|C4,symmetry,best,1,C4,11,8219.0,8219.0,104000,1999,1274,0,1.973,52,0.5,104000,berlin52,True,06f6700
symmetry(best tree)|NS=1|C4,symmetry,best,1,C4,12,8258.0,8096.0,104000,1999,2743,4,2.052,52,0.5,104000,berlin52,True,06f6700
symmetry(best tree)|NS=1|C4,symmetry,best,1,C4,13,8258.0,8258.0,104000,1999,1274,0,2.058,52,0.5,104000,berlin52,True,06f6700
symmetry(best tree)|NS=1|C4,symmetry,best,1,C4,14,8166.0,7986.0,104000,1999,3676,3,1.928,52,0.5,104000,berlin52,True,06f6700
symmetry(best tree)|NS=1|C4,symmetry,best,1,C4,15,8147.0,8147.0,104000,1999,1274,0,2.074,52,0.5,104000,berlin52,True,06f6700
symmetry(best tree)|NS=1|C4,symmetry,best,1,C4,16,8166.0,8166.0,104000,1999,1274,0,1.967,52,0.5,104000,berlin52,True,06f6700
symmetry(best tree)|NS=1|C4,symmetry,best,1,C4,17,8033.0,8009.0,104000,1999,3656,2,2.073,52,0.5,104000,berlin52,True,06f6700
symmetry(best tree)|NS=1|C4,symmetry,best,1,C4,18,8288.0,8108.0,104000,1999,3676,3,1.924,52,0.5,104000,berlin52,True,06f6700
symmetry(best tree)|NS=1|C4,symmetry,best,1,C4,19,8288.0,8108.0,104000,1999,3676,3,1.974,52,0.5,104000,berlin52,True,06f6700
symmetry(best tree)|NS=1|C4,symmetry,best,1,C4,20,8288.0,8113.0,104000,1999,2542,1,1.986,52,0.5,104000,berlin52,True,06f6700
symmetry(best tree)|NS=1|C4,symmetry,best,1,C4,21,8259.0,8147.0,104000,1999,5325,4,1.999,52,0.5,104000,berlin52,True,06f6700
symmetry(best tree)|NS=1|C4,symmetry,best,1,C4,22,8288.0,8113.0,104000,1999,2542,1,1.965,52,0.5,104000,berlin52,True,06f6700
symmetry(best tree)|NS=1|C4,symmetry,best,1,C4,23,8166.0,7986.0,104000,1999,3676,3,1.954,52,0.5,104000,berlin52,True,06f6700
symmetry(best tree)|NS=1|C4,symmetry,best,1,C4,24,8288.0,8108.0,104000,1999,3676,3,1.763,52,0.5,104000,berlin52,True,06f6700
symmetry(best tree)|NS=1|C4,symmetry,best,1,C4,25,7986.0,7986.0,104000,1999,1274,0,1.758,52,0.5,104000,berlin52,True,06f6700
symmetry(best tree)|NS=1|C4,symmetry,best,1,C4,26,8147.0,8147.0,104000,1999,1274,0,1.773,52,0.5,104000,berlin52,True,06f6700
symmetry(best tree)|NS=1|C4,symmetry,best,1,C4,27,8155.0,8131.0,104000,1999,3656,2,1.761,52,0.5,104000,berlin52,True,06f6700
symmetry(best tree)|NS=1|C4,symmetry,best,1,C4,28,8108.0,8108.0,104000,1999,1274,0,1.77,52,0.5,104000,berlin52,True,06f6700
symmetry(best tree)|NS=1|C4,symmetry,best,1,C4,29,8288.0,8108.0,104000,1999,3676,3,1.745,52,0.5,104000,berlin52,True,06f6700
