instance,n,m,D,algorithm,seed,cmax,fes_used,max_fes,iters,wall_s,st_sense,operator_space,branch_granularity,strict_fe_cap,N,ST,L,U,dmin,dmax,git_sha,timestamp,fe_per_seed,n_seeds,branch_A_swap,branch_B_sym_shift,branch_C_eq3,branch_D_eq4,branch_E_eq_perdim,config,n_setting,sampler,pre_local_search_cmax,local_search_evals,local_search_moves,seeded_with_mwkr
ta01,15,15,225,DTSA,0,1382,225160,225000,938,4.523,,,,,40,0.5,6,6,-5.0,5.0,dcdfb68,2026-07-23T20:27:25,1.0,225120,,,,,,DTSA-core,N=40,C1,1382,0,0,True
ta01,15,15,225,DTSA,0,1382,225160,225000,938,4.523,,,,,40,0.5,6,6,-5.0,5.0,dcdfb68,2026-07-23T20:27:25,1.0,225120,,,,,,DTSA+LS,N=40,C1,1382,5,0,True
ta01,15,15,225,DTSA,1,1369,225160,225000,938,4.385,,,,,40,0.5,6,6,-5.0,5.0,dcdfb68,2026-07-23T20:27:25,1.0,225120,,,,,,DTSA-core,N=40,C1,1369,0,0,True
ta01,15,15,225,DTSA,1,1369,225160,225000,938,4.385,,,,,40,0.5,6,6,-5.0,5.0,dcdfb68,2026-07-23T20:27:25,1.0,225120,,,,,,DTSA+LS,N=40,C1,1369,3,0,True
ta01,15,15,225,DTSA,2,1452,225160,225000,938,4.16,,,,,40,0.5,6,6,-5.0,5.0,dcdfb68,2026-07-23T20:27:25,1.0,225120,,,,,,DTSA-core,N=40,C1,1452,0,0,True
ta01,15,15,225,DTSA,2,1452,225160,225000,938,4.16,,,,,40,0.5,6,6,-5.0,5.0,dcdfb68,2026-07-23T20:27:25,1.0,225120,,,,,,DTSA+LS,N=40,C1,1452,5,0,True
ta01,15,15,225,DTSA,3,1374,225160,225000,938,4.499,,,,,40,0.5,6,6,-5.0,5.0,dcdfb68,2026-07-23T20:27:25,1.0,225120,,,,,,DTSA-core,N=40,C1,1374,0,0,True
ta01,15,15,225,DTSA,3,1374,225160,225000,938,4.499,,,,,40,0.5,6,6,-5.0,5.0,dcdfb68,2026-07-23T20:27:25,1.0,225120,,,,,,DTSA+LS,N=40,C1,1374,4,0,True
ta01,15,15,225,DTSA,4,1394,225160,225000,938,4.453,,,,,40,0.5,6,6,-5.0,5.0,dcdfb68,2026-07-23T20:27:25,1.0,225120,,,,,,DTSA-core,N=40,C1,1394,0,0,True
ta01,15,15,225,DTSA,4,1394,225160,225000,938,4.453,,,,,40,0.5,6,6,-5.0,5.0,dcdfb68,2026-07-23T20:27:25,1.0,225120,,,,,,DTSA+LS,N=40,C1,1394,8,0,True
ta01,15,15,225,DTSA,5,1419,225160,225000,938,4.47,,,,,40,0.5,6,6,-5.0,5.0,dcdfb68,2026-07-23T20:27:25,1.0,225120,,,,,,DTSA-core,N=40,C1,1419,0,0,True
ta01,15,15,225,DTSA,5,1419,225160,225000,938,4.47,,,,,40,0.5,6,6,-5.0,5.0,dcdfb68,2026-07-23T20:27:25,1.0,225120,,,,,,DTSA+LS,N=40,C1,1419,7,0,True
ta01,15,15,225,DTSA,6,1424,225160,225000,938,4.181,,,,,40,0.5,6,6,-5.0,5.0,dcdfb68,2026-07-23T20:27:25,1.0,225120,,,,,,DTSA-core,N=40,C1,1424,0,0,True
ta01,15,15,225,DTSA,6,1424,225160,225000,938,4.181,,,,,40,0.5,6,6,-5.0,5.0,dcdfb68,2026-07-23T20:27:25,1.0,225120,,,,,,DTSA+LS,N=40,C1,1424,3,0,True
ta01,15,15,225,DTSA,7,1425,225160,225000,938,4.211,,,,,40,0.5,6,6,-5.0,5.0,dcdfb68,2026-07-23T20:27:25,1.0,225120,,,,,,DTSA-core,N=40,C1,1425,0,0,True
ta01,15,15,225,DTSA,7,1425,225160,225000,938,4.211,,,,,40,0.5,6,6,-5.0,5.0,dcdfb68,2026-07-23T20:27:25,1.0,225120,,,,,,DTSA+LS,N=40,C1,1425,6,0,True
ta01,15,15,225,DTSA,8,1464,225160,225000,938,3.98,,,,,40,0.5,6,6,-5.0,5.0,dcdfb68,2026-07-23T20:27:29,1.0,225120,,,,,,DTSA-core,N=40,C1,1464,0,0,True
ta01,15,15,225,DTSA,8,1464,225160,225000,938,3.98,,,,,40,0.5,6,6,-5.0,5.0,dcdfb68,2026-07-23T20:27:29,1.0,225120,,,,,,DTSA+LS,N=40,C1,1464,4,0,True
ta01,15,15,225,DTSA,9,1431,225160,225000,938,4.156,,,,,40,0.5,6,6,-5.0,5.0,dcdfb68,2026-07-23T20:27:29,1.0,225120,,,,,,DTSA-core,N=40,C1,1431,0,0,True
ta01,15,15,225,DTSA,9,1431,225160,225000,938,4.156,,,,,40,0.5,6,6,-5.0,5.0,dcdfb68,2026-07-23T20:27:29,1.0,225120,,,,,,DTSA+LS,N=40,C1,1431,4,0,True
ta01,15,15,225,DTSA,10,1392,225160,225000,938,4.078,,,,,40,0.5,6,6,-5.0,5.0,dcdfb68,2026-07-23T20:27:29,1.0,225120,,,,,,DTSA-core,N=40,C1,1392,0,0,True
ta01,15,15,225,DTSA,10,1392,225160,225000,938,4.078,,,,,40,0.5,6,6,-5.0,5.0,dcdfb68,2026-07-23T20:27:29,1.0,225120,,,,,,DTSA+LS,N=40,C1,1392,5,0,True
ta01,15,15,225,DTSA,11,1367,225160,225000,938,3.982,,,,,40,0.5,6,6,-5.0,5.0,dcdfb68,2026-07-23T20:27:29,1.0,225120,,,,,,DTSA-core,N=40,C1,1367,0,0,True
ta01,15,15,225,DTSA,11,1367,225160,225000,938,3.982,,,,,40,0.5,6,6,-5.0,5.0,dcdfb68,2026-07-23T20:27:29,1.0,225120,,,,,,DTSA+LS,N=40,C1,1367,5,0,True
ta01,15,15,225,DTSA,12,1404,225160,225000,938,4.116,,,,,40,0.5,6,6,-5.0,5.0,dcdfb68,2026-07-23T20:27:29,1.0,225120,,,,,,DTSA-core,N=40,C1,1404,0,0,True
ta01,15,15,225,DTSA,12,1404,225160,225000,938,4.116,,,,,40,0.5,6,6,-5.0,5.0,dcdfb68,2026-07-23T20:27:29,1.0,225120,,,,,,DTSA+LS,N=40,C1,1404,6,0,True
ta01,15,15,225,DTSA,13,1424,225160,225000,938,4.069,,,,,40,0.5,6,6,-5.0,5.0,dcdfb68,2026-07-23T20:27:29,1.0,225120,,,,,,DTSA-core,N=40,C1,1424,0,0,True
ta01,15,15,225,DTSA,13,1424,225160,225000,938,4.069,,,,,40,0.5,6,6,-5.0,5.0,dcdfb68,2026-07-23T20:27:29,1.0,225120,,,,,,DTSA+LS,N=40,C1,1424,5,0,True
ta01,15,15,225,DTSA,14,1424,225160,225000,938,4.18,,,,,40,0.5,6,6,-5.0,5.0,dcdfb68,2026-07-23T20:27:29,1.0,225120,,,,,,DTSA-core,N=40,C1,1424,0,0,True
ta01,15,15,225,DTSA,14,1424,225160,225000,938,4.18,,,,,40,0.5,6,6,-5.0,5.0,dcdfb68,2026-07-23T20:27:29,1.0,225120,,,,,,DTSA+LS,N=40,C1,1424,3,0,True
ta01,15,15,225,DTSA,15,1402,225160,225000,938,4.224,,,,,40,0.5,6,6,-5.0,5.0,dcdfb68,2026-07-23T20:27:29,1.0,225120,,,,,,DTSA-core,N=40,C1,1402,0,0,True
ta01,15,15,225,DTSA,15,1402,225160,225000,938,4.224,,,,,40,0.5,6,6,-5.0,5.0,dcdfb68,2026-07-23T20:27:29,1.0,225120,,,,,,DTSA+LS,N=40,C1,1402,8,0,True
ta01,15,15,225,DTSA,16,1393,225160,225000,938,3.883,,,,,40,0.5,6,6,-5.0,5.0,dcdfb68,2026-07-23T20:27:33,1.0,225120,,,,,,DTSA-core,N=40,C1,1393,0,0,True
ta01,15,15,225,DTSA,16,1393,225160,225000,938,3.883,,,,,40,0.5,6,6,-5.0,5.0,dcdfb68,2026-07-23T20:27:33,1.0,225120,,,,,,DTSA+LS,N=40,C1,1393,8,0,True
ta01,15,15,225,DTSA,17,1423,225160,225000,938,3.924,,,,,40,0.5,6,6,-5.0,5.0,dcdfb68,2026-07-23T20:27:33,1.0,225120,,,,,,DTSA-core,N=40,C1,1423,0,0,True
ta01,15,15,225,DTSA,17,1423,225160,225000,938,3.924,,,,,40,0.5,6,6,-5.0,5.0,dcdfb68,2026-07-23T20:27:33,1.0,225120,,,,,,DTSA+LS,N=40,C1,1423,9,0,True
ta01,15,15,225,DTSA,18,1397,225160,225000,938,3.857,,,,,40,0.5,6,6,-5.0,5.0,dcdfb68,2026-07-23T20:27:33,1.0,225120,,,,,,DTSA-core,N=40,C1,1397,0,0,True
ta01,15,15,225,DTSA,18,1397,225160,225000,938,3.857,,,,,40,0.5,6,6,-5.0,5.0,dcdfb68,2026-07-23T20:27:33,1.0,225120,,,,,,DTSA+LS,N=40,C1,1397,6,0,True
ta01,15,15,225,DTSA,19,1423,225160,225000,938,3.83,,,,,40,0.5,6,6,-5.0,5.0,dcdfb68,2026-07-23T20:27:33,1.0,225120,,,,,,DTSA-core,N=40,C1,1423,0,0,True
ta01,15,15,225,DTSA,19,1423,225160,225000,938,3.83,,,,,40,0.5,6,6,-5.0,5.0,dcdfb68,2026-07-23T20:27:33,1.0,225120,,,,,,DTSA+LS,N=40,C1,1423,5,0,True
ta02,15,15,225,DTSA,0,1409,225160,225000,938,4.278,,,,,40,0.5,6,6,-5.0,5.0,dcdfb68,2026-07-23T20:27:37,1.0,225120,,,,,,DTSA-core,N=40,C1,1409,0,0,True
ta02,15,15,225,DTSA,0,1409,225160,225000,938,4.278,,,,,40,0.5,6,6,-5.0,5.0,dcdfb68,2026-07-23T20:27:37,1.0,225120,,,,,,DTSA+LS,N=40,C1,1409,7,0,True
ta02,15,15,225,DTSA,1,1410,225160,225000,938,4.406,,,,,40,0.5,6,6,-5.0,5.0,dcdfb68,2026-07-23T20:27:37,1.0,225120,,,,,,DTSA-core,N=40,C1,1410,0,0,True
ta02,15,15,225,DTSA,1,1410,225160,225000,938,4.406,,,,,40,0.5,6,6,-5.0,5.0,dcdfb68,2026-07-23T20:27:37,1.0,225120,,,,,,DTSA+LS,N=40,C1,1410,8,0,True
ta02,15,15,225,DTSA,2,1356,225160,225000,938,4.25,,,,,40,0.5,6,6,-5.0,5.0,dcdfb68,2026-07-23T20:27:37,1.0,225120,,,,,,DTSA-core,N=40,C1,1356,0,0,True
ta02,15,15,225,DTSA,2,1356,225160,225000,938,4.25,,,,,40,0.5,6,6,-5.0,5.0,dcdfb68,2026-07-23T20:27:37,1.0,225120,,,,,,DTSA+LS,N=40,C1,1356,6,0,True
ta02,15,15,225,DTSA,3,1497,225160,225000,938,4.401,,,,,40,0.5,6,6,-5.0,5.0,dcdfb68,2026-07-23T20:27:37,1.0,225120,,,,,,DTSA-core,N=40,C1,1497,0,0,True
ta02,15,15,225,DTSA,3,1497,225160,225000,938,4.401,,,,,40,0.5,6,6,-5.0,5.0,dcdfb68,2026-07-23T20:27:37,1.0,225120,,,,,,DTSA+LS,N=40,C1,1497,6,0,True
ta02,15,15,225,DTSA,4,1401,225160,225000,938,4.249,,,,,40,0.5,6,6,-5.0,5.0,dcdfb68,2026-07-23T20:27:37,1.0,225120,,,,,,DTSA-core,N=40,C1,1401,0,0,True
ta02,15,15,225,DTSA,4,1401,225160,225000,938,4.249,,,,,40,0.5,6,6,-5.0,5.0,dcdfb68,2026-07-23T20:27:37,1.0,225120,,,,,,DTSA+LS,N=40,C1,1401,7,0,True
ta02,15,15,225,DTSA,5,1380,225160,225000,938,4.134,,,,,40,0.5,6,6,-5.0,5.0,dcdfb68,2026-07-23T20:27:37,1.0,225120,,,,,,DTSA-core,N=40,C1,1380,0,0,True
ta02,15,15,225,DTSA,5,1380,225160,225000,938,4.134,,,,,40,0.5,6,6,-5.0,5.0,dcdfb68,2026-07-23T20:27:37,1.0,225120,,,,,,DTSA+LS,N=40,C1,1380,8,0,True
ta02,15,15,225,DTSA,6,1410,225160,225000,938,4.231,,,,,40,0.5,6,6,-5.0,5.0,dcdfb68,2026-07-23T20:27:37,1.0,225120,,,,,,DTSA-core,N=40,C1,1410,0,0,True
ta02,15,15,225,DTSA,6,1410,225160,225000,938,4.231,,,,,40,0.5,6,6,-5.0,5.0,dcdfb68,2026-07-23T20:27:37,1.0,225120,,,,,,DTSA+LS,N=40,C1,1410,5,0,True
ta02,15,15,225,DTSA,7,1391,225160,225000,938,4.39,,,,,40,0.5,6,6,-5.0,5.0,dcdfb68,2026-07-23T20:27:37,1.0,225120,,,,,,DTSA-core,N=40,C1,1391,0,0,True
ta02,15,15,225,DTSA,7,1391,225160,225000,938,4.39,,,,,40,0.5,6,6,-5.0,5.0,dcdfb68,2026-07-23T20:27:37,1.0,225120,,,,,,DTSA+LS,N=40,C1,1391,7,0,True
ta02,15,15,225,DTSA,8,1368,225160,225000,938,4.288,,,,,40,0.5,6,6,-5.0,5.0,dcdfb68,2026-07-23T20:27:41,1.0,225120,,,,,,DTSA-core,N=40,C1,1368,0,0,True
ta02,15,15,225,DTSA,8,1368,225160,225000,938,4.288,,,,,40,0.5,6,6,-5.0,5.0,dcdfb68,2026-07-23T20:27:41,1.0,225120,,,,,,DTSA+LS,N=40,C1,1368,8,0,True
ta02,15,15,225,DTSA,9,1468,225160,225000,938,4.475,,,,,40,0.5,6,6,-5.0,5.0,dcdfb68,2026-07-23T20:27:42,1.0,225120,,,,,,DTSA-core,N=40,C1,1468,0,0,True
ta02,15,15,225,DTSA,9,1468,225160,225000,938,4.475,,,,,40,0.5,6,6,-5.0,5.0,dcdfb68,2026-07-23T20:27:42,1.0,225120,,,,,,DTSA+LS,N=40,C1,1468,8,0,True
ta02,15,15,225,DTSA,10,1436,225160,225000,938,4.28,,,,,40,0.5,6,6,-5.0,5.0,dcdfb68,2026-07-23T20:27:42,1.0,225120,,,,,,DTSA-core,N=40,C1,1436,0,0,True
ta02,15,15,225,DTSA,10,1436,225160,225000,938,4.28,,,,,40,0.5,6,6,-5.0,5.0,dcdfb68,2026-07-23T20:27:42,1.0,225120,,,,,,DTSA+LS,N=40,C1,1436,7,0,True
ta02,15,15,225,DTSA,11,1433,225160,225000,938,4.438,,,,,40,0.5,6,6,-5.0,5.0,dcdfb68,2026-07-23T20:27:42,1.0,225120,,,,,,DTSA-core,N=40,C1,1433,0,0,True
ta02,15,15,225,DTSA,11,1433,225160,225000,938,4.438,,,,,40,0.5,6,6,-5.0,5.0,dcdfb68,2026-07-23T20:27:42,1.0,225120,,,,,,DTSA+LS,N=40,C1,1433,6,0,True
ta02,15,15,225,DTSA,12,1384,225160,225000,938,4.333,,,,,40,0.5,6,6,-5.0,5.0,dcdfb68,2026-07-23T20:27:42,1.0,225120,,,,,,DTSA-core,N=40,C1,1384,0,0,True
ta02,15,15,225,DTSA,12,1384,225160,225000,938,4.333,,,,,40,0.5,6,6,-5.0,5.0,dcdfb68,2026-07-23T20:27:42,1.0,225120,,,,,,DTSA+LS,N=40,C1,1384,4,0,True
ta02,15,15,225,DTSA,13,1358,225160,225000,938,4.368,,,,,40,0.5,6,6,-5.0,5.0,dcdfb68,2026-07-23T20:27:42,1.0,225120,,,,,,DTSA-core,N=40,C1,1358,0,0,True
ta02,15,15,225,DTSA,13,1358,225160,225000,938,4.368,,,,,40,0.5,6,6,-5.0,5.0,dcdfb68,2026-07-23T20:27:42,1.0,225120,,,,,,DTSA+LS,N=40,C1,1358,8,0,True
ta02,15,15,225,DTSA,14,1400,225160,225000,938,4.319,,,,,40,0.5,6,6,-5.0,5.0,dcdfb68,2026-07-23T20:27:42,1.0,225120,,,,,,DTSA-core,N=40,C1,1400,0,0,True
ta02,15,15,225,DTSA,14,1400,225160,225000,938,4.319,,,,,40,0.5,6,6,-5.0,5.0,dcdfb68,2026-07-23T20:27:42,1.0,225120,,,,,,DTSA+LS,N=40,C1,1400,4,0,True
ta02,15,15,225,DTSA,15,1421,225160,225000,938,4.551,,,,,40,0.5,6,6,-5.0,5.0,dcdfb68,2026-07-23T20:27:42,1.0,225120,,,,,,DTSA-core,N=40,C1,1421,0,0,True
ta02,15,15,225,DTSA,15,1421,225160,225000,938,4.551,,,,,40,0.5,6,6,-5.0,5.0,dcdfb68,2026-07-23T20:27:42,1.0,225120,,,,,,DTSA+LS,N=40,C1,1421,5,0,True
ta02,15,15,225,DTSA,16,1440,225160,225000,938,3.863,,,,,40,0.5,6,6,-5.0,5.0,dcdfb68,2026-07-23T20:27:45,1.0,225120,,,,,,DTSA-core,N=40,C1,1440,0,0,True
ta02,15,15,225,DTSA,16,1440,225160,225000,938,3.863,,,,,40,0.5,6,6,-5.0,5.0,dcdfb68,2026-07-23T20:27:45,1.0,225120,,,,,,DTSA+LS,N=40,C1,1440,7,0,True
ta02,15,15,225,DTSA,17,1382,225160,225000,938,3.868,,,,,40,0.5,6,6,-5.0,5.0,dcdfb68,2026-07-23T20:27:45,1.0,225120,,,,,,DTSA-core,N=40,C1,1382,0,0,True
ta02,15,15,225,DTSA,17,1382,225160,225000,938,3.868,,,,,40,0.5,6,6,-5.0,5.0,dcdfb68,2026-07-23T20:27:45,1.0,225120,,,,,,DTSA+LS,N=40,C1,1382,6,0,True
ta02,15,15,225,DTSA,18,1404,225160,225000,938,3.941,,,,,40,0.5,6,6,-5.0,5.0,dcdfb68,2026-07-23T20:27:46,1.0,225120,,,,,,DTSA-core,N=40,C1,1404,0,0,True
ta02,15,15,225,DTSA,18,1404,225160,225000,938,3.941,,,,,40,0.5,6,6,-5.0,5.0,dcdfb68,2026-07-23T20:27:46,1.0,225120,,,,,,DTSA+LS,N=40,C1,1404,6,0,True
ta02,15,15,225,DTSA,19,1364,225160,225000,938,4.038,,,,,40,0.5,6,6,-5.0,5.0,dcdfb68,2026-07-23T20:27:46,1.0,225120,,,,,,DTSA-core,N=40,C1,1364,0,0,True
ta02,15,15,225,DTSA,19,1364,225160,225000,938,4.038,,,,,40,0.5,6,6,-5.0,5.0,dcdfb68,2026-07-23T20:27:46,1.0,225120,,,,,,DTSA+LS,N=40,C1,1364,6,0,True
ta03,15,15,225,DTSA,0,1414,225160,225000,938,4.272,,,,,40,0.5,6,6,-5.0,5.0,dcdfb68,2026-07-23T20:27:50,1.0,225120,,,,,,DTSA-core,N=40,C1,1414,0,0,True
ta03,15,15,225,DTSA,0,1414,225160,225000,938,4.272,,,,,40,0.5,6,6,-5.0,5.0,dcdfb68,2026-07-23T20:27:50,1.0,225120,,,,,,DTSA+LS,N=40,C1,1414,10,0,True
ta03,15,15,225,DTSA,1,1412,225160,225000,938,4.322,,,,,40,0.5,6,6,-5.0,5.0,dcdfb68,2026-07-23T20:27:50,1.0,225120,,,,,,DTSA-core,N=40,C1,1412,0,0,True
ta03,15,15,225,DTSA,1,1412,225160,225000,938,4.322,,,,,40,0.5,6,6,-5.0,5.0,dcdfb68,2026-07-23T20:27:50,1.0,225120,,,,,,DTSA+LS,N=40,C1,1412,8,0,True
ta03,15,15,225,DTSA,2,1396,225160,225000,938,4.293,,,,,40,0.5,6,6,-5.0,5.0,dcdfb68,2026-07-23T20:27:50,1.0,225120,,,,,,DTSA-core,N=40,C1,1396,0,0,True
ta03,15,15,225,DTSA,2,1396,225160,225000,938,4.293,,,,,40,0.5,6,6,-5.0,5.0,dcdfb68,2026-07-23T20:27:50,1.0,225120,,,,,,DTSA+LS,N=40,C1,1396,8,0,True
ta03,15,15,225,DTSA,3,1425,225160,225000,938,4.54,,,,,40,0.5,6,6,-5.0,5.0,dcdfb68,2026-07-23T20:27:50,1.0,225120,,,,,,DTSA-core,N=40,C1,1425,0,0,True
ta03,15,15,225,DTSA,3,1425,225160,225000,938,4.54,,,,,40,0.5,6,6,-5.0,5.0,dcdfb68,2026-07-23T20:27:50,1.0,225120,,,,,,DTSA+LS,N=40,C1,1425,4,0,True
ta03,15,15,225,DTSA,4,1362,225160,225000,938,4.169,,,,,40,0.5,6,6,-5.0,5.0,dcdfb68,2026-07-23T20:27:50,1.0,225120,,,,,,DTSA-core,N=40,C1,1362,0,0,True
ta03,15,15,225,DTSA,4,1362,225160,225000,938,4.169,,,,,40,0.5,6,6,-5.0,5.0,dcdfb68,2026-07-23T20:27:50,1.0,225120,,,,,,DTSA+LS,N=40,C1,1362,9,0,True
ta03,15,15,225,DTSA,5,1396,225160,225000,938,4.223,,,,,40,0.5,6,6,-5.0,5.0,dcdfb68,2026-07-23T20:27:50,1.0,225120,,,,,,DTSA-core,N=40,C1,1396,0,0,True
ta03,15,15,225,DTSA,5,1396,225160,225000,938,4.223,,,,,40,0.5,6,6,-5.0,5.0,dcdfb68,2026-07-23T20:27:50,1.0,225120,,,,,,DTSA+LS,N=40,C1,1396,7,0,True
ta03,15,15,225,DTSA,6,1372,225160,225000,938,4.272,,,,,40,0.5,6,6,-5.0,5.0,dcdfb68,2026-07-23T20:27:50,1.0,225120,,,,,,DTSA-core,N=40,C1,1372,0,0,True
ta03,15,15,225,DTSA,6,1372,225160,225000,938,4.272,,,,,40,0.5,6,6,-5.0,5.0,dcdfb68,2026-07-23T20:27:50,1.0,225120,,,,,,DTSA+LS,N=40,C1,1372,7,0,True
ta03,15,15,225,DTSA,7,1437,225160,225000,938,4.224,,,,,40,0.5,6,6,-5.0,5.0,dcdfb68,2026-07-23T20:27:50,1.0,225120,,,,,,DTSA-core,N=40,C1,1437,0,0,True
ta03,15,15,225,DTSA,7,1437,225160,225000,938,4.224,,,,,40,0.5,6,6,-5.0,5.0,dcdfb68,2026-07-23T20:27:50,1.0,225120,,,,,,DTSA+LS,N=40,C1,1437,5,0,True
ta03,15,15,225,DTSA,8,1364,225160,225000,938,4.273,,,,,40,0.5,6,6,-5.0,5.0,dcdfb68,2026-07-23T20:27:54,1.0,225120,,,,,,DTSA-core,N=40,C1,1364,0,0,True
ta03,15,15,225,DTSA,8,1364,225160,225000,938,4.273,,,,,40,0.5,6,6,-5.0,5.0,dcdfb68,2026-07-23T20:27:54,1.0,225120,,,,,,DTSA+LS,N=40,C1,1364,6,0,True
ta03,15,15,225,DTSA,9,1342,225160,225000,938,4.309,,,,,40,0.5,6,6,-5.0,5.0,dcdfb68,2026-07-23T20:27:54,1.0,225120,,,,,,DTSA-core,N=40,C1,1342,0,0,True
ta03,15,15,225,DTSA,9,1342,225160,225000,938,4.309,,,,,40,0.5,6,6,-5.0,5.0,dcdfb68,2026-07-23T20:27:54,1.0,225120,,,,,,DTSA+LS,N=40,C1,1342,11,0,True
ta03,15,15,225,DTSA,10,1345,225160,225000,938,4.378,,,,,40,0.5,6,6,-5.0,5.0,dcdfb68,2026-07-23T20:27:54,1.0,225120,,,,,,DTSA-core,N=40,C1,1345,0,0,True
ta03,15,15,225,DTSA,10,1345,225160,225000,938,4.378,,,,,40,0.5,6,6,-5.0,5.0,dcdfb68,2026-07-23T20:27:54,1.0,225120,,,,,,DTSA+LS,N=40,C1,1345,10,0,True
ta03,15,15,225,DTSA,11,1360,225160,225000,938,4.441,,,,,40,0.5,6,6,-5.0,5.0,dcdfb68,2026-07-23T20:27:55,1.0,225120,,,,,,DTSA-core,N=40,C1,1360,0,0,True
ta03,15,15,225,DTSA,11,1360,225160,225000,938,4.441,,,,,40,0.5,6,6,-5.0,5.0,dcdfb68,2026-07-23T20:27:55,1.0,225120,,,,,,DTSA+LS,N=40,C1,1360,8,0,True
ta03,15,15,225,DTSA,12,1412,225160,225000,938,4.401,,,,,40,0.5,6,6,-5.0,5.0,dcdfb68,2026-07-23T20:27:55,1.0,225120,,,,,,DTSA-core,N=40,C1,1412,0,0,True
ta03,15,15,225,DTSA,12,1412,225160,225000,938,4.401,,,,,40,0.5,6,6,-5.0,5.0,dcdfb68,2026-07-23T20:27:55,1.0,225120,,,,,,DTSA+LS,N=40,C1,1412,6,0,True
ta03,15,15,225,DTSA,13,1350,225160,225000,938,4.412,,,,,40,0.5,6,6,-5.0,5.0,dcdfb68,2026-07-23T20:27:55,1.0,225120,,,,,,DTSA-core,N=40,C1,1350,0,0,True
ta03,15,15,225,DTSA,13,1350,225160,225000,938,4.412,,,,,40,0.5,6,6,-5.0,5.0,dcdfb68,2026-07-23T20:27:55,1.0,225120,,,,,,DTSA+LS,N=40,C1,1350,6,0,True
ta03,15,15,225,DTSA,14,1435,225160,225000,938,4.27,,,,,40,0.5,6,6,-5.0,5.0,dcdfb68,2026-07-23T20:27:54,1.0,225120,,,,,,DTSA-core,N=40,C1,1435,0,0,True
ta03,15,15,225,DTSA,14,1435,225160,225000,938,4.27,,,,,40,0.5,6,6,-5.0,5.0,dcdfb68,2026-07-23T20:27:54,1.0,225120,,,,,,DTSA+LS,N=40,C1,1435,8,0,True
ta03,15,15,225,DTSA,15,1372,225160,225000,938,4.392,,,,,40,0.5,6,6,-5.0,5.0,dcdfb68,2026-07-23T20:27:55,1.0,225120,,,,,,DTSA-core,N=40,C1,1372,0,0,True
ta03,15,15,225,DTSA,15,1372,225160,225000,938,4.392,,,,,40,0.5,6,6,-5.0,5.0,dcdfb68,2026-07-23T20:27:55,1.0,225120,,,,,,DTSA+LS,N=40,C1,1372,7,0,True
ta03,15,15,225,DTSA,16,1430,225160,225000,938,3.884,,,,,40,0.5,6,6,-5.0,5.0,dcdfb68,2026-07-23T20:27:58,1.0,225120,,,,,,DTSA-core,N=40,C1,1430,0,0,True
ta03,15,15,225,DTSA,16,1430,225160,225000,938,3.884,,,,,40,0.5,6,6,-5.0,5.0,dcdfb68,2026-07-23T20:27:58,1.0,225120,,,,,,DTSA+LS,N=40,C1,1430,10,0,True
ta03,15,15,225,DTSA,17,1382,225160,225000,938,4.013,,,,,40,0.5,6,6,-5.0,5.0,dcdfb68,2026-07-23T20:27:58,1.0,225120,,,,,,DTSA-core,N=40,C1,1382,0,0,True
ta03,15,15,225,DTSA,17,1382,225160,225000,938,4.013,,,,,40,0.5,6,6,-5.0,5.0,dcdfb68,2026-07-23T20:27:58,1.0,225120,,,,,,DTSA+LS,N=40,C1,1382,4,0,True
ta03,15,15,225,DTSA,18,1405,225160,225000,938,3.967,,,,,40,0.5,6,6,-5.0,5.0,dcdfb68,2026-07-23T20:27:58,1.0,225120,,,,,,DTSA-core,N=40,C1,1405,0,0,True
ta03,15,15,225,DTSA,18,1405,225160,225000,938,3.967,,,,,40,0.5,6,6,-5.0,5.0,dcdfb68,2026-07-23T20:27:58,1.0,225120,,,,,,DTSA+LS,N=40,C1,1405,7,0,True
ta03,15,15,225,DTSA,19,1341,225160,225000,938,4.056,,,,,40,0.5,6,6,-5.0,5.0,dcdfb68,2026-07-23T20:27:59,1.0,225120,,,,,,DTSA-core,N=40,C1,1341,0,0,True
ta03,15,15,225,DTSA,19,1341,225160,225000,938,4.056,,,,,40,0.5,6,6,-5.0,5.0,dcdfb68,2026-07-23T20:27:59,1.0,225120,,,,,,DTSA+LS,N=40,C1,1341,7,0,True
ta04,15,15,225,DTSA,0,1336,225160,225000,938,4.422,,,,,40,0.5,6,6,-5.0,5.0,dcdfb68,2026-07-23T20:28:03,1.0,225120,,,,,,DTSA-core,N=40,C1,1336,0,0,True
ta04,15,15,225,DTSA,0,1336,225160,225000,938,4.422,,,,,40,0.5,6,6,-5.0,5.0,dcdfb68,2026-07-23T20:28:03,1.0,225120,,,,,,DTSA+LS,N=40,C1,1336,6,0,True
ta04,15,15,225,DTSA,1,1432,225160,225000,938,4.441,,,,,40,0.5,6,6,-5.0,5.0,dcdfb68,2026-07-23T20:28:03,1.0,225120,,,,,,DTSA-core,N=40,C1,1432,0,0,True
ta04,15,15,225,DTSA,1,1432,225160,225000,938,4.441,,,,,40,0.5,6,6,-5.0,5.0,dcdfb68,2026-07-23T20:28:03,1.0,225120,,,,,,DTSA+LS,N=40,C1,1432,4,0,True
ta04,15,15,225,DTSA,2,1383,225160,225000,938,4.422,,,,,40,0.5,6,6,-5.0,5.0,dcdfb68,2026-07-23T20:28:03,1.0,225120,,,,,,DTSA-core,N=40,C1,1383,0,0,True
ta04,15,15,225,DTSA,2,1383,225160,225000,938,4.422,,,,,40,0.5,6,6,-5.0,5.0,dcdfb68,2026-07-23T20:28:03,1.0,225120,,,,,,DTSA+LS,N=40,C1,1383,9,0,True
ta04,15,15,225,DTSA,3,1383,225160,225000,938,4.499,,,,,40,0.5,6,6,-5.0,5.0,dcdfb68,2026-07-23T20:28:03,1.0,225120,,,,,,DTSA-core,N=40,C1,1383,0,0,True
ta04,15,15,225,DTSA,3,1383,225160,225000,938,4.499,,,,,40,0.5,6,6,-5.0,5.0,dcdfb68,2026-07-23T20:28:03,1.0,225120,,,,,,DTSA+LS,N=40,C1,1383,9,0,True
ta04,15,15,225,DTSA,4,1390,225160,225000,938,4.275,,,,,40,0.5,6,6,-5.0,5.0,dcdfb68,2026-07-23T20:28:03,1.0,225120,,,,,,DTSA-core,N=40,C1,1390,0,0,True
ta04,15,15,225,DTSA,4,1390,225160,225000,938,4.275,,,,,40,0.5,6,6,-5.0,5.0,dcdfb68,2026-07-23T20:28:03,1.0,225120,,,,,,DTSA+LS,N=40,C1,1390,4,0,True
ta04,15,15,225,DTSA,5,1361,225160,225000,938,4.34,,,,,40,0.5,6,6,-5.0,5.0,dcdfb68,2026-07-23T20:28:03,1.0,225120,,,,,,DTSA-core,N=40,C1,1361,0,0,True
ta04,15,15,225,DTSA,5,1361,225160,225000,938,4.34,,,,,40,0.5,6,6,-5.0,5.0,dcdfb68,2026-07-23T20:28:03,1.0,225120,,,,,,DTSA+LS,N=40,C1,1361,8,0,True
ta04,15,15,225,DTSA,6,1303,225160,225000,938,4.565,,,,,40,0.5,6,6,-5.0,5.0,dcdfb68,2026-07-23T20:28:03,1.0,225120,,,,,,DTSA-core,N=40,C1,1303,0,0,True
ta04,15,15,225,DTSA,6,1303,225160,225000,938,4.565,,,,,40,0.5,6,6,-5.0,5.0,dcdfb68,2026-07-23T20:28:03,1.0,225120,,,,,,DTSA+LS,N=40,C1,1303,8,0,True
ta04,15,15,225,DTSA,7,1394,225160,225000,938,4.402,,,,,40,0.5,6,6,-5.0,5.0,dcdfb68,2026-07-23T20:28:03,1.0,225120,,,,,,DTSA-core,N=40,C1,1394,0,0,True
ta04,15,15,225,DTSA,7,1394,225160,225000,938,4.402,,,,,40,0.5,6,6,-5.0,5.0,dcdfb68,2026-07-23T20:28:03,1.0,225120,,,,,,DTSA+LS,N=40,C1,1394,5,0,True
ta04,15,15,225,DTSA,8,1394,225160,225000,938,4.343,,,,,40,0.5,6,6,-5.0,5.0,dcdfb68,2026-07-23T20:28:07,1.0,225120,,,,,,DTSA-core,N=40,C1,1394,0,0,True
ta04,15,15,225,DTSA,8,1394,225160,225000,938,4.343,,,,,40,0.5,6,6,-5.0,5.0,dcdfb68,2026-07-23T20:28:07,1.0,225120,,,,,,DTSA+LS,N=40,C1,1394,5,0,True
ta04,15,15,225,DTSA,9,1400,225160,225000,938,4.305,,,,,40,0.5,6,6,-5.0,5.0,dcdfb68,2026-07-23T20:28:07,1.0,225120,,,,,,DTSA-core,N=40,C1,1400,0,0,True
ta04,15,15,225,DTSA,9,1400,225160,225000,938,4.305,,,,,40,0.5,6,6,-5.0,5.0,dcdfb68,2026-07-23T20:28:07,1.0,225120,,,,,,DTSA+LS,N=40,C1,1400,7,0,True
ta04,15,15,225,DTSA,10,1350,225160,225000,938,4.374,,,,,40,0.5,6,6,-5.0,5.0,dcdfb68,2026-07-23T20:28:07,1.0,225120,,,,,,DTSA-core,N=40,C1,1350,0,0,True
ta04,15,15,225,DTSA,10,1350,225160,225000,938,4.374,,,,,40,0.5,6,6,-5.0,5.0,dcdfb68,2026-07-23T20:28:07,1.0,225120,,,,,,DTSA+LS,N=40,C1,1350,4,0,True
ta04,15,15,225,DTSA,11,1399,225160,225000,938,4.414,,,,,40,0.5,6,6,-5.0,5.0,dcdfb68,2026-07-23T20:28:07,1.0,225120,,,,,,DTSA-core,N=40,C1,1399,0,0,True
ta04,15,15,225,DTSA,11,1399,225160,225000,938,4.414,,,,,40,0.5,6,6,-5.0,5.0,dcdfb68,2026-07-23T20:28:07,1.0,225120,,,,,,DTSA+LS,N=40,C1,1399,4,0,True
ta04,15,15,225,DTSA,12,1409,225160,225000,938,4.571,,,,,40,0.5,6,6,-5.0,5.0,dcdfb68,2026-07-23T20:28:08,1.0,225120,,,,,,DTSA-core,N=40,C1,1409,0,0,True
ta04,15,15,225,DTSA,12,1409,225160,225000,938,4.571,,,,,40,0.5,6,6,-5.0,5.0,dcdfb68,2026-07-23T20:28:08,1.0,225120,,,,,,DTSA+LS,N=40,C1,1409,8,0,True
ta04,15,15,225,DTSA,13,1394,225160,225000,938,4.385,,,,,40,0.5,6,6,-5.0,5.0,dcdfb68,2026-07-23T20:28:07,1.0,225120,,,,,,DTSA-core,N=40,C1,1394,0,0,True
ta04,15,15,225,DTSA,13,1394,225160,225000,938,4.385,,,,,40,0.5,6,6,-5.0,5.0,dcdfb68,2026-07-23T20:28:07,1.0,225120,,,,,,DTSA+LS,N=40,C1,1394,5,0,True
ta04,15,15,225,DTSA,14,1395,225160,225000,938,4.464,,,,,40,0.5,6,6,-5.0,5.0,dcdfb68,2026-07-23T20:28:08,1.0,225120,,,,,,DTSA-core,N=40,C1,1395,0,0,True
ta04,15,15,225,DTSA,14,1395,225160,225000,938,4.464,,,,,40,0.5,6,6,-5.0,5.0,dcdfb68,2026-07-23T20:28:08,1.0,225120,,,,,,DTSA+LS,N=40,C1,1395,11,0,True
ta04,15,15,225,DTSA,15,1347,225160,225000,938,4.524,,,,,40,0.5,6,6,-5.0,5.0,dcdfb68,2026-07-23T20:28:08,1.0,225120,,,,,,DTSA-core,N=40,C1,1347,0,0,True
ta04,15,15,225,DTSA,15,1347,225160,225000,938,4.524,,,,,40,0.5,6,6,-5.0,5.0,dcdfb68,2026-07-23T20:28:08,1.0,225120,,,,,,DTSA+LS,N=40,C1,1347,6,0,True
ta04,15,15,225,DTSA,16,1424,225160,225000,938,4.005,,,,,40,0.5,6,6,-5.0,5.0,dcdfb68,2026-07-23T20:28:11,1.0,225120,,,,,,DTSA-core,N=40,C1,1424,0,0,True
ta04,15,15,225,DTSA,16,1424,225160,225000,938,4.005,,,,,40,0.5,6,6,-5.0,5.0,dcdfb68,2026-07-23T20:28:11,1.0,225120,,,,,,DTSA+LS,N=40,C1,1424,5,0,True
ta04,15,15,225,DTSA,17,1343,225160,225000,938,3.922,,,,,40,0.5,6,6,-5.0,5.0,dcdfb68,2026-07-23T20:28:11,1.0,225120,,,,,,DTSA-core,N=40,C1,1343,0,0,True
ta04,15,15,225,DTSA,17,1343,225160,225000,938,3.922,,,,,40,0.5,6,6,-5.0,5.0,dcdfb68,2026-07-23T20:28:11,1.0,225120,,,,,,DTSA+LS,N=40,C1,1343,9,0,True
ta04,15,15,225,DTSA,18,1339,225160,225000,938,4.01,,,,,40,0.5,6,6,-5.0,5.0,dcdfb68,2026-07-23T20:28:11,1.0,225120,,,,,,DTSA-core,N=40,C1,1339,0,0,True
ta04,15,15,225,DTSA,18,1339,225160,225000,938,4.01,,,,,40,0.5,6,6,-5.0,5.0,dcdfb68,2026-07-23T20:28:11,1.0,225120,,,,,,DTSA+LS,N=40,C1,1339,3,0,True
ta04,15,15,225,DTSA,19,1360,225160,225000,938,3.977,,,,,40,0.5,6,6,-5.0,5.0,dcdfb68,2026-07-23T20:28:11,1.0,225120,,,,,,DTSA-core,N=40,C1,1360,0,0,True
ta04,15,15,225,DTSA,19,1360,225160,225000,938,3.977,,,,,40,0.5,6,6,-5.0,5.0,dcdfb68,2026-07-23T20:28:11,1.0,225120,,,,,,DTSA+LS,N=40,C1,1360,9,0,True
ta05,15,15,225,DTSA,0,1379,225160,225000,938,4.426,,,,,40,0.5,6,6,-5.0,5.0,dcdfb68,2026-07-23T20:28:16,1.0,225120,,,,,,DTSA-core,N=40,C1,1379,0,0,True
ta05,15,15,225,DTSA,0,1379,225160,225000,938,4.426,,,,,40,0.5,6,6,-5.0,5.0,dcdfb68,2026-07-23T20:28:16,1.0,225120,,,,,,DTSA+LS,N=40,C1,1379,4,0,True
ta05,15,15,225,DTSA,1,1379,225160,225000,938,4.46,,,,,40,0.5,6,6,-5.0,5.0,dcdfb68,2026-07-23T20:28:16,1.0,225120,,,,,,DTSA-core,N=40,C1,1379,0,0,True
ta05,15,15,225,DTSA,1,1379,225160,225000,938,4.46,,,,,40,0.5,6,6,-5.0,5.0,dcdfb68,2026-07-23T20:28:16,1.0,225120,,,,,,DTSA+LS,N=40,C1,1379,8,0,True
ta05,15,15,225,DTSA,2,1449,225160,225000,938,4.459,,,,,40,0.5,6,6,-5.0,5.0,dcdfb68,2026-07-23T20:28:16,1.0,225120,,,,,,DTSA-core,N=40,C1,1449,0,0,True
ta05,15,15,225,DTSA,2,1449,225160,225000,938,4.459,,,,,40,0.5,6,6,-5.0,5.0,dcdfb68,2026-07-23T20:28:16,1.0,225120,,,,,,DTSA+LS,N=40,C1,1449,8,0,True
ta05,15,15,225,DTSA,3,1387,225160,225000,938,4.439,,,,,40,0.5,6,6,-5.0,5.0,dcdfb68,2026-07-23T20:28:16,1.0,225120,,,,,,DTSA-core,N=40,C1,1387,0,0,True
ta05,15,15,225,DTSA,3,1387,225160,225000,938,4.439,,,,,40,0.5,6,6,-5.0,5.0,dcdfb68,2026-07-23T20:28:16,1.0,225120,,,,,,DTSA+LS,N=40,C1,1387,7,0,True
ta05,15,15,225,DTSA,4,1437,225160,225000,938,4.411,,,,,40,0.5,6,6,-5.0,5.0,dcdfb68,2026-07-23T20:28:16,1.0,225120,,,,,,DTSA-core,N=40,C1,1437,0,0,True
ta05,15,15,225,DTSA,4,1437,225160,225000,938,4.411,,,,,40,0.5,6,6,-5.0,5.0,dcdfb68,2026-07-23T20:28:16,1.0,225120,,,,,,DTSA+LS,N=40,C1,1437,8,0,True
ta05,15,15,225,DTSA,5,1423,225160,225000,938,4.331,,,,,40,0.5,6,6,-5.0,5.0,dcdfb68,2026-07-23T20:28:16,1.0,225120,,,,,,DTSA-core,N=40,C1,1423,0,0,True
ta05,15,15,225,DTSA,5,1423,225160,225000,938,4.331,,,,,40,0.5,6,6,-5.0,5.0,dcdfb68,2026-07-23T20:28:16,1.0,225120,,,,,,DTSA+LS,N=40,C1,1423,7,0,True
ta05,15,15,225,DTSA,6,1405,225160,225000,938,4.433,,,,,40,0.5,6,6,-5.0,5.0,dcdfb68,2026-07-23T20:28:16,1.0,225120,,,,,,DTSA-core,N=40,C1,1405,0,0,True
ta05,15,15,225,DTSA,6,1405,225160,225000,938,4.433,,,,,40,0.5,6,6,-5.0,5.0,dcdfb68,2026-07-23T20:28:16,1.0,225120,,,,,,DTSA+LS,N=40,C1,1405,9,0,True
ta05,15,15,225,DTSA,7,1300,225160,225000,938,4.508,,,,,40,0.5,6,6,-5.0,5.0,dcdfb68,2026-07-23T20:28:16,1.0,225120,,,,,,DTSA-core,N=40,C1,1300,0,0,True
ta05,15,15,225,DTSA,7,1300,225160,225000,938,4.508,,,,,40,0.5,6,6,-5.0,5.0,dcdfb68,2026-07-23T20:28:16,1.0,225120,,,,,,DTSA+LS,N=40,C1,1300,6,0,True
ta05,15,15,225,DTSA,8,1363,225160,225000,938,4.35,,,,,40,0.5,6,6,-5.0,5.0,dcdfb68,2026-07-23T20:28:20,1.0,225120,,,,,,DTSA-core,N=40,C1,1363,0,0,True
ta05,15,15,225,DTSA,8,1363,225160,225000,938,4.35,,,,,40,0.5,6,6,-5.0,5.0,dcdfb68,2026-07-23T20:28:20,1.0,225120,,,,,,DTSA+LS,N=40,C1,1363,8,0,True
ta05,15,15,225,DTSA,9,1376,225160,225000,938,4.468,,,,,40,0.5,6,6,-5.0,5.0,dcdfb68,2026-07-23T20:28:20,1.0,225120,,,,,,DTSA-core,N=40,C1,1376,0,0,True
ta05,15,15,225,DTSA,9,1376,225160,225000,938,4.468,,,,,40,0.5,6,6,-5.0,5.0,dcdfb68,2026-07-23T20:28:20,1.0,225120,,,,,,DTSA+LS,N=40,C1,1376,4,0,True
ta05,15,15,225,DTSA,10,1422,225160,225000,938,4.474,,,,,40,0.5,6,6,-5.0,5.0,dcdfb68,2026-07-23T20:28:20,1.0,225120,,,,,,DTSA-core,N=40,C1,1422,0,0,True
ta05,15,15,225,DTSA,10,1422,225160,225000,938,4.474,,,,,40,0.5,6,6,-5.0,5.0,dcdfb68,2026-07-23T20:28:20,1.0,225120,,,,,,DTSA+LS,N=40,C1,1422,7,0,True
ta05,15,15,225,DTSA,11,1386,225160,225000,938,4.348,,,,,40,0.5,6,6,-5.0,5.0,dcdfb68,2026-07-23T20:28:20,1.0,225120,,,,,,DTSA-core,N=40,C1,1386,0,0,True
ta05,15,15,225,DTSA,11,1386,225160,225000,938,4.348,,,,,40,0.5,6,6,-5.0,5.0,dcdfb68,2026-07-23T20:28:20,1.0,225120,,,,,,DTSA+LS,N=40,C1,1386,3,0,True
ta05,15,15,225,DTSA,12,1426,225160,225000,938,4.408,,,,,40,0.5,6,6,-5.0,5.0,dcdfb68,2026-07-23T20:28:20,1.0,225120,,,,,,DTSA-core,N=40,C1,1426,0,0,True
ta05,15,15,225,DTSA,12,1426,225160,225000,938,4.408,,,,,40,0.5,6,6,-5.0,5.0,dcdfb68,2026-07-23T20:28:20,1.0,225120,,,,,,DTSA+LS,N=40,C1,1426,9,0,True
ta05,15,15,225,DTSA,13,1358,225160,225000,938,4.6,,,,,40,0.5,6,6,-5.0,5.0,dcdfb68,2026-07-23T20:28:21,1.0,225120,,,,,,DTSA-core,N=40,C1,1358,0,0,True
ta05,15,15,225,DTSA,13,1358,225160,225000,938,4.6,,,,,40,0.5,6,6,-5.0,5.0,dcdfb68,2026-07-23T20:28:21,1.0,225120,,,,,,DTSA+LS,N=40,C1,1358,4,0,True
ta05,15,15,225,DTSA,14,1464,225160,225000,938,4.353,,,,,40,0.5,6,6,-5.0,5.0,dcdfb68,2026-07-23T20:28:20,1.0,225120,,,,,,DTSA-core,N=40,C1,1464,0,0,True
ta05,15,15,225,DTSA,14,1464,225160,225000,938,4.353,,,,,40,0.5,6,6,-5.0,5.0,dcdfb68,2026-07-23T20:28:20,1.0,225120,,,,,,DTSA+LS,N=40,C1,1464,7,0,True
ta05,15,15,225,DTSA,15,1362,225160,225000,938,4.572,,,,,40,0.5,6,6,-5.0,5.0,dcdfb68,2026-07-23T20:28:21,1.0,225120,,,,,,DTSA-core,N=40,C1,1362,0,0,True
ta05,15,15,225,DTSA,15,1362,225160,225000,938,4.572,,,,,40,0.5,6,6,-5.0,5.0,dcdfb68,2026-07-23T20:28:21,1.0,225120,,,,,,DTSA+LS,N=40,C1,1362,4,0,True
ta05,15,15,225,DTSA,16,1354,225160,225000,938,3.891,,,,,40,0.5,6,6,-5.0,5.0,dcdfb68,2026-07-23T20:28:24,1.0,225120,,,,,,DTSA-core,N=40,C1,1354,0,0,True
ta05,15,15,225,DTSA,16,1354,225160,225000,938,3.891,,,,,40,0.5,6,6,-5.0,5.0,dcdfb68,2026-07-23T20:28:24,1.0,225120,,,,,,DTSA+LS,N=40,C1,1354,8,0,True
ta05,15,15,225,DTSA,17,1351,225160,225000,938,3.986,,,,,40,0.5,6,6,-5.0,5.0,dcdfb68,2026-07-23T20:28:24,1.0,225120,,,,,,DTSA-core,N=40,C1,1351,0,0,True
ta05,15,15,225,DTSA,17,1351,225160,225000,938,3.986,,,,,40,0.5,6,6,-5.0,5.0,dcdfb68,2026-07-23T20:28:24,1.0,225120,,,,,,DTSA+LS,N=40,C1,1351,13,0,True
ta05,15,15,225,DTSA,18,1384,225160,225000,938,3.925,,,,,40,0.5,6,6,-5.0,5.0,dcdfb68,2026-07-23T20:28:24,1.0,225120,,,,,,DTSA-core,N=40,C1,1384,0,0,True
ta05,15,15,225,DTSA,18,1384,225160,225000,938,3.925,,,,,40,0.5,6,6,-5.0,5.0,dcdfb68,2026-07-23T20:28:24,1.0,225120,,,,,,DTSA+LS,N=40,C1,1384,5,0,True
ta05,15,15,225,DTSA,19,1374,225160,225000,938,4.037,,,,,40,0.5,6,6,-5.0,5.0,dcdfb68,2026-07-23T20:28:24,1.0,225120,,,,,,DTSA-core,N=40,C1,1374,0,0,True
ta05,15,15,225,DTSA,19,1374,225160,225000,938,4.037,,,,,40,0.5,6,6,-5.0,5.0,dcdfb68,2026-07-23T20:28:24,1.0,225120,,,,,,DTSA+LS,N=40,C1,1374,6,0,True
ta11,20,15,300,DTSA,0,1497,300040,300000,1250,7.008,,,,,40,0.5,6,6,-5.0,5.0,dcdfb68,2026-07-23T20:28:31,1.0,300000,,,,,,DTSA-core,N=40,C1,1497,0,0,True
ta11,20,15,300,DTSA,0,1497,300040,300000,1250,7.008,,,,,40,0.5,6,6,-5.0,5.0,dcdfb68,2026-07-23T20:28:31,1.0,300000,,,,,,DTSA+LS,N=40,C1,1497,4,0,True
ta11,20,15,300,DTSA,1,1590,300040,300000,1250,6.723,,,,,40,0.5,6,6,-5.0,5.0,dcdfb68,2026-07-23T20:28:31,1.0,300000,,,,,,DTSA-core,N=40,C1,1590,0,0,True
ta11,20,15,300,DTSA,1,1590,300040,300000,1250,6.723,,,,,40,0.5,6,6,-5.0,5.0,dcdfb68,2026-07-23T20:28:31,1.0,300000,,,,,,DTSA+LS,N=40,C1,1590,8,0,True
ta11,20,15,300,DTSA,2,1578,300040,300000,1250,6.845,,,,,40,0.5,6,6,-5.0,5.0,dcdfb68,2026-07-23T20:28:31,1.0,300000,,,,,,DTSA-core,N=40,C1,1578,0,0,True
ta11,20,15,300,DTSA,2,1578,300040,300000,1250,6.845,,,,,40,0.5,6,6,-5.0,5.0,dcdfb68,2026-07-23T20:28:31,1.0,300000,,,,,,DTSA+LS,N=40,C1,1578,9,0,True
ta11,20,15,300,DTSA,3,1597,300040,300000,1250,6.591,,,,,40,0.5,6,6,-5.0,5.0,dcdfb68,2026-07-23T20:28:31,1.0,300000,,,,,,DTSA-core,N=40,C1,1597,0,0,True
ta11,20,15,300,DTSA,3,1597,300040,300000,1250,6.591,,,,,40,0.5,6,6,-5.0,5.0,dcdfb68,2026-07-23T20:28:31,1.0,300000,,,,,,DTSA+LS,N=40,C1,1597,6,0,True
ta11,20,15,300,DTSA,4,1635,300040,300000,1250,6.702,,,,,40,0.5,6,6,-5.0,5.0,dcdfb68,2026-07-23T20:28:31,1.0,300000,,,,,,DTSA-core,N=40,C1,1635,0,0,True
ta11,20,15,300,DTSA,4,1635,300040,300000,1250,6.702,,,,,40,0.5,6,6,-5.0,5.0,dcdfb68,2026-07-23T20:28:31,1.0,300000,,,,,,DTSA+LS,N=40,C1,1635,8,0,True
ta11,20,15,300,DTSA,5,1602,300040,300000,1250,6.623,,,,,40,0.5,6,6,-5.0,5.0,dcdfb68,2026-07-23T20:28:31,1.0,300000,,,,,,DTSA-core,N=40,C1,1602,0,0,True
ta11,20,15,300,DTSA,5,1602,300040,300000,1250,6.623,,,,,40,0.5,6,6,-5.0,5.0,dcdfb68,2026-07-23T20:28:31,1.0,300000,,,,,,DTSA+LS,N=40,C1,1602,9,0,True
ta11,20,15,300,DTSA,6,1570,300040,300000,1250,6.692,,,,,40,0.5,6,6,-5.0,5.0,dcdfb68,2026-07-23T20:28:31,1.0,300000,,,,,,DTSA-core,N=40,C1,1570,0,0,True
ta11,20,15,300,DTSA,6,1570,300040,300000,1250,6.692,,,,,40,0.5,6,6,-5.0,5.0,dcdfb68,2026-07-23T20:28:31,1.0,300000,,,,,,DTSA+LS,N=40,C1,1570,7,0,True
ta11,20,15,300,DTSA,7,1610,300040,300000,1250,6.755,,,,,40,0.5,6,6,-5.0,5.0,dcdfb68,2026-07-23T20:28:31,1.0,300000,,,,,,DTSA-core,N=40,C1,1610,0,0,True
ta11,20,15,300,DTSA,7,1610,300040,300000,1250,6.755,,,,,40,0.5,6,6,-5.0,5.0,dcdfb68,2026-07-23T20:28:31,1.0,300000,,,,,,DTSA+LS,N=40,C1,1610,8,0,True
ta11,20,15,300,DTSA,8,1594,300040,300000,1250,6.832,,,,,40,0.5,6,6,-5.0,5.0,dcdfb68,2026-07-23T20:28:38,1.0,300000,,,,,,DTSA-core,N=40,C1,1594,0,0,True
ta11,20,15,300,DTSA,8,1594,300040,300000,1250,6.832,,,,,40,0.5,6,6,-5.0,5.0,dcdfb68,2026-07-23T20:28:38,1.0,300000,,,,,,DTSA+LS,N=40,C1,1594,6,0,True
ta11,20,15,300,DTSA,9,1579,300040,300000,1250,6.797,,,,,40,0.5,6,6,-5.0,5.0,dcdfb68,2026-07-23T20:28:38,1.0,300000,,,,,,DTSA-core,N=40,C1,1579,0,0,True
ta11,20,15,300,DTSA,9,1579,300040,300000,1250,6.797,,,,,40,0.5,6,6,-5.0,5.0,dcdfb68,2026-07-23T20:28:38,1.0,300000,,,,,,DTSA+LS,N=40,C1,1579,7,0,True
ta11,20,15,300,DTSA,10,1625,300040,300000,1250,6.866,,,,,40,0.5,6,6,-5.0,5.0,dcdfb68,2026-07-23T20:28:38,1.0,300000,,,,,,DTSA-core,N=40,C1,1625,0,0,True
ta11,20,15,300,DTSA,10,1625,300040,300000,1250,6.866,,,,,40,0.5,6,6,-5.0,5.0,dcdfb68,2026-07-23T20:28:38,1.0,300000,,,,,,DTSA+LS,N=40,C1,1625,6,0,True
ta11,20,15,300,DTSA,11,1641,300040,300000,1250,6.839,,,,,40,0.5,6,6,-5.0,5.0,dcdfb68,2026-07-23T20:28:38,1.0,300000,,,,,,DTSA-core,N=40,C1,1641,0,0,True
ta11,20,15,300,DTSA,11,1641,300040,300000,1250,6.839,,,,,40,0.5,6,6,-5.0,5.0,dcdfb68,2026-07-23T20:28:38,1.0,300000,,,,,,DTSA+LS,N=40,C1,1641,8,0,True
ta11,20,15,300,DTSA,12,1605,300040,300000,1250,6.911,,,,,40,0.5,6,6,-5.0,5.0,dcdfb68,2026-07-23T20:28:38,1.0,300000,,,,,,DTSA-core,N=40,C1,1605,0,0,True
ta11,20,15,300,DTSA,12,1605,300040,300000,1250,6.911,,,,,40,0.5,6,6,-5.0,5.0,dcdfb68,2026-07-23T20:28:38,1.0,300000,,,,,,DTSA+LS,N=40,C1,1605,10,0,True
ta11,20,15,300,DTSA,13,1549,300040,300000,1250,6.864,,,,,40,0.5,6,6,-5.0,5.0,dcdfb68,2026-07-23T20:28:38,1.0,300000,,,,,,DTSA-core,N=40,C1,1549,0,0,True
ta11,20,15,300,DTSA,13,1544,300040,300000,1250,6.864,,,,,40,0.5,6,6,-5.0,5.0,dcdfb68,2026-07-23T20:28:38,1.0,300000,,,,,,DTSA+LS,N=40,C1,1549,18,2,True
ta11,20,15,300,DTSA,14,1583,300040,300000,1250,6.945,,,,,40,0.5,6,6,-5.0,5.0,dcdfb68,2026-07-23T20:28:38,1.0,300000,,,,,,DTSA-core,N=40,C1,1583,0,0,True
ta11,20,15,300,DTSA,14,1583,300040,300000,1250,6.945,,,,,40,0.5,6,6,-5.0,5.0,dcdfb68,2026-07-23T20:28:38,1.0,300000,,,,,,DTSA+LS,N=40,C1,1583,7,0,True
ta11,20,15,300,DTSA,15,1530,300040,300000,1250,6.856,,,,,40,0.5,6,6,-5.0,5.0,dcdfb68,2026-07-23T20:28:38,1.0,300000,,,,,,DTSA-core,N=40,C1,1530,0,0,True
ta11,20,15,300,DTSA,15,1530,300040,300000,1250,6.856,,,,,40,0.5,6,6,-5.0,5.0,dcdfb68,2026-07-23T20:28:38,1.0,300000,,,,,,DTSA+LS,N=40,C1,1530,8,0,True
ta11,20,15,300,DTSA,16,1580,300040,300000,1250,6.048,,,,,40,0.5,6,6,-5.0,5.0,dcdfb68,2026-07-23T20:28:44,1.0,300000,,,,,,DTSA-core,N=40,C1,1580,0,0,True
ta11,20,15,300,DTSA,16,1580,300040,300000,1250,6.048,,,,,40,0.5,6,6,-5.0,5.0,dcdfb68,2026-07-23T20:28:44,1.0,300000,,,,,,DTSA+LS,N=40,C1,1580,5,0,True
ta11,20,15,300,DTSA,17,1682,300040,300000,1250,5.978,,,,,40,0.5,6,6,-5.0,5.0,dcdfb68,2026-07-23T20:28:44,1.0,300000,,,,,,DTSA-core,N=40,C1,1682,0,0,True
ta11,20,15,300,DTSA,17,1682,300040,300000,1250,5.978,,,,,40,0.5,6,6,-5.0,5.0,dcdfb68,2026-07-23T20:28:44,1.0,300000,,,,,,DTSA+LS,N=40,C1,1682,4,0,True
ta11,20,15,300,DTSA,18,1616,300040,300000,1250,6.011,,,,,40,0.5,6,6,-5.0,5.0,dcdfb68,2026-07-23T20:28:44,1.0,300000,,,,,,DTSA-core,N=40,C1,1616,0,0,True
ta11,20,15,300,DTSA,18,1616,300040,300000,1250,6.011,,,,,40,0.5,6,6,-5.0,5.0,dcdfb68,2026-07-23T20:28:44,1.0,300000,,,,,,DTSA+LS,N=40,C1,1616,8,0,True
ta11,20,15,300,DTSA,19,1573,300040,300000,1250,5.99,,,,,40,0.5,6,6,-5.0,5.0,dcdfb68,2026-07-23T20:28:44,1.0,300000,,,,,,DTSA-core,N=40,C1,1573,0,0,True
ta11,20,15,300,DTSA,19,1573,300040,300000,1250,5.99,,,,,40,0.5,6,6,-5.0,5.0,dcdfb68,2026-07-23T20:28:44,1.0,300000,,,,,,DTSA+LS,N=40,C1,1573,8,0,True
ta12,20,15,300,DTSA,0,1633,300040,300000,1250,6.721,,,,,40,0.5,6,6,-5.0,5.0,dcdfb68,2026-07-23T20:28:51,1.0,300000,,,,,,DTSA-core,N=40,C1,1633,0,0,True
ta12,20,15,300,DTSA,0,1633,300040,300000,1250,6.721,,,,,40,0.5,6,6,-5.0,5.0,dcdfb68,2026-07-23T20:28:51,1.0,300000,,,,,,DTSA+LS,N=40,C1,1633,12,0,True
ta12,20,15,300,DTSA,1,1599,300040,300000,1250,6.897,,,,,40,0.5,6,6,-5.0,5.0,dcdfb68,2026-07-23T20:28:51,1.0,300000,,,,,,DTSA-core,N=40,C1,1599,0,0,True
ta12,20,15,300,DTSA,1,1599,300040,300000,1250,6.897,,,,,40,0.5,6,6,-5.0,5.0,dcdfb68,2026-07-23T20:28:51,1.0,300000,,,,,,DTSA+LS,N=40,C1,1599,10,0,True
ta12,20,15,300,DTSA,2,1533,300040,300000,1250,6.982,,,,,40,0.5,6,6,-5.0,5.0,dcdfb68,2026-07-23T20:28:51,1.0,300000,,,,,,DTSA-core,N=40,C1,1533,0,0,True
ta12,20,15,300,DTSA,2,1533,300040,300000,1250,6.982,,,,,40,0.5,6,6,-5.0,5.0,dcdfb68,2026-07-23T20:28:51,1.0,300000,,,,,,DTSA+LS,N=40,C1,1533,9,0,True
ta12,20,15,300,DTSA,3,1552,300040,300000,1250,6.991,,,,,40,0.5,6,6,-5.0,5.0,dcdfb68,2026-07-23T20:28:51,1.0,300000,,,,,,DTSA-core,N=40,C1,1552,0,0,True
ta12,20,15,300,DTSA,3,1552,300040,300000,1250,6.991,,,,,40,0.5,6,6,-5.0,5.0,dcdfb68,2026-07-23T20:28:51,1.0,300000,,,,,,DTSA+LS,N=40,C1,1552,11,0,True
ta12,20,15,300,DTSA,4,1601,300040,300000,1250,6.673,,,,,40,0.5,6,6,-5.0,5.0,dcdfb68,2026-07-23T20:28:51,1.0,300000,,,,,,DTSA-core,N=40,C1,1601,0,0,True
ta12,20,15,300,DTSA,4,1601,300040,300000,1250,6.673,,,,,40,0.5,6,6,-5.0,5.0,dcdfb68,2026-07-23T20:28:51,1.0,300000,,,,,,DTSA+LS,N=40,C1,1601,8,0,True
ta12,20,15,300,DTSA,5,1573,300040,300000,1250,6.724,,,,,40,0.5,6,6,-5.0,5.0,dcdfb68,2026-07-23T20:28:51,1.0,300000,,,,,,DTSA-core,N=40,C1,1573,0,0,True
ta12,20,15,300,DTSA,5,1573,300040,300000,1250,6.724,,,,,40,0.5,6,6,-5.0,5.0,dcdfb68,2026-07-23T20:28:51,1.0,300000,,,,,,DTSA+LS,N=40,C1,1573,7,0,True
ta12,20,15,300,DTSA,6,1549,300040,300000,1250,6.98,,,,,40,0.5,6,6,-5.0,5.0,dcdfb68,2026-07-23T20:28:51,1.0,300000,,,,,,DTSA-core,N=40,C1,1549,0,0,True
ta12,20,15,300,DTSA,6,1549,300040,300000,1250,6.98,,,,,40,0.5,6,6,-5.0,5.0,dcdfb68,2026-07-23T20:28:51,1.0,300000,,,,,,DTSA+LS,N=40,C1,1549,10,0,True
ta12,20,15,300,DTSA,7,1598,300040,300000,1250,6.766,,,,,40,0.5,6,6,-5.0,5.0,dcdfb68,2026-07-23T20:28:51,1.0,300000,,,,,,DTSA-core,N=40,C1,1598,0,0,True
ta12,20,15,300,DTSA,7,1598,300040,300000,1250,6.766,,,,,40,0.5,6,6,-5.0,5.0,dcdfb68,2026-07-23T20:28:51,1.0,300000,,,,,,DTSA+LS,N=40,C1,1598,6,0,True
ta12,20,15,300,DTSA,8,1556,300040,300000,1250,6.975,,,,,40,0.5,6,6,-5.0,5.0,dcdfb68,2026-07-23T20:28:58,1.0,300000,,,,,,DTSA-core,N=40,C1,1556,0,0,True
ta12,20,15,300,DTSA,8,1556,300040,300000,1250,6.975,,,,,40,0.5,6,6,-5.0,5.0,dcdfb68,2026-07-23T20:28:58,1.0,300000,,,,,,DTSA+LS,N=40,C1,1556,9,0,True
ta12,20,15,300,DTSA,9,1561,300040,300000,1250,6.94,,,,,40,0.5,6,6,-5.0,5.0,dcdfb68,2026-07-23T20:28:58,1.0,300000,,,,,,DTSA-core,N=40,C1,1561,0,0,True
ta12,20,15,300,DTSA,9,1561,300040,300000,1250,6.94,,,,,40,0.5,6,6,-5.0,5.0,dcdfb68,2026-07-23T20:28:58,1.0,300000,,,,,,DTSA+LS,N=40,C1,1561,6,0,True
ta12,20,15,300,DTSA,10,1583,300040,300000,1250,6.826,,,,,40,0.5,6,6,-5.0,5.0,dcdfb68,2026-07-23T20:28:58,1.0,300000,,,,,,DTSA-core,N=40,C1,1583,0,0,True
ta12,20,15,300,DTSA,10,1583,300040,300000,1250,6.826,,,,,40,0.5,6,6,-5.0,5.0,dcdfb68,2026-07-23T20:28:58,1.0,300000,,,,,,DTSA+LS,N=40,C1,1583,6,0,True
ta12,20,15,300,DTSA,11,1552,300040,300000,1250,6.911,,,,,40,0.5,6,6,-5.0,5.0,dcdfb68,2026-07-23T20:28:58,1.0,300000,,,,,,DTSA-core,N=40,C1,1552,0,0,True
ta12,20,15,300,DTSA,11,1552,300040,300000,1250,6.911,,,,,40,0.5,6,6,-5.0,5.0,dcdfb68,2026-07-23T20:28:58,1.0,300000,,,,,,DTSA+LS,N=40,C1,1552,6,0,True
ta12,20,15,300,DTSA,12,1531,300040,300000,1250,7.133,,,,,40,0.5,6,6,-5.0,5.0,dcdfb68,2026-07-23T20:28:58,1.0,300000,,,,,,DTSA-core,N=40,C1,1531,0,0,True
ta12,20,15,300,DTSA,12,1531,300040,300000,1250,7.133,,,,,40,0.5,6,6,-5.0,5.0,dcdfb68,2026-07-23T20:28:58,1.0,300000,,,,,,DTSA+LS,N=40,C1,1531,8,0,True
ta12,20,15,300,DTSA,13,1550,300040,300000,1250,6.875,,,,,40,0.5,6,6,-5.0,5.0,dcdfb68,2026-07-23T20:28:58,1.0,300000,,,,,,DTSA-core,N=40,C1,1550,0,0,True
ta12,20,15,300,DTSA,13,1549,300040,300000,1250,6.875,,,,,40,0.5,6,6,-5.0,5.0,dcdfb68,2026-07-23T20:28:58,1.0,300000,,,,,,DTSA+LS,N=40,C1,1550,8,1,True
ta12,20,15,300,DTSA,14,1553,300040,300000,1250,6.798,,,,,40,0.5,6,6,-5.0,5.0,dcdfb68,2026-07-23T20:28:58,1.0,300000,,,,,,DTSA-core,N=40,C1,1553,0,0,True
ta12,20,15,300,DTSA,14,1553,300040,300000,1250,6.798,,,,,40,0.5,6,6,-5.0,5.0,dcdfb68,2026-07-23T20:28:58,1.0,300000,,,,,,DTSA+LS,N=40,C1,1553,7,0,True
ta12,20,15,300,DTSA,15,1590,300040,300000,1250,7.302,,,,,40,0.5,6,6,-5.0,5.0,dcdfb68,2026-07-23T20:28:58,1.0,300000,,,,,,DTSA-core,N=40,C1,1590,0,0,True
ta12,20,15,300,DTSA,15,1590,300040,300000,1250,7.302,,,,,40,0.5,6,6,-5.0,5.0,dcdfb68,2026-07-23T20:28:58,1.0,300000,,,,,,DTSA+LS,N=40,C1,1590,8,0,True
ta12,20,15,300,DTSA,16,1668,300040,300000,1250,6.102,,,,,40,0.5,6,6,-5.0,5.0,dcdfb68,2026-07-23T20:29:04,1.0,300000,,,,,,DTSA-core,N=40,C1,1668,0,0,True
ta12,20,15,300,DTSA,16,1668,300040,300000,1250,6.102,,,,,40,0.5,6,6,-5.0,5.0,dcdfb68,2026-07-23T20:29:04,1.0,300000,,,,,,DTSA+LS,N=40,C1,1668,10,0,True
ta12,20,15,300,DTSA,17,1563,300040,300000,1250,6.074,,,,,40,0.5,6,6,-5.0,5.0,dcdfb68,2026-07-23T20:29:04,1.0,300000,,,,,,DTSA-core,N=40,C1,1563,0,0,True
ta12,20,15,300,DTSA,17,1563,300040,300000,1250,6.074,,,,,40,0.5,6,6,-5.0,5.0,dcdfb68,2026-07-23T20:29:04,1.0,300000,,,,,,DTSA+LS,N=40,C1,1563,8,0,True
ta12,20,15,300,DTSA,18,1492,300040,300000,1250,6.093,,,,,40,0.5,6,6,-5.0,5.0,dcdfb68,2026-07-23T20:29:04,1.0,300000,,,,,,DTSA-core,N=40,C1,1492,0,0,True
ta12,20,15,300,DTSA,18,1492,300040,300000,1250,6.093,,,,,40,0.5,6,6,-5.0,5.0,dcdfb68,2026-07-23T20:29:04,1.0,300000,,,,,,DTSA+LS,N=40,C1,1492,10,0,True
ta12,20,15,300,DTSA,19,1599,300040,300000,1250,6.094,,,,,40,0.5,6,6,-5.0,5.0,dcdfb68,2026-07-23T20:29:04,1.0,300000,,,,,,DTSA-core,N=40,C1,1599,0,0,True
ta12,20,15,300,DTSA,19,1599,300040,300000,1250,6.094,,,,,40,0.5,6,6,-5.0,5.0,dcdfb68,2026-07-23T20:29:04,1.0,300000,,,,,,DTSA+LS,N=40,C1,1599,8,0,True
ta13,20,15,300,DTSA,0,1565,300040,300000,1250,7.023,,,,,40,0.5,6,6,-5.0,5.0,dcdfb68,2026-07-23T20:29:11,1.0,300000,,,,,,DTSA-core,N=40,C1,1565,0,0,True
ta13,20,15,300,DTSA,0,1565,300040,300000,1250,7.023,,,,,40,0.5,6,6,-5.0,5.0,dcdfb68,2026-07-23T20:29:11,1.0,300000,,,,,,DTSA+LS,N=40,C1,1565,10,0,True
ta13,20,15,300,DTSA,1,1613,300040,300000,1250,7.253,,,,,40,0.5,6,6,-5.0,5.0,dcdfb68,2026-07-23T20:29:11,1.0,300000,,,,,,DTSA-core,N=40,C1,1613,0,0,True
ta13,20,15,300,DTSA,1,1613,300040,300000,1250,7.253,,,,,40,0.5,6,6,-5.0,5.0,dcdfb68,2026-07-23T20:29:11,1.0,300000,,,,,,DTSA+LS,N=40,C1,1613,13,0,True
ta13,20,15,300,DTSA,2,1579,300040,300000,1250,7.217,,,,,40,0.5,6,6,-5.0,5.0,dcdfb68,2026-07-23T20:29:11,1.0,300000,,,,,,DTSA-core,N=40,C1,1579,0,0,True
ta13,20,15,300,DTSA,2,1579,300040,300000,1250,7.217,,,,,40,0.5,6,6,-5.0,5.0,dcdfb68,2026-07-23T20:29:11,1.0,300000,,,,,,DTSA+LS,N=40,C1,1579,6,0,True
ta13,20,15,300,DTSA,3,1599,300040,300000,1250,7.544,,,,,40,0.5,6,6,-5.0,5.0,dcdfb68,2026-07-23T20:29:12,1.0,300000,,,,,,DTSA-core,N=40,C1,1599,0,0,True
ta13,20,15,300,DTSA,3,1599,300040,300000,1250,7.544,,,,,40,0.5,6,6,-5.0,5.0,dcdfb68,2026-07-23T20:29:12,1.0,300000,,,,,,DTSA+LS,N=40,C1,1599,6,0,True
ta13,20,15,300,DTSA,4,1624,300040,300000,1250,7.335,,,,,40,0.5,6,6,-5.0,5.0,dcdfb68,2026-07-23T20:29:11,1.0,300000,,,,,,DTSA-core,N=40,C1,1624,0,0,True
ta13,20,15,300,DTSA,4,1624,300040,300000,1250,7.335,,,,,40,0.5,6,6,-5.0,5.0,dcdfb68,2026-07-23T20:29:11,1.0,300000,,,,,,DTSA+LS,N=40,C1,1624,10,0,True
ta13,20,15,300,DTSA,5,1573,300040,300000,1250,7.193,,,,,40,0.5,6,6,-5.0,5.0,dcdfb68,2026-07-23T20:29:11,1.0,300000,,,,,,DTSA-core,N=40,C1,1573,0,0,True
ta13,20,15,300,DTSA,5,1573,300040,300000,1250,7.193,,,,,40,0.5,6,6,-5.0,5.0,dcdfb68,2026-07-23T20:29:11,1.0,300000,,,,,,DTSA+LS,N=40,C1,1573,7,0,True
ta13,20,15,300,DTSA,6,1560,300040,300000,1250,7.316,,,,,40,0.5,6,6,-5.0,5.0,dcdfb68,2026-07-23T20:29:11,1.0,300000,,,,,,DTSA-core,N=40,C1,1560,0,0,True
ta13,20,15,300,DTSA,6,1560,300040,300000,1250,7.316,,,,,40,0.5,6,6,-5.0,5.0,dcdfb68,2026-07-23T20:29:11,1.0,300000,,,,,,DTSA+LS,N=40,C1,1560,10,0,True
ta13,20,15,300,DTSA,7,1582,300040,300000,1250,7.273,,,,,40,0.5,6,6,-5.0,5.0,dcdfb68,2026-07-23T20:29:11,1.0,300000,,,,,,DTSA-core,N=40,C1,1582,0,0,True
ta13,20,15,300,DTSA,7,1582,300040,300000,1250,7.273,,,,,40,0.5,6,6,-5.0,5.0,dcdfb68,2026-07-23T20:29:11,1.0,300000,,,,,,DTSA+LS,N=40,C1,1582,11,0,True
ta13,20,15,300,DTSA,8,1563,300040,300000,1250,6.768,,,,,40,0.5,6,6,-5.0,5.0,dcdfb68,2026-07-23T20:29:18,1.0,300000,,,,,,DTSA-core,N=40,C1,1563,0,0,True
ta13,20,15,300,DTSA,8,1563,300040,300000,1250,6.768,,,,,40,0.5,6,6,-5.0,5.0,dcdfb68,2026-07-23T20:29:18,1.0,300000,,,,,,DTSA+LS,N=40,C1,1563,8,0,True
ta13,20,15,300,DTSA,9,1641,300040,300000,1250,7.003,,,,,40,0.5,6,6,-5.0,5.0,dcdfb68,2026-07-23T20:29:18,1.0,300000,,,,,,DTSA-core,N=40,C1,1641,0,0,True
ta13,20,15,300,DTSA,9,1641,300040,300000,1250,7.003,,,,,40,0.5,6,6,-5.0,5.0,dcdfb68,2026-07-23T20:29:18,1.0,300000,,,,,,DTSA+LS,N=40,C1,1641,8,0,True
ta13,20,15,300,DTSA,10,1621,300040,300000,1250,6.922,,,,,40,0.5,6,6,-5.0,5.0,dcdfb68,2026-07-23T20:29:18,1.0,300000,,,,,,DTSA-core,N=40,C1,1621,0,0,True
ta13,20,15,300,DTSA,10,1621,300040,300000,1250,6.922,,,,,40,0.5,6,6,-5.0,5.0,dcdfb68,2026-07-23T20:29:18,1.0,300000,,,,,,DTSA+LS,N=40,C1,1621,9,0,True
ta13,20,15,300,DTSA,11,1604,300040,300000,1250,6.857,,,,,40,0.5,6,6,-5.0,5.0,dcdfb68,2026-07-23T20:29:18,1.0,300000,,,,,,DTSA-core,N=40,C1,1604,0,0,True
ta13,20,15,300,DTSA,11,1604,300040,300000,1250,6.857,,,,,40,0.5,6,6,-5.0,5.0,dcdfb68,2026-07-23T20:29:18,1.0,300000,,,,,,DTSA+LS,N=40,C1,1604,6,0,True
ta13,20,15,300,DTSA,12,1572,300040,300000,1250,6.802,,,,,40,0.5,6,6,-5.0,5.0,dcdfb68,2026-07-23T20:29:18,1.0,300000,,,,,,DTSA-core,N=40,C1,1572,0,0,True
ta13,20,15,300,DTSA,12,1572,300040,300000,1250,6.802,,,,,40,0.5,6,6,-5.0,5.0,dcdfb68,2026-07-23T20:29:18,1.0,300000,,,,,,DTSA+LS,N=40,C1,1572,10,0,True
ta13,20,15,300,DTSA,13,1527,300040,300000,1250,6.882,,,,,40,0.5,6,6,-5.0,5.0,dcdfb68,2026-07-23T20:29:18,1.0,300000,,,,,,DTSA-core,N=40,C1,1527,0,0,True
ta13,20,15,300,DTSA,13,1527,300040,300000,1250,6.882,,,,,40,0.5,6,6,-5.0,5.0,dcdfb68,2026-07-23T20:29:18,1.0,300000,,,,,,DTSA+LS,N=40,C1,1527,8,0,True
ta13,20,15,300,DTSA,14,1522,300040,300000,1250,6.784,,,,,40,0.5,6,6,-5.0,5.0,dcdfb68,2026-07-23T20:29:18,1.0,300000,,,,,,DTSA-core,N=40,C1,1522,0,0,True
ta13,20,15,300,DTSA,14,1522,300040,300000,1250,6.784,,,,,40,0.5,6,6,-5.0,5.0,dcdfb68,2026-07-23T20:29:18,1.0,300000,,,,,,DTSA+LS,N=40,C1,1522,7,0,True
ta13,20,15,300,DTSA,15,1558,300040,300000,1250,6.891,,,,,40,0.5,6,6,-5.0,5.0,dcdfb68,2026-07-23T20:29:18,1.0,300000,,,,,,DTSA-core,N=40,C1,1558,0,0,True
ta13,20,15,300,DTSA,15,1558,300040,300000,1250,6.891,,,,,40,0.5,6,6,-5.0,5.0,dcdfb68,2026-07-23T20:29:18,1.0,300000,,,,,,DTSA+LS,N=40,C1,1558,10,0,True
ta13,20,15,300,DTSA,16,1593,300040,300000,1250,6.088,,,,,40,0.5,6,6,-5.0,5.0,dcdfb68,2026-07-23T20:29:24,1.0,300000,,,,,,DTSA-core,N=40,C1,1593,0,0,True
ta13,20,15,300,DTSA,16,1593,300040,300000,1250,6.088,,,,,40,0.5,6,6,-5.0,5.0,dcdfb68,2026-07-23T20:29:24,1.0,300000,,,,,,DTSA+LS,N=40,C1,1593,9,0,True
ta13,20,15,300,DTSA,17,1617,300040,300000,1250,6.186,,,,,40,0.5,6,6,-5.0,5.0,dcdfb68,2026-07-23T20:29:24,1.0,300000,,,,,,DTSA-core,N=40,C1,1617,0,0,True
ta13,20,15,300,DTSA,17,1617,300040,300000,1250,6.186,,,,,40,0.5,6,6,-5.0,5.0,dcdfb68,2026-07-23T20:29:24,1.0,300000,,,,,,DTSA+LS,N=40,C1,1617,6,0,True
ta13,20,15,300,DTSA,18,1614,300040,300000,1250,6.106,,,,,40,0.5,6,6,-5.0,5.0,dcdfb68,2026-07-23T20:29:24,1.0,300000,,,,,,DTSA-core,N=40,C1,1614,0,0,True
ta13,20,15,300,DTSA,18,1614,300040,300000,1250,6.106,,,,,40,0.5,6,6,-5.0,5.0,dcdfb68,2026-07-23T20:29:24,1.0,300000,,,,,,DTSA+LS,N=40,C1,1614,8,0,True
ta13,20,15,300,DTSA,19,1632,300040,300000,1250,6.174,,,,,40,0.5,6,6,-5.0,5.0,dcdfb68,2026-07-23T20:29:24,1.0,300000,,,,,,DTSA-core,N=40,C1,1632,0,0,True
ta13,20,15,300,DTSA,19,1632,300040,300000,1250,6.174,,,,,40,0.5,6,6,-5.0,5.0,dcdfb68,2026-07-23T20:29:24,1.0,300000,,,,,,DTSA+LS,N=40,C1,1632,8,0,True
ta14,20,15,300,DTSA,0,1516,300040,300000,1250,7.221,,,,,40,0.5,6,6,-5.0,5.0,dcdfb68,2026-07-23T20:29:32,1.0,300000,,,,,,DTSA-core,N=40,C1,1516,0,0,True
ta14,20,15,300,DTSA,0,1516,300040,300000,1250,7.221,,,,,40,0.5,6,6,-5.0,5.0,dcdfb68,2026-07-23T20:29:32,1.0,300000,,,,,,DTSA+LS,N=40,C1,1516,10,0,True
ta14,20,15,300,DTSA,1,1505,300040,300000,1250,7.219,,,,,40,0.5,6,6,-5.0,5.0,dcdfb68,2026-07-23T20:29:32,1.0,300000,,,,,,DTSA-core,N=40,C1,1505,0,0,True
ta14,20,15,300,DTSA,1,1505,300040,300000,1250,7.219,,,,,40,0.5,6,6,-5.0,5.0,dcdfb68,2026-07-23T20:29:32,1.0,300000,,,,,,DTSA+LS,N=40,C1,1505,8,0,True
ta14,20,15,300,DTSA,2,1480,300040,300000,1250,7.555,,,,,40,0.5,6,6,-5.0,5.0,dcdfb68,2026-07-23T20:29:32,1.0,300000,,,,,,DTSA-core,N=40,C1,1480,0,0,True
ta14,20,15,300,DTSA,2,1480,300040,300000,1250,7.555,,,,,40,0.5,6,6,-5.0,5.0,dcdfb68,2026-07-23T20:29:32,1.0,300000,,,,,,DTSA+LS,N=40,C1,1480,8,0,True
ta14,20,15,300,DTSA,3,1608,300040,300000,1250,7.36,,,,,40,0.5,6,6,-5.0,5.0,dcdfb68,2026-07-23T20:29:32,1.0,300000,,,,,,DTSA-core,N=40,C1,1608,0,0,True
ta14,20,15,300,DTSA,3,1608,300040,300000,1250,7.36,,,,,40,0.5,6,6,-5.0,5.0,dcdfb68,2026-07-23T20:29:32,1.0,300000,,,,,,DTSA+LS,N=40,C1,1608,7,0,True
ta14,20,15,300,DTSA,4,1514,300040,300000,1250,7.216,,,,,40,0.5,6,6,-5.0,5.0,dcdfb68,2026-07-23T20:29:32,1.0,300000,,,,,,DTSA-core,N=40,C1,1514,0,0,True
ta14,20,15,300,DTSA,4,1514,300040,300000,1250,7.216,,,,,40,0.5,6,6,-5.0,5.0,dcdfb68,2026-07-23T20:29:32,1.0,300000,,,,,,DTSA+LS,N=40,C1,1514,8,0,True
ta14,20,15,300,DTSA,5,1555,300040,300000,1250,6.909,,,,,40,0.5,6,6,-5.0,5.0,dcdfb68,2026-07-23T20:29:31,1.0,300000,,,,,,DTSA-core,N=40,C1,1555,0,0,True
ta14,20,15,300,DTSA,5,1555,300040,300000,1250,6.909,,,,,40,0.5,6,6,-5.0,5.0,dcdfb68,2026-07-23T20:29:31,1.0,300000,,,,,,DTSA+LS,N=40,C1,1555,9,0,True
ta14,20,15,300,DTSA,6,1581,300040,300000,1250,7.294,,,,,40,0.5,6,6,-5.0,5.0,dcdfb68,2026-07-23T20:29:32,1.0,300000,,,,,,DTSA-core,N=40,C1,1581,0,0,True
ta14,20,15,300,DTSA,6,1581,300040,300000,1250,7.294,,,,,40,0.5,6,6,-5.0,5.0,dcdfb68,2026-07-23T20:29:32,1.0,300000,,,,,,DTSA+LS,N=40,C1,1581,6,0,True
ta14,20,15,300,DTSA,7,1504,300040,300000,1250,6.955,,,,,40,0.5,6,6,-5.0,5.0,dcdfb68,2026-07-23T20:29:31,1.0,300000,,,,,,DTSA-core,N=40,C1,1504,0,0,True
ta14,20,15,300,DTSA,7,1504,300040,300000,1250,6.955,,,,,40,0.5,6,6,-5.0,5.0,dcdfb68,2026-07-23T20:29:31,1.0,300000,,,,,,DTSA+LS,N=40,C1,1504,7,0,True
ta14,20,15,300,DTSA,8,1554,300040,300000,1250,6.975,,,,,40,0.5,6,6,-5.0,5.0,dcdfb68,2026-07-23T20:29:38,1.0,300000,,,,,,DTSA-core,N=40,C1,1554,0,0,True
ta14,20,15,300,DTSA,8,1554,300040,300000,1250,6.975,,,,,40,0.5,6,6,-5.0,5.0,dcdfb68,2026-07-23T20:29:38,1.0,300000,,,,,,DTSA+LS,N=40,C1,1554,6,0,True
ta14,20,15,300,DTSA,9,1541,300040,300000,1250,7.089,,,,,40,0.5,6,6,-5.0,5.0,dcdfb68,2026-07-23T20:29:38,1.0,300000,,,,,,DTSA-core,N=40,C1,1541,0,0,True
ta14,20,15,300,DTSA,9,1541,300040,300000,1250,7.089,,,,,40,0.5,6,6,-5.0,5.0,dcdfb68,2026-07-23T20:29:38,1.0,300000,,,,,,DTSA+LS,N=40,C1,1541,8,0,True
ta14,20,15,300,DTSA,10,1612,300040,300000,1250,7.282,,,,,40,0.5,6,6,-5.0,5.0,dcdfb68,2026-07-23T20:29:39,1.0,300000,,,,,,DTSA-core,N=40,C1,1612,0,0,True
ta14,20,15,300,DTSA,10,1612,300040,300000,1250,7.282,,,,,40,0.5,6,6,-5.0,5.0,dcdfb68,2026-07-23T20:29:39,1.0,300000,,,,,,DTSA+LS,N=40,C1,1612,5,0,True
ta14,20,15,300,DTSA,11,1574,300040,300000,1250,6.861,,,,,40,0.5,6,6,-5.0,5.0,dcdfb68,2026-07-23T20:29:39,1.0,300000,,,,,,DTSA-core,N=40,C1,1574,0,0,True
ta14,20,15,300,DTSA,11,1574,300040,300000,1250,6.861,,,,,40,0.5,6,6,-5.0,5.0,dcdfb68,2026-07-23T20:29:39,1.0,300000,,,,,,DTSA+LS,N=40,C1,1574,6,0,True
ta14,20,15,300,DTSA,12,1476,300040,300000,1250,7.214,,,,,40,0.5,6,6,-5.0,5.0,dcdfb68,2026-07-23T20:29:39,1.0,300000,,,,,,DTSA-core,N=40,C1,1476,0,0,True
ta14,20,15,300,DTSA,12,1476,300040,300000,1250,7.214,,,,,40,0.5,6,6,-5.0,5.0,dcdfb68,2026-07-23T20:29:39,1.0,300000,,,,,,DTSA+LS,N=40,C1,1476,8,0,True
ta14,20,15,300,DTSA,13,1498,300040,300000,1250,6.972,,,,,40,0.5,6,6,-5.0,5.0,dcdfb68,2026-07-23T20:29:39,1.0,300000,,,,,,DTSA-core,N=40,C1,1498,0,0,True
ta14,20,15,300,DTSA,13,1498,300040,300000,1250,6.972,,,,,40,0.5,6,6,-5.0,5.0,dcdfb68,2026-07-23T20:29:39,1.0,300000,,,,,,DTSA+LS,N=40,C1,1498,5,0,True
ta14,20,15,300,DTSA,14,1540,300040,300000,1250,7.267,,,,,40,0.5,6,6,-5.0,5.0,dcdfb68,2026-07-23T20:29:39,1.0,300000,,,,,,DTSA-core,N=40,C1,1540,0,0,True
ta14,20,15,300,DTSA,14,1540,300040,300000,1250,7.267,,,,,40,0.5,6,6,-5.0,5.0,dcdfb68,2026-07-23T20:29:39,1.0,300000,,,,,,DTSA+LS,N=40,C1,1540,5,0,True
ta14,20,15,300,DTSA,15,1548,300040,300000,1250,6.799,,,,,40,0.5,6,6,-5.0,5.0,dcdfb68,2026-07-23T20:29:39,1.0,300000,,,,,,DTSA-core,N=40,C1,1548,0,0,True
ta14,20,15,300,DTSA,15,1548,300040,300000,1250,6.799,,,,,40,0.5,6,6,-5.0,5.0,dcdfb68,2026-07-23T20:29:39,1.0,300000,,,,,,DTSA+LS,N=40,C1,1548,8,0,True
ta14,20,15,300,DTSA,16,1487,300040,300000,1250,6.484,,,,,40,0.5,6,6,-5.0,5.0,dcdfb68,2026-07-23T20:29:45,1.0,300000,,,,,,DTSA-core,N=40,C1,1487,0,0,True
ta14,20,15,300,DTSA,16,1487,300040,300000,1250,6.484,,,,,40,0.5,6,6,-5.0,5.0,dcdfb68,2026-07-23T20:29:45,1.0,300000,,,,,,DTSA+LS,N=40,C1,1487,7,0,True
ta14,20,15,300,DTSA,17,1518,300040,300000,1250,6.233,,,,,40,0.5,6,6,-5.0,5.0,dcdfb68,2026-07-23T20:29:45,1.0,300000,,,,,,DTSA-core,N=40,C1,1518,0,0,True
ta14,20,15,300,DTSA,17,1518,300040,300000,1250,6.233,,,,,40,0.5,6,6,-5.0,5.0,dcdfb68,2026-07-23T20:29:45,1.0,300000,,,,,,DTSA+LS,N=40,C1,1518,8,0,True
ta14,20,15,300,DTSA,18,1566,300040,300000,1250,6.135,,,,,40,0.5,6,6,-5.0,5.0,dcdfb68,2026-07-23T20:29:45,1.0,300000,,,,,,DTSA-core,N=40,C1,1566,0,0,True
ta14,20,15,300,DTSA,18,1566,300040,300000,1250,6.135,,,,,40,0.5,6,6,-5.0,5.0,dcdfb68,2026-07-23T20:29:45,1.0,300000,,,,,,DTSA+LS,N=40,C1,1566,8,0,True
ta14,20,15,300,DTSA,19,1620,300040,300000,1250,6.418,,,,,40,0.5,6,6,-5.0,5.0,dcdfb68,2026-07-23T20:29:45,1.0,300000,,,,,,DTSA-core,N=40,C1,1620,0,0,True
ta14,20,15,300,DTSA,19,1620,300040,300000,1250,6.418,,,,,40,0.5,6,6,-5.0,5.0,dcdfb68,2026-07-23T20:29:45,1.0,300000,,,,,,DTSA+LS,N=40,C1,1620,7,0,True
ta15,20,15,300,DTSA,0,1555,300040,300000,1250,7.784,,,,,40,0.5,6,6,-5.0,5.0,dcdfb68,2026-07-23T20:29:53,1.0,300000,,,,,,DTSA-core,N=40,C1,1555,0,0,True
ta15,20,15,300,DTSA,0,1555,300040,300000,1250,7.784,,,,,40,0.5,6,6,-5.0,5.0,dcdfb68,2026-07-23T20:29:53,1.0,300000,,,,,,DTSA+LS,N=40,C1,1555,8,0,True
ta15,20,15,300,DTSA,1,1601,300040,300000,1250,7.144,,,,,40,0.5,6,6,-5.0,5.0,dcdfb68,2026-07-23T20:29:52,1.0,300000,,,,,,DTSA-core,N=40,C1,1601,0,0,True
ta15,20,15,300,DTSA,1,1601,300040,300000,1250,7.144,,,,,40,0.5,6,6,-5.0,5.0,dcdfb68,2026-07-23T20:29:52,1.0,300000,,,,,,DTSA+LS,N=40,C1,1601,8,0,True
ta15,20,15,300,DTSA,2,1610,300040,300000,1250,7.293,,,,,40,0.5,6,6,-5.0,5.0,dcdfb68,2026-07-23T20:29:52,1.0,300000,,,,,,DTSA-core,N=40,C1,1610,0,0,True
ta15,20,15,300,DTSA,2,1610,300040,300000,1250,7.293,,,,,40,0.5,6,6,-5.0,5.0,dcdfb68,2026-07-23T20:29:52,1.0,300000,,,,,,DTSA+LS,N=40,C1,1610,12,0,True
ta15,20,15,300,DTSA,3,1549,300040,300000,1250,7.307,,,,,40,0.5,6,6,-5.0,5.0,dcdfb68,2026-07-23T20:29:52,1.0,300000,,,,,,DTSA-core,N=40,C1,1549,0,0,True
ta15,20,15,300,DTSA,3,1549,300040,300000,1250,7.307,,,,,40,0.5,6,6,-5.0,5.0,dcdfb68,2026-07-23T20:29:52,1.0,300000,,,,,,DTSA+LS,N=40,C1,1549,6,0,True
ta15,20,15,300,DTSA,4,1603,300040,300000,1250,7.073,,,,,40,0.5,6,6,-5.0,5.0,dcdfb68,2026-07-23T20:29:52,1.0,300000,,,,,,DTSA-core,N=40,C1,1603,0,0,True
ta15,20,15,300,DTSA,4,1603,300040,300000,1250,7.073,,,,,40,0.5,6,6,-5.0,5.0,dcdfb68,2026-07-23T20:29:52,1.0,300000,,,,,,DTSA+LS,N=40,C1,1603,6,0,True
ta15,20,15,300,DTSA,5,1567,300040,300000,1250,7.103,,,,,40,0.5,6,6,-5.0,5.0,dcdfb68,2026-07-23T20:29:52,1.0,300000,,,,,,DTSA-core,N=40,C1,1567,0,0,True
ta15,20,15,300,DTSA,5,1567,300040,300000,1250,7.103,,,,,40,0.5,6,6,-5.0,5.0,dcdfb68,2026-07-23T20:29:52,1.0,300000,,,,,,DTSA+LS,N=40,C1,1567,10,0,True
ta15,20,15,300,DTSA,6,1589,300040,300000,1250,7.363,,,,,40,0.5,6,6,-5.0,5.0,dcdfb68,2026-07-23T20:29:53,1.0,300000,,,,,,DTSA-core,N=40,C1,1589,0,0,True
ta15,20,15,300,DTSA,6,1589,300040,300000,1250,7.363,,,,,40,0.5,6,6,-5.0,5.0,dcdfb68,2026-07-23T20:29:53,1.0,300000,,,,,,DTSA+LS,N=40,C1,1589,5,0,True
ta15,20,15,300,DTSA,7,1708,300040,300000,1250,7.397,,,,,40,0.5,6,6,-5.0,5.0,dcdfb68,2026-07-23T20:29:53,1.0,300000,,,,,,DTSA-core,N=40,C1,1708,0,0,True
ta15,20,15,300,DTSA,7,1708,300040,300000,1250,7.397,,,,,40,0.5,6,6,-5.0,5.0,dcdfb68,2026-07-23T20:29:53,1.0,300000,,,,,,DTSA+LS,N=40,C1,1708,5,0,True
ta15,20,15,300,DTSA,8,1554,300040,300000,1250,6.985,,,,,40,0.5,6,6,-5.0,5.0,dcdfb68,2026-07-23T20:29:59,1.0,300000,,,,,,DTSA-core,N=40,C1,1554,0,0,True
ta15,20,15,300,DTSA,8,1554,300040,300000,1250,6.985,,,,,40,0.5,6,6,-5.0,5.0,dcdfb68,2026-07-23T20:29:59,1.0,300000,,,,,,DTSA+LS,N=40,C1,1554,6,0,True
ta15,20,15,300,DTSA,9,1523,300040,300000,1250,7.227,,,,,40,0.5,6,6,-5.0,5.0,dcdfb68,2026-07-23T20:30:00,1.0,300000,,,,,,DTSA-core,N=40,C1,1523,0,0,True
ta15,20,15,300,DTSA,9,1523,300040,300000,1250,7.227,,,,,40,0.5,6,6,-5.0,5.0,dcdfb68,2026-07-23T20:30:00,1.0,300000,,,,,,DTSA+LS,N=40,C1,1523,8,0,True
ta15,20,15,300,DTSA,10,1598,300040,300000,1250,7.263,,,,,40,0.5,6,6,-5.0,5.0,dcdfb68,2026-07-23T20:30:00,1.0,300000,,,,,,DTSA-core,N=40,C1,1598,0,0,True
ta15,20,15,300,DTSA,10,1598,300040,300000,1250,7.263,,,,,40,0.5,6,6,-5.0,5.0,dcdfb68,2026-07-23T20:30:00,1.0,300000,,,,,,DTSA+LS,N=40,C1,1598,9,0,True
ta15,20,15,300,DTSA,11,1592,300040,300000,1250,7.179,,,,,40,0.5,6,6,-5.0,5.0,dcdfb68,2026-07-23T20:30:00,1.0,300000,,,,,,DTSA-core,N=40,C1,1592,0,0,True
ta15,20,15,300,DTSA,11,1592,300040,300000,1250,7.179,,,,,40,0.5,6,6,-5.0,5.0,dcdfb68,2026-07-23T20:30:00,1.0,300000,,,,,,DTSA+LS,N=40,C1,1592,8,0,True
ta15,20,15,300,DTSA,12,1596,300040,300000,1250,7.589,,,,,40,0.5,6,6,-5.0,5.0,dcdfb68,2026-07-23T20:30:00,1.0,300000,,,,,,DTSA-core,N=40,C1,1596,0,0,True
ta15,20,15,300,DTSA,12,1596,300040,300000,1250,7.589,,,,,40,0.5,6,6,-5.0,5.0,dcdfb68,2026-07-23T20:30:00,1.0,300000,,,,,,DTSA+LS,N=40,C1,1596,7,0,True
ta15,20,15,300,DTSA,13,1576,300040,300000,1250,7.18,,,,,40,0.5,6,6,-5.0,5.0,dcdfb68,2026-07-23T20:30:00,1.0,300000,,,,,,DTSA-core,N=40,C1,1576,0,0,True
ta15,20,15,300,DTSA,13,1576,300040,300000,1250,7.18,,,,,40,0.5,6,6,-5.0,5.0,dcdfb68,2026-07-23T20:30:00,1.0,300000,,,,,,DTSA+LS,N=40,C1,1576,9,0,True
ta15,20,15,300,DTSA,14,1602,300040,300000,1250,7.28,,,,,40,0.5,6,6,-5.0,5.0,dcdfb68,2026-07-23T20:30:00,1.0,300000,,,,,,DTSA-core,N=40,C1,1602,0,0,True
ta15,20,15,300,DTSA,14,1602,300040,300000,1250,7.28,,,,,40,0.5,6,6,-5.0,5.0,dcdfb68,2026-07-23T20:30:00,1.0,300000,,,,,,DTSA+LS,N=40,C1,1602,8,0,True
ta15,20,15,300,DTSA,15,1557,300040,300000,1250,7.353,,,,,40,0.5,6,6,-5.0,5.0,dcdfb68,2026-07-23T20:30:00,1.0,300000,,,,,,DTSA-core,N=40,C1,1557,0,0,True
ta15,20,15,300,DTSA,15,1557,300040,300000,1250,7.353,,,,,40,0.5,6,6,-5.0,5.0,dcdfb68,2026-07-23T20:30:00,1.0,300000,,,,,,DTSA+LS,N=40,C1,1557,8,0,True
ta15,20,15,300,DTSA,16,1543,300040,300000,1250,6.234,,,,,40,0.5,6,6,-5.0,5.0,dcdfb68,2026-07-23T20:30:06,1.0,300000,,,,,,DTSA-core,N=40,C1,1543,0,0,True
ta15,20,15,300,DTSA,16,1543,300040,300000,1250,6.234,,,,,40,0.5,6,6,-5.0,5.0,dcdfb68,2026-07-23T20:30:06,1.0,300000,,,,,,DTSA+LS,N=40,C1,1543,7,0,True
ta15,20,15,300,DTSA,17,1559,300040,300000,1250,6.206,,,,,40,0.5,6,6,-5.0,5.0,dcdfb68,2026-07-23T20:30:06,1.0,300000,,,,,,DTSA-core,N=40,C1,1559,0,0,True
ta15,20,15,300,DTSA,17,1559,300040,300000,1250,6.206,,,,,40,0.5,6,6,-5.0,5.0,dcdfb68,2026-07-23T20:30:06,1.0,300000,,,,,,DTSA+LS,N=40,C1,1559,8,0,True
ta15,20,15,300,DTSA,18,1549,300040,300000,1250,6.082,,,,,40,0.5,6,6,-5.0,5.0,dcdfb68,2026-07-23T20:30:06,1.0,300000,,,,,,DTSA-core,N=40,C1,1549,0,0,True
ta15,20,15,300,DTSA,18,1549,300040,300000,1250,6.082,,,,,40,0.5,6,6,-5.0,5.0,dcdfb68,2026-07-23T20:30:06,1.0,300000,,,,,,DTSA+LS,N=40,C1,1549,7,0,True
ta15,20,15,300,DTSA,19,1578,300040,300000,1250,6.201,,,,,40,0.5,6,6,-5.0,5.0,dcdfb68,2026-07-23T20:30:06,1.0,300000,,,,,,DTSA-core,N=40,C1,1578,0,0,True
ta15,20,15,300,DTSA,19,1578,300040,300000,1250,6.201,,,,,40,0.5,6,6,-5.0,5.0,dcdfb68,2026-07-23T20:30:06,1.0,300000,,,,,,DTSA+LS,N=40,C1,1578,7,0,True
ta21,20,20,400,DTSA,0,1935,400120,400000,1667,11.601,,,,,40,0.5,6,6,-5.0,5.0,dcdfb68,2026-07-23T20:30:18,1.0,400080,,,,,,DTSA-core,N=40,C1,1935,0,0,True
ta21,20,20,400,DTSA,0,1935,400120,400000,1667,11.601,,,,,40,0.5,6,6,-5.0,5.0,dcdfb68,2026-07-23T20:30:18,1.0,400080,,,,,,DTSA+LS,N=40,C1,1935,12,0,True
ta21,20,20,400,DTSA,1,1920,400120,400000,1667,11.36,,,,,40,0.5,6,6,-5.0,5.0,dcdfb68,2026-07-23T20:30:17,1.0,400080,,,,,,DTSA-core,N=40,C1,1920,0,0,True
ta21,20,20,400,DTSA,1,1920,400120,400000,1667,11.36,,,,,40,0.5,6,6,-5.0,5.0,dcdfb68,2026-07-23T20:30:17,1.0,400080,,,,,,DTSA+LS,N=40,C1,1920,9,0,True
ta21,20,20,400,DTSA,2,1920,400120,400000,1667,11.632,,,,,40,0.5,6,6,-5.0,5.0,dcdfb68,2026-07-23T20:30:18,1.0,400080,,,,,,DTSA-core,N=40,C1,1920,0,0,True
ta21,20,20,400,DTSA,2,1920,400120,400000,1667,11.632,,,,,40,0.5,6,6,-5.0,5.0,dcdfb68,2026-07-23T20:30:18,1.0,400080,,,,,,DTSA+LS,N=40,C1,1920,8,0,True
ta21,20,20,400,DTSA,3,1898,400120,400000,1667,11.775,,,,,40,0.5,6,6,-5.0,5.0,dcdfb68,2026-07-23T20:30:18,1.0,400080,,,,,,DTSA-core,N=40,C1,1898,0,0,True
ta21,20,20,400,DTSA,3,1898,400120,400000,1667,11.775,,,,,40,0.5,6,6,-5.0,5.0,dcdfb68,2026-07-23T20:30:18,1.0,400080,,,,,,DTSA+LS,N=40,C1,1898,10,0,True
ta21,20,20,400,DTSA,4,1967,400120,400000,1667,11.551,,,,,40,0.5,6,6,-5.0,5.0,dcdfb68,2026-07-23T20:30:18,1.0,400080,,,,,,DTSA-core,N=40,C1,1967,0,0,True
ta21,20,20,400,DTSA,4,1967,400120,400000,1667,11.551,,,,,40,0.5,6,6,-5.0,5.0,dcdfb68,2026-07-23T20:30:18,1.0,400080,,,,,,DTSA+LS,N=40,C1,1967,10,0,True
ta21,20,20,400,DTSA,5,1986,400120,400000,1667,11.527,,,,,40,0.5,6,6,-5.0,5.0,dcdfb68,2026-07-23T20:30:17,1.0,400080,,,,,,DTSA-core,N=40,C1,1986,0,0,True
ta21,20,20,400,DTSA,5,1986,400120,400000,1667,11.527,,,,,40,0.5,6,6,-5.0,5.0,dcdfb68,2026-07-23T20:30:17,1.0,400080,,,,,,DTSA+LS,N=40,C1,1986,12,0,True
ta21,20,20,400,DTSA,6,2011,400120,400000,1667,11.323,,,,,40,0.5,6,6,-5.0,5.0,dcdfb68,2026-07-23T20:30:17,1.0,400080,,,,,,DTSA-core,N=40,C1,2011,0,0,True
ta21,20,20,400,DTSA,6,2011,400120,400000,1667,11.323,,,,,40,0.5,6,6,-5.0,5.0,dcdfb68,2026-07-23T20:30:17,1.0,400080,,,,,,DTSA+LS,N=40,C1,2011,6,0,True
ta21,20,20,400,DTSA,7,1919,400120,400000,1667,11.627,,,,,40,0.5,6,6,-5.0,5.0,dcdfb68,2026-07-23T20:30:18,1.0,400080,,,,,,DTSA-core,N=40,C1,1919,0,0,True
ta21,20,20,400,DTSA,7,1919,400120,400000,1667,11.627,,,,,40,0.5,6,6,-5.0,5.0,dcdfb68,2026-07-23T20:30:18,1.0,400080,,,,,,DTSA+LS,N=40,C1,1919,9,0,True
ta21,20,20,400,DTSA,8,2040,400120,400000,1667,11.4,,,,,40,0.5,6,6,-5.0,5.0,dcdfb68,2026-07-23T20:30:29,1.0,400080,,,,,,DTSA-core,N=40,C1,2040,0,0,True
ta21,20,20,400,DTSA,8,2040,400120,400000,1667,11.4,,,,,40,0.5,6,6,-5.0,5.0,dcdfb68,2026-07-23T20:30:29,1.0,400080,,,,,,DTSA+LS,N=40,C1,2040,9,0,True
ta21,20,20,400,DTSA,9,1980,400120,400000,1667,11.197,,,,,40,0.5,6,6,-5.0,5.0,dcdfb68,2026-07-23T20:30:29,1.0,400080,,,,,,DTSA-core,N=40,C1,1980,0,0,True
ta21,20,20,400,DTSA,9,1980,400120,400000,1667,11.197,,,,,40,0.5,6,6,-5.0,5.0,dcdfb68,2026-07-23T20:30:29,1.0,400080,,,,,,DTSA+LS,N=40,C1,1980,7,0,True
ta21,20,20,400,DTSA,10,1959,400120,400000,1667,11.25,,,,,40,0.5,6,6,-5.0,5.0,dcdfb68,2026-07-23T20:30:29,1.0,400080,,,,,,DTSA-core,N=40,C1,1959,0,0,True
ta21,20,20,400,DTSA,10,1959,400120,400000,1667,11.25,,,,,40,0.5,6,6,-5.0,5.0,dcdfb68,2026-07-23T20:30:29,1.0,400080,,,,,,DTSA+LS,N=40,C1,1959,8,0,True
ta21,20,20,400,DTSA,11,1942,400120,400000,1667,11.415,,,,,40,0.5,6,6,-5.0,5.0,dcdfb68,2026-07-23T20:30:29,1.0,400080,,,,,,DTSA-core,N=40,C1,1942,0,0,True
ta21,20,20,400,DTSA,11,1942,400120,400000,1667,11.415,,,,,40,0.5,6,6,-5.0,5.0,dcdfb68,2026-07-23T20:30:29,1.0,400080,,,,,,DTSA+LS,N=40,C1,1942,11,0,True
ta21,20,20,400,DTSA,12,1957,400120,400000,1667,11.251,,,,,40,0.5,6,6,-5.0,5.0,dcdfb68,2026-07-23T20:30:29,1.0,400080,,,,,,DTSA-core,N=40,C1,1957,0,0,True
ta21,20,20,400,DTSA,12,1957,400120,400000,1667,11.251,,,,,40,0.5,6,6,-5.0,5.0,dcdfb68,2026-07-23T20:30:29,1.0,400080,,,,,,DTSA+LS,N=40,C1,1957,8,0,True
ta21,20,20,400,DTSA,13,1996,400120,400000,1667,11.415,,,,,40,0.5,6,6,-5.0,5.0,dcdfb68,2026-07-23T20:30:29,1.0,400080,,,,,,DTSA-core,N=40,C1,1996,0,0,True
ta21,20,20,400,DTSA,13,1996,400120,400000,1667,11.415,,,,,40,0.5,6,6,-5.0,5.0,dcdfb68,2026-07-23T20:30:29,1.0,400080,,,,,,DTSA+LS,N=40,C1,1996,12,0,True
ta21,20,20,400,DTSA,14,2045,400120,400000,1667,11.614,,,,,40,0.5,6,6,-5.0,5.0,dcdfb68,2026-07-23T20:30:29,1.0,400080,,,,,,DTSA-core,N=40,C1,2045,0,0,True
ta21,20,20,400,DTSA,14,2045,400120,400000,1667,11.614,,,,,40,0.5,6,6,-5.0,5.0,dcdfb68,2026-07-23T20:30:29,1.0,400080,,,,,,DTSA+LS,N=40,C1,2045,11,0,True
ta21,20,20,400,DTSA,15,2004,400120,400000,1667,11.047,,,,,40,0.5,6,6,-5.0,5.0,dcdfb68,2026-07-23T20:30:29,1.0,400080,,,,,,DTSA-core,N=40,C1,2004,0,0,True
ta21,20,20,400,DTSA,15,2004,400120,400000,1667,11.047,,,,,40,0.5,6,6,-5.0,5.0,dcdfb68,2026-07-23T20:30:29,1.0,400080,,,,,,DTSA+LS,N=40,C1,2004,8,0,True
ta21,20,20,400,DTSA,16,1926,400120,400000,1667,10.253,,,,,40,0.5,6,6,-5.0,5.0,dcdfb68,2026-07-23T20:30:39,1.0,400080,,,,,,DTSA-core,N=40,C1,1926,0,0,True
ta21,20,20,400,DTSA,16,1926,400120,400000,1667,10.253,,,,,40,0.5,6,6,-5.0,5.0,dcdfb68,2026-07-23T20:30:39,1.0,400080,,,,,,DTSA+LS,N=40,C1,1926,9,0,True
ta21,20,20,400,DTSA,17,1985,400120,400000,1667,10.381,,,,,40,0.5,6,6,-5.0,5.0,dcdfb68,2026-07-23T20:30:39,1.0,400080,,,,,,DTSA-core,N=40,C1,1985,0,0,True
ta21,20,20,400,DTSA,17,1985,400120,400000,1667,10.381,,,,,40,0.5,6,6,-5.0,5.0,dcdfb68,2026-07-23T20:30:39,1.0,400080,,,,,,DTSA+LS,N=40,C1,1985,8,0,True
ta21,20,20,400,DTSA,18,1941,400120,400000,1667,10.441,,,,,40,0.5,6,6,-5.0,5.0,dcdfb68,2026-07-23T20:30:39,1.0,400080,,,,,,DTSA-core,N=40,C1,1941,0,0,True
ta21,20,20,400,DTSA,18,1941,400120,400000,1667,10.441,,,,,40,0.5,6,6,-5.0,5.0,dcdfb68,2026-07-23T20:30:39,1.0,400080,,,,,,DTSA+LS,N=40,C1,1941,10,0,True
ta21,20,20,400,DTSA,19,1961,400120,400000,1667,10.434,,,,,40,0.5,6,6,-5.0,5.0,dcdfb68,2026-07-23T20:30:39,1.0,400080,,,,,,DTSA-core,N=40,C1,1961,0,0,True
ta21,20,20,400,DTSA,19,1961,400120,400000,1667,10.434,,,,,40,0.5,6,6,-5.0,5.0,dcdfb68,2026-07-23T20:30:39,1.0,400080,,,,,,DTSA+LS,N=40,C1,1961,10,0,True
ta22,20,20,400,DTSA,0,1870,400120,400000,1667,12.783,,,,,40,0.5,6,6,-5.0,5.0,dcdfb68,2026-07-23T20:30:52,1.0,400080,,,,,,DTSA-core,N=40,C1,1870,0,0,True
ta22,20,20,400,DTSA,0,1870,400120,400000,1667,12.783,,,,,40,0.5,6,6,-5.0,5.0,dcdfb68,2026-07-23T20:30:52,1.0,400080,,,,,,DTSA+LS,N=40,C1,1870,9,0,True
ta22,20,20,400,DTSA,1,1837,400120,400000,1667,12.548,,,,,40,0.5,6,6,-5.0,5.0,dcdfb68,2026-07-23T20:30:52,1.0,400080,,,,,,DTSA-core,N=40,C1,1837,0,0,True
ta22,20,20,400,DTSA,1,1837,400120,400000,1667,12.548,,,,,40,0.5,6,6,-5.0,5.0,dcdfb68,2026-07-23T20:30:52,1.0,400080,,,,,,DTSA+LS,N=40,C1,1837,8,0,True
ta22,20,20,400,DTSA,2,1822,400120,400000,1667,12.711,,,,,40,0.5,6,6,-5.0,5.0,dcdfb68,2026-07-23T20:30:52,1.0,400080,,,,,,DTSA-core,N=40,C1,1822,0,0,True
ta22,20,20,400,DTSA,2,1822,400120,400000,1667,12.711,,,,,40,0.5,6,6,-5.0,5.0,dcdfb68,2026-07-23T20:30:52,1.0,400080,,,,,,DTSA+LS,N=40,C1,1822,8,0,True
ta22,20,20,400,DTSA,3,1845,400120,400000,1667,12.291,,,,,40,0.5,6,6,-5.0,5.0,dcdfb68,2026-07-23T20:30:52,1.0,400080,,,,,,DTSA-core,N=40,C1,1845,0,0,True
ta22,20,20,400,DTSA,3,1845,400120,400000,1667,12.291,,,,,40,0.5,6,6,-5.0,5.0,dcdfb68,2026-07-23T20:30:52,1.0,400080,,,,,,DTSA+LS,N=40,C1,1845,7,0,True
ta22,20,20,400,DTSA,4,1846,400120,400000,1667,11.652,,,,,40,0.5,6,6,-5.0,5.0,dcdfb68,2026-07-23T20:30:51,1.0,400080,,,,,,DTSA-core,N=40,C1,1846,0,0,True
ta22,20,20,400,DTSA,4,1846,400120,400000,1667,11.652,,,,,40,0.5,6,6,-5.0,5.0,dcdfb68,2026-07-23T20:30:51,1.0,400080,,,,,,DTSA+LS,N=40,C1,1846,6,0,True
ta22,20,20,400,DTSA,5,1828,400120,400000,1667,12.79,,,,,40,0.5,6,6,-5.0,5.0,dcdfb68,2026-07-23T20:30:52,1.0,400080,,,,,,DTSA-core,N=40,C1,1828,0,0,True
ta22,20,20,400,DTSA,5,1828,400120,400000,1667,12.79,,,,,40,0.5,6,6,-5.0,5.0,dcdfb68,2026-07-23T20:30:52,1.0,400080,,,,,,DTSA+LS,N=40,C1,1828,9,0,True
ta22,20,20,400,DTSA,6,1823,400120,400000,1667,12.773,,,,,40,0.5,6,6,-5.0,5.0,dcdfb68,2026-07-23T20:30:52,1.0,400080,,,,,,DTSA-core,N=40,C1,1823,0,0,True
ta22,20,20,400,DTSA,6,1823,400120,400000,1667,12.773,,,,,40,0.5,6,6,-5.0,5.0,dcdfb68,2026-07-23T20:30:52,1.0,400080,,,,,,DTSA+LS,N=40,C1,1823,7,0,True
ta22,20,20,400,DTSA,7,1892,400120,400000,1667,12.076,,,,,40,0.5,6,6,-5.0,5.0,dcdfb68,2026-07-23T20:30:51,1.0,400080,,,,,,DTSA-core,N=40,C1,1892,0,0,True
ta22,20,20,400,DTSA,7,1892,400120,400000,1667,12.076,,,,,40,0.5,6,6,-5.0,5.0,dcdfb68,2026-07-23T20:30:51,1.0,400080,,,,,,DTSA+LS,N=40,C1,1892,13,0,True
ta22,20,20,400,DTSA,8,1863,400120,400000,1667,11.344,,,,,40,0.5,6,6,-5.0,5.0,dcdfb68,2026-07-23T20:31:02,1.0,400080,,,,,,DTSA-core,N=40,C1,1863,0,0,True
ta22,20,20,400,DTSA,8,1863,400120,400000,1667,11.344,,,,,40,0.5,6,6,-5.0,5.0,dcdfb68,2026-07-23T20:31:02,1.0,400080,,,,,,DTSA+LS,N=40,C1,1863,6,0,True
ta22,20,20,400,DTSA,9,1859,400120,400000,1667,11.558,,,,,40,0.5,6,6,-5.0,5.0,dcdfb68,2026-07-23T20:31:03,1.0,400080,,,,,,DTSA-core,N=40,C1,1859,0,0,True
ta22,20,20,400,DTSA,9,1859,400120,400000,1667,11.558,,,,,40,0.5,6,6,-5.0,5.0,dcdfb68,2026-07-23T20:31:03,1.0,400080,,,,,,DTSA+LS,N=40,C1,1859,6,0,True
ta22,20,20,400,DTSA,10,1824,400120,400000,1667,11.678,,,,,40,0.5,6,6,-5.0,5.0,dcdfb68,2026-07-23T20:31:03,1.0,400080,,,,,,DTSA-core,N=40,C1,1824,0,0,True
ta22,20,20,400,DTSA,10,1824,400120,400000,1667,11.678,,,,,40,0.5,6,6,-5.0,5.0,dcdfb68,2026-07-23T20:31:03,1.0,400080,,,,,,DTSA+LS,N=40,C1,1824,12,0,True
ta22,20,20,400,DTSA,11,1821,400120,400000,1667,11.616,,,,,40,0.5,6,6,-5.0,5.0,dcdfb68,2026-07-23T20:31:04,1.0,400080,,,,,,DTSA-core,N=40,C1,1821,0,0,True
ta22,20,20,400,DTSA,11,1821,400120,400000,1667,11.616,,,,,40,0.5,6,6,-5.0,5.0,dcdfb68,2026-07-23T20:31:04,1.0,400080,,,,,,DTSA+LS,N=40,C1,1821,7,0,True
ta22,20,20,400,DTSA,12,1846,400120,400000,1667,11.798,,,,,40,0.5,6,6,-5.0,5.0,dcdfb68,2026-07-23T20:31:04,1.0,400080,,,,,,DTSA-core,N=40,C1,1846,0,0,True
ta22,20,20,400,DTSA,12,1846,400120,400000,1667,11.798,,,,,40,0.5,6,6,-5.0,5.0,dcdfb68,2026-07-23T20:31:04,1.0,400080,,,,,,DTSA+LS,N=40,C1,1846,12,0,True
ta22,20,20,400,DTSA,13,1831,400120,400000,1667,11.32,,,,,40,0.5,6,6,-5.0,5.0,dcdfb68,2026-07-23T20:31:03,1.0,400080,,,,,,DTSA-core,N=40,C1,1831,0,0,True
ta22,20,20,400,DTSA,13,1831,400120,400000,1667,11.32,,,,,40,0.5,6,6,-5.0,5.0,dcdfb68,2026-07-23T20:31:03,1.0,400080,,,,,,DTSA+LS,N=40,C1,1831,10,0,True
ta22,20,20,400,DTSA,14,1873,400120,400000,1667,11.63,,,,,40,0.5,6,6,-5.0,5.0,dcdfb68,2026-07-23T20:31:04,1.0,400080,,,,,,DTSA-core,N=40,C1,1873,0,0,True
ta22,20,20,400,DTSA,14,1873,400120,400000,1667,11.63,,,,,40,0.5,6,6,-5.0,5.0,dcdfb68,2026-07-23T20:31:04,1.0,400080,,,,,,DTSA+LS,N=40,C1,1873,7,0,True
ta22,20,20,400,DTSA,15,1863,400120,400000,1667,11.303,,,,,40,0.5,6,6,-5.0,5.0,dcdfb68,2026-07-23T20:31:03,1.0,400080,,,,,,DTSA-core,N=40,C1,1863,0,0,True
ta22,20,20,400,DTSA,15,1863,400120,400000,1667,11.303,,,,,40,0.5,6,6,-5.0,5.0,dcdfb68,2026-07-23T20:31:03,1.0,400080,,,,,,DTSA+LS,N=40,C1,1863,9,0,True
ta22,20,20,400,DTSA,16,1819,400120,400000,1667,10.078,,,,,40,0.5,6,6,-5.0,5.0,dcdfb68,2026-07-23T20:31:12,1.0,400080,,,,,,DTSA-core,N=40,C1,1819,0,0,True
ta22,20,20,400,DTSA,16,1819,400120,400000,1667,10.078,,,,,40,0.5,6,6,-5.0,5.0,dcdfb68,2026-07-23T20:31:12,1.0,400080,,,,,,DTSA+LS,N=40,C1,1819,8,0,True
ta22,20,20,400,DTSA,17,1853,400120,400000,1667,9.855,,,,,40,0.5,6,6,-5.0,5.0,dcdfb68,2026-07-23T20:31:13,1.0,400080,,,,,,DTSA-core,N=40,C1,1853,0,0,True
ta22,20,20,400,DTSA,17,1853,400120,400000,1667,9.855,,,,,40,0.5,6,6,-5.0,5.0,dcdfb68,2026-07-23T20:31:13,1.0,400080,,,,,,DTSA+LS,N=40,C1,1853,10,0,True
ta22,20,20,400,DTSA,18,1860,400120,400000,1667,10.195,,,,,40,0.5,6,6,-5.0,5.0,dcdfb68,2026-07-23T20:31:14,1.0,400080,,,,,,DTSA-core,N=40,C1,1860,0,0,True
ta22,20,20,400,DTSA,18,1860,400120,400000,1667,10.195,,,,,40,0.5,6,6,-5.0,5.0,dcdfb68,2026-07-23T20:31:14,1.0,400080,,,,,,DTSA+LS,N=40,C1,1860,8,0,True
ta22,20,20,400,DTSA,19,1845,400120,400000,1667,9.985,,,,,40,0.5,6,6,-5.0,5.0,dcdfb68,2026-07-23T20:31:13,1.0,400080,,,,,,DTSA-core,N=40,C1,1845,0,0,True
ta22,20,20,400,DTSA,19,1845,400120,400000,1667,9.985,,,,,40,0.5,6,6,-5.0,5.0,dcdfb68,2026-07-23T20:31:13,1.0,400080,,,,,,DTSA+LS,N=40,C1,1845,7,0,True
ta23,20,20,400,DTSA,0,1818,400120,400000,1667,11.071,,,,,40,0.5,6,6,-5.0,5.0,dcdfb68,2026-07-23T20:31:25,1.0,400080,,,,,,DTSA-core,N=40,C1,1818,0,0,True
ta23,20,20,400,DTSA,0,1818,400120,400000,1667,11.071,,,,,40,0.5,6,6,-5.0,5.0,dcdfb68,2026-07-23T20:31:25,1.0,400080,,,,,,DTSA+LS,N=40,C1,1818,5,0,True
ta23,20,20,400,DTSA,1,1803,400120,400000,1667,11.247,,,,,40,0.5,6,6,-5.0,5.0,dcdfb68,2026-07-23T20:31:25,1.0,400080,,,,,,DTSA-core,N=40,C1,1803,0,0,True
ta23,20,20,400,DTSA,1,1803,400120,400000,1667,11.247,,,,,40,0.5,6,6,-5.0,5.0,dcdfb68,2026-07-23T20:31:25,1.0,400080,,,,,,DTSA+LS,N=40,C1,1803,12,0,True
ta23,20,20,400,DTSA,2,1801,400120,400000,1667,11.053,,,,,40,0.5,6,6,-5.0,5.0,dcdfb68,2026-07-23T20:31:25,1.0,400080,,,,,,DTSA-core,N=40,C1,1801,0,0,True
ta23,20,20,400,DTSA,2,1801,400120,400000,1667,11.053,,,,,40,0.5,6,6,-5.0,5.0,dcdfb68,2026-07-23T20:31:25,1.0,400080,,,,,,DTSA+LS,N=40,C1,1801,12,0,True
ta23,20,20,400,DTSA,3,1852,400120,400000,1667,11.193,,,,,40,0.5,6,6,-5.0,5.0,dcdfb68,2026-07-23T20:31:25,1.0,400080,,,,,,DTSA-core,N=40,C1,1852,0,0,True
ta23,20,20,400,DTSA,3,1852,400120,400000,1667,11.193,,,,,40,0.5,6,6,-5.0,5.0,dcdfb68,2026-07-23T20:31:25,1.0,400080,,,,,,DTSA+LS,N=40,C1,1852,8,0,True
ta23,20,20,400,DTSA,4,1812,400120,400000,1667,11.176,,,,,40,0.5,6,6,-5.0,5.0,dcdfb68,2026-07-23T20:31:25,1.0,400080,,,,,,DTSA-core,N=40,C1,1812,0,0,True
ta23,20,20,400,DTSA,4,1812,400120,400000,1667,11.176,,,,,40,0.5,6,6,-5.0,5.0,dcdfb68,2026-07-23T20:31:25,1.0,400080,,,,,,DTSA+LS,N=40,C1,1812,9,0,True
ta23,20,20,400,DTSA,5,1782,400120,400000,1667,10.799,,,,,40,0.5,6,6,-5.0,5.0,dcdfb68,2026-07-23T20:31:24,1.0,400080,,,,,,DTSA-core,N=40,C1,1782,0,0,True
ta23,20,20,400,DTSA,5,1782,400120,400000,1667,10.799,,,,,40,0.5,6,6,-5.0,5.0,dcdfb68,2026-07-23T20:31:24,1.0,400080,,,,,,DTSA+LS,N=40,C1,1782,9,0,True
ta23,20,20,400,DTSA,6,1770,400120,400000,1667,11.063,,,,,40,0.5,6,6,-5.0,5.0,dcdfb68,2026-07-23T20:31:25,1.0,400080,,,,,,DTSA-core,N=40,C1,1770,0,0,True
ta23,20,20,400,DTSA,6,1770,400120,400000,1667,11.063,,,,,40,0.5,6,6,-5.0,5.0,dcdfb68,2026-07-23T20:31:25,1.0,400080,,,,,,DTSA+LS,N=40,C1,1770,9,0,True
ta23,20,20,400,DTSA,7,1755,400120,400000,1667,11.217,,,,,40,0.5,6,6,-5.0,5.0,dcdfb68,2026-07-23T20:31:25,1.0,400080,,,,,,DTSA-core,N=40,C1,1755,0,0,True
ta23,20,20,400,DTSA,7,1755,400120,400000,1667,11.217,,,,,40,0.5,6,6,-5.0,5.0,dcdfb68,2026-07-23T20:31:25,1.0,400080,,,,,,DTSA+LS,N=40,C1,1755,11,0,True
ta23,20,20,400,DTSA,8,1864,400120,400000,1667,10.752,,,,,40,0.5,6,6,-5.0,5.0,dcdfb68,2026-07-23T20:31:35,1.0,400080,,,,,,DTSA-core,N=40,C1,1864,0,0,True
ta23,20,20,400,DTSA,8,1864,400120,400000,1667,10.752,,,,,40,0.5,6,6,-5.0,5.0,dcdfb68,2026-07-23T20:31:35,1.0,400080,,,,,,DTSA+LS,N=40,C1,1864,13,0,True
ta23,20,20,400,DTSA,9,1783,400120,400000,1667,11.219,,,,,40,0.5,6,6,-5.0,5.0,dcdfb68,2026-07-23T20:31:36,1.0,400080,,,,,,DTSA-core,N=40,C1,1783,0,0,True
ta23,20,20,400,DTSA,9,1783,400120,400000,1667,11.219,,,,,40,0.5,6,6,-5.0,5.0,dcdfb68,2026-07-23T20:31:36,1.0,400080,,,,,,DTSA+LS,N=40,C1,1783,11,0,True
ta23,20,20,400,DTSA,10,1931,400120,400000,1667,10.911,,,,,40,0.5,6,6,-5.0,5.0,dcdfb68,2026-07-23T20:31:36,1.0,400080,,,,,,DTSA-core,N=40,C1,1931,0,0,True
ta23,20,20,400,DTSA,10,1931,400120,400000,1667,10.911,,,,,40,0.5,6,6,-5.0,5.0,dcdfb68,2026-07-23T20:31:36,1.0,400080,,,,,,DTSA+LS,N=40,C1,1931,9,0,True
ta23,20,20,400,DTSA,11,1767,400120,400000,1667,10.974,,,,,40,0.5,6,6,-5.0,5.0,dcdfb68,2026-07-23T20:31:36,1.0,400080,,,,,,DTSA-core,N=40,C1,1767,0,0,True
ta23,20,20,400,DTSA,11,1767,400120,400000,1667,10.974,,,,,40,0.5,6,6,-5.0,5.0,dcdfb68,2026-07-23T20:31:36,1.0,400080,,,,,,DTSA+LS,N=40,C1,1767,9,0,True
ta23,20,20,400,DTSA,12,1763,400120,400000,1667,10.74,,,,,40,0.5,6,6,-5.0,5.0,dcdfb68,2026-07-23T20:31:36,1.0,400080,,,,,,DTSA-core,N=40,C1,1763,0,0,True
ta23,20,20,400,DTSA,12,1763,400120,400000,1667,10.74,,,,,40,0.5,6,6,-5.0,5.0,dcdfb68,2026-07-23T20:31:36,1.0,400080,,,,,,DTSA+LS,N=40,C1,1763,6,0,True
ta23,20,20,400,DTSA,13,1811,400120,400000,1667,11.038,,,,,40,0.5,6,6,-5.0,5.0,dcdfb68,2026-07-23T20:31:36,1.0,400080,,,,,,DTSA-core,N=40,C1,1811,0,0,True
ta23,20,20,400,DTSA,13,1811,400120,400000,1667,11.038,,,,,40,0.5,6,6,-5.0,5.0,dcdfb68,2026-07-23T20:31:36,1.0,400080,,,,,,DTSA+LS,N=40,C1,1811,9,0,True
ta23,20,20,400,DTSA,14,1729,400120,400000,1667,10.988,,,,,40,0.5,6,6,-5.0,5.0,dcdfb68,2026-07-23T20:31:36,1.0,400080,,,,,,DTSA-core,N=40,C1,1729,0,0,True
ta23,20,20,400,DTSA,14,1729,400120,400000,1667,10.988,,,,,40,0.5,6,6,-5.0,5.0,dcdfb68,2026-07-23T20:31:36,1.0,400080,,,,,,DTSA+LS,N=40,C1,1729,6,0,True
ta23,20,20,400,DTSA,15,1804,400120,400000,1667,10.855,,,,,40,0.5,6,6,-5.0,5.0,dcdfb68,2026-07-23T20:31:36,1.0,400080,,,,,,DTSA-core,N=40,C1,1804,0,0,True
ta23,20,20,400,DTSA,15,1804,400120,400000,1667,10.855,,,,,40,0.5,6,6,-5.0,5.0,dcdfb68,2026-07-23T20:31:36,1.0,400080,,,,,,DTSA+LS,N=40,C1,1804,7,0,True
ta23,20,20,400,DTSA,16,1756,400120,400000,1667,9.631,,,,,40,0.5,6,6,-5.0,5.0,dcdfb68,2026-07-23T20:31:45,1.0,400080,,,,,,DTSA-core,N=40,C1,1756,0,0,True
ta23,20,20,400,DTSA,16,1756,400120,400000,1667,9.631,,,,,40,0.5,6,6,-5.0,5.0,dcdfb68,2026-07-23T20:31:45,1.0,400080,,,,,,DTSA+LS,N=40,C1,1756,8,0,True
ta23,20,20,400,DTSA,17,1832,400120,400000,1667,9.485,,,,,40,0.5,6,6,-5.0,5.0,dcdfb68,2026-07-23T20:31:45,1.0,400080,,,,,,DTSA-core,N=40,C1,1832,0,0,True
ta23,20,20,400,DTSA,17,1832,400120,400000,1667,9.485,,,,,40,0.5,6,6,-5.0,5.0,dcdfb68,2026-07-23T20:31:45,1.0,400080,,,,,,DTSA+LS,N=40,C1,1832,6,0,True
ta23,20,20,400,DTSA,18,1806,400120,400000,1667,9.558,,,,,40,0.5,6,6,-5.0,5.0,dcdfb68,2026-07-23T20:31:45,1.0,400080,,,,,,DTSA-core,N=40,C1,1806,0,0,True
ta23,20,20,400,DTSA,18,1806,400120,400000,1667,9.558,,,,,40,0.5,6,6,-5.0,5.0,dcdfb68,2026-07-23T20:31:45,1.0,400080,,,,,,DTSA+LS,N=40,C1,1806,9,0,True
ta23,20,20,400,DTSA,19,1820,400120,400000,1667,9.403,,,,,40,0.5,6,6,-5.0,5.0,dcdfb68,2026-07-23T20:31:45,1.0,400080,,,,,,DTSA-core,N=40,C1,1820,0,0,True
ta23,20,20,400,DTSA,19,1820,400120,400000,1667,9.403,,,,,40,0.5,6,6,-5.0,5.0,dcdfb68,2026-07-23T20:31:45,1.0,400080,,,,,,DTSA+LS,N=40,C1,1820,9,0,True
ta24,20,20,400,DTSA,0,1976,400120,400000,1667,11.247,,,,,40,0.5,6,6,-5.0,5.0,dcdfb68,2026-07-23T20:31:56,1.0,400080,,,,,,DTSA-core,N=40,C1,1976,0,0,True
ta24,20,20,400,DTSA,0,1974,400120,400000,1667,11.247,,,,,40,0.5,6,6,-5.0,5.0,dcdfb68,2026-07-23T20:31:56,1.0,400080,,,,,,DTSA+LS,N=40,C1,1976,7,1,True
ta24,20,20,400,DTSA,1,1897,400120,400000,1667,11.185,,,,,40,0.5,6,6,-5.0,5.0,dcdfb68,2026-07-23T20:31:56,1.0,400080,,,,,,DTSA-core,N=40,C1,1897,0,0,True
ta24,20,20,400,DTSA,1,1897,400120,400000,1667,11.185,,,,,40,0.5,6,6,-5.0,5.0,dcdfb68,2026-07-23T20:31:56,1.0,400080,,,,,,DTSA+LS,N=40,C1,1897,6,0,True
ta24,20,20,400,DTSA,2,1915,400120,400000,1667,11.083,,,,,40,0.5,6,6,-5.0,5.0,dcdfb68,2026-07-23T20:31:56,1.0,400080,,,,,,DTSA-core,N=40,C1,1915,0,0,True
ta24,20,20,400,DTSA,2,1915,400120,400000,1667,11.083,,,,,40,0.5,6,6,-5.0,5.0,dcdfb68,2026-07-23T20:31:56,1.0,400080,,,,,,DTSA+LS,N=40,C1,1915,14,0,True
ta24,20,20,400,DTSA,3,1870,400120,400000,1667,11.169,,,,,40,0.5,6,6,-5.0,5.0,dcdfb68,2026-07-23T20:31:56,1.0,400080,,,,,,DTSA-core,N=40,C1,1870,0,0,True
ta24,20,20,400,DTSA,3,1870,400120,400000,1667,11.169,,,,,40,0.5,6,6,-5.0,5.0,dcdfb68,2026-07-23T20:31:56,1.0,400080,,,,,,DTSA+LS,N=40,C1,1870,6,0,True
ta24,20,20,400,DTSA,4,1921,400120,400000,1667,10.954,,,,,40,0.5,6,6,-5.0,5.0,dcdfb68,2026-07-23T20:31:56,1.0,400080,,,,,,DTSA-core,N=40,C1,1921,0,0,True
ta24,20,20,400,DTSA,4,1921,400120,400000,1667,10.954,,,,,40,0.5,6,6,-5.0,5.0,dcdfb68,2026-07-23T20:31:56,1.0,400080,,,,,,DTSA+LS,N=40,C1,1921,13,0,True
ta24,20,20,400,DTSA,5,1883,400120,400000,1667,10.839,,,,,40,0.5,6,6,-5.0,5.0,dcdfb68,2026-07-23T20:31:56,1.0,400080,,,,,,DTSA-core,N=40,C1,1883,0,0,True
ta24,20,20,400,DTSA,5,1881,400120,400000,1667,10.839,,,,,40,0.5,6,6,-5.0,5.0,dcdfb68,2026-07-23T20:31:56,1.0,400080,,,,,,DTSA+LS,N=40,C1,1883,6,1,True
ta24,20,20,400,DTSA,6,1908,400120,400000,1667,10.91,,,,,40,0.5,6,6,-5.0,5.0,dcdfb68,2026-07-23T20:31:56,1.0,400080,,,,,,DTSA-core,N=40,C1,1908,0,0,True
ta24,20,20,400,DTSA,6,1908,400120,400000,1667,10.91,,,,,40,0.5,6,6,-5.0,5.0,dcdfb68,2026-07-23T20:31:56,1.0,400080,,,,,,DTSA+LS,N=40,C1,1908,6,0,True
ta24,20,20,400,DTSA,7,1876,400120,400000,1667,10.825,,,,,40,0.5,6,6,-5.0,5.0,dcdfb68,2026-07-23T20:31:56,1.0,400080,,,,,,DTSA-core,N=40,C1,1876,0,0,True
ta24,20,20,400,DTSA,7,1876,400120,400000,1667,10.825,,,,,40,0.5,6,6,-5.0,5.0,dcdfb68,2026-07-23T20:31:56,1.0,400080,,,,,,DTSA+LS,N=40,C1,1876,9,0,True
ta24,20,20,400,DTSA,8,1909,400120,400000,1667,10.959,,,,,40,0.5,6,6,-5.0,5.0,dcdfb68,2026-07-23T20:32:07,1.0,400080,,,,,,DTSA-core,N=40,C1,1909,0,0,True
ta24,20,20,400,DTSA,8,1909,400120,400000,1667,10.959,,,,,40,0.5,6,6,-5.0,5.0,dcdfb68,2026-07-23T20:32:07,1.0,400080,,,,,,DTSA+LS,N=40,C1,1909,7,0,True
ta24,20,20,400,DTSA,9,1885,400120,400000,1667,10.561,,,,,40,0.5,6,6,-5.0,5.0,dcdfb68,2026-07-23T20:32:07,1.0,400080,,,,,,DTSA-core,N=40,C1,1885,0,0,True
ta24,20,20,400,DTSA,9,1885,400120,400000,1667,10.561,,,,,40,0.5,6,6,-5.0,5.0,dcdfb68,2026-07-23T20:32:07,1.0,400080,,,,,,DTSA+LS,N=40,C1,1885,10,0,True
ta24,20,20,400,DTSA,10,1875,400120,400000,1667,10.955,,,,,40,0.5,6,6,-5.0,5.0,dcdfb68,2026-07-23T20:32:07,1.0,400080,,,,,,DTSA-core,N=40,C1,1875,0,0,True
ta24,20,20,400,DTSA,10,1875,400120,400000,1667,10.955,,,,,40,0.5,6,6,-5.0,5.0,dcdfb68,2026-07-23T20:32:07,1.0,400080,,,,,,DTSA+LS,N=40,C1,1875,14,0,True
ta24,20,20,400,DTSA,11,1855,400120,400000,1667,10.956,,,,,40,0.5,6,6,-5.0,5.0,dcdfb68,2026-07-23T20:32:07,1.0,400080,,,,,,DTSA-core,N=40,C1,1855,0,0,True
ta24,20,20,400,DTSA,11,1855,400120,400000,1667,10.956,,,,,40,0.5,6,6,-5.0,5.0,dcdfb68,2026-07-23T20:32:07,1.0,400080,,,,,,DTSA+LS,N=40,C1,1855,10,0,True
ta24,20,20,400,DTSA,12,1910,400120,400000,1667,11.034,,,,,40,0.5,6,6,-5.0,5.0,dcdfb68,2026-07-23T20:32:07,1.0,400080,,,,,,DTSA-core,N=40,C1,1910,0,0,True
ta24,20,20,400,DTSA,12,1910,400120,400000,1667,11.034,,,,,40,0.5,6,6,-5.0,5.0,dcdfb68,2026-07-23T20:32:07,1.0,400080,,,,,,DTSA+LS,N=40,C1,1910,13,0,True
ta24,20,20,400,DTSA,13,1909,400120,400000,1667,11.133,,,,,40,0.5,6,6,-5.0,5.0,dcdfb68,2026-07-23T20:32:08,1.0,400080,,,,,,DTSA-core,N=40,C1,1909,0,0,True
ta24,20,20,400,DTSA,13,1909,400120,400000,1667,11.133,,,,,40,0.5,6,6,-5.0,5.0,dcdfb68,2026-07-23T20:32:08,1.0,400080,,,,,,DTSA+LS,N=40,C1,1909,8,0,True
ta24,20,20,400,DTSA,14,1873,400120,400000,1667,10.884,,,,,40,0.5,6,6,-5.0,5.0,dcdfb68,2026-07-23T20:32:07,1.0,400080,,,,,,DTSA-core,N=40,C1,1873,0,0,True
ta24,20,20,400,DTSA,14,1873,400120,400000,1667,10.884,,,,,40,0.5,6,6,-5.0,5.0,dcdfb68,2026-07-23T20:32:07,1.0,400080,,,,,,DTSA+LS,N=40,C1,1873,8,0,True
ta24,20,20,400,DTSA,15,1979,400120,400000,1667,10.987,,,,,40,0.5,6,6,-5.0,5.0,dcdfb68,2026-07-23T20:32:07,1.0,400080,,,,,,DTSA-core,N=40,C1,1979,0,0,True
ta24,20,20,400,DTSA,15,1979,400120,400000,1667,10.987,,,,,40,0.5,6,6,-5.0,5.0,dcdfb68,2026-07-23T20:32:07,1.0,400080,,,,,,DTSA+LS,N=40,C1,1979,12,0,True
ta24,20,20,400,DTSA,16,1877,400120,400000,1667,9.58,,,,,40,0.5,6,6,-5.0,5.0,dcdfb68,2026-07-23T20:32:16,1.0,400080,,,,,,DTSA-core,N=40,C1,1877,0,0,True
ta24,20,20,400,DTSA,16,1877,400120,400000,1667,9.58,,,,,40,0.5,6,6,-5.0,5.0,dcdfb68,2026-07-23T20:32:16,1.0,400080,,,,,,DTSA+LS,N=40,C1,1877,9,0,True
ta24,20,20,400,DTSA,17,1896,400120,400000,1667,9.706,,,,,40,0.5,6,6,-5.0,5.0,dcdfb68,2026-07-23T20:32:17,1.0,400080,,,,,,DTSA-core,N=40,C1,1896,0,0,True
ta24,20,20,400,DTSA,17,1896,400120,400000,1667,9.706,,,,,40,0.5,6,6,-5.0,5.0,dcdfb68,2026-07-23T20:32:17,1.0,400080,,,,,,DTSA+LS,N=40,C1,1896,9,0,True
ta24,20,20,400,DTSA,18,1863,400120,400000,1667,9.711,,,,,40,0.5,6,6,-5.0,5.0,dcdfb68,2026-07-23T20:32:17,1.0,400080,,,,,,DTSA-core,N=40,C1,1863,0,0,True
ta24,20,20,400,DTSA,18,1863,400120,400000,1667,9.711,,,,,40,0.5,6,6,-5.0,5.0,dcdfb68,2026-07-23T20:32:17,1.0,400080,,,,,,DTSA+LS,N=40,C1,1863,16,0,True
ta24,20,20,400,DTSA,19,1893,400120,400000,1667,9.674,,,,,40,0.5,6,6,-5.0,5.0,dcdfb68,2026-07-23T20:32:17,1.0,400080,,,,,,DTSA-core,N=40,C1,1893,0,0,True
ta24,20,20,400,DTSA,19,1893,400120,400000,1667,9.674,,,,,40,0.5,6,6,-5.0,5.0,dcdfb68,2026-07-23T20:32:17,1.0,400080,,,,,,DTSA+LS,N=40,C1,1893,8,0,True
ta25,20,20,400,DTSA,0,1818,400120,400000,1667,10.96,,,,,40,0.5,6,6,-5.0,5.0,dcdfb68,2026-07-23T20:32:28,1.0,400080,,,,,,DTSA-core,N=40,C1,1818,0,0,True
ta25,20,20,400,DTSA,0,1818,400120,400000,1667,10.96,,,,,40,0.5,6,6,-5.0,5.0,dcdfb68,2026-07-23T20:32:28,1.0,400080,,,,,,DTSA+LS,N=40,C1,1818,12,0,True
ta25,20,20,400,DTSA,1,1815,400120,400000,1667,10.842,,,,,40,0.5,6,6,-5.0,5.0,dcdfb68,2026-07-23T20:32:28,1.0,400080,,,,,,DTSA-core,N=40,C1,1815,0,0,True
ta25,20,20,400,DTSA,1,1815,400120,400000,1667,10.842,,,,,40,0.5,6,6,-5.0,5.0,dcdfb68,2026-07-23T20:32:28,1.0,400080,,,,,,DTSA+LS,N=40,C1,1815,10,0,True
ta25,20,20,400,DTSA,2,1844,400120,400000,1667,11.025,,,,,40,0.5,6,6,-5.0,5.0,dcdfb68,2026-07-23T20:32:28,1.0,400080,,,,,,DTSA-core,N=40,C1,1844,0,0,True
ta25,20,20,400,DTSA,2,1844,400120,400000,1667,11.025,,,,,40,0.5,6,6,-5.0,5.0,dcdfb68,2026-07-23T20:32:28,1.0,400080,,,,,,DTSA+LS,N=40,C1,1844,11,0,True
ta25,20,20,400,DTSA,3,1929,400120,400000,1667,11.405,,,,,40,0.5,6,6,-5.0,5.0,dcdfb68,2026-07-23T20:32:28,1.0,400080,,,,,,DTSA-core,N=40,C1,1929,0,0,True
ta25,20,20,400,DTSA,3,1929,400120,400000,1667,11.405,,,,,40,0.5,6,6,-5.0,5.0,dcdfb68,2026-07-23T20:32:28,1.0,400080,,,,,,DTSA+LS,N=40,C1,1929,12,0,True
ta25,20,20,400,DTSA,4,1851,400120,400000,1667,10.705,,,,,40,0.5,6,6,-5.0,5.0,dcdfb68,2026-07-23T20:32:28,1.0,400080,,,,,,DTSA-core,N=40,C1,1851,0,0,True
ta25,20,20,400,DTSA,4,1851,400120,400000,1667,10.705,,,,,40,0.5,6,6,-5.0,5.0,dcdfb68,2026-07-23T20:32:28,1.0,400080,,,,,,DTSA+LS,N=40,C1,1851,10,0,True
ta25,20,20,400,DTSA,5,1858,400120,400000,1667,10.693,,,,,40,0.5,6,6,-5.0,5.0,dcdfb68,2026-07-23T20:32:28,1.0,400080,,,,,,DTSA-core,N=40,C1,1858,0,0,True
ta25,20,20,400,DTSA,5,1858,400120,400000,1667,10.693,,,,,40,0.5,6,6,-5.0,5.0,dcdfb68,2026-07-23T20:32:28,1.0,400080,,,,,,DTSA+LS,N=40,C1,1858,12,0,True
ta25,20,20,400,DTSA,6,1874,400120,400000,1667,10.926,,,,,40,0.5,6,6,-5.0,5.0,dcdfb68,2026-07-23T20:32:28,1.0,400080,,,,,,DTSA-core,N=40,C1,1874,0,0,True
ta25,20,20,400,DTSA,6,1874,400120,400000,1667,10.926,,,,,40,0.5,6,6,-5.0,5.0,dcdfb68,2026-07-23T20:32:28,1.0,400080,,,,,,DTSA+LS,N=40,C1,1874,10,0,True
ta25,20,20,400,DTSA,7,1829,400120,400000,1667,10.862,,,,,40,0.5,6,6,-5.0,5.0,dcdfb68,2026-07-23T20:32:28,1.0,400080,,,,,,DTSA-core,N=40,C1,1829,0,0,True
ta25,20,20,400,DTSA,7,1829,400120,400000,1667,10.862,,,,,40,0.5,6,6,-5.0,5.0,dcdfb68,2026-07-23T20:32:28,1.0,400080,,,,,,DTSA+LS,N=40,C1,1829,10,0,True
ta25,20,20,400,DTSA,8,1877,400120,400000,1667,11.092,,,,,40,0.5,6,6,-5.0,5.0,dcdfb68,2026-07-23T20:32:39,1.0,400080,,,,,,DTSA-core,N=40,C1,1877,0,0,True
ta25,20,20,400,DTSA,8,1877,400120,400000,1667,11.092,,,,,40,0.5,6,6,-5.0,5.0,dcdfb68,2026-07-23T20:32:39,1.0,400080,,,,,,DTSA+LS,N=40,C1,1877,10,0,True
ta25,20,20,400,DTSA,9,1808,400120,400000,1667,11.028,,,,,40,0.5,6,6,-5.0,5.0,dcdfb68,2026-07-23T20:32:39,1.0,400080,,,,,,DTSA-core,N=40,C1,1808,0,0,True
ta25,20,20,400,DTSA,9,1807,400120,400000,1667,11.028,,,,,40,0.5,6,6,-5.0,5.0,dcdfb68,2026-07-23T20:32:39,1.0,400080,,,,,,DTSA+LS,N=40,C1,1808,13,1,True
ta25,20,20,400,DTSA,10,1953,400120,400000,1667,11.581,,,,,40,0.5,6,6,-5.0,5.0,dcdfb68,2026-07-23T20:32:39,1.0,400080,,,,,,DTSA-core,N=40,C1,1953,0,0,True
ta25,20,20,400,DTSA,10,1953,400120,400000,1667,11.581,,,,,40,0.5,6,6,-5.0,5.0,dcdfb68,2026-07-23T20:32:39,1.0,400080,,,,,,DTSA+LS,N=40,C1,1953,12,0,True
ta25,20,20,400,DTSA,11,1819,400120,400000,1667,11.004,,,,,40,0.5,6,6,-5.0,5.0,dcdfb68,2026-07-23T20:32:39,1.0,400080,,,,,,DTSA-core,N=40,C1,1819,0,0,True
ta25,20,20,400,DTSA,11,1819,400120,400000,1667,11.004,,,,,40,0.5,6,6,-5.0,5.0,dcdfb68,2026-07-23T20:32:39,1.0,400080,,,,,,DTSA+LS,N=40,C1,1819,9,0,True
ta25,20,20,400,DTSA,12,1829,400120,400000,1667,11.017,,,,,40,0.5,6,6,-5.0,5.0,dcdfb68,2026-07-23T20:32:39,1.0,400080,,,,,,DTSA-core,N=40,C1,1829,0,0,True
ta25,20,20,400,DTSA,12,1829,400120,400000,1667,11.017,,,,,40,0.5,6,6,-5.0,5.0,dcdfb68,2026-07-23T20:32:39,1.0,400080,,,,,,DTSA+LS,N=40,C1,1829,9,0,True
ta25,20,20,400,DTSA,13,1967,400120,400000,1667,11.303,,,,,40,0.5,6,6,-5.0,5.0,dcdfb68,2026-07-23T20:32:39,1.0,400080,,,,,,DTSA-core,N=40,C1,1967,0,0,True
ta25,20,20,400,DTSA,13,1967,400120,400000,1667,11.303,,,,,40,0.5,6,6,-5.0,5.0,dcdfb68,2026-07-23T20:32:39,1.0,400080,,,,,,DTSA+LS,N=40,C1,1967,10,0,True
ta25,20,20,400,DTSA,14,1845,400120,400000,1667,11.283,,,,,40,0.5,6,6,-5.0,5.0,dcdfb68,2026-07-23T20:32:39,1.0,400080,,,,,,DTSA-core,N=40,C1,1845,0,0,True
ta25,20,20,400,DTSA,14,1845,400120,400000,1667,11.283,,,,,40,0.5,6,6,-5.0,5.0,dcdfb68,2026-07-23T20:32:39,1.0,400080,,,,,,DTSA+LS,N=40,C1,1845,9,0,True
ta25,20,20,400,DTSA,15,1845,400120,400000,1667,10.975,,,,,40,0.5,6,6,-5.0,5.0,dcdfb68,2026-07-23T20:32:39,1.0,400080,,,,,,DTSA-core,N=40,C1,1845,0,0,True
ta25,20,20,400,DTSA,15,1845,400120,400000,1667,10.975,,,,,40,0.5,6,6,-5.0,5.0,dcdfb68,2026-07-23T20:32:39,1.0,400080,,,,,,DTSA+LS,N=40,C1,1845,12,0,True
ta25,20,20,400,DTSA,16,1942,400120,400000,1667,10.376,,,,,40,0.5,6,6,-5.0,5.0,dcdfb68,2026-07-23T20:32:49,1.0,400080,,,,,,DTSA-core,N=40,C1,1942,0,0,True
ta25,20,20,400,DTSA,16,1942,400120,400000,1667,10.376,,,,,40,0.5,6,6,-5.0,5.0,dcdfb68,2026-07-23T20:32:49,1.0,400080,,,,,,DTSA+LS,N=40,C1,1942,11,0,True
ta25,20,20,400,DTSA,17,1846,400120,400000,1667,9.952,,,,,40,0.5,6,6,-5.0,5.0,dcdfb68,2026-07-23T20:32:49,1.0,400080,,,,,,DTSA-core,N=40,C1,1846,0,0,True
ta25,20,20,400,DTSA,17,1846,400120,400000,1667,9.952,,,,,40,0.5,6,6,-5.0,5.0,dcdfb68,2026-07-23T20:32:49,1.0,400080,,,,,,DTSA+LS,N=40,C1,1846,8,0,True
ta25,20,20,400,DTSA,18,1822,400120,400000,1667,9.844,,,,,40,0.5,6,6,-5.0,5.0,dcdfb68,2026-07-23T20:32:49,1.0,400080,,,,,,DTSA-core,N=40,C1,1822,0,0,True
ta25,20,20,400,DTSA,18,1822,400120,400000,1667,9.844,,,,,40,0.5,6,6,-5.0,5.0,dcdfb68,2026-07-23T20:32:49,1.0,400080,,,,,,DTSA+LS,N=40,C1,1822,11,0,True
ta25,20,20,400,DTSA,19,1868,400120,400000,1667,9.935,,,,,40,0.5,6,6,-5.0,5.0,dcdfb68,2026-07-23T20:32:49,1.0,400080,,,,,,DTSA-core,N=40,C1,1868,0,0,True
ta25,20,20,400,DTSA,19,1868,400120,400000,1667,9.935,,,,,40,0.5,6,6,-5.0,5.0,dcdfb68,2026-07-23T20:32:49,1.0,400080,,,,,,DTSA+LS,N=40,C1,1868,8,0,True
ta31,30,15,450,DTSA,0,2185,450040,450000,1875,13.349,,,,,40,0.5,6,6,-5.0,5.0,dcdfb68,2026-07-23T20:33:02,1.0,450000,,,,,,DTSA-core,N=40,C1,2185,0,0,True
ta31,30,15,450,DTSA,0,2185,450040,450000,1875,13.349,,,,,40,0.5,6,6,-5.0,5.0,dcdfb68,2026-07-23T20:33:02,1.0,450000,,,,,,DTSA+LS,N=40,C1,2185,10,0,True
ta31,30,15,450,DTSA,1,2011,450040,450000,1875,13.783,,,,,40,0.5,6,6,-5.0,5.0,dcdfb68,2026-07-23T20:33:03,1.0,450000,,,,,,DTSA-core,N=40,C1,2011,0,0,True
ta31,30,15,450,DTSA,1,2011,450040,450000,1875,13.783,,,,,40,0.5,6,6,-5.0,5.0,dcdfb68,2026-07-23T20:33:03,1.0,450000,,,,,,DTSA+LS,N=40,C1,2011,8,0,True
ta31,30,15,450,DTSA,2,2059,450040,450000,1875,13.863,,,,,40,0.5,6,6,-5.0,5.0,dcdfb68,2026-07-23T20:33:03,1.0,450000,,,,,,DTSA-core,N=40,C1,2059,0,0,True
ta31,30,15,450,DTSA,2,2059,450040,450000,1875,13.863,,,,,40,0.5,6,6,-5.0,5.0,dcdfb68,2026-07-23T20:33:03,1.0,450000,,,,,,DTSA+LS,N=40,C1,2059,12,0,True
ta31,30,15,450,DTSA,3,2075,450040,450000,1875,14.664,,,,,40,0.5,6,6,-5.0,5.0,dcdfb68,2026-07-23T20:33:04,1.0,450000,,,,,,DTSA-core,N=40,C1,2075,0,0,True
ta31,30,15,450,DTSA,3,2075,450040,450000,1875,14.664,,,,,40,0.5,6,6,-5.0,5.0,dcdfb68,2026-07-23T20:33:04,1.0,450000,,,,,,DTSA+LS,N=40,C1,2075,4,0,True
ta31,30,15,450,DTSA,4,2009,450040,450000,1875,13.284,,,,,40,0.5,6,6,-5.0,5.0,dcdfb68,2026-07-23T20:33:02,1.0,450000,,,,,,DTSA-core,N=40,C1,2009,0,0,True
ta31,30,15,450,DTSA,4,2009,450040,450000,1875,13.284,,,,,40,0.5,6,6,-5.0,5.0,dcdfb68,2026-07-23T20:33:02,1.0,450000,,,,,,DTSA+LS,N=40,C1,2009,8,0,True
ta31,30,15,450,DTSA,5,2098,450040,450000,1875,13.77,,,,,40,0.5,6,6,-5.0,5.0,dcdfb68,2026-07-23T20:33:03,1.0,450000,,,,,,DTSA-core,N=40,C1,2098,0,0,True
ta31,30,15,450,DTSA,5,2098,450040,450000,1875,13.77,,,,,40,0.5,6,6,-5.0,5.0,dcdfb68,2026-07-23T20:33:03,1.0,450000,,,,,,DTSA+LS,N=40,C1,2098,10,0,True
ta31,30,15,450,DTSA,6,1965,450040,450000,1875,13.832,,,,,40,0.5,6,6,-5.0,5.0,dcdfb68,2026-07-23T20:33:03,1.0,450000,,,,,,DTSA-core,N=40,C1,1965,0,0,True
ta31,30,15,450,DTSA,6,1965,450040,450000,1875,13.832,,,,,40,0.5,6,6,-5.0,5.0,dcdfb68,2026-07-23T20:33:03,1.0,450000,,,,,,DTSA+LS,N=40,C1,1965,5,0,True
ta31,30,15,450,DTSA,7,1994,450040,450000,1875,13.572,,,,,40,0.5,6,6,-5.0,5.0,dcdfb68,2026-07-23T20:33:03,1.0,450000,,,,,,DTSA-core,N=40,C1,1994,0,0,True
ta31,30,15,450,DTSA,7,1994,450040,450000,1875,13.572,,,,,40,0.5,6,6,-5.0,5.0,dcdfb68,2026-07-23T20:33:03,1.0,450000,,,,,,DTSA+LS,N=40,C1,1994,8,0,True
ta31,30,15,450,DTSA,8,2037,450040,450000,1875,13.413,,,,,40,0.5,6,6,-5.0,5.0,dcdfb68,2026-07-23T20:33:16,1.0,450000,,,,,,DTSA-core,N=40,C1,2037,0,0,True
ta31,30,15,450,DTSA,8,2037,450040,450000,1875,13.413,,,,,40,0.5,6,6,-5.0,5.0,dcdfb68,2026-07-23T20:33:16,1.0,450000,,,,,,DTSA+LS,N=40,C1,2037,7,0,True
ta31,30,15,450,DTSA,9,2137,450040,450000,1875,13.318,,,,,40,0.5,6,6,-5.0,5.0,dcdfb68,2026-07-23T20:33:16,1.0,450000,,,,,,DTSA-core,N=40,C1,2137,0,0,True
ta31,30,15,450,DTSA,9,2137,450040,450000,1875,13.318,,,,,40,0.5,6,6,-5.0,5.0,dcdfb68,2026-07-23T20:33:16,1.0,450000,,,,,,DTSA+LS,N=40,C1,2137,4,0,True
ta31,30,15,450,DTSA,10,2139,450040,450000,1875,14.338,,,,,40,0.5,6,6,-5.0,5.0,dcdfb68,2026-07-23T20:33:17,1.0,450000,,,,,,DTSA-core,N=40,C1,2139,0,0,True
ta31,30,15,450,DTSA,10,2139,450040,450000,1875,14.338,,,,,40,0.5,6,6,-5.0,5.0,dcdfb68,2026-07-23T20:33:17,1.0,450000,,,,,,DTSA+LS,N=40,C1,2139,4,0,True
ta31,30,15,450,DTSA,11,2103,450040,450000,1875,13.663,,,,,40,0.5,6,6,-5.0,5.0,dcdfb68,2026-07-23T20:33:17,1.0,450000,,,,,,DTSA-core,N=40,C1,2103,0,0,True
ta31,30,15,450,DTSA,11,2103,450040,450000,1875,13.663,,,,,40,0.5,6,6,-5.0,5.0,dcdfb68,2026-07-23T20:33:17,1.0,450000,,,,,,DTSA+LS,N=40,C1,2103,8,0,True
ta31,30,15,450,DTSA,12,2083,450040,450000,1875,13.609,,,,,40,0.5,6,6,-5.0,5.0,dcdfb68,2026-07-23T20:33:16,1.0,450000,,,,,,DTSA-core,N=40,C1,2083,0,0,True
ta31,30,15,450,DTSA,12,2083,450040,450000,1875,13.609,,,,,40,0.5,6,6,-5.0,5.0,dcdfb68,2026-07-23T20:33:16,1.0,450000,,,,,,DTSA+LS,N=40,C1,2083,6,0,True
ta31,30,15,450,DTSA,13,2097,450040,450000,1875,13.575,,,,,40,0.5,6,6,-5.0,5.0,dcdfb68,2026-07-23T20:33:17,1.0,450000,,,,,,DTSA-core,N=40,C1,2097,0,0,True
ta31,30,15,450,DTSA,13,2097,450040,450000,1875,13.575,,,,,40,0.5,6,6,-5.0,5.0,dcdfb68,2026-07-23T20:33:17,1.0,450000,,,,,,DTSA+LS,N=40,C1,2097,13,0,True
ta31,30,15,450,DTSA,14,2067,450040,450000,1875,13.749,,,,,40,0.5,6,6,-5.0,5.0,dcdfb68,2026-07-23T20:33:17,1.0,450000,,,,,,DTSA-core,N=40,C1,2067,0,0,True
ta31,30,15,450,DTSA,14,2067,450040,450000,1875,13.749,,,,,40,0.5,6,6,-5.0,5.0,dcdfb68,2026-07-23T20:33:17,1.0,450000,,,,,,DTSA+LS,N=40,C1,2067,8,0,True
ta31,30,15,450,DTSA,15,2062,450040,450000,1875,13.765,,,,,40,0.5,6,6,-5.0,5.0,dcdfb68,2026-07-23T20:33:18,1.0,450000,,,,,,DTSA-core,N=40,C1,2062,0,0,True
ta31,30,15,450,DTSA,15,2062,450040,450000,1875,13.765,,,,,40,0.5,6,6,-5.0,5.0,dcdfb68,2026-07-23T20:33:18,1.0,450000,,,,,,DTSA+LS,N=40,C1,2062,6,0,True
ta31,30,15,450,DTSA,16,2144,450040,450000,1875,12.247,,,,,40,0.5,6,6,-5.0,5.0,dcdfb68,2026-07-23T20:33:28,1.0,450000,,,,,,DTSA-core,N=40,C1,2144,0,0,True
ta31,30,15,450,DTSA,16,2144,450040,450000,1875,12.247,,,,,40,0.5,6,6,-5.0,5.0,dcdfb68,2026-07-23T20:33:28,1.0,450000,,,,,,DTSA+LS,N=40,C1,2144,9,0,True
ta31,30,15,450,DTSA,17,2072,450040,450000,1875,12.274,,,,,40,0.5,6,6,-5.0,5.0,dcdfb68,2026-07-23T20:33:28,1.0,450000,,,,,,DTSA-core,N=40,C1,2072,0,0,True
ta31,30,15,450,DTSA,17,2072,450040,450000,1875,12.274,,,,,40,0.5,6,6,-5.0,5.0,dcdfb68,2026-07-23T20:33:28,1.0,450000,,,,,,DTSA+LS,N=40,C1,2072,9,0,True
ta31,30,15,450,DTSA,18,2018,450040,450000,1875,12.183,,,,,40,0.5,6,6,-5.0,5.0,dcdfb68,2026-07-23T20:33:29,1.0,450000,,,,,,DTSA-core,N=40,C1,2018,0,0,True
ta31,30,15,450,DTSA,18,2018,450040,450000,1875,12.183,,,,,40,0.5,6,6,-5.0,5.0,dcdfb68,2026-07-23T20:33:29,1.0,450000,,,,,,DTSA+LS,N=40,C1,2018,8,0,True
ta31,30,15,450,DTSA,19,2022,450040,450000,1875,12.345,,,,,40,0.5,6,6,-5.0,5.0,dcdfb68,2026-07-23T20:33:29,1.0,450000,,,,,,DTSA-core,N=40,C1,2022,0,0,True
ta31,30,15,450,DTSA,19,2022,450040,450000,1875,12.345,,,,,40,0.5,6,6,-5.0,5.0,dcdfb68,2026-07-23T20:33:29,1.0,450000,,,,,,DTSA+LS,N=40,C1,2022,5,0,True
ta32,30,15,450,DTSA,0,2163,450040,450000,1875,14.36,,,,,40,0.5,6,6,-5.0,5.0,dcdfb68,2026-07-23T20:33:43,1.0,450000,,,,,,DTSA-core,N=40,C1,2163,0,0,True
ta32,30,15,450,DTSA,0,2163,450040,450000,1875,14.36,,,,,40,0.5,6,6,-5.0,5.0,dcdfb68,2026-07-23T20:33:43,1.0,450000,,,,,,DTSA+LS,N=40,C1,2163,6,0,True
ta32,30,15,450,DTSA,1,2166,450040,450000,1875,14.75,,,,,40,0.5,6,6,-5.0,5.0,dcdfb68,2026-07-23T20:33:44,1.0,450000,,,,,,DTSA-core,N=40,C1,2166,0,0,True
ta32,30,15,450,DTSA,1,2166,450040,450000,1875,14.75,,,,,40,0.5,6,6,-5.0,5.0,dcdfb68,2026-07-23T20:33:44,1.0,450000,,,,,,DTSA+LS,N=40,C1,2166,5,0,True
ta32,30,15,450,DTSA,2,2110,450040,450000,1875,14.264,,,,,40,0.5,6,6,-5.0,5.0,dcdfb68,2026-07-23T20:33:43,1.0,450000,,,,,,DTSA-core,N=40,C1,2110,0,0,True
ta32,30,15,450,DTSA,2,2110,450040,450000,1875,14.264,,,,,40,0.5,6,6,-5.0,5.0,dcdfb68,2026-07-23T20:33:43,1.0,450000,,,,,,DTSA+LS,N=40,C1,2110,14,0,True
ta32,30,15,450,DTSA,3,2187,450040,450000,1875,14.807,,,,,40,0.5,6,6,-5.0,5.0,dcdfb68,2026-07-23T20:33:44,1.0,450000,,,,,,DTSA-core,N=40,C1,2187,0,0,True
ta32,30,15,450,DTSA,3,2187,450040,450000,1875,14.807,,,,,40,0.5,6,6,-5.0,5.0,dcdfb68,2026-07-23T20:33:44,1.0,450000,,,,,,DTSA+LS,N=40,C1,2187,9,0,True
ta32,30,15,450,DTSA,4,2174,450040,450000,1875,14.784,,,,,40,0.5,6,6,-5.0,5.0,dcdfb68,2026-07-23T20:33:44,1.0,450000,,,,,,DTSA-core,N=40,C1,2174,0,0,True
ta32,30,15,450,DTSA,4,2174,450040,450000,1875,14.784,,,,,40,0.5,6,6,-5.0,5.0,dcdfb68,2026-07-23T20:33:44,1.0,450000,,,,,,DTSA+LS,N=40,C1,2174,4,0,True
ta32,30,15,450,DTSA,5,2121,450040,450000,1875,14.286,,,,,40,0.5,6,6,-5.0,5.0,dcdfb68,2026-07-23T20:33:43,1.0,450000,,,,,,DTSA-core,N=40,C1,2121,0,0,True
ta32,30,15,450,DTSA,5,2121,450040,450000,1875,14.286,,,,,40,0.5,6,6,-5.0,5.0,dcdfb68,2026-07-23T20:33:43,1.0,450000,,,,,,DTSA+LS,N=40,C1,2121,4,0,True
ta32,30,15,450,DTSA,6,2195,450040,450000,1875,14.356,,,,,40,0.5,6,6,-5.0,5.0,dcdfb68,2026-07-23T20:33:43,1.0,450000,,,,,,DTSA-core,N=40,C1,2195,0,0,True
ta32,30,15,450,DTSA,6,2195,450040,450000,1875,14.356,,,,,40,0.5,6,6,-5.0,5.0,dcdfb68,2026-07-23T20:33:43,1.0,450000,,,,,,DTSA+LS,N=40,C1,2195,4,0,True
ta32,30,15,450,DTSA,7,2127,450040,450000,1875,14.21,,,,,40,0.5,6,6,-5.0,5.0,dcdfb68,2026-07-23T20:33:43,1.0,450000,,,,,,DTSA-core,N=40,C1,2127,0,0,True
ta32,30,15,450,DTSA,7,2127,450040,450000,1875,14.21,,,,,40,0.5,6,6,-5.0,5.0,dcdfb68,2026-07-23T20:33:43,1.0,450000,,,,,,DTSA+LS,N=40,C1,2127,7,0,True
ta32,30,15,450,DTSA,8,2174,450040,450000,1875,14.639,,,,,40,0.5,6,6,-5.0,5.0,dcdfb68,2026-07-23T20:33:58,1.0,450000,,,,,,DTSA-core,N=40,C1,2174,0,0,True
ta32,30,15,450,DTSA,8,2174,450040,450000,1875,14.639,,,,,40,0.5,6,6,-5.0,5.0,dcdfb68,2026-07-23T20:33:58,1.0,450000,,,,,,DTSA+LS,N=40,C1,2174,7,0,True
ta32,30,15,450,DTSA,9,2228,450040,450000,1875,14.761,,,,,40,0.5,6,6,-5.0,5.0,dcdfb68,2026-07-23T20:33:58,1.0,450000,,,,,,DTSA-core,N=40,C1,2228,0,0,True
ta32,30,15,450,DTSA,9,2228,450040,450000,1875,14.761,,,,,40,0.5,6,6,-5.0,5.0,dcdfb68,2026-07-23T20:33:58,1.0,450000,,,,,,DTSA+LS,N=40,C1,2228,8,0,True
ta32,30,15,450,DTSA,10,2132,450040,450000,1875,15.203,,,,,40,0.5,6,6,-5.0,5.0,dcdfb68,2026-07-23T20:33:58,1.0,450000,,,,,,DTSA-core,N=40,C1,2132,0,0,True
ta32,30,15,450,DTSA,10,2132,450040,450000,1875,15.203,,,,,40,0.5,6,6,-5.0,5.0,dcdfb68,2026-07-23T20:33:58,1.0,450000,,,,,,DTSA+LS,N=40,C1,2132,10,0,True
ta32,30,15,450,DTSA,11,2279,450040,450000,1875,14.904,,,,,40,0.5,6,6,-5.0,5.0,dcdfb68,2026-07-23T20:33:58,1.0,450000,,,,,,DTSA-core,N=40,C1,2279,0,0,True
ta32,30,15,450,DTSA,11,2279,450040,450000,1875,14.904,,,,,40,0.5,6,6,-5.0,5.0,dcdfb68,2026-07-23T20:33:58,1.0,450000,,,,,,DTSA+LS,N=40,C1,2279,10,0,True
ta32,30,15,450,DTSA,12,2235,450040,450000,1875,14.824,,,,,40,0.5,6,6,-5.0,5.0,dcdfb68,2026-07-23T20:33:58,1.0,450000,,,,,,DTSA-core,N=40,C1,2235,0,0,True
ta32,30,15,450,DTSA,12,2235,450040,450000,1875,14.824,,,,,40,0.5,6,6,-5.0,5.0,dcdfb68,2026-07-23T20:33:58,1.0,450000,,,,,,DTSA+LS,N=40,C1,2235,6,0,True
ta32,30,15,450,DTSA,13,2120,450040,450000,1875,15.156,,,,,40,0.5,6,6,-5.0,5.0,dcdfb68,2026-07-23T20:33:59,1.0,450000,,,,,,DTSA-core,N=40,C1,2120,0,0,True
ta32,30,15,450,DTSA,13,2120,450040,450000,1875,15.156,,,,,40,0.5,6,6,-5.0,5.0,dcdfb68,2026-07-23T20:33:59,1.0,450000,,,,,,DTSA+LS,N=40,C1,2120,5,0,True
ta32,30,15,450,DTSA,14,2125,450040,450000,1875,14.883,,,,,40,0.5,6,6,-5.0,5.0,dcdfb68,2026-07-23T20:33:59,1.0,450000,,,,,,DTSA-core,N=40,C1,2125,0,0,True
ta32,30,15,450,DTSA,14,2125,450040,450000,1875,14.883,,,,,40,0.5,6,6,-5.0,5.0,dcdfb68,2026-07-23T20:33:59,1.0,450000,,,,,,DTSA+LS,N=40,C1,2125,7,0,True
ta32,30,15,450,DTSA,15,2152,450040,450000,1875,15.183,,,,,40,0.5,6,6,-5.0,5.0,dcdfb68,2026-07-23T20:33:59,1.0,450000,,,,,,DTSA-core,N=40,C1,2152,0,0,True
ta32,30,15,450,DTSA,15,2152,450040,450000,1875,15.183,,,,,40,0.5,6,6,-5.0,5.0,dcdfb68,2026-07-23T20:33:59,1.0,450000,,,,,,DTSA+LS,N=40,C1,2152,4,0,True
ta32,30,15,450,DTSA,16,2151,450040,450000,1875,12.223,,,,,40,0.5,6,6,-5.0,5.0,d075816,2026-07-23T20:34:10,1.0,450000,,,,,,DTSA-core,N=40,C1,2151,0,0,True
ta32,30,15,450,DTSA,16,2151,450040,450000,1875,12.223,,,,,40,0.5,6,6,-5.0,5.0,d075816,2026-07-23T20:34:10,1.0,450000,,,,,,DTSA+LS,N=40,C1,2151,4,0,True
ta32,30,15,450,DTSA,17,2204,450040,450000,1875,12.28,,,,,40,0.5,6,6,-5.0,5.0,d075816,2026-07-23T20:34:10,1.0,450000,,,,,,DTSA-core,N=40,C1,2204,0,0,True
ta32,30,15,450,DTSA,17,2204,450040,450000,1875,12.28,,,,,40,0.5,6,6,-5.0,5.0,d075816,2026-07-23T20:34:10,1.0,450000,,,,,,DTSA+LS,N=40,C1,2204,4,0,True
ta32,30,15,450,DTSA,18,2154,450040,450000,1875,12.349,,,,,40,0.5,6,6,-5.0,5.0,d075816,2026-07-23T20:34:11,1.0,450000,,,,,,DTSA-core,N=40,C1,2154,0,0,True
ta32,30,15,450,DTSA,18,2154,450040,450000,1875,12.349,,,,,40,0.5,6,6,-5.0,5.0,d075816,2026-07-23T20:34:11,1.0,450000,,,,,,DTSA+LS,N=40,C1,2154,4,0,True
ta32,30,15,450,DTSA,19,2090,450040,450000,1875,12.402,,,,,40,0.5,6,6,-5.0,5.0,d075816,2026-07-23T20:34:11,1.0,450000,,,,,,DTSA-core,N=40,C1,2090,0,0,True
ta32,30,15,450,DTSA,19,2090,450040,450000,1875,12.402,,,,,40,0.5,6,6,-5.0,5.0,d075816,2026-07-23T20:34:11,1.0,450000,,,,,,DTSA+LS,N=40,C1,2090,6,0,True
ta33,30,15,450,DTSA,0,2179,450040,450000,1875,13.822,,,,,40,0.5,6,6,-5.0,5.0,d075816,2026-07-23T20:34:25,1.0,450000,,,,,,DTSA-core,N=40,C1,2179,0,0,True
ta33,30,15,450,DTSA,0,2179,450040,450000,1875,13.822,,,,,40,0.5,6,6,-5.0,5.0,d075816,2026-07-23T20:34:25,1.0,450000,,,,,,DTSA+LS,N=40,C1,2179,4,0,True
ta33,30,15,450,DTSA,1,2160,450040,450000,1875,13.582,,,,,40,0.5,6,6,-5.0,5.0,d075816,2026-07-23T20:34:24,1.0,450000,,,,,,DTSA-core,N=40,C1,2160,0,0,True
ta33,30,15,450,DTSA,1,2160,450040,450000,1875,13.582,,,,,40,0.5,6,6,-5.0,5.0,d075816,2026-07-23T20:34:24,1.0,450000,,,,,,DTSA+LS,N=40,C1,2160,6,0,True
ta33,30,15,450,DTSA,2,2232,450040,450000,1875,14.242,,,,,40,0.5,6,6,-5.0,5.0,d075816,2026-07-23T20:34:25,1.0,450000,,,,,,DTSA-core,N=40,C1,2232,0,0,True
ta33,30,15,450,DTSA,2,2232,450040,450000,1875,14.242,,,,,40,0.5,6,6,-5.0,5.0,d075816,2026-07-23T20:34:25,1.0,450000,,,,,,DTSA+LS,N=40,C1,2232,4,0,True
ta33,30,15,450,DTSA,3,2249,450040,450000,1875,14.171,,,,,40,0.5,6,6,-5.0,5.0,d075816,2026-07-23T20:34:25,1.0,450000,,,,,,DTSA-core,N=40,C1,2249,0,0,True
ta33,30,15,450,DTSA,3,2249,450040,450000,1875,14.171,,,,,40,0.5,6,6,-5.0,5.0,d075816,2026-07-23T20:34:25,1.0,450000,,,,,,DTSA+LS,N=40,C1,2249,10,0,True
ta33,30,15,450,DTSA,4,2172,450040,450000,1875,14.092,,,,,40,0.5,6,6,-5.0,5.0,d075816,2026-07-23T20:34:25,1.0,450000,,,,,,DTSA-core,N=40,C1,2172,0,0,True
ta33,30,15,450,DTSA,4,2172,450040,450000,1875,14.092,,,,,40,0.5,6,6,-5.0,5.0,d075816,2026-07-23T20:34:25,1.0,450000,,,,,,DTSA+LS,N=40,C1,2172,4,0,True
ta33,30,15,450,DTSA,5,2204,450040,450000,1875,14.08,,,,,40,0.5,6,6,-5.0,5.0,d075816,2026-07-23T20:34:25,1.0,450000,,,,,,DTSA-core,N=40,C1,2204,0,0,True
ta33,30,15,450,DTSA,5,2204,450040,450000,1875,14.08,,,,,40,0.5,6,6,-5.0,5.0,d075816,2026-07-23T20:34:25,1.0,450000,,,,,,DTSA+LS,N=40,C1,2204,4,0,True
ta33,30,15,450,DTSA,6,2140,450040,450000,1875,14.077,,,,,40,0.5,6,6,-5.0,5.0,d075816,2026-07-23T20:34:25,1.0,450000,,,,,,DTSA-core,N=40,C1,2140,0,0,True
ta33,30,15,450,DTSA,6,2140,450040,450000,1875,14.077,,,,,40,0.5,6,6,-5.0,5.0,d075816,2026-07-23T20:34:25,1.0,450000,,,,,,DTSA+LS,N=40,C1,2140,6,0,True
ta33,30,15,450,DTSA,7,2134,450040,450000,1875,13.754,,,,,40,0.5,6,6,-5.0,5.0,d075816,2026-07-23T20:34:24,1.0,450000,,,,,,DTSA-core,N=40,C1,2134,0,0,True
ta33,30,15,450,DTSA,7,2134,450040,450000,1875,13.754,,,,,40,0.5,6,6,-5.0,5.0,d075816,2026-07-23T20:34:24,1.0,450000,,,,,,DTSA+LS,N=40,C1,2134,6,0,True
ta33,30,15,450,DTSA,8,2154,450040,450000,1875,13.597,,,,,40,0.5,6,6,-5.0,5.0,d075816,2026-07-23T20:34:38,1.0,450000,,,,,,DTSA-core,N=40,C1,2154,0,0,True
ta33,30,15,450,DTSA,8,2154,450040,450000,1875,13.597,,,,,40,0.5,6,6,-5.0,5.0,d075816,2026-07-23T20:34:38,1.0,450000,,,,,,DTSA+LS,N=40,C1,2154,7,0,True
ta33,30,15,450,DTSA,9,2138,450040,450000,1875,13.543,,,,,40,0.5,6,6,-5.0,5.0,d075816,2026-07-23T20:34:38,1.0,450000,,,,,,DTSA-core,N=40,C1,2138,0,0,True
ta33,30,15,450,DTSA,9,2122,450040,450000,1875,13.543,,,,,40,0.5,6,6,-5.0,5.0,d075816,2026-07-23T20:34:38,1.0,450000,,,,,,DTSA+LS,N=40,C1,2138,18,4,True
ta33,30,15,450,DTSA,10,2159,450040,450000,1875,13.414,,,,,40,0.5,6,6,-5.0,5.0,d075816,2026-07-23T20:34:38,1.0,450000,,,,,,DTSA-core,N=40,C1,2159,0,0,True
ta33,30,15,450,DTSA,10,2159,450040,450000,1875,13.414,,,,,40,0.5,6,6,-5.0,5.0,d075816,2026-07-23T20:34:38,1.0,450000,,,,,,DTSA+LS,N=40,C1,2159,6,0,True
ta33,30,15,450,DTSA,11,2154,450040,450000,1875,13.56,,,,,40,0.5,6,6,-5.0,5.0,d075816,2026-07-23T20:34:38,1.0,450000,,,,,,DTSA-core,N=40,C1,2154,0,0,True
ta33,30,15,450,DTSA,11,2154,450040,450000,1875,13.56,,,,,40,0.5,6,6,-5.0,5.0,d075816,2026-07-23T20:34:38,1.0,450000,,,,,,DTSA+LS,N=40,C1,2154,4,0,True
ta33,30,15,450,DTSA,12,2217,450040,450000,1875,13.546,,,,,40,0.5,6,6,-5.0,5.0,d075816,2026-07-23T20:34:38,1.0,450000,,,,,,DTSA-core,N=40,C1,2217,0,0,True
ta33,30,15,450,DTSA,12,2217,450040,450000,1875,13.546,,,,,40,0.5,6,6,-5.0,5.0,d075816,2026-07-23T20:34:38,1.0,450000,,,,,,DTSA+LS,N=40,C1,2217,4,0,True
ta33,30,15,450,DTSA,13,2168,450040,450000,1875,13.185,,,,,40,0.5,6,6,-5.0,5.0,d075816,2026-07-23T20:34:38,1.0,450000,,,,,,DTSA-core,N=40,C1,2168,0,0,True
ta33,30,15,450,DTSA,13,2168,450040,450000,1875,13.185,,,,,40,0.5,6,6,-5.0,5.0,d075816,2026-07-23T20:34:38,1.0,450000,,,,,,DTSA+LS,N=40,C1,2168,7,0,True
ta33,30,15,450,DTSA,14,2151,450040,450000,1875,13.734,,,,,40,0.5,6,6,-5.0,5.0,d075816,2026-07-23T20:34:39,1.0,450000,,,,,,DTSA-core,N=40,C1,2151,0,0,True
ta33,30,15,450,DTSA,14,2151,450040,450000,1875,13.734,,,,,40,0.5,6,6,-5.0,5.0,d075816,2026-07-23T20:34:39,1.0,450000,,,,,,DTSA+LS,N=40,C1,2151,7,0,True
ta33,30,15,450,DTSA,15,2160,450040,450000,1875,13.513,,,,,40,0.5,6,6,-5.0,5.0,d075816,2026-07-23T20:34:38,1.0,450000,,,,,,DTSA-core,N=40,C1,2160,0,0,True
ta33,30,15,450,DTSA,15,2160,450040,450000,1875,13.513,,,,,40,0.5,6,6,-5.0,5.0,d075816,2026-07-23T20:34:38,1.0,450000,,,,,,DTSA+LS,N=40,C1,2160,4,0,True
ta33,30,15,450,DTSA,16,2185,450040,450000,1875,11.848,,,,,40,0.5,6,6,-5.0,5.0,d075816,2026-07-23T20:34:50,1.0,450000,,,,,,DTSA-core,N=40,C1,2185,0,0,True
ta33,30,15,450,DTSA,16,2185,450040,450000,1875,11.848,,,,,40,0.5,6,6,-5.0,5.0,d075816,2026-07-23T20:34:50,1.0,450000,,,,,,DTSA+LS,N=40,C1,2185,10,0,True
ta33,30,15,450,DTSA,17,2266,450040,450000,1875,11.727,,,,,40,0.5,6,6,-5.0,5.0,d075816,2026-07-23T20:34:50,1.0,450000,,,,,,DTSA-core,N=40,C1,2266,0,0,True
ta33,30,15,450,DTSA,17,2266,450040,450000,1875,11.727,,,,,40,0.5,6,6,-5.0,5.0,d075816,2026-07-23T20:34:50,1.0,450000,,,,,,DTSA+LS,N=40,C1,2266,10,0,True
ta33,30,15,450,DTSA,18,2168,450040,450000,1875,11.784,,,,,40,0.5,6,6,-5.0,5.0,d075816,2026-07-23T20:34:50,1.0,450000,,,,,,DTSA-core,N=40,C1,2168,0,0,True
ta33,30,15,450,DTSA,18,2168,450040,450000,1875,11.784,,,,,40,0.5,6,6,-5.0,5.0,d075816,2026-07-23T20:34:50,1.0,450000,,,,,,DTSA+LS,N=40,C1,2168,9,0,True
ta33,30,15,450,DTSA,19,2155,450040,450000,1875,11.9,,,,,40,0.5,6,6,-5.0,5.0,d075816,2026-07-23T20:34:50,1.0,450000,,,,,,DTSA-core,N=40,C1,2155,0,0,True
ta33,30,15,450,DTSA,19,2155,450040,450000,1875,11.9,,,,,40,0.5,6,6,-5.0,5.0,d075816,2026-07-23T20:34:50,1.0,450000,,,,,,DTSA+LS,N=40,C1,2155,9,0,True
ta34,30,15,450,DTSA,0,2139,450040,450000,1875,13.021,,,,,40,0.5,6,6,-5.0,5.0,d075816,2026-07-23T20:35:03,1.0,450000,,,,,,DTSA-core,N=40,C1,2139,0,0,True
ta34,30,15,450,DTSA,0,2139,450040,450000,1875,13.021,,,,,40,0.5,6,6,-5.0,5.0,d075816,2026-07-23T20:35:03,1.0,450000,,,,,,DTSA+LS,N=40,C1,2139,8,0,True
ta34,30,15,450,DTSA,1,2174,450040,450000,1875,13.158,,,,,40,0.5,6,6,-5.0,5.0,d075816,2026-07-23T20:35:03,1.0,450000,,,,,,DTSA-core,N=40,C1,2174,0,0,True
ta34,30,15,450,DTSA,1,2174,450040,450000,1875,13.158,,,,,40,0.5,6,6,-5.0,5.0,d075816,2026-07-23T20:35:03,1.0,450000,,,,,,DTSA+LS,N=40,C1,2174,8,0,True
ta34,30,15,450,DTSA,2,2108,450040,450000,1875,13.246,,,,,40,0.5,6,6,-5.0,5.0,d075816,2026-07-23T20:35:03,1.0,450000,,,,,,DTSA-core,N=40,C1,2108,0,0,True
ta34,30,15,450,DTSA,2,2108,450040,450000,1875,13.246,,,,,40,0.5,6,6,-5.0,5.0,d075816,2026-07-23T20:35:03,1.0,450000,,,,,,DTSA+LS,N=40,C1,2108,6,0,True
ta34,30,15,450,DTSA,3,2229,450040,450000,1875,13.251,,,,,40,0.5,6,6,-5.0,5.0,d075816,2026-07-23T20:35:03,1.0,450000,,,,,,DTSA-core,N=40,C1,2229,0,0,True
ta34,30,15,450,DTSA,3,2229,450040,450000,1875,13.251,,,,,40,0.5,6,6,-5.0,5.0,d075816,2026-07-23T20:35:03,1.0,450000,,,,,,DTSA+LS,N=40,C1,2229,4,0,True
ta34,30,15,450,DTSA,4,2128,450040,450000,1875,13.164,,,,,40,0.5,6,6,-5.0,5.0,d075816,2026-07-23T20:35:03,1.0,450000,,,,,,DTSA-core,N=40,C1,2128,0,0,True
ta34,30,15,450,DTSA,4,2128,450040,450000,1875,13.164,,,,,40,0.5,6,6,-5.0,5.0,d075816,2026-07-23T20:35:03,1.0,450000,,,,,,DTSA+LS,N=40,C1,2128,8,0,True
ta34,30,15,450,DTSA,5,2088,450040,450000,1875,12.919,,,,,40,0.5,6,6,-5.0,5.0,d075816,2026-07-23T20:35:03,1.0,450000,,,,,,DTSA-core,N=40,C1,2088,0,0,True
ta34,30,15,450,DTSA,5,2088,450040,450000,1875,12.919,,,,,40,0.5,6,6,-5.0,5.0,d075816,2026-07-23T20:35:03,1.0,450000,,,,,,DTSA+LS,N=40,C1,2088,4,0,True
ta34,30,15,450,DTSA,6,2118,450040,450000,1875,13.541,,,,,40,0.5,6,6,-5.0,5.0,d075816,2026-07-23T20:35:04,1.0,450000,,,,,,DTSA-core,N=40,C1,2118,0,0,True
ta34,30,15,450,DTSA,6,2118,450040,450000,1875,13.541,,,,,40,0.5,6,6,-5.0,5.0,d075816,2026-07-23T20:35:04,1.0,450000,,,,,,DTSA+LS,N=40,C1,2118,9,0,True
ta34,30,15,450,DTSA,7,2161,450040,450000,1875,13.068,,,,,40,0.5,6,6,-5.0,5.0,d075816,2026-07-23T20:35:03,1.0,450000,,,,,,DTSA-core,N=40,C1,2161,0,0,True
ta34,30,15,450,DTSA,7,2161,450040,450000,1875,13.068,,,,,40,0.5,6,6,-5.0,5.0,d075816,2026-07-23T20:35:03,1.0,450000,,,,,,DTSA+LS,N=40,C1,2161,7,0,True
ta34,30,15,450,DTSA,8,2200,450040,450000,1875,12.966,,,,,40,0.5,6,6,-5.0,5.0,d075816,2026-07-23T20:35:16,1.0,450000,,,,,,DTSA-core,N=40,C1,2200,0,0,True
ta34,30,15,450,DTSA,8,2200,450040,450000,1875,12.966,,,,,40,0.5,6,6,-5.0,5.0,d075816,2026-07-23T20:35:16,1.0,450000,,,,,,DTSA+LS,N=40,C1,2200,5,0,True
ta34,30,15,450,DTSA,9,2146,450040,450000,1875,12.871,,,,,40,0.5,6,6,-5.0,5.0,d075816,2026-07-23T20:35:16,1.0,450000,,,,,,DTSA-core,N=40,C1,2146,0,0,True
ta34,30,15,450,DTSA,9,2146,450040,450000,1875,12.871,,,,,40,0.5,6,6,-5.0,5.0,d075816,2026-07-23T20:35:16,1.0,450000,,,,,,DTSA+LS,N=40,C1,2146,4,0,True
ta34,30,15,450,DTSA,10,2117,450040,450000,1875,13.015,,,,,40,0.5,6,6,-5.0,5.0,d075816,2026-07-23T20:35:16,1.0,450000,,,,,,DTSA-core,N=40,C1,2117,0,0,True
ta34,30,15,450,DTSA,10,2117,450040,450000,1875,13.015,,,,,40,0.5,6,6,-5.0,5.0,d075816,2026-07-23T20:35:16,1.0,450000,,,,,,DTSA+LS,N=40,C1,2117,8,0,True
ta34,30,15,450,DTSA,11,2174,450040,450000,1875,13.055,,,,,40,0.5,6,6,-5.0,5.0,d075816,2026-07-23T20:35:16,1.0,450000,,,,,,DTSA-core,N=40,C1,2174,0,0,True
ta34,30,15,450,DTSA,11,2174,450040,450000,1875,13.055,,,,,40,0.5,6,6,-5.0,5.0,d075816,2026-07-23T20:35:16,1.0,450000,,,,,,DTSA+LS,N=40,C1,2174,8,0,True
ta34,30,15,450,DTSA,12,2148,450040,450000,1875,12.871,,,,,40,0.5,6,6,-5.0,5.0,d075816,2026-07-23T20:35:16,1.0,450000,,,,,,DTSA-core,N=40,C1,2148,0,0,True
ta34,30,15,450,DTSA,12,2148,450040,450000,1875,12.871,,,,,40,0.5,6,6,-5.0,5.0,d075816,2026-07-23T20:35:16,1.0,450000,,,,,,DTSA+LS,N=40,C1,2148,6,0,True
ta34,30,15,450,DTSA,13,2068,450040,450000,1875,13.346,,,,,40,0.5,6,6,-5.0,5.0,d075816,2026-07-23T20:35:17,1.0,450000,,,,,,DTSA-core,N=40,C1,2068,0,0,True
ta34,30,15,450,DTSA,13,2068,450040,450000,1875,13.346,,,,,40,0.5,6,6,-5.0,5.0,d075816,2026-07-23T20:35:17,1.0,450000,,,,,,DTSA+LS,N=40,C1,2068,12,0,True
ta34,30,15,450,DTSA,14,2128,450040,450000,1875,13.008,,,,,40,0.5,6,6,-5.0,5.0,d075816,2026-07-23T20:35:16,1.0,450000,,,,,,DTSA-core,N=40,C1,2128,0,0,True
ta34,30,15,450,DTSA,14,2128,450040,450000,1875,13.008,,,,,40,0.5,6,6,-5.0,5.0,d075816,2026-07-23T20:35:16,1.0,450000,,,,,,DTSA+LS,N=40,C1,2128,6,0,True
ta34,30,15,450,DTSA,15,2159,450040,450000,1875,13.12,,,,,40,0.5,6,6,-5.0,5.0,d075816,2026-07-23T20:35:17,1.0,450000,,,,,,DTSA-core,N=40,C1,2159,0,0,True
ta34,30,15,450,DTSA,15,2159,450040,450000,1875,13.12,,,,,40,0.5,6,6,-5.0,5.0,d075816,2026-07-23T20:35:17,1.0,450000,,,,,,DTSA+LS,N=40,C1,2159,11,0,True
ta34,30,15,450,DTSA,16,2080,450040,450000,1875,11.971,,,,,40,0.5,6,6,-5.0,5.0,d075816,2026-07-23T20:35:28,1.0,450000,,,,,,DTSA-core,N=40,C1,2080,0,0,True
ta34,30,15,450,DTSA,16,2080,450040,450000,1875,11.971,,,,,40,0.5,6,6,-5.0,5.0,d075816,2026-07-23T20:35:28,1.0,450000,,,,,,DTSA+LS,N=40,C1,2080,9,0,True
ta34,30,15,450,DTSA,17,2154,450040,450000,1875,11.877,,,,,40,0.5,6,6,-5.0,5.0,d075816,2026-07-23T20:35:28,1.0,450000,,,,,,DTSA-core,N=40,C1,2154,0,0,True
ta34,30,15,450,DTSA,17,2154,450040,450000,1875,11.877,,,,,40,0.5,6,6,-5.0,5.0,d075816,2026-07-23T20:35:28,1.0,450000,,,,,,DTSA+LS,N=40,C1,2154,4,0,True
ta34,30,15,450,DTSA,18,2144,450040,450000,1875,12.022,,,,,40,0.5,6,6,-5.0,5.0,d075816,2026-07-23T20:35:28,1.0,450000,,,,,,DTSA-core,N=40,C1,2144,0,0,True
ta34,30,15,450,DTSA,18,2144,450040,450000,1875,12.022,,,,,40,0.5,6,6,-5.0,5.0,d075816,2026-07-23T20:35:28,1.0,450000,,,,,,DTSA+LS,N=40,C1,2144,7,0,True
ta34,30,15,450,DTSA,19,2138,450040,450000,1875,11.918,,,,,40,0.5,6,6,-5.0,5.0,d075816,2026-07-23T20:35:28,1.0,450000,,,,,,DTSA-core,N=40,C1,2138,0,0,True
ta34,30,15,450,DTSA,19,2138,450040,450000,1875,11.918,,,,,40,0.5,6,6,-5.0,5.0,d075816,2026-07-23T20:35:28,1.0,450000,,,,,,DTSA+LS,N=40,C1,2138,9,0,True
ta35,30,15,450,DTSA,0,2308,450040,450000,1875,13.776,,,,,40,0.5,6,6,-5.0,5.0,d075816,2026-07-23T20:35:42,1.0,450000,,,,,,DTSA-core,N=40,C1,2308,0,0,True
ta35,30,15,450,DTSA,0,2308,450040,450000,1875,13.776,,,,,40,0.5,6,6,-5.0,5.0,d075816,2026-07-23T20:35:42,1.0,450000,,,,,,DTSA+LS,N=40,C1,2308,4,0,True
ta35,30,15,450,DTSA,1,2344,450040,450000,1875,13.932,,,,,40,0.5,6,6,-5.0,5.0,d075816,2026-07-23T20:35:42,1.0,450000,,,,,,DTSA-core,N=40,C1,2344,0,0,True
ta35,30,15,450,DTSA,1,2344,450040,450000,1875,13.932,,,,,40,0.5,6,6,-5.0,5.0,d075816,2026-07-23T20:35:42,1.0,450000,,,,,,DTSA+LS,N=40,C1,2344,5,0,True
ta35,30,15,450,DTSA,2,2462,450040,450000,1875,13.786,,,,,40,0.5,6,6,-5.0,5.0,d075816,2026-07-23T20:35:42,1.0,450000,,,,,,DTSA-core,N=40,C1,2462,0,0,True
ta35,30,15,450,DTSA,2,2462,450040,450000,1875,13.786,,,,,40,0.5,6,6,-5.0,5.0,d075816,2026-07-23T20:35:42,1.0,450000,,,,,,DTSA+LS,N=40,C1,2462,7,0,True
ta35,30,15,450,DTSA,3,2386,450040,450000,1875,13.741,,,,,40,0.5,6,6,-5.0,5.0,d075816,2026-07-23T20:35:42,1.0,450000,,,,,,DTSA-core,N=40,C1,2386,0,0,True
ta35,30,15,450,DTSA,3,2386,450040,450000,1875,13.741,,,,,40,0.5,6,6,-5.0,5.0,d075816,2026-07-23T20:35:42,1.0,450000,,,,,,DTSA+LS,N=40,C1,2386,4,0,True
ta35,30,15,450,DTSA,4,2223,450040,450000,1875,13.85,,,,,40,0.5,6,6,-5.0,5.0,d075816,2026-07-23T20:35:42,1.0,450000,,,,,,DTSA-core,N=40,C1,2223,0,0,True
ta35,30,15,450,DTSA,4,2223,450040,450000,1875,13.85,,,,,40,0.5,6,6,-5.0,5.0,d075816,2026-07-23T20:35:42,1.0,450000,,,,,,DTSA+LS,N=40,C1,2223,6,0,True
ta35,30,15,450,DTSA,5,2260,450040,450000,1875,13.968,,,,,40,0.5,6,6,-5.0,5.0,d075816,2026-07-23T20:35:42,1.0,450000,,,,,,DTSA-core,N=40,C1,2260,0,0,True
ta35,30,15,450,DTSA,5,2260,450040,450000,1875,13.968,,,,,40,0.5,6,6,-5.0,5.0,d075816,2026-07-23T20:35:42,1.0,450000,,,,,,DTSA+LS,N=40,C1,2260,6,0,True
ta35,30,15,450,DTSA,6,2312,450040,450000,1875,13.625,,,,,40,0.5,6,6,-5.0,5.0,d075816,2026-07-23T20:35:42,1.0,450000,,,,,,DTSA-core,N=40,C1,2312,0,0,True
ta35,30,15,450,DTSA,6,2312,450040,450000,1875,13.625,,,,,40,0.5,6,6,-5.0,5.0,d075816,2026-07-23T20:35:42,1.0,450000,,,,,,DTSA+LS,N=40,C1,2312,11,0,True
ta35,30,15,450,DTSA,7,2340,450040,450000,1875,13.296,,,,,40,0.5,6,6,-5.0,5.0,d075816,2026-07-23T20:35:41,1.0,450000,,,,,,DTSA-core,N=40,C1,2340,0,0,True
ta35,30,15,450,DTSA,7,2340,450040,450000,1875,13.296,,,,,40,0.5,6,6,-5.0,5.0,d075816,2026-07-23T20:35:41,1.0,450000,,,,,,DTSA+LS,N=40,C1,2340,4,0,True
ta35,30,15,450,DTSA,8,2238,450040,450000,1875,14.03,,,,,40,0.5,6,6,-5.0,5.0,d075816,2026-07-23T20:35:56,1.0,450000,,,,,,DTSA-core,N=40,C1,2238,0,0,True
ta35,30,15,450,DTSA,8,2231,450040,450000,1875,14.03,,,,,40,0.5,6,6,-5.0,5.0,d075816,2026-07-23T20:35:56,1.0,450000,,,,,,DTSA+LS,N=40,C1,2238,7,1,True
ta35,30,15,450,DTSA,9,2270,450040,450000,1875,13.905,,,,,40,0.5,6,6,-5.0,5.0,d075816,2026-07-23T20:35:56,1.0,450000,,,,,,DTSA-core,N=40,C1,2270,0,0,True
ta35,30,15,450,DTSA,9,2270,450040,450000,1875,13.905,,,,,40,0.5,6,6,-5.0,5.0,d075816,2026-07-23T20:35:56,1.0,450000,,,,,,DTSA+LS,N=40,C1,2270,6,0,True
ta35,30,15,450,DTSA,10,2316,450040,450000,1875,13.625,,,,,40,0.5,6,6,-5.0,5.0,d075816,2026-07-23T20:35:56,1.0,450000,,,,,,DTSA-core,N=40,C1,2316,0,0,True
ta35,30,15,450,DTSA,10,2316,450040,450000,1875,13.625,,,,,40,0.5,6,6,-5.0,5.0,d075816,2026-07-23T20:35:56,1.0,450000,,,,,,DTSA+LS,N=40,C1,2316,5,0,True
ta35,30,15,450,DTSA,11,2280,450040,450000,1875,14.386,,,,,40,0.5,6,6,-5.0,5.0,d075816,2026-07-23T20:35:56,1.0,450000,,,,,,DTSA-core,N=40,C1,2280,0,0,True
ta35,30,15,450,DTSA,11,2280,450040,450000,1875,14.386,,,,,40,0.5,6,6,-5.0,5.0,d075816,2026-07-23T20:35:56,1.0,450000,,,,,,DTSA+LS,N=40,C1,2280,8,0,True
ta35,30,15,450,DTSA,12,2221,450040,450000,1875,14.373,,,,,40,0.5,6,6,-5.0,5.0,d075816,2026-07-23T20:35:56,1.0,450000,,,,,,DTSA-core,N=40,C1,2221,0,0,True
ta35,30,15,450,DTSA,12,2221,450040,450000,1875,14.373,,,,,40,0.5,6,6,-5.0,5.0,d075816,2026-07-23T20:35:56,1.0,450000,,,,,,DTSA+LS,N=40,C1,2221,10,0,True
ta35,30,15,450,DTSA,13,2304,450040,450000,1875,14.022,,,,,40,0.5,6,6,-5.0,5.0,d075816,2026-07-23T20:35:56,1.0,450000,,,,,,DTSA-core,N=40,C1,2304,0,0,True
ta35,30,15,450,DTSA,13,2304,450040,450000,1875,14.022,,,,,40,0.5,6,6,-5.0,5.0,d075816,2026-07-23T20:35:56,1.0,450000,,,,,,DTSA+LS,N=40,C1,2304,4,0,True
ta35,30,15,450,DTSA,14,2305,450040,450000,1875,14.604,,,,,40,0.5,6,6,-5.0,5.0,d075816,2026-07-23T20:35:57,1.0,450000,,,,,,DTSA-core,N=40,C1,2305,0,0,True
ta35,30,15,450,DTSA,14,2305,450040,450000,1875,14.604,,,,,40,0.5,6,6,-5.0,5.0,d075816,2026-07-23T20:35:57,1.0,450000,,,,,,DTSA+LS,N=40,C1,2305,4,0,True
ta35,30,15,450,DTSA,15,2286,450040,450000,1875,14.353,,,,,40,0.5,6,6,-5.0,5.0,d075816,2026-07-23T20:35:57,1.0,450000,,,,,,DTSA-core,N=40,C1,2286,0,0,True
ta35,30,15,450,DTSA,15,2285,450040,450000,1875,14.353,,,,,40,0.5,6,6,-5.0,5.0,d075816,2026-07-23T20:35:57,1.0,450000,,,,,,DTSA+LS,N=40,C1,2286,7,1,True
ta35,30,15,450,DTSA,16,2353,450040,450000,1875,13.407,,,,,40,0.5,6,6,-5.0,5.0,d075816,2026-07-23T20:36:09,1.0,450000,,,,,,DTSA-core,N=40,C1,2353,0,0,True
ta35,30,15,450,DTSA,16,2353,450040,450000,1875,13.407,,,,,40,0.5,6,6,-5.0,5.0,d075816,2026-07-23T20:36:09,1.0,450000,,,,,,DTSA+LS,N=40,C1,2353,8,0,True
ta35,30,15,450,DTSA,17,2328,450040,450000,1875,12.618,,,,,40,0.5,6,6,-5.0,5.0,d075816,2026-07-23T20:36:08,1.0,450000,,,,,,DTSA-core,N=40,C1,2328,0,0,True
ta35,30,15,450,DTSA,17,2328,450040,450000,1875,12.618,,,,,40,0.5,6,6,-5.0,5.0,d075816,2026-07-23T20:36:08,1.0,450000,,,,,,DTSA+LS,N=40,C1,2328,4,0,True
ta35,30,15,450,DTSA,18,2320,450040,450000,1875,12.738,,,,,40,0.5,6,6,-5.0,5.0,d075816,2026-07-23T20:36:08,1.0,450000,,,,,,DTSA-core,N=40,C1,2320,0,0,True
ta35,30,15,450,DTSA,18,2320,450040,450000,1875,12.738,,,,,40,0.5,6,6,-5.0,5.0,d075816,2026-07-23T20:36:08,1.0,450000,,,,,,DTSA+LS,N=40,C1,2320,5,0,True
ta35,30,15,450,DTSA,19,2436,450040,450000,1875,12.574,,,,,40,0.5,6,6,-5.0,5.0,d075816,2026-07-23T20:36:09,1.0,450000,,,,,,DTSA-core,N=40,C1,2436,0,0,True
ta35,30,15,450,DTSA,19,2436,450040,450000,1875,12.574,,,,,40,0.5,6,6,-5.0,5.0,d075816,2026-07-23T20:36:09,1.0,450000,,,,,,DTSA+LS,N=40,C1,2436,4,0,True
ta41,30,20,600,DTSA,0,2489,600040,600000,2500,22.287,,,,,40,0.5,6,6,-5.0,5.0,d075816,2026-07-23T20:36:31,1.0,600000,,,,,,DTSA-core,N=40,C1,2489,0,0,True
ta41,30,20,600,DTSA,0,2489,600040,600000,2500,22.287,,,,,40,0.5,6,6,-5.0,5.0,d075816,2026-07-23T20:36:31,1.0,600000,,,,,,DTSA+LS,N=40,C1,2489,12,0,True
ta41,30,20,600,DTSA,1,2532,600040,600000,2500,22.201,,,,,40,0.5,6,6,-5.0,5.0,d075816,2026-07-23T20:36:31,1.0,600000,,,,,,DTSA-core,N=40,C1,2532,0,0,True
ta41,30,20,600,DTSA,1,2532,600040,600000,2500,22.201,,,,,40,0.5,6,6,-5.0,5.0,d075816,2026-07-23T20:36:31,1.0,600000,,,,,,DTSA+LS,N=40,C1,2532,10,0,True
ta41,30,20,600,DTSA,2,2394,600040,600000,2500,22.334,,,,,40,0.5,6,6,-5.0,5.0,d075816,2026-07-23T20:36:31,1.0,600000,,,,,,DTSA-core,N=40,C1,2394,0,0,True
ta41,30,20,600,DTSA,2,2394,600040,600000,2500,22.334,,,,,40,0.5,6,6,-5.0,5.0,d075816,2026-07-23T20:36:31,1.0,600000,,,,,,DTSA+LS,N=40,C1,2394,8,0,True
ta41,30,20,600,DTSA,3,2441,600040,600000,2500,22.482,,,,,40,0.5,6,6,-5.0,5.0,d075816,2026-07-23T20:36:31,1.0,600000,,,,,,DTSA-core,N=40,C1,2441,0,0,True
ta41,30,20,600,DTSA,3,2427,600040,600000,2500,22.482,,,,,40,0.5,6,6,-5.0,5.0,d075816,2026-07-23T20:36:31,1.0,600000,,,,,,DTSA+LS,N=40,C1,2441,24,3,True
ta41,30,20,600,DTSA,4,2466,600040,600000,2500,21.873,,,,,40,0.5,6,6,-5.0,5.0,d075816,2026-07-23T20:36:31,1.0,600000,,,,,,DTSA-core,N=40,C1,2466,0,0,True
ta41,30,20,600,DTSA,4,2466,600040,600000,2500,21.873,,,,,40,0.5,6,6,-5.0,5.0,d075816,2026-07-23T20:36:31,1.0,600000,,,,,,DTSA+LS,N=40,C1,2466,8,0,True
ta41,30,20,600,DTSA,5,2423,600040,600000,2500,22.034,,,,,40,0.5,6,6,-5.0,5.0,d075816,2026-07-23T20:36:31,1.0,600000,,,,,,DTSA-core,N=40,C1,2423,0,0,True
ta41,30,20,600,DTSA,5,2423,600040,600000,2500,22.034,,,,,40,0.5,6,6,-5.0,5.0,d075816,2026-07-23T20:36:31,1.0,600000,,,,,,DTSA+LS,N=40,C1,2423,7,0,True
ta41,30,20,600,DTSA,6,2514,600040,600000,2500,22.013,,,,,40,0.5,6,6,-5.0,5.0,d075816,2026-07-23T20:36:31,1.0,600000,,,,,,DTSA-core,N=40,C1,2514,0,0,True
ta41,30,20,600,DTSA,6,2514,600040,600000,2500,22.013,,,,,40,0.5,6,6,-5.0,5.0,d075816,2026-07-23T20:36:31,1.0,600000,,,,,,DTSA+LS,N=40,C1,2514,6,0,True
ta41,30,20,600,DTSA,7,2561,600040,600000,2500,22.296,,,,,40,0.5,6,6,-5.0,5.0,d075816,2026-07-23T20:36:31,1.0,600000,,,,,,DTSA-core,N=40,C1,2561,0,0,True
ta41,30,20,600,DTSA,7,2561,600040,600000,2500,22.296,,,,,40,0.5,6,6,-5.0,5.0,d075816,2026-07-23T20:36:31,1.0,600000,,,,,,DTSA+LS,N=40,C1,2561,9,0,True
ta41,30,20,600,DTSA,8,2477,600040,600000,2500,22.033,,,,,40,0.5,6,6,-5.0,5.0,d075816,2026-07-23T20:36:53,1.0,600000,,,,,,DTSA-core,N=40,C1,2477,0,0,True
ta41,30,20,600,DTSA,8,2477,600040,600000,2500,22.033,,,,,40,0.5,6,6,-5.0,5.0,d075816,2026-07-23T20:36:53,1.0,600000,,,,,,DTSA+LS,N=40,C1,2477,16,0,True
ta41,30,20,600,DTSA,9,2532,600040,600000,2500,21.426,,,,,40,0.5,6,6,-5.0,5.0,d075816,2026-07-23T20:36:52,1.0,600000,,,,,,DTSA-core,N=40,C1,2532,0,0,True
ta41,30,20,600,DTSA,9,2532,600040,600000,2500,21.426,,,,,40,0.5,6,6,-5.0,5.0,d075816,2026-07-23T20:36:52,1.0,600000,,,,,,DTSA+LS,N=40,C1,2532,10,0,True
ta41,30,20,600,DTSA,10,2452,600040,600000,2500,22.213,,,,,40,0.5,6,6,-5.0,5.0,d075816,2026-07-23T20:36:53,1.0,600000,,,,,,DTSA-core,N=40,C1,2452,0,0,True
ta41,30,20,600,DTSA,10,2452,600040,600000,2500,22.213,,,,,40,0.5,6,6,-5.0,5.0,d075816,2026-07-23T20:36:53,1.0,600000,,,,,,DTSA+LS,N=40,C1,2452,10,0,True
ta41,30,20,600,DTSA,11,2489,600040,600000,2500,21.593,,,,,40,0.5,6,6,-5.0,5.0,d075816,2026-07-23T20:36:53,1.0,600000,,,,,,DTSA-core,N=40,C1,2489,0,0,True
ta41,30,20,600,DTSA,11,2489,600040,600000,2500,21.593,,,,,40,0.5,6,6,-5.0,5.0,d075816,2026-07-23T20:36:53,1.0,600000,,,,,,DTSA+LS,N=40,C1,2489,8,0,True
ta41,30,20,600,DTSA,12,2483,600040,600000,2500,22.154,,,,,40,0.5,6,6,-5.0,5.0,d075816,2026-07-23T20:36:53,1.0,600000,,,,,,DTSA-core,N=40,C1,2483,0,0,True
ta41,30,20,600,DTSA,12,2483,600040,600000,2500,22.154,,,,,40,0.5,6,6,-5.0,5.0,d075816,2026-07-23T20:36:53,1.0,600000,,,,,,DTSA+LS,N=40,C1,2483,7,0,True
ta41,30,20,600,DTSA,13,2457,600040,600000,2500,21.674,,,,,40,0.5,6,6,-5.0,5.0,d075816,2026-07-23T20:36:53,1.0,600000,,,,,,DTSA-core,N=40,C1,2457,0,0,True
ta41,30,20,600,DTSA,13,2457,600040,600000,2500,21.674,,,,,40,0.5,6,6,-5.0,5.0,d075816,2026-07-23T20:36:53,1.0,600000,,,,,,DTSA+LS,N=40,C1,2457,10,0,True
ta41,30,20,600,DTSA,14,2506,600040,600000,2500,21.99,,,,,40,0.5,6,6,-5.0,5.0,d075816,2026-07-23T20:36:53,1.0,600000,,,,,,DTSA-core,N=40,C1,2506,0,0,True
ta41,30,20,600,DTSA,14,2506,600040,600000,2500,21.99,,,,,40,0.5,6,6,-5.0,5.0,d075816,2026-07-23T20:36:53,1.0,600000,,,,,,DTSA+LS,N=40,C1,2506,9,0,True
ta41,30,20,600,DTSA,15,2493,600040,600000,2500,22.506,,,,,40,0.5,6,6,-5.0,5.0,d075816,2026-07-23T20:36:54,1.0,600000,,,,,,DTSA-core,N=40,C1,2493,0,0,True
ta41,30,20,600,DTSA,15,2493,600040,600000,2500,22.506,,,,,40,0.5,6,6,-5.0,5.0,d075816,2026-07-23T20:36:54,1.0,600000,,,,,,DTSA+LS,N=40,C1,2493,8,0,True
ta41,30,20,600,DTSA,16,2481,600040,600000,2500,21.721,,,,,40,0.5,6,6,-5.0,5.0,d075816,2026-07-23T20:37:14,1.0,600000,,,,,,DTSA-core,N=40,C1,2481,0,0,True
ta41,30,20,600,DTSA,16,2481,600040,600000,2500,21.721,,,,,40,0.5,6,6,-5.0,5.0,d075816,2026-07-23T20:37:14,1.0,600000,,,,,,DTSA+LS,N=40,C1,2481,10,0,True
ta41,30,20,600,DTSA,17,2448,600040,600000,2500,21.703,,,,,40,0.5,6,6,-5.0,5.0,d075816,2026-07-23T20:37:15,1.0,600000,,,,,,DTSA-core,N=40,C1,2448,0,0,True
ta41,30,20,600,DTSA,17,2448,600040,600000,2500,21.703,,,,,40,0.5,6,6,-5.0,5.0,d075816,2026-07-23T20:37:15,1.0,600000,,,,,,DTSA+LS,N=40,C1,2448,8,0,True
ta41,30,20,600,DTSA,18,2596,600040,600000,2500,21.147,,,,,40,0.5,6,6,-5.0,5.0,d075816,2026-07-23T20:37:14,1.0,600000,,,,,,DTSA-core,N=40,C1,2596,0,0,True
ta41,30,20,600,DTSA,18,2596,600040,600000,2500,21.147,,,,,40,0.5,6,6,-5.0,5.0,d075816,2026-07-23T20:37:14,1.0,600000,,,,,,DTSA+LS,N=40,C1,2596,6,0,True
ta41,30,20,600,DTSA,19,2439,600040,600000,2500,21.51,,,,,40,0.5,6,6,-5.0,5.0,d075816,2026-07-23T20:37:15,1.0,600000,,,,,,DTSA-core,N=40,C1,2439,0,0,True
ta41,30,20,600,DTSA,19,2439,600040,600000,2500,21.51,,,,,40,0.5,6,6,-5.0,5.0,d075816,2026-07-23T20:37:15,1.0,600000,,,,,,DTSA+LS,N=40,C1,2439,10,0,True
ta42,30,20,600,DTSA,0,2359,600040,600000,2500,21.474,,,,,40,0.5,6,6,-5.0,5.0,d075816,2026-07-23T20:37:36,1.0,600000,,,,,,DTSA-core,N=40,C1,2359,0,0,True
ta42,30,20,600,DTSA,0,2359,600040,600000,2500,21.474,,,,,40,0.5,6,6,-5.0,5.0,d075816,2026-07-23T20:37:36,1.0,600000,,,,,,DTSA+LS,N=40,C1,2359,12,0,True
ta42,30,20,600,DTSA,1,2393,600040,600000,2500,21.586,,,,,40,0.5,6,6,-5.0,5.0,d075816,2026-07-23T20:37:36,1.0,600000,,,,,,DTSA-core,N=40,C1,2393,0,0,True
ta42,30,20,600,DTSA,1,2393,600040,600000,2500,21.586,,,,,40,0.5,6,6,-5.0,5.0,d075816,2026-07-23T20:37:36,1.0,600000,,,,,,DTSA+LS,N=40,C1,2393,6,0,True
ta42,30,20,600,DTSA,2,2403,600040,600000,2500,21.657,,,,,40,0.5,6,6,-5.0,5.0,d075816,2026-07-23T20:37:36,1.0,600000,,,,,,DTSA-core,N=40,C1,2403,0,0,True
ta42,30,20,600,DTSA,2,2403,600040,600000,2500,21.657,,,,,40,0.5,6,6,-5.0,5.0,d075816,2026-07-23T20:37:36,1.0,600000,,,,,,DTSA+LS,N=40,C1,2403,7,0,True
ta42,30,20,600,DTSA,3,2370,600040,600000,2500,21.494,,,,,40,0.5,6,6,-5.0,5.0,d075816,2026-07-23T20:37:36,1.0,600000,,,,,,DTSA-core,N=40,C1,2370,0,0,True
ta42,30,20,600,DTSA,3,2370,600040,600000,2500,21.494,,,,,40,0.5,6,6,-5.0,5.0,d075816,2026-07-23T20:37:36,1.0,600000,,,,,,DTSA+LS,N=40,C1,2370,7,0,True
ta42,30,20,600,DTSA,4,2404,600040,600000,2500,20.99,,,,,40,0.5,6,6,-5.0,5.0,d075816,2026-07-23T20:37:36,1.0,600000,,,,,,DTSA-core,N=40,C1,2404,0,0,True
ta42,30,20,600,DTSA,4,2404,600040,600000,2500,20.99,,,,,40,0.5,6,6,-5.0,5.0,d075816,2026-07-23T20:37:36,1.0,600000,,,,,,DTSA+LS,N=40,C1,2404,6,0,True
ta42,30,20,600,DTSA,5,2368,600040,600000,2500,21.111,,,,,40,0.5,6,6,-5.0,5.0,d075816,2026-07-23T20:37:36,1.0,600000,,,,,,DTSA-core,N=40,C1,2368,0,0,True
ta42,30,20,600,DTSA,5,2368,600040,600000,2500,21.111,,,,,40,0.5,6,6,-5.0,5.0,d075816,2026-07-23T20:37:36,1.0,600000,,,,,,DTSA+LS,N=40,C1,2368,8,0,True
ta42,30,20,600,DTSA,6,2431,600040,600000,2500,21.598,,,,,40,0.5,6,6,-5.0,5.0,d075816,2026-07-23T20:37:36,1.0,600000,,,,,,DTSA-core,N=40,C1,2431,0,0,True
ta42,30,20,600,DTSA,6,2431,600040,600000,2500,21.598,,,,,40,0.5,6,6,-5.0,5.0,d075816,2026-07-23T20:37:36,1.0,600000,,,,,,DTSA+LS,N=40,C1,2431,11,0,True
ta42,30,20,600,DTSA,7,2381,600040,600000,2500,21.058,,,,,40,0.5,6,6,-5.0,5.0,d075816,2026-07-23T20:37:36,1.0,600000,,,,,,DTSA-core,N=40,C1,2381,0,0,True
ta42,30,20,600,DTSA,7,2381,600040,600000,2500,21.058,,,,,40,0.5,6,6,-5.0,5.0,d075816,2026-07-23T20:37:36,1.0,600000,,,,,,DTSA+LS,N=40,C1,2381,12,0,True
ta42,30,20,600,DTSA,8,2350,600040,600000,2500,22.633,,,,,40,0.5,6,6,-5.0,5.0,d075816,2026-07-23T20:37:58,1.0,600000,,,,,,DTSA-core,N=40,C1,2350,0,0,True
ta42,30,20,600,DTSA,8,2350,600040,600000,2500,22.633,,,,,40,0.5,6,6,-5.0,5.0,d075816,2026-07-23T20:37:58,1.0,600000,,,,,,DTSA+LS,N=40,C1,2350,10,0,True
ta42,30,20,600,DTSA,9,2394,600040,600000,2500,22.739,,,,,40,0.5,6,6,-5.0,5.0,d075816,2026-07-23T20:37:58,1.0,600000,,,,,,DTSA-core,N=40,C1,2394,0,0,True
ta42,30,20,600,DTSA,9,2394,600040,600000,2500,22.739,,,,,40,0.5,6,6,-5.0,5.0,d075816,2026-07-23T20:37:58,1.0,600000,,,,,,DTSA+LS,N=40,C1,2394,9,0,True
ta42,30,20,600,DTSA,10,2323,600040,600000,2500,22.64,,,,,40,0.5,6,6,-5.0,5.0,d075816,2026-07-23T20:37:58,1.0,600000,,,,,,DTSA-core,N=40,C1,2323,0,0,True
ta42,30,20,600,DTSA,10,2323,600040,600000,2500,22.64,,,,,40,0.5,6,6,-5.0,5.0,d075816,2026-07-23T20:37:58,1.0,600000,,,,,,DTSA+LS,N=40,C1,2323,7,0,True
ta42,30,20,600,DTSA,11,2330,600040,600000,2500,22.358,,,,,40,0.5,6,6,-5.0,5.0,d075816,2026-07-23T20:37:58,1.0,600000,,,,,,DTSA-core,N=40,C1,2330,0,0,True
ta42,30,20,600,DTSA,11,2330,600040,600000,2500,22.358,,,,,40,0.5,6,6,-5.0,5.0,d075816,2026-07-23T20:37:58,1.0,600000,,,,,,DTSA+LS,N=40,C1,2330,8,0,True
ta42,30,20,600,DTSA,12,2406,600040,600000,2500,22.939,,,,,40,0.5,6,6,-5.0,5.0,d075816,2026-07-23T20:37:59,1.0,600000,,,,,,DTSA-core,N=40,C1,2406,0,0,True
ta42,30,20,600,DTSA,12,2406,600040,600000,2500,22.939,,,,,40,0.5,6,6,-5.0,5.0,d075816,2026-07-23T20:37:59,1.0,600000,,,,,,DTSA+LS,N=40,C1,2406,9,0,True
ta42,30,20,600,DTSA,13,2489,600040,600000,2500,23.245,,,,,40,0.5,6,6,-5.0,5.0,d075816,2026-07-23T20:37:59,1.0,600000,,,,,,DTSA-core,N=40,C1,2489,0,0,True
ta42,30,20,600,DTSA,13,2489,600040,600000,2500,23.245,,,,,40,0.5,6,6,-5.0,5.0,d075816,2026-07-23T20:37:59,1.0,600000,,,,,,DTSA+LS,N=40,C1,2489,8,0,True
ta42,30,20,600,DTSA,14,2375,600040,600000,2500,22.368,,,,,40,0.5,6,6,-5.0,5.0,d075816,2026-07-23T20:37:59,1.0,600000,,,,,,DTSA-core,N=40,C1,2375,0,0,True
ta42,30,20,600,DTSA,14,2375,600040,600000,2500,22.368,,,,,40,0.5,6,6,-5.0,5.0,d075816,2026-07-23T20:37:59,1.0,600000,,,,,,DTSA+LS,N=40,C1,2375,9,0,True
ta42,30,20,600,DTSA,15,2408,600040,600000,2500,22.998,,,,,40,0.5,6,6,-5.0,5.0,d075816,2026-07-23T20:37:59,1.0,600000,,,,,,DTSA-core,N=40,C1,2408,0,0,True
ta42,30,20,600,DTSA,15,2408,600040,600000,2500,22.998,,,,,40,0.5,6,6,-5.0,5.0,d075816,2026-07-23T20:37:59,1.0,600000,,,,,,DTSA+LS,N=40,C1,2408,10,0,True
ta42,30,20,600,DTSA,16,2356,600040,600000,2500,19.005,,,,,40,0.5,6,6,-5.0,5.0,d075816,2026-07-23T20:38:17,1.0,600000,,,,,,DTSA-core,N=40,C1,2356,0,0,True
ta42,30,20,600,DTSA,16,2356,600040,600000,2500,19.005,,,,,40,0.5,6,6,-5.0,5.0,d075816,2026-07-23T20:38:17,1.0,600000,,,,,,DTSA+LS,N=40,C1,2356,11,0,True
ta42,30,20,600,DTSA,17,2369,600040,600000,2500,19.53,,,,,40,0.5,6,6,-5.0,5.0,d075816,2026-07-23T20:38:18,1.0,600000,,,,,,DTSA-core,N=40,C1,2369,0,0,True
ta42,30,20,600,DTSA,17,2369,600040,600000,2500,19.53,,,,,40,0.5,6,6,-5.0,5.0,d075816,2026-07-23T20:38:18,1.0,600000,,,,,,DTSA+LS,N=40,C1,2369,9,0,True
ta42,30,20,600,DTSA,18,2316,600040,600000,2500,19.146,,,,,40,0.5,6,6,-5.0,5.0,d075816,2026-07-23T20:38:18,1.0,600000,,,,,,DTSA-core,N=40,C1,2316,0,0,True
ta42,30,20,600,DTSA,18,2316,600040,600000,2500,19.146,,,,,40,0.5,6,6,-5.0,5.0,d075816,2026-07-23T20:38:18,1.0,600000,,,,,,DTSA+LS,N=40,C1,2316,7,0,True
ta42,30,20,600,DTSA,19,2445,600040,600000,2500,19.15,,,,,40,0.5,6,6,-5.0,5.0,d075816,2026-07-23T20:38:18,1.0,600000,,,,,,DTSA-core,N=40,C1,2445,0,0,True
ta42,30,20,600,DTSA,19,2445,600040,600000,2500,19.15,,,,,40,0.5,6,6,-5.0,5.0,d075816,2026-07-23T20:38:18,1.0,600000,,,,,,DTSA+LS,N=40,C1,2445,14,0,True
ta43,30,20,600,DTSA,0,2246,600040,600000,2500,27.13,,,,,40,0.5,6,6,-5.0,5.0,d075816,2026-07-23T20:38:45,1.0,600000,,,,,,DTSA-core,N=40,C1,2246,0,0,True
ta43,30,20,600,DTSA,0,2246,600040,600000,2500,27.13,,,,,40,0.5,6,6,-5.0,5.0,d075816,2026-07-23T20:38:45,1.0,600000,,,,,,DTSA+LS,N=40,C1,2246,9,0,True
ta43,30,20,600,DTSA,1,2347,600040,600000,2500,27.107,,,,,40,0.5,6,6,-5.0,5.0,d075816,2026-07-23T20:38:45,1.0,600000,,,,,,DTSA-core,N=40,C1,2347,0,0,True
ta43,30,20,600,DTSA,1,2347,600040,600000,2500,27.107,,,,,40,0.5,6,6,-5.0,5.0,d075816,2026-07-23T20:38:45,1.0,600000,,,,,,DTSA+LS,N=40,C1,2347,11,0,True
ta43,30,20,600,DTSA,2,2446,600040,600000,2500,26.993,,,,,40,0.5,6,6,-5.0,5.0,d075816,2026-07-23T20:38:45,1.0,600000,,,,,,DTSA-core,N=40,C1,2446,0,0,True
ta43,30,20,600,DTSA,2,2446,600040,600000,2500,26.993,,,,,40,0.5,6,6,-5.0,5.0,d075816,2026-07-23T20:38:45,1.0,600000,,,,,,DTSA+LS,N=40,C1,2446,11,0,True
ta43,30,20,600,DTSA,3,2262,600040,600000,2500,27.098,,,,,40,0.5,6,6,-5.0,5.0,d075816,2026-07-23T20:38:45,1.0,600000,,,,,,DTSA-core,N=40,C1,2262,0,0,True
ta43,30,20,600,DTSA,3,2262,600040,600000,2500,27.098,,,,,40,0.5,6,6,-5.0,5.0,d075816,2026-07-23T20:38:45,1.0,600000,,,,,,DTSA+LS,N=40,C1,2262,14,0,True
ta43,30,20,600,DTSA,4,2222,600040,600000,2500,27.2,,,,,40,0.5,6,6,-5.0,5.0,d075816,2026-07-23T20:38:45,1.0,600000,,,,,,DTSA-core,N=40,C1,2222,0,0,True
ta43,30,20,600,DTSA,4,2222,600040,600000,2500,27.2,,,,,40,0.5,6,6,-5.0,5.0,d075816,2026-07-23T20:38:45,1.0,600000,,,,,,DTSA+LS,N=40,C1,2222,9,0,True
ta43,30,20,600,DTSA,5,2289,600040,600000,2500,27.395,,,,,40,0.5,6,6,-5.0,5.0,d075816,2026-07-23T20:38:45,1.0,600000,,,,,,DTSA-core,N=40,C1,2289,0,0,True
ta43,30,20,600,DTSA,5,2289,600040,600000,2500,27.395,,,,,40,0.5,6,6,-5.0,5.0,d075816,2026-07-23T20:38:45,1.0,600000,,,,,,DTSA+LS,N=40,C1,2289,8,0,True
ta43,30,20,600,DTSA,6,2269,600040,600000,2500,26.755,,,,,40,0.5,6,6,-5.0,5.0,d075816,2026-07-23T20:38:45,1.0,600000,,,,,,DTSA-core,N=40,C1,2269,0,0,True
ta43,30,20,600,DTSA,6,2269,600040,600000,2500,26.755,,,,,40,0.5,6,6,-5.0,5.0,d075816,2026-07-23T20:38:45,1.0,600000,,,,,,DTSA+LS,N=40,C1,2269,12,0,True
ta43,30,20,600,DTSA,7,2243,600040,600000,2500,25.898,,,,,40,0.5,6,6,-5.0,5.0,d075816,2026-07-23T20:38:44,1.0,600000,,,,,,DTSA-core,N=40,C1,2243,0,0,True
ta43,30,20,600,DTSA,7,2243,600040,600000,2500,25.898,,,,,40,0.5,6,6,-5.0,5.0,d075816,2026-07-23T20:38:44,1.0,600000,,,,,,DTSA+LS,N=40,C1,2243,12,0,True
ta43,30,20,600,DTSA,8,2313,600040,600000,2500,22.493,,,,,40,0.5,6,6,-5.0,5.0,d075816,2026-07-23T20:39:06,1.0,600000,,,,,,DTSA-core,N=40,C1,2313,0,0,True
ta43,30,20,600,DTSA,8,2313,600040,600000,2500,22.493,,,,,40,0.5,6,6,-5.0,5.0,d075816,2026-07-23T20:39:06,1.0,600000,,,,,,DTSA+LS,N=40,C1,2313,10,0,True
ta43,30,20,600,DTSA,9,2223,600040,600000,2500,23.111,,,,,40,0.5,6,6,-5.0,5.0,d075816,2026-07-23T20:39:08,1.0,600000,,,,,,DTSA-core,N=40,C1,2223,0,0,True
ta43,30,20,600,DTSA,9,2223,600040,600000,2500,23.111,,,,,40,0.5,6,6,-5.0,5.0,d075816,2026-07-23T20:39:08,1.0,600000,,,,,,DTSA+LS,N=40,C1,2223,11,0,True
ta43,30,20,600,DTSA,10,2327,600040,600000,2500,22.888,,,,,40,0.5,6,6,-5.0,5.0,d075816,2026-07-23T20:39:08,1.0,600000,,,,,,DTSA-core,N=40,C1,2327,0,0,True
ta43,30,20,600,DTSA,10,2327,600040,600000,2500,22.888,,,,,40,0.5,6,6,-5.0,5.0,d075816,2026-07-23T20:39:08,1.0,600000,,,,,,DTSA+LS,N=40,C1,2327,11,0,True
ta43,30,20,600,DTSA,11,2185,600040,600000,2500,23.273,,,,,40,0.5,6,6,-5.0,5.0,d075816,2026-07-23T20:39:08,1.0,600000,,,,,,DTSA-core,N=40,C1,2185,0,0,True
ta43,30,20,600,DTSA,11,2184,600040,600000,2500,23.273,,,,,40,0.5,6,6,-5.0,5.0,d075816,2026-07-23T20:39:08,1.0,600000,,,,,,DTSA+LS,N=40,C1,2185,18,1,True
ta43,30,20,600,DTSA,12,2243,600040,600000,2500,23.441,,,,,40,0.5,6,6,-5.0,5.0,d075816,2026-07-23T20:39:09,1.0,600000,,,,,,DTSA-core,N=40,C1,2243,0,0,True
ta43,30,20,600,DTSA,12,2243,600040,600000,2500,23.441,,,,,40,0.5,6,6,-5.0,5.0,d075816,2026-07-23T20:39:09,1.0,600000,,,,,,DTSA+LS,N=40,C1,2243,11,0,True
ta43,30,20,600,DTSA,13,2239,600040,600000,2500,23.204,,,,,40,0.5,6,6,-5.0,5.0,d075816,2026-07-23T20:39:08,1.0,600000,,,,,,DTSA-core,N=40,C1,2239,0,0,True
ta43,30,20,600,DTSA,13,2239,600040,600000,2500,23.204,,,,,40,0.5,6,6,-5.0,5.0,d075816,2026-07-23T20:39:08,1.0,600000,,,,,,DTSA+LS,N=40,C1,2239,11,0,True
ta43,30,20,600,DTSA,14,2264,600040,600000,2500,23.023,,,,,40,0.5,6,6,-5.0,5.0,d075816,2026-07-23T20:39:08,1.0,600000,,,,,,DTSA-core,N=40,C1,2264,0,0,True
ta43,30,20,600,DTSA,14,2264,600040,600000,2500,23.023,,,,,40,0.5,6,6,-5.0,5.0,d075816,2026-07-23T20:39:08,1.0,600000,,,,,,DTSA+LS,N=40,C1,2264,11,0,True
ta43,30,20,600,DTSA,15,2200,600040,600000,2500,23.054,,,,,40,0.5,6,6,-5.0,5.0,d075816,2026-07-23T20:39:08,1.0,600000,,,,,,DTSA-core,N=40,C1,2200,0,0,True
ta43,30,20,600,DTSA,15,2200,600040,600000,2500,23.054,,,,,40,0.5,6,6,-5.0,5.0,d075816,2026-07-23T20:39:08,1.0,600000,,,,,,DTSA+LS,N=40,C1,2200,15,0,True
ta43,30,20,600,DTSA,16,2220,600040,600000,2500,19.736,,,,,40,0.5,6,6,-5.0,5.0,d075816,2026-07-23T20:39:26,1.0,600000,,,,,,DTSA-core,N=40,C1,2220,0,0,True
ta43,30,20,600,DTSA,16,2220,600040,600000,2500,19.736,,,,,40,0.5,6,6,-5.0,5.0,d075816,2026-07-23T20:39:26,1.0,600000,,,,,,DTSA+LS,N=40,C1,2220,6,0,True
ta43,30,20,600,DTSA,17,2283,600040,600000,2500,19.265,,,,,40,0.5,6,6,-5.0,5.0,d075816,2026-07-23T20:39:27,1.0,600000,,,,,,DTSA-core,N=40,C1,2283,0,0,True
ta43,30,20,600,DTSA,17,2283,600040,600000,2500,19.265,,,,,40,0.5,6,6,-5.0,5.0,d075816,2026-07-23T20:39:27,1.0,600000,,,,,,DTSA+LS,N=40,C1,2283,10,0,True
ta43,30,20,600,DTSA,18,2253,600040,600000,2500,19.92,,,,,40,0.5,6,6,-5.0,5.0,d075816,2026-07-23T20:39:28,1.0,600000,,,,,,DTSA-core,N=40,C1,2253,0,0,True
ta43,30,20,600,DTSA,18,2253,600040,600000,2500,19.92,,,,,40,0.5,6,6,-5.0,5.0,d075816,2026-07-23T20:39:28,1.0,600000,,,,,,DTSA+LS,N=40,C1,2253,13,0,True
ta43,30,20,600,DTSA,19,2280,600040,600000,2500,19.396,,,,,40,0.5,6,6,-5.0,5.0,d075816,2026-07-23T20:39:28,1.0,600000,,,,,,DTSA-core,N=40,C1,2280,0,0,True
ta43,30,20,600,DTSA,19,2280,600040,600000,2500,19.396,,,,,40,0.5,6,6,-5.0,5.0,d075816,2026-07-23T20:39:28,1.0,600000,,,,,,DTSA+LS,N=40,C1,2280,15,0,True
ta44,30,20,600,DTSA,0,2334,600040,600000,2500,22.957,,,,,40,0.5,6,6,-5.0,5.0,d075816,2026-07-23T20:39:51,1.0,600000,,,,,,DTSA-core,N=40,C1,2334,0,0,True
ta44,30,20,600,DTSA,0,2334,600040,600000,2500,22.957,,,,,40,0.5,6,6,-5.0,5.0,d075816,2026-07-23T20:39:51,1.0,600000,,,,,,DTSA+LS,N=40,C1,2334,10,0,True
ta44,30,20,600,DTSA,1,2385,600040,600000,2500,22.414,,,,,40,0.5,6,6,-5.0,5.0,d075816,2026-07-23T20:39:50,1.0,600000,,,,,,DTSA-core,N=40,C1,2385,0,0,True
ta44,30,20,600,DTSA,1,2385,600040,600000,2500,22.414,,,,,40,0.5,6,6,-5.0,5.0,d075816,2026-07-23T20:39:50,1.0,600000,,,,,,DTSA+LS,N=40,C1,2385,16,0,True
ta44,30,20,600,DTSA,2,2369,600040,600000,2500,22.598,,,,,40,0.5,6,6,-5.0,5.0,d075816,2026-07-23T20:39:50,1.0,600000,,,,,,DTSA-core,N=40,C1,2369,0,0,True
ta44,30,20,600,DTSA,2,2369,600040,600000,2500,22.598,,,,,40,0.5,6,6,-5.0,5.0,d075816,2026-07-23T20:39:50,1.0,600000,,,,,,DTSA+LS,N=40,C1,2369,8,0,True
ta44,30,20,600,DTSA,3,2335,600040,600000,2500,23.126,,,,,40,0.5,6,6,-5.0,5.0,d075816,2026-07-23T20:39:51,1.0,600000,,,,,,DTSA-core,N=40,C1,2335,0,0,True
ta44,30,20,600,DTSA,3,2333,600040,600000,2500,23.126,,,,,40,0.5,6,6,-5.0,5.0,d075816,2026-07-23T20:39:51,1.0,600000,,,,,,DTSA+LS,N=40,C1,2335,8,1,True
ta44,30,20,600,DTSA,4,2411,600040,600000,2500,22.077,,,,,40,0.5,6,6,-5.0,5.0,d075816,2026-07-23T20:39:50,1.0,600000,,,,,,DTSA-core,N=40,C1,2411,0,0,True
ta44,30,20,600,DTSA,4,2411,600040,600000,2500,22.077,,,,,40,0.5,6,6,-5.0,5.0,d075816,2026-07-23T20:39:50,1.0,600000,,,,,,DTSA+LS,N=40,C1,2411,6,0,True
ta44,30,20,600,DTSA,5,2416,600040,600000,2500,22.294,,,,,40,0.5,6,6,-5.0,5.0,d075816,2026-07-23T20:39:50,1.0,600000,,,,,,DTSA-core,N=40,C1,2416,0,0,True
ta44,30,20,600,DTSA,5,2416,600040,600000,2500,22.294,,,,,40,0.5,6,6,-5.0,5.0,d075816,2026-07-23T20:39:50,1.0,600000,,,,,,DTSA+LS,N=40,C1,2416,6,0,True
ta44,30,20,600,DTSA,6,2330,600040,600000,2500,22.441,,,,,40,0.5,6,6,-5.0,5.0,d075816,2026-07-23T20:39:50,1.0,600000,,,,,,DTSA-core,N=40,C1,2330,0,0,True
ta44,30,20,600,DTSA,6,2330,600040,600000,2500,22.441,,,,,40,0.5,6,6,-5.0,5.0,d075816,2026-07-23T20:39:50,1.0,600000,,,,,,DTSA+LS,N=40,C1,2330,8,0,True
ta44,30,20,600,DTSA,7,2362,600040,600000,2500,22.68,,,,,40,0.5,6,6,-5.0,5.0,d075816,2026-07-23T20:39:51,1.0,600000,,,,,,DTSA-core,N=40,C1,2362,0,0,True
ta44,30,20,600,DTSA,7,2362,600040,600000,2500,22.68,,,,,40,0.5,6,6,-5.0,5.0,d075816,2026-07-23T20:39:51,1.0,600000,,,,,,DTSA+LS,N=40,C1,2362,8,0,True
ta44,30,20,600,DTSA,8,2394,600040,600000,2500,23.941,,,,,40,0.5,6,6,-5.0,5.0,d075816,2026-07-23T20:40:14,1.0,600000,,,,,,DTSA-core,N=40,C1,2394,0,0,True
ta44,30,20,600,DTSA,8,2394,600040,600000,2500,23.941,,,,,40,0.5,6,6,-5.0,5.0,d075816,2026-07-23T20:40:14,1.0,600000,,,,,,DTSA+LS,N=40,C1,2394,8,0,True
ta44,30,20,600,DTSA,9,2409,600040,600000,2500,22.908,,,,,40,0.5,6,6,-5.0,5.0,d075816,2026-07-23T20:40:13,1.0,600000,,,,,,DTSA-core,N=40,C1,2409,0,0,True
ta44,30,20,600,DTSA,9,2409,600040,600000,2500,22.908,,,,,40,0.5,6,6,-5.0,5.0,d075816,2026-07-23T20:40:13,1.0,600000,,,,,,DTSA+LS,N=40,C1,2409,8,0,True
ta44,30,20,600,DTSA,10,2497,600040,600000,2500,22.894,,,,,40,0.5,6,6,-5.0,5.0,d075816,2026-07-23T20:40:13,1.0,600000,,,,,,DTSA-core,N=40,C1,2497,0,0,True
ta44,30,20,600,DTSA,10,2497,600040,600000,2500,22.894,,,,,40,0.5,6,6,-5.0,5.0,d075816,2026-07-23T20:40:13,1.0,600000,,,,,,DTSA+LS,N=40,C1,2497,9,0,True
ta44,30,20,600,DTSA,11,2355,600040,600000,2500,23.84,,,,,40,0.5,6,6,-5.0,5.0,d075816,2026-07-23T20:40:14,1.0,600000,,,,,,DTSA-core,N=40,C1,2355,0,0,True
ta44,30,20,600,DTSA,11,2355,600040,600000,2500,23.84,,,,,40,0.5,6,6,-5.0,5.0,d075816,2026-07-23T20:40:14,1.0,600000,,,,,,DTSA+LS,N=40,C1,2355,8,0,True
ta44,30,20,600,DTSA,12,2446,600040,600000,2500,22.664,,,,,40,0.5,6,6,-5.0,5.0,d075816,2026-07-23T20:40:13,1.0,600000,,,,,,DTSA-core,N=40,C1,2446,0,0,True
ta44,30,20,600,DTSA,12,2446,600040,600000,2500,22.664,,,,,40,0.5,6,6,-5.0,5.0,d075816,2026-07-23T20:40:13,1.0,600000,,,,,,DTSA+LS,N=40,C1,2446,13,0,True
ta44,30,20,600,DTSA,13,2387,600040,600000,2500,24.601,,,,,40,0.5,6,6,-5.0,5.0,d075816,2026-07-23T20:40:15,1.0,600000,,,,,,DTSA-core,N=40,C1,2387,0,0,True
ta44,30,20,600,DTSA,13,2387,600040,600000,2500,24.601,,,,,40,0.5,6,6,-5.0,5.0,d075816,2026-07-23T20:40:15,1.0,600000,,,,,,DTSA+LS,N=40,C1,2387,8,0,True
ta44,30,20,600,DTSA,14,2447,600040,600000,2500,23.628,,,,,40,0.5,6,6,-5.0,5.0,d075816,2026-07-23T20:40:15,1.0,600000,,,,,,DTSA-core,N=40,C1,2447,0,0,True
ta44,30,20,600,DTSA,14,2447,600040,600000,2500,23.628,,,,,40,0.5,6,6,-5.0,5.0,d075816,2026-07-23T20:40:15,1.0,600000,,,,,,DTSA+LS,N=40,C1,2447,9,0,True
ta44,30,20,600,DTSA,15,2493,600040,600000,2500,25.188,,,,,40,0.5,6,6,-5.0,5.0,d075816,2026-07-23T20:40:16,1.0,600000,,,,,,DTSA-core,N=40,C1,2493,0,0,True
ta44,30,20,600,DTSA,15,2493,600040,600000,2500,25.188,,,,,40,0.5,6,6,-5.0,5.0,d075816,2026-07-23T20:40:16,1.0,600000,,,,,,DTSA+LS,N=40,C1,2493,8,0,True
ta44,30,20,600,DTSA,16,2453,600040,600000,2500,32.093,,,,,40,0.5,6,6,-5.0,5.0,d075816,2026-07-23T20:40:45,1.0,600000,,,,,,DTSA-core,N=40,C1,2453,0,0,True
ta44,30,20,600,DTSA,16,2453,600040,600000,2500,32.093,,,,,40,0.5,6,6,-5.0,5.0,d075816,2026-07-23T20:40:45,1.0,600000,,,,,,DTSA+LS,N=40,C1,2453,6,0,True
ta44,30,20,600,DTSA,17,2394,600040,600000,2500,32.215,,,,,40,0.5,6,6,-5.0,5.0,d075816,2026-07-23T20:40:45,1.0,600000,,,,,,DTSA-core,N=40,C1,2394,0,0,True
ta44,30,20,600,DTSA,17,2394,600040,600000,2500,32.215,,,,,40,0.5,6,6,-5.0,5.0,d075816,2026-07-23T20:40:45,1.0,600000,,,,,,DTSA+LS,N=40,C1,2394,12,0,True
ta44,30,20,600,DTSA,18,2439,600040,600000,2500,31.917,,,,,40,0.5,6,6,-5.0,5.0,d075816,2026-07-23T20:40:45,1.0,600000,,,,,,DTSA-core,N=40,C1,2439,0,0,True
ta44,30,20,600,DTSA,18,2439,600040,600000,2500,31.917,,,,,40,0.5,6,6,-5.0,5.0,d075816,2026-07-23T20:40:45,1.0,600000,,,,,,DTSA+LS,N=40,C1,2439,15,0,True
ta44,30,20,600,DTSA,19,2387,600040,600000,2500,31.485,,,,,40,0.5,6,6,-5.0,5.0,d075816,2026-07-23T20:40:45,1.0,600000,,,,,,DTSA-core,N=40,C1,2387,0,0,True
ta44,30,20,600,DTSA,19,2387,600040,600000,2500,31.485,,,,,40,0.5,6,6,-5.0,5.0,d075816,2026-07-23T20:40:45,1.0,600000,,,,,,DTSA+LS,N=40,C1,2387,13,0,True
ta45,30,20,600,DTSA,0,2477,600040,600000,2500,21.152,,,,,40,0.5,6,6,-5.0,5.0,d075816,2026-07-23T20:41:07,1.0,600000,,,,,,DTSA-core,N=40,C1,2477,0,0,True
ta45,30,20,600,DTSA,0,2477,600040,600000,2500,21.152,,,,,40,0.5,6,6,-5.0,5.0,d075816,2026-07-23T20:41:07,1.0,600000,,,,,,DTSA+LS,N=40,C1,2477,9,0,True
ta45,30,20,600,DTSA,1,2309,600040,600000,2500,20.545,,,,,40,0.5,6,6,-5.0,5.0,d075816,2026-07-23T20:41:06,1.0,600000,,,,,,DTSA-core,N=40,C1,2309,0,0,True
ta45,30,20,600,DTSA,1,2309,600040,600000,2500,20.545,,,,,40,0.5,6,6,-5.0,5.0,d075816,2026-07-23T20:41:06,1.0,600000,,,,,,DTSA+LS,N=40,C1,2309,8,0,True
ta45,30,20,600,DTSA,2,2443,600040,600000,2500,20.696,,,,,40,0.5,6,6,-5.0,5.0,d075816,2026-07-23T20:41:06,1.0,600000,,,,,,DTSA-core,N=40,C1,2443,0,0,True
ta45,30,20,600,DTSA,2,2443,600040,600000,2500,20.696,,,,,40,0.5,6,6,-5.0,5.0,d075816,2026-07-23T20:41:06,1.0,600000,,,,,,DTSA+LS,N=40,C1,2443,8,0,True
ta45,30,20,600,DTSA,3,2355,600040,600000,2500,21.262,,,,,40,0.5,6,6,-5.0,5.0,d075816,2026-07-23T20:41:07,1.0,600000,,,,,,DTSA-core,N=40,C1,2355,0,0,True
ta45,30,20,600,DTSA,3,2355,600040,600000,2500,21.262,,,,,40,0.5,6,6,-5.0,5.0,d075816,2026-07-23T20:41:07,1.0,600000,,,,,,DTSA+LS,N=40,C1,2355,8,0,True
ta45,30,20,600,DTSA,4,2451,600040,600000,2500,20.536,,,,,40,0.5,6,6,-5.0,5.0,d075816,2026-07-23T20:41:06,1.0,600000,,,,,,DTSA-core,N=40,C1,2451,0,0,True
ta45,30,20,600,DTSA,4,2451,600040,600000,2500,20.536,,,,,40,0.5,6,6,-5.0,5.0,d075816,2026-07-23T20:41:06,1.0,600000,,,,,,DTSA+LS,N=40,C1,2451,9,0,True
ta45,30,20,600,DTSA,5,2323,600040,600000,2500,21.0,,,,,40,0.5,6,6,-5.0,5.0,d075816,2026-07-23T20:41:07,1.0,600000,,,,,,DTSA-core,N=40,C1,2323,0,0,True
ta45,30,20,600,DTSA,5,2323,600040,600000,2500,21.0,,,,,40,0.5,6,6,-5.0,5.0,d075816,2026-07-23T20:41:07,1.0,600000,,,,,,DTSA+LS,N=40,C1,2323,4,0,True
ta45,30,20,600,DTSA,6,2363,600040,600000,2500,20.816,,,,,40,0.5,6,6,-5.0,5.0,d075816,2026-07-23T20:41:06,1.0,600000,,,,,,DTSA-core,N=40,C1,2363,0,0,True
ta45,30,20,600,DTSA,6,2363,600040,600000,2500,20.816,,,,,40,0.5,6,6,-5.0,5.0,d075816,2026-07-23T20:41:06,1.0,600000,,,,,,DTSA+LS,N=40,C1,2363,9,0,True
ta45,30,20,600,DTSA,7,2376,600040,600000,2500,20.634,,,,,40,0.5,6,6,-5.0,5.0,d075816,2026-07-23T20:41:06,1.0,600000,,,,,,DTSA-core,N=40,C1,2376,0,0,True
ta45,30,20,600,DTSA,7,2376,600040,600000,2500,20.634,,,,,40,0.5,6,6,-5.0,5.0,d075816,2026-07-23T20:41:06,1.0,600000,,,,,,DTSA+LS,N=40,C1,2376,9,0,True
ta45,30,20,600,DTSA,8,2388,600040,600000,2500,40.768,,,,,40,0.5,6,6,-5.0,5.0,d075816,2026-07-23T20:41:47,1.0,600000,,,,,,DTSA-core,N=40,C1,2388,0,0,True
ta45,30,20,600,DTSA,8,2388,600040,600000,2500,40.768,,,,,40,0.5,6,6,-5.0,5.0,d075816,2026-07-23T20:41:47,1.0,600000,,,,,,DTSA+LS,N=40,C1,2388,7,0,True
ta45,30,20,600,DTSA,9,2402,600040,600000,2500,40.995,,,,,40,0.5,6,6,-5.0,5.0,d075816,2026-07-23T20:41:47,1.0,600000,,,,,,DTSA-core,N=40,C1,2402,0,0,True
ta45,30,20,600,DTSA,9,2402,600040,600000,2500,40.995,,,,,40,0.5,6,6,-5.0,5.0,d075816,2026-07-23T20:41:47,1.0,600000,,,,,,DTSA+LS,N=40,C1,2402,13,0,True
ta45,30,20,600,DTSA,10,2444,600040,600000,2500,40.942,,,,,40,0.5,6,6,-5.0,5.0,d075816,2026-07-23T20:41:47,1.0,600000,,,,,,DTSA-core,N=40,C1,2444,0,0,True
ta45,30,20,600,DTSA,10,2444,600040,600000,2500,40.942,,,,,40,0.5,6,6,-5.0,5.0,d075816,2026-07-23T20:41:47,1.0,600000,,,,,,DTSA+LS,N=40,C1,2444,6,0,True
ta45,30,20,600,DTSA,11,2314,600040,600000,2500,40.992,,,,,40,0.5,6,6,-5.0,5.0,d075816,2026-07-23T20:41:47,1.0,600000,,,,,,DTSA-core,N=40,C1,2314,0,0,True
ta45,30,20,600,DTSA,11,2314,600040,600000,2500,40.992,,,,,40,0.5,6,6,-5.0,5.0,d075816,2026-07-23T20:41:47,1.0,600000,,,,,,DTSA+LS,N=40,C1,2314,10,0,True
ta45,30,20,600,DTSA,12,2393,600040,600000,2500,41.757,,,,,40,0.5,6,6,-5.0,5.0,d075816,2026-07-23T20:41:48,1.0,600000,,,,,,DTSA-core,N=40,C1,2393,0,0,True
ta45,30,20,600,DTSA,12,2393,600040,600000,2500,41.757,,,,,40,0.5,6,6,-5.0,5.0,d075816,2026-07-23T20:41:48,1.0,600000,,,,,,DTSA+LS,N=40,C1,2393,14,0,True
ta45,30,20,600,DTSA,13,2363,600040,600000,2500,41.083,,,,,40,0.5,6,6,-5.0,5.0,d075816,2026-07-23T20:41:48,1.0,600000,,,,,,DTSA-core,N=40,C1,2363,0,0,True
ta45,30,20,600,DTSA,13,2363,600040,600000,2500,41.083,,,,,40,0.5,6,6,-5.0,5.0,d075816,2026-07-23T20:41:48,1.0,600000,,,,,,DTSA+LS,N=40,C1,2363,8,0,True
ta45,30,20,600,DTSA,14,2479,600040,600000,2500,41.168,,,,,40,0.5,6,6,-5.0,5.0,d075816,2026-07-23T20:41:48,1.0,600000,,,,,,DTSA-core,N=40,C1,2479,0,0,True
ta45,30,20,600,DTSA,14,2479,600040,600000,2500,41.168,,,,,40,0.5,6,6,-5.0,5.0,d075816,2026-07-23T20:41:48,1.0,600000,,,,,,DTSA+LS,N=40,C1,2479,6,0,True
ta45,30,20,600,DTSA,15,2362,600040,600000,2500,42.031,,,,,40,0.5,6,6,-5.0,5.0,d075816,2026-07-23T20:41:49,1.0,600000,,,,,,DTSA-core,N=40,C1,2362,0,0,True
ta45,30,20,600,DTSA,15,2362,600040,600000,2500,42.031,,,,,40,0.5,6,6,-5.0,5.0,d075816,2026-07-23T20:41:49,1.0,600000,,,,,,DTSA+LS,N=40,C1,2362,9,0,True
ta45,30,20,600,DTSA,16,2327,600040,600000,2500,40.929,,,,,40,0.5,6,6,-5.0,5.0,d075816,2026-07-23T20:42:28,1.0,600000,,,,,,DTSA-core,N=40,C1,2327,0,0,True
ta45,30,20,600,DTSA,16,2327,600040,600000,2500,40.929,,,,,40,0.5,6,6,-5.0,5.0,d075816,2026-07-23T20:42:28,1.0,600000,,,,,,DTSA+LS,N=40,C1,2327,6,0,True
ta45,30,20,600,DTSA,17,2316,600040,600000,2500,40.848,,,,,40,0.5,6,6,-5.0,5.0,d075816,2026-07-23T20:42:28,1.0,600000,,,,,,DTSA-core,N=40,C1,2316,0,0,True
ta45,30,20,600,DTSA,17,2310,600040,600000,2500,40.848,,,,,40,0.5,6,6,-5.0,5.0,d075816,2026-07-23T20:42:28,1.0,600000,,,,,,DTSA+LS,N=40,C1,2316,19,3,True
ta45,30,20,600,DTSA,18,2346,600040,600000,2500,40.957,,,,,40,0.5,6,6,-5.0,5.0,d075816,2026-07-23T20:42:28,1.0,600000,,,,,,DTSA-core,N=40,C1,2346,0,0,True
ta45,30,20,600,DTSA,18,2346,600040,600000,2500,40.957,,,,,40,0.5,6,6,-5.0,5.0,d075816,2026-07-23T20:42:28,1.0,600000,,,,,,DTSA+LS,N=40,C1,2346,7,0,True
ta45,30,20,600,DTSA,19,2430,600040,600000,2500,41.122,,,,,40,0.5,6,6,-5.0,5.0,d075816,2026-07-23T20:42:28,1.0,600000,,,,,,DTSA-core,N=40,C1,2430,0,0,True
ta45,30,20,600,DTSA,19,2430,600040,600000,2500,41.122,,,,,40,0.5,6,6,-5.0,5.0,d075816,2026-07-23T20:42:28,1.0,600000,,,,,,DTSA+LS,N=40,C1,2430,11,0,True
ta51,50,15,750,DTSA,0,3255,750040,750000,3125,65.016,,,,,40,0.5,6,6,-5.0,5.0,d075816,2026-07-23T20:43:33,1.0,750000,,,,,,DTSA-core,N=40,C1,3255,0,0,True
ta51,50,15,750,DTSA,0,3255,750040,750000,3125,65.016,,,,,40,0.5,6,6,-5.0,5.0,d075816,2026-07-23T20:43:33,1.0,750000,,,,,,DTSA+LS,N=40,C1,3255,4,0,True
ta51,50,15,750,DTSA,1,3281,750040,750000,3125,65.271,,,,,40,0.5,6,6,-5.0,5.0,d075816,2026-07-23T20:43:34,1.0,750000,,,,,,DTSA-core,N=40,C1,3281,0,0,True
ta51,50,15,750,DTSA,1,3281,750040,750000,3125,65.271,,,,,40,0.5,6,6,-5.0,5.0,d075816,2026-07-23T20:43:34,1.0,750000,,,,,,DTSA+LS,N=40,C1,3281,8,0,True
ta51,50,15,750,DTSA,2,3321,750040,750000,3125,65.255,,,,,40,0.5,6,6,-5.0,5.0,d075816,2026-07-23T20:43:34,1.0,750000,,,,,,DTSA-core,N=40,C1,3321,0,0,True
ta51,50,15,750,DTSA,2,3321,750040,750000,3125,65.255,,,,,40,0.5,6,6,-5.0,5.0,d075816,2026-07-23T20:43:34,1.0,750000,,,,,,DTSA+LS,N=40,C1,3321,6,0,True
ta51,50,15,750,DTSA,3,3377,750040,750000,3125,64.996,,,,,40,0.5,6,6,-5.0,5.0,d075816,2026-07-23T20:43:33,1.0,750000,,,,,,DTSA-core,N=40,C1,3377,0,0,True
ta51,50,15,750,DTSA,3,3377,750040,750000,3125,64.996,,,,,40,0.5,6,6,-5.0,5.0,d075816,2026-07-23T20:43:33,1.0,750000,,,,,,DTSA+LS,N=40,C1,3377,8,0,True
ta51,50,15,750,DTSA,4,3368,750040,750000,3125,65.742,,,,,40,0.5,6,6,-5.0,5.0,d075816,2026-07-23T20:43:34,1.0,750000,,,,,,DTSA-core,N=40,C1,3368,0,0,True
ta51,50,15,750,DTSA,4,3368,750040,750000,3125,65.742,,,,,40,0.5,6,6,-5.0,5.0,d075816,2026-07-23T20:43:34,1.0,750000,,,,,,DTSA+LS,N=40,C1,3368,6,0,True
ta51,50,15,750,DTSA,5,3265,750040,750000,3125,65.042,,,,,40,0.5,6,6,-5.0,5.0,d075816,2026-07-23T20:43:33,1.0,750000,,,,,,DTSA-core,N=40,C1,3265,0,0,True
ta51,50,15,750,DTSA,5,3265,750040,750000,3125,65.042,,,,,40,0.5,6,6,-5.0,5.0,d075816,2026-07-23T20:43:33,1.0,750000,,,,,,DTSA+LS,N=40,C1,3265,6,0,True
ta51,50,15,750,DTSA,6,3254,750040,750000,3125,65.54,,,,,40,0.5,6,6,-5.0,5.0,d075816,2026-07-23T20:43:34,1.0,750000,,,,,,DTSA-core,N=40,C1,3254,0,0,True
ta51,50,15,750,DTSA,6,3254,750040,750000,3125,65.54,,,,,40,0.5,6,6,-5.0,5.0,d075816,2026-07-23T20:43:34,1.0,750000,,,,,,DTSA+LS,N=40,C1,3254,4,0,True
ta51,50,15,750,DTSA,7,3332,750040,750000,3125,65.412,,,,,40,0.5,6,6,-5.0,5.0,d075816,2026-07-23T20:43:34,1.0,750000,,,,,,DTSA-core,N=40,C1,3332,0,0,True
ta51,50,15,750,DTSA,7,3332,750040,750000,3125,65.412,,,,,40,0.5,6,6,-5.0,5.0,d075816,2026-07-23T20:43:34,1.0,750000,,,,,,DTSA+LS,N=40,C1,3332,11,0,True
ta51,50,15,750,DTSA,8,3412,750040,750000,3125,50.011,,,,,40,0.5,6,6,-5.0,5.0,d075816,2026-07-23T20:44:24,1.0,750000,,,,,,DTSA-core,N=40,C1,3412,0,0,True
ta51,50,15,750,DTSA,8,3412,750040,750000,3125,50.011,,,,,40,0.5,6,6,-5.0,5.0,d075816,2026-07-23T20:44:24,1.0,750000,,,,,,DTSA+LS,N=40,C1,3412,6,0,True
ta51,50,15,750,DTSA,9,3286,750040,750000,3125,50.627,,,,,40,0.5,6,6,-5.0,5.0,d075816,2026-07-23T20:44:24,1.0,750000,,,,,,DTSA-core,N=40,C1,3286,0,0,True
ta51,50,15,750,DTSA,9,3286,750040,750000,3125,50.627,,,,,40,0.5,6,6,-5.0,5.0,d075816,2026-07-23T20:44:24,1.0,750000,,,,,,DTSA+LS,N=40,C1,3286,6,0,True
ta51,50,15,750,DTSA,10,3216,750040,750000,3125,48.559,,,,,40,0.5,6,6,-5.0,5.0,d075816,2026-07-23T20:44:22,1.0,750000,,,,,,DTSA-core,N=40,C1,3216,0,0,True
ta51,50,15,750,DTSA,10,3216,750040,750000,3125,48.559,,,,,40,0.5,6,6,-5.0,5.0,d075816,2026-07-23T20:44:22,1.0,750000,,,,,,DTSA+LS,N=40,C1,3216,6,0,True
ta51,50,15,750,DTSA,11,3355,750040,750000,3125,47.766,,,,,40,0.5,6,6,-5.0,5.0,d075816,2026-07-23T20:44:22,1.0,750000,,,,,,DTSA-core,N=40,C1,3355,0,0,True
ta51,50,15,750,DTSA,11,3355,750040,750000,3125,47.766,,,,,40,0.5,6,6,-5.0,5.0,d075816,2026-07-23T20:44:22,1.0,750000,,,,,,DTSA+LS,N=40,C1,3355,8,0,True
ta51,50,15,750,DTSA,12,3287,750040,750000,3125,49.038,,,,,40,0.5,6,6,-5.0,5.0,d075816,2026-07-23T20:44:23,1.0,750000,,,,,,DTSA-core,N=40,C1,3287,0,0,True
ta51,50,15,750,DTSA,12,3287,750040,750000,3125,49.038,,,,,40,0.5,6,6,-5.0,5.0,d075816,2026-07-23T20:44:23,1.0,750000,,,,,,DTSA+LS,N=40,C1,3287,10,0,True
ta51,50,15,750,DTSA,13,3281,750040,750000,3125,50.396,,,,,40,0.5,6,6,-5.0,5.0,d075816,2026-07-23T20:44:24,1.0,750000,,,,,,DTSA-core,N=40,C1,3281,0,0,True
ta51,50,15,750,DTSA,13,3281,750040,750000,3125,50.396,,,,,40,0.5,6,6,-5.0,5.0,d075816,2026-07-23T20:44:24,1.0,750000,,,,,,DTSA+LS,N=40,C1,3281,7,0,True
ta51,50,15,750,DTSA,14,3202,750040,750000,3125,50.725,,,,,40,0.5,6,6,-5.0,5.0,d075816,2026-07-23T20:44:25,1.0,750000,,,,,,DTSA-core,N=40,C1,3202,0,0,True
ta51,50,15,750,DTSA,14,3202,750040,750000,3125,50.725,,,,,40,0.5,6,6,-5.0,5.0,d075816,2026-07-23T20:44:25,1.0,750000,,,,,,DTSA+LS,N=40,C1,3202,6,0,True
ta51,50,15,750,DTSA,15,3292,750040,750000,3125,50.578,,,,,40,0.5,6,6,-5.0,5.0,d075816,2026-07-23T20:44:25,1.0,750000,,,,,,DTSA-core,N=40,C1,3292,0,0,True
ta51,50,15,750,DTSA,15,3292,750040,750000,3125,50.578,,,,,40,0.5,6,6,-5.0,5.0,d075816,2026-07-23T20:44:25,1.0,750000,,,,,,DTSA+LS,N=40,C1,3292,6,0,True
ta51,50,15,750,DTSA,16,3353,750040,750000,3125,42.883,,,,,40,0.5,6,6,-5.0,5.0,d075816,2026-07-23T20:45:04,1.0,750000,,,,,,DTSA-core,N=40,C1,3353,0,0,True
ta51,50,15,750,DTSA,16,3353,750040,750000,3125,42.883,,,,,40,0.5,6,6,-5.0,5.0,d075816,2026-07-23T20:45:04,1.0,750000,,,,,,DTSA+LS,N=40,C1,3353,4,0,True
ta51,50,15,750,DTSA,17,3153,750040,750000,3125,43.343,,,,,40,0.5,6,6,-5.0,5.0,d075816,2026-07-23T20:45:06,1.0,750000,,,,,,DTSA-core,N=40,C1,3153,0,0,True
ta51,50,15,750,DTSA,17,3153,750040,750000,3125,43.343,,,,,40,0.5,6,6,-5.0,5.0,d075816,2026-07-23T20:45:06,1.0,750000,,,,,,DTSA+LS,N=40,C1,3153,4,0,True
ta51,50,15,750,DTSA,18,3166,750040,750000,3125,42.396,,,,,40,0.5,6,6,-5.0,5.0,d075816,2026-07-23T20:45:05,1.0,750000,,,,,,DTSA-core,N=40,C1,3166,0,0,True
ta51,50,15,750,DTSA,18,3166,750040,750000,3125,42.396,,,,,40,0.5,6,6,-5.0,5.0,d075816,2026-07-23T20:45:05,1.0,750000,,,,,,DTSA+LS,N=40,C1,3166,4,0,True
ta51,50,15,750,DTSA,19,3258,750040,750000,3125,43.181,,,,,40,0.5,6,6,-5.0,5.0,d075816,2026-07-23T20:45:07,1.0,750000,,,,,,DTSA-core,N=40,C1,3258,0,0,True
ta51,50,15,750,DTSA,19,3258,750040,750000,3125,43.181,,,,,40,0.5,6,6,-5.0,5.0,d075816,2026-07-23T20:45:07,1.0,750000,,,,,,DTSA+LS,N=40,C1,3258,14,0,True
ta52,50,15,750,DTSA,0,3255,750040,750000,3125,43.629,,,,,40,0.5,6,6,-5.0,5.0,28cc575,2026-07-23T20:55:47,1.0,750000,,,,,,DTSA-core,N=40,C1,3255,0,0,True
ta52,50,15,750,DTSA,0,3255,750040,750000,3125,43.629,,,,,40,0.5,6,6,-5.0,5.0,28cc575,2026-07-23T20:55:47,1.0,750000,,,,,,DTSA+LS,N=40,C1,3255,6,0,True
ta52,50,15,750,DTSA,1,3208,750040,750000,3125,44.027,,,,,40,0.5,6,6,-5.0,5.0,28cc575,2026-07-23T20:55:47,1.0,750000,,,,,,DTSA-core,N=40,C1,3208,0,0,True
ta52,50,15,750,DTSA,1,3208,750040,750000,3125,44.027,,,,,40,0.5,6,6,-5.0,5.0,28cc575,2026-07-23T20:55:47,1.0,750000,,,,,,DTSA+LS,N=40,C1,3208,5,0,True
ta52,50,15,750,DTSA,2,3189,750040,750000,3125,42.932,,,,,40,0.5,6,6,-5.0,5.0,28cc575,2026-07-23T20:55:46,1.0,750000,,,,,,DTSA-core,N=40,C1,3189,0,0,True
ta52,50,15,750,DTSA,2,3189,750040,750000,3125,42.932,,,,,40,0.5,6,6,-5.0,5.0,28cc575,2026-07-23T20:55:46,1.0,750000,,,,,,DTSA+LS,N=40,C1,3189,6,0,True
ta52,50,15,750,DTSA,3,3208,750040,750000,3125,43.961,,,,,40,0.5,6,6,-5.0,5.0,28cc575,2026-07-23T20:55:47,1.0,750000,,,,,,DTSA-core,N=40,C1,3208,0,0,True
ta52,50,15,750,DTSA,3,3208,750040,750000,3125,43.961,,,,,40,0.5,6,6,-5.0,5.0,28cc575,2026-07-23T20:55:47,1.0,750000,,,,,,DTSA+LS,N=40,C1,3208,9,0,True
ta52,50,15,750,DTSA,4,3249,750040,750000,3125,43.197,,,,,40,0.5,6,6,-5.0,5.0,28cc575,2026-07-23T20:55:46,1.0,750000,,,,,,DTSA-core,N=40,C1,3249,0,0,True
ta52,50,15,750,DTSA,4,3249,750040,750000,3125,43.197,,,,,40,0.5,6,6,-5.0,5.0,28cc575,2026-07-23T20:55:46,1.0,750000,,,,,,DTSA+LS,N=40,C1,3249,6,0,True
ta52,50,15,750,DTSA,5,3227,750040,750000,3125,43.606,,,,,40,0.5,6,6,-5.0,5.0,28cc575,2026-07-23T20:55:47,1.0,750000,,,,,,DTSA-core,N=40,C1,3227,0,0,True
ta52,50,15,750,DTSA,5,3227,750040,750000,3125,43.606,,,,,40,0.5,6,6,-5.0,5.0,28cc575,2026-07-23T20:55:47,1.0,750000,,,,,,DTSA+LS,N=40,C1,3227,6,0,True
ta52,50,15,750,DTSA,6,3374,750040,750000,3125,43.931,,,,,40,0.5,6,6,-5.0,5.0,28cc575,2026-07-23T20:55:47,1.0,750000,,,,,,DTSA-core,N=40,C1,3374,0,0,True
ta52,50,15,750,DTSA,6,3374,750040,750000,3125,43.931,,,,,40,0.5,6,6,-5.0,5.0,28cc575,2026-07-23T20:55:47,1.0,750000,,,,,,DTSA+LS,N=40,C1,3374,4,0,True
ta52,50,15,750,DTSA,7,3180,750040,750000,3125,42.627,,,,,40,0.5,6,6,-5.0,5.0,28cc575,2026-07-23T20:55:46,1.0,750000,,,,,,DTSA-core,N=40,C1,3180,0,0,True
ta52,50,15,750,DTSA,7,3180,750040,750000,3125,42.627,,,,,40,0.5,6,6,-5.0,5.0,28cc575,2026-07-23T20:55:46,1.0,750000,,,,,,DTSA+LS,N=40,C1,3180,5,0,True
ta52,50,15,750,DTSA,8,3360,750040,750000,3125,42.715,,,,,40,0.5,6,6,-5.0,5.0,28cc575,2026-07-23T20:55:46,1.0,750000,,,,,,DTSA-core,N=40,C1,3360,0,0,True
ta52,50,15,750,DTSA,8,3360,750040,750000,3125,42.715,,,,,40,0.5,6,6,-5.0,5.0,28cc575,2026-07-23T20:55:46,1.0,750000,,,,,,DTSA+LS,N=40,C1,3360,4,0,True
ta52,50,15,750,DTSA,9,3227,750040,750000,3125,43.35,,,,,40,0.5,6,6,-5.0,5.0,28cc575,2026-07-23T20:55:46,1.0,750000,,,,,,DTSA-core,N=40,C1,3227,0,0,True
ta52,50,15,750,DTSA,9,3227,750040,750000,3125,43.35,,,,,40,0.5,6,6,-5.0,5.0,28cc575,2026-07-23T20:55:46,1.0,750000,,,,,,DTSA+LS,N=40,C1,3227,12,0,True
ta52,50,15,750,DTSA,10,3131,750040,750000,3125,43.58,,,,,40,0.5,6,6,-5.0,5.0,28cc575,2026-07-23T20:55:47,1.0,750000,,,,,,DTSA-core,N=40,C1,3131,0,0,True
ta52,50,15,750,DTSA,10,3131,750040,750000,3125,43.58,,,,,40,0.5,6,6,-5.0,5.0,28cc575,2026-07-23T20:55:47,1.0,750000,,,,,,DTSA+LS,N=40,C1,3131,8,0,True
ta52,50,15,750,DTSA,11,3231,750040,750000,3125,42.797,,,,,40,0.5,6,6,-5.0,5.0,28cc575,2026-07-23T20:55:46,1.0,750000,,,,,,DTSA-core,N=40,C1,3231,0,0,True
ta52,50,15,750,DTSA,11,3231,750040,750000,3125,42.797,,,,,40,0.5,6,6,-5.0,5.0,28cc575,2026-07-23T20:55:46,1.0,750000,,,,,,DTSA+LS,N=40,C1,3231,6,0,True
ta52,50,15,750,DTSA,12,3144,750040,750000,3125,36.922,,,,,40,0.5,6,6,-5.0,5.0,28cc575,2026-07-23T20:56:23,1.0,750000,,,,,,DTSA-core,N=40,C1,3144,0,0,True
ta52,50,15,750,DTSA,12,3144,750040,750000,3125,36.922,,,,,40,0.5,6,6,-5.0,5.0,28cc575,2026-07-23T20:56:23,1.0,750000,,,,,,DTSA+LS,N=40,C1,3144,5,0,True
ta52,50,15,750,DTSA,13,3316,750040,750000,3125,36.462,,,,,40,0.5,6,6,-5.0,5.0,28cc575,2026-07-23T20:56:22,1.0,750000,,,,,,DTSA-core,N=40,C1,3316,0,0,True
ta52,50,15,750,DTSA,13,3316,750040,750000,3125,36.462,,,,,40,0.5,6,6,-5.0,5.0,28cc575,2026-07-23T20:56:22,1.0,750000,,,,,,DTSA+LS,N=40,C1,3316,9,0,True
ta52,50,15,750,DTSA,14,3253,750040,750000,3125,36.27,,,,,40,0.5,6,6,-5.0,5.0,28cc575,2026-07-23T20:56:22,1.0,750000,,,,,,DTSA-core,N=40,C1,3253,0,0,True
ta52,50,15,750,DTSA,14,3253,750040,750000,3125,36.27,,,,,40,0.5,6,6,-5.0,5.0,28cc575,2026-07-23T20:56:22,1.0,750000,,,,,,DTSA+LS,N=40,C1,3253,11,0,True
ta52,50,15,750,DTSA,15,3201,750040,750000,3125,37.11,,,,,40,0.5,6,6,-5.0,5.0,28cc575,2026-07-23T20:56:23,1.0,750000,,,,,,DTSA-core,N=40,C1,3201,0,0,True
ta52,50,15,750,DTSA,15,3201,750040,750000,3125,37.11,,,,,40,0.5,6,6,-5.0,5.0,28cc575,2026-07-23T20:56:23,1.0,750000,,,,,,DTSA+LS,N=40,C1,3201,4,0,True
ta52,50,15,750,DTSA,16,3151,750040,750000,3125,36.909,,,,,40,0.5,6,6,-5.0,5.0,28cc575,2026-07-23T20:56:23,1.0,750000,,,,,,DTSA-core,N=40,C1,3151,0,0,True
ta52,50,15,750,DTSA,16,3151,750040,750000,3125,36.909,,,,,40,0.5,6,6,-5.0,5.0,28cc575,2026-07-23T20:56:23,1.0,750000,,,,,,DTSA+LS,N=40,C1,3151,4,0,True
ta52,50,15,750,DTSA,17,3168,750040,750000,3125,35.45,,,,,40,0.5,6,6,-5.0,5.0,28cc575,2026-07-23T20:56:22,1.0,750000,,,,,,DTSA-core,N=40,C1,3168,0,0,True
ta52,50,15,750,DTSA,17,3168,750040,750000,3125,35.45,,,,,40,0.5,6,6,-5.0,5.0,28cc575,2026-07-23T20:56:22,1.0,750000,,,,,,DTSA+LS,N=40,C1,3168,8,0,True
ta52,50,15,750,DTSA,18,3280,750040,750000,3125,36.744,,,,,40,0.5,6,6,-5.0,5.0,28cc575,2026-07-23T20:56:23,1.0,750000,,,,,,DTSA-core,N=40,C1,3280,0,0,True
ta52,50,15,750,DTSA,18,3280,750040,750000,3125,36.744,,,,,40,0.5,6,6,-5.0,5.0,28cc575,2026-07-23T20:56:23,1.0,750000,,,,,,DTSA+LS,N=40,C1,3280,4,0,True
ta52,50,15,750,DTSA,19,3212,750040,750000,3125,36.196,,,,,40,0.5,6,6,-5.0,5.0,28cc575,2026-07-23T20:56:23,1.0,750000,,,,,,DTSA-core,N=40,C1,3212,0,0,True
ta52,50,15,750,DTSA,19,3212,750040,750000,3125,36.196,,,,,40,0.5,6,6,-5.0,5.0,28cc575,2026-07-23T20:56:23,1.0,750000,,,,,,DTSA+LS,N=40,C1,3212,4,0,True
ta53,50,15,750,DTSA,0,2861,750040,750000,3125,48.847,,,,,40,0.5,6,6,-5.0,5.0,28cc575,2026-07-23T20:57:12,1.0,750000,,,,,,DTSA-core,N=40,C1,2861,0,0,True
ta53,50,15,750,DTSA,0,2856,750040,750000,3125,48.847,,,,,40,0.5,6,6,-5.0,5.0,28cc575,2026-07-23T20:57:12,1.0,750000,,,,,,DTSA+LS,N=40,C1,2861,14,2,True
ta53,50,15,750,DTSA,1,2945,750040,750000,3125,49.075,,,,,40,0.5,6,6,-5.0,5.0,28cc575,2026-07-23T20:57:13,1.0,750000,,,,,,DTSA-core,N=40,C1,2945,0,0,True
ta53,50,15,750,DTSA,1,2945,750040,750000,3125,49.075,,,,,40,0.5,6,6,-5.0,5.0,28cc575,2026-07-23T20:57:13,1.0,750000,,,,,,DTSA+LS,N=40,C1,2945,4,0,True
ta53,50,15,750,DTSA,2,2926,750040,750000,3125,48.927,,,,,40,0.5,6,6,-5.0,5.0,28cc575,2026-07-23T20:57:12,1.0,750000,,,,,,DTSA-core,N=40,C1,2926,0,0,True
ta53,50,15,750,DTSA,2,2926,750040,750000,3125,48.927,,,,,40,0.5,6,6,-5.0,5.0,28cc575,2026-07-23T20:57:12,1.0,750000,,,,,,DTSA+LS,N=40,C1,2926,7,0,True
ta53,50,15,750,DTSA,3,2978,750040,750000,3125,48.669,,,,,40,0.5,6,6,-5.0,5.0,28cc575,2026-07-23T20:57:12,1.0,750000,,,,,,DTSA-core,N=40,C1,2978,0,0,True
ta53,50,15,750,DTSA,3,2978,750040,750000,3125,48.669,,,,,40,0.5,6,6,-5.0,5.0,28cc575,2026-07-23T20:57:12,1.0,750000,,,,,,DTSA+LS,N=40,C1,2978,10,0,True
ta53,50,15,750,DTSA,4,2933,750040,750000,3125,46.953,,,,,40,0.5,6,6,-5.0,5.0,28cc575,2026-07-23T20:57:10,1.0,750000,,,,,,DTSA-core,N=40,C1,2933,0,0,True
ta53,50,15,750,DTSA,4,2933,750040,750000,3125,46.953,,,,,40,0.5,6,6,-5.0,5.0,28cc575,2026-07-23T20:57:10,1.0,750000,,,,,,DTSA+LS,N=40,C1,2933,18,0,True
ta53,50,15,750,DTSA,5,2980,750040,750000,3125,49.191,,,,,40,0.5,6,6,-5.0,5.0,28cc575,2026-07-23T20:57:13,1.0,750000,,,,,,DTSA-core,N=40,C1,2980,0,0,True
ta53,50,15,750,DTSA,5,2980,750040,750000,3125,49.191,,,,,40,0.5,6,6,-5.0,5.0,28cc575,2026-07-23T20:57:13,1.0,750000,,,,,,DTSA+LS,N=40,C1,2980,8,0,True
ta53,50,15,750,DTSA,6,2865,750040,750000,3125,47.719,,,,,40,0.5,6,6,-5.0,5.0,28cc575,2026-07-23T20:57:11,1.0,750000,,,,,,DTSA-core,N=40,C1,2865,0,0,True
ta53,50,15,750,DTSA,6,2865,750040,750000,3125,47.719,,,,,40,0.5,6,6,-5.0,5.0,28cc575,2026-07-23T20:57:11,1.0,750000,,,,,,DTSA+LS,N=40,C1,2865,10,0,True
ta53,50,15,750,DTSA,7,2990,750040,750000,3125,47.823,,,,,40,0.5,6,6,-5.0,5.0,28cc575,2026-07-23T20:57:11,1.0,750000,,,,,,DTSA-core,N=40,C1,2990,0,0,True
ta53,50,15,750,DTSA,7,2990,750040,750000,3125,47.823,,,,,40,0.5,6,6,-5.0,5.0,28cc575,2026-07-23T20:57:11,1.0,750000,,,,,,DTSA+LS,N=40,C1,2990,6,0,True
ta53,50,15,750,DTSA,8,2925,750040,750000,3125,48.403,,,,,40,0.5,6,6,-5.0,5.0,28cc575,2026-07-23T20:57:12,1.0,750000,,,,,,DTSA-core,N=40,C1,2925,0,0,True
ta53,50,15,750,DTSA,8,2925,750040,750000,3125,48.403,,,,,40,0.5,6,6,-5.0,5.0,28cc575,2026-07-23T20:57:12,1.0,750000,,,,,,DTSA+LS,N=40,C1,2925,10,0,True
ta53,50,15,750,DTSA,9,3015,750040,750000,3125,48.337,,,,,40,0.5,6,6,-5.0,5.0,28cc575,2026-07-23T20:57:12,1.0,750000,,,,,,DTSA-core,N=40,C1,3015,0,0,True
ta53,50,15,750,DTSA,9,3015,750040,750000,3125,48.337,,,,,40,0.5,6,6,-5.0,5.0,28cc575,2026-07-23T20:57:12,1.0,750000,,,,,,DTSA+LS,N=40,C1,3015,9,0,True
ta53,50,15,750,DTSA,10,2995,750040,750000,3125,49.034,,,,,40,0.5,6,6,-5.0,5.0,28cc575,2026-07-23T20:57:13,1.0,750000,,,,,,DTSA-core,N=40,C1,2995,0,0,True
ta53,50,15,750,DTSA,10,2995,750040,750000,3125,49.034,,,,,40,0.5,6,6,-5.0,5.0,28cc575,2026-07-23T20:57:13,1.0,750000,,,,,,DTSA+LS,N=40,C1,2995,6,0,True
ta53,50,15,750,DTSA,11,3055,750040,750000,3125,48.416,,,,,40,0.5,6,6,-5.0,5.0,28cc575,2026-07-23T20:57:12,1.0,750000,,,,,,DTSA-core,N=40,C1,3055,0,0,True
ta53,50,15,750,DTSA,11,3055,750040,750000,3125,48.416,,,,,40,0.5,6,6,-5.0,5.0,28cc575,2026-07-23T20:57:12,1.0,750000,,,,,,DTSA+LS,N=40,C1,3055,9,0,True
ta53,50,15,750,DTSA,12,3006,750040,750000,3125,55.048,,,,,40,0.5,6,6,-5.0,5.0,28cc575,2026-07-23T20:58:06,1.0,750000,,,,,,DTSA-core,N=40,C1,3006,0,0,True
ta53,50,15,750,DTSA,12,3006,750040,750000,3125,55.048,,,,,40,0.5,6,6,-5.0,5.0,28cc575,2026-07-23T20:58:06,1.0,750000,,,,,,DTSA+LS,N=40,C1,3006,6,0,True
ta53,50,15,750,DTSA,13,2947,750040,750000,3125,54.26,,,,,40,0.5,6,6,-5.0,5.0,28cc575,2026-07-23T20:58:06,1.0,750000,,,,,,DTSA-core,N=40,C1,2947,0,0,True
ta53,50,15,750,DTSA,13,2947,750040,750000,3125,54.26,,,,,40,0.5,6,6,-5.0,5.0,28cc575,2026-07-23T20:58:06,1.0,750000,,,,,,DTSA+LS,N=40,C1,2947,5,0,True
ta53,50,15,750,DTSA,14,2910,750040,750000,3125,55.005,,,,,40,0.5,6,6,-5.0,5.0,28cc575,2026-07-23T20:58:06,1.0,750000,,,,,,DTSA-core,N=40,C1,2910,0,0,True
ta53,50,15,750,DTSA,14,2910,750040,750000,3125,55.005,,,,,40,0.5,6,6,-5.0,5.0,28cc575,2026-07-23T20:58:06,1.0,750000,,,,,,DTSA+LS,N=40,C1,2910,6,0,True
ta53,50,15,750,DTSA,15,2917,750040,750000,3125,54.353,,,,,40,0.5,6,6,-5.0,5.0,28cc575,2026-07-23T20:58:06,1.0,750000,,,,,,DTSA-core,N=40,C1,2917,0,0,True
ta53,50,15,750,DTSA,15,2917,750040,750000,3125,54.353,,,,,40,0.5,6,6,-5.0,5.0,28cc575,2026-07-23T20:58:06,1.0,750000,,,,,,DTSA+LS,N=40,C1,2917,6,0,True
ta53,50,15,750,DTSA,16,2937,750040,750000,3125,54.634,,,,,40,0.5,6,6,-5.0,5.0,28cc575,2026-07-23T20:58:07,1.0,750000,,,,,,DTSA-core,N=40,C1,2937,0,0,True
ta53,50,15,750,DTSA,16,2937,750040,750000,3125,54.634,,,,,40,0.5,6,6,-5.0,5.0,28cc575,2026-07-23T20:58:07,1.0,750000,,,,,,DTSA+LS,N=40,C1,2937,6,0,True
ta53,50,15,750,DTSA,17,2945,750040,750000,3125,54.745,,,,,40,0.5,6,6,-5.0,5.0,28cc575,2026-07-23T20:58:07,1.0,750000,,,,,,DTSA-core,N=40,C1,2945,0,0,True
ta53,50,15,750,DTSA,17,2945,750040,750000,3125,54.745,,,,,40,0.5,6,6,-5.0,5.0,28cc575,2026-07-23T20:58:07,1.0,750000,,,,,,DTSA+LS,N=40,C1,2945,9,0,True
ta53,50,15,750,DTSA,18,3024,750040,750000,3125,54.301,,,,,40,0.5,6,6,-5.0,5.0,28cc575,2026-07-23T20:58:07,1.0,750000,,,,,,DTSA-core,N=40,C1,3024,0,0,True
ta53,50,15,750,DTSA,18,3024,750040,750000,3125,54.301,,,,,40,0.5,6,6,-5.0,5.0,28cc575,2026-07-23T20:58:07,1.0,750000,,,,,,DTSA+LS,N=40,C1,3024,8,0,True
ta53,50,15,750,DTSA,19,2875,750040,750000,3125,54.273,,,,,40,0.5,6,6,-5.0,5.0,28cc575,2026-07-23T20:58:07,1.0,750000,,,,,,DTSA-core,N=40,C1,2875,0,0,True
ta53,50,15,750,DTSA,19,2875,750040,750000,3125,54.273,,,,,40,0.5,6,6,-5.0,5.0,28cc575,2026-07-23T20:58:07,1.0,750000,,,,,,DTSA+LS,N=40,C1,2875,6,0,True
ta54,50,15,750,DTSA,0,3150,750040,750000,3125,59.367,,,,,40,0.5,6,6,-5.0,5.0,55688b4,2026-07-23T21:01:39,1.0,750000,,,,,,DTSA-core,N=40,C1,3150,0,0,True
ta54,50,15,750,DTSA,0,3150,750040,750000,3125,59.367,,,,,40,0.5,6,6,-5.0,5.0,55688b4,2026-07-23T21:01:39,1.0,750000,,,,,,DTSA+LS,N=40,C1,3150,13,0,True
ta54,50,15,750,DTSA,1,3341,750040,750000,3125,59.142,,,,,40,0.5,6,6,-5.0,5.0,55688b4,2026-07-23T21:01:39,1.0,750000,,,,,,DTSA-core,N=40,C1,3341,0,0,True
ta54,50,15,750,DTSA,1,3341,750040,750000,3125,59.142,,,,,40,0.5,6,6,-5.0,5.0,55688b4,2026-07-23T21:01:39,1.0,750000,,,,,,DTSA+LS,N=40,C1,3341,7,0,True
ta54,50,15,750,DTSA,2,3040,750040,750000,3125,59.682,,,,,40,0.5,6,6,-5.0,5.0,55688b4,2026-07-23T21:01:40,1.0,750000,,,,,,DTSA-core,N=40,C1,3040,0,0,True
ta54,50,15,750,DTSA,2,3040,750040,750000,3125,59.682,,,,,40,0.5,6,6,-5.0,5.0,55688b4,2026-07-23T21:01:40,1.0,750000,,,,,,DTSA+LS,N=40,C1,3040,4,0,True
ta54,50,15,750,DTSA,3,3054,750040,750000,3125,59.739,,,,,40,0.5,6,6,-5.0,5.0,55688b4,2026-07-23T21:01:40,1.0,750000,,,,,,DTSA-core,N=40,C1,3054,0,0,True
ta54,50,15,750,DTSA,3,3054,750040,750000,3125,59.739,,,,,40,0.5,6,6,-5.0,5.0,55688b4,2026-07-23T21:01:40,1.0,750000,,,,,,DTSA+LS,N=40,C1,3054,9,0,True
ta54,50,15,750,DTSA,4,3027,750040,750000,3125,60.49,,,,,40,0.5,6,6,-5.0,5.0,55688b4,2026-07-23T21:01:40,1.0,750000,,,,,,DTSA-core,N=40,C1,3027,0,0,True
ta54,50,15,750,DTSA,4,3027,750040,750000,3125,60.49,,,,,40,0.5,6,6,-5.0,5.0,55688b4,2026-07-23T21:01:40,1.0,750000,,,,,,DTSA+LS,N=40,C1,3027,11,0,True
ta54,50,15,750,DTSA,5,3038,750040,750000,3125,60.419,,,,,40,0.5,6,6,-5.0,5.0,55688b4,2026-07-23T21:01:40,1.0,750000,,,,,,DTSA-core,N=40,C1,3038,0,0,True
ta54,50,15,750,DTSA,5,3038,750040,750000,3125,60.419,,,,,40,0.5,6,6,-5.0,5.0,55688b4,2026-07-23T21:01:40,1.0,750000,,,,,,DTSA+LS,N=40,C1,3038,2,0,True
ta54,50,15,750,DTSA,6,3070,750040,750000,3125,59.459,,,,,40,0.5,6,6,-5.0,5.0,55688b4,2026-07-23T21:01:39,1.0,750000,,,,,,DTSA-core,N=40,C1,3070,0,0,True
ta54,50,15,750,DTSA,6,3070,750040,750000,3125,59.459,,,,,40,0.5,6,6,-5.0,5.0,55688b4,2026-07-23T21:01:39,1.0,750000,,,,,,DTSA+LS,N=40,C1,3070,4,0,True
ta54,50,15,750,DTSA,7,3100,750040,750000,3125,37.196,,,,,40,0.5,6,6,-5.0,5.0,55688b4,2026-07-23T21:02:16,1.0,750000,,,,,,DTSA-core,N=40,C1,3100,0,0,True
ta54,50,15,750,DTSA,7,3100,750040,750000,3125,37.196,,,,,40,0.5,6,6,-5.0,5.0,55688b4,2026-07-23T21:02:16,1.0,750000,,,,,,DTSA+LS,N=40,C1,3100,8,0,True
ta54,50,15,750,DTSA,8,3058,750040,750000,3125,37.408,,,,,40,0.5,6,6,-5.0,5.0,55688b4,2026-07-23T21:02:17,1.0,750000,,,,,,DTSA-core,N=40,C1,3058,0,0,True
ta54,50,15,750,DTSA,8,3058,750040,750000,3125,37.408,,,,,40,0.5,6,6,-5.0,5.0,55688b4,2026-07-23T21:02:17,1.0,750000,,,,,,DTSA+LS,N=40,C1,3058,4,0,True
ta54,50,15,750,DTSA,9,3099,750040,750000,3125,36.437,,,,,40,0.5,6,6,-5.0,5.0,55688b4,2026-07-23T21:02:16,1.0,750000,,,,,,DTSA-core,N=40,C1,3099,0,0,True
ta54,50,15,750,DTSA,9,3099,750040,750000,3125,36.437,,,,,40,0.5,6,6,-5.0,5.0,55688b4,2026-07-23T21:02:16,1.0,750000,,,,,,DTSA+LS,N=40,C1,3099,7,0,True
ta54,50,15,750,DTSA,10,3202,750040,750000,3125,36.318,,,,,40,0.5,6,6,-5.0,5.0,55688b4,2026-07-23T21:02:16,1.0,750000,,,,,,DTSA-core,N=40,C1,3202,0,0,True
ta54,50,15,750,DTSA,10,3202,750040,750000,3125,36.318,,,,,40,0.5,6,6,-5.0,5.0,55688b4,2026-07-23T21:02:16,1.0,750000,,,,,,DTSA+LS,N=40,C1,3202,14,0,True
ta54,50,15,750,DTSA,11,3213,750040,750000,3125,35.61,,,,,40,0.5,6,6,-5.0,5.0,55688b4,2026-07-23T21:02:15,1.0,750000,,,,,,DTSA-core,N=40,C1,3213,0,0,True
ta54,50,15,750,DTSA,11,3213,750040,750000,3125,35.61,,,,,40,0.5,6,6,-5.0,5.0,55688b4,2026-07-23T21:02:15,1.0,750000,,,,,,DTSA+LS,N=40,C1,3213,4,0,True
ta54,50,15,750,DTSA,12,3084,750040,750000,3125,36.4,,,,,40,0.5,6,6,-5.0,5.0,55688b4,2026-07-23T21:02:17,1.0,750000,,,,,,DTSA-core,N=40,C1,3084,0,0,True
ta54,50,15,750,DTSA,12,3084,750040,750000,3125,36.4,,,,,40,0.5,6,6,-5.0,5.0,55688b4,2026-07-23T21:02:17,1.0,750000,,,,,,DTSA+LS,N=40,C1,3084,12,0,True
ta54,50,15,750,DTSA,13,3075,750040,750000,3125,36.413,,,,,40,0.5,6,6,-5.0,5.0,55688b4,2026-07-23T21:02:17,1.0,750000,,,,,,DTSA-core,N=40,C1,3075,0,0,True
ta54,50,15,750,DTSA,13,3075,750040,750000,3125,36.413,,,,,40,0.5,6,6,-5.0,5.0,55688b4,2026-07-23T21:02:17,1.0,750000,,,,,,DTSA+LS,N=40,C1,3075,5,0,True
ta54,50,15,750,DTSA,14,3089,750040,750000,3125,41.237,,,,,40,0.5,6,6,-5.0,5.0,55688b4,2026-07-23T21:02:57,1.0,750000,,,,,,DTSA-core,N=40,C1,3089,0,0,True
ta54,50,15,750,DTSA,14,3089,750040,750000,3125,41.237,,,,,40,0.5,6,6,-5.0,5.0,55688b4,2026-07-23T21:02:57,1.0,750000,,,,,,DTSA+LS,N=40,C1,3089,5,0,True
ta54,50,15,750,DTSA,15,3071,750040,750000,3125,41.117,,,,,40,0.5,6,6,-5.0,5.0,55688b4,2026-07-23T21:02:57,1.0,750000,,,,,,DTSA-core,N=40,C1,3071,0,0,True
ta54,50,15,750,DTSA,15,3071,750040,750000,3125,41.117,,,,,40,0.5,6,6,-5.0,5.0,55688b4,2026-07-23T21:02:57,1.0,750000,,,,,,DTSA+LS,N=40,C1,3071,8,0,True
ta54,50,15,750,DTSA,16,3028,750040,750000,3125,41.133,,,,,40,0.5,6,6,-5.0,5.0,55688b4,2026-07-23T21:02:57,1.0,750000,,,,,,DTSA-core,N=40,C1,3028,0,0,True
ta54,50,15,750,DTSA,16,3028,750040,750000,3125,41.133,,,,,40,0.5,6,6,-5.0,5.0,55688b4,2026-07-23T21:02:57,1.0,750000,,,,,,DTSA+LS,N=40,C1,3028,6,0,True
ta54,50,15,750,DTSA,17,3226,750040,750000,3125,41.277,,,,,40,0.5,6,6,-5.0,5.0,55688b4,2026-07-23T21:02:58,1.0,750000,,,,,,DTSA-core,N=40,C1,3226,0,0,True
ta54,50,15,750,DTSA,17,3226,750040,750000,3125,41.277,,,,,40,0.5,6,6,-5.0,5.0,55688b4,2026-07-23T21:02:58,1.0,750000,,,,,,DTSA+LS,N=40,C1,3226,8,0,True
ta54,50,15,750,DTSA,18,3181,750040,750000,3125,43.229,,,,,40,0.5,6,6,-5.0,5.0,55688b4,2026-07-23T21:03:00,1.0,750000,,,,,,DTSA-core,N=40,C1,3181,0,0,True
ta54,50,15,750,DTSA,18,3181,750040,750000,3125,43.229,,,,,40,0.5,6,6,-5.0,5.0,55688b4,2026-07-23T21:03:00,1.0,750000,,,,,,DTSA+LS,N=40,C1,3181,4,0,True
ta54,50,15,750,DTSA,19,3065,750040,750000,3125,42.372,,,,,40,0.5,6,6,-5.0,5.0,55688b4,2026-07-23T21:02:59,1.0,750000,,,,,,DTSA-core,N=40,C1,3065,0,0,True
ta54,50,15,750,DTSA,19,3065,750040,750000,3125,42.372,,,,,40,0.5,6,6,-5.0,5.0,55688b4,2026-07-23T21:02:59,1.0,750000,,,,,,DTSA+LS,N=40,C1,3065,6,0,True
ta55,50,15,750,DTSA,0,3077,750040,750000,3125,53.222,,,,,40,0.5,6,6,-5.0,5.0,55688b4,2026-07-23T21:03:53,1.0,750000,,,,,,DTSA-core,N=40,C1,3077,0,0,True
ta55,50,15,750,DTSA,0,3077,750040,750000,3125,53.222,,,,,40,0.5,6,6,-5.0,5.0,55688b4,2026-07-23T21:03:53,1.0,750000,,,,,,DTSA+LS,N=40,C1,3077,9,0,True
ta55,50,15,750,DTSA,1,3067,750040,750000,3125,53.007,,,,,40,0.5,6,6,-5.0,5.0,55688b4,2026-07-23T21:03:53,1.0,750000,,,,,,DTSA-core,N=40,C1,3067,0,0,True
ta55,50,15,750,DTSA,1,3067,750040,750000,3125,53.007,,,,,40,0.5,6,6,-5.0,5.0,55688b4,2026-07-23T21:03:53,1.0,750000,,,,,,DTSA+LS,N=40,C1,3067,10,0,True
ta55,50,15,750,DTSA,2,3263,750040,750000,3125,52.795,,,,,40,0.5,6,6,-5.0,5.0,55688b4,2026-07-23T21:03:53,1.0,750000,,,,,,DTSA-core,N=40,C1,3263,0,0,True
ta55,50,15,750,DTSA,2,3263,750040,750000,3125,52.795,,,,,40,0.5,6,6,-5.0,5.0,55688b4,2026-07-23T21:03:53,1.0,750000,,,,,,DTSA+LS,N=40,C1,3263,15,0,True
ta55,50,15,750,DTSA,3,3119,750040,750000,3125,52.96,,,,,40,0.5,6,6,-5.0,5.0,55688b4,2026-07-23T21:03:53,1.0,750000,,,,,,DTSA-core,N=40,C1,3119,0,0,True
ta55,50,15,750,DTSA,3,3119,750040,750000,3125,52.96,,,,,40,0.5,6,6,-5.0,5.0,55688b4,2026-07-23T21:03:53,1.0,750000,,,,,,DTSA+LS,N=40,C1,3119,6,0,True
ta55,50,15,750,DTSA,4,3064,750040,750000,3125,50.801,,,,,40,0.5,6,6,-5.0,5.0,55688b4,2026-07-23T21:03:51,1.0,750000,,,,,,DTSA-core,N=40,C1,3064,0,0,True
ta55,50,15,750,DTSA,4,3064,750040,750000,3125,50.801,,,,,40,0.5,6,6,-5.0,5.0,55688b4,2026-07-23T21:03:51,1.0,750000,,,,,,DTSA+LS,N=40,C1,3064,6,0,True
ta55,50,15,750,DTSA,5,3099,750040,750000,3125,51.113,,,,,40,0.5,6,6,-5.0,5.0,55688b4,2026-07-23T21:03:51,1.0,750000,,,,,,DTSA-core,N=40,C1,3099,0,0,True
ta55,50,15,750,DTSA,5,3099,750040,750000,3125,51.113,,,,,40,0.5,6,6,-5.0,5.0,55688b4,2026-07-23T21:03:51,1.0,750000,,,,,,DTSA+LS,N=40,C1,3099,9,0,True
ta55,50,15,750,DTSA,6,3181,750040,750000,3125,52.921,,,,,40,0.5,6,6,-5.0,5.0,55688b4,2026-07-23T21:03:53,1.0,750000,,,,,,DTSA-core,N=40,C1,3181,0,0,True
ta55,50,15,750,DTSA,6,3181,750040,750000,3125,52.921,,,,,40,0.5,6,6,-5.0,5.0,55688b4,2026-07-23T21:03:53,1.0,750000,,,,,,DTSA+LS,N=40,C1,3181,4,0,True
ta55,50,15,750,DTSA,7,3310,750040,750000,3125,38.186,,,,,40,0.5,6,6,-5.0,5.0,55688b4,2026-07-23T21:04:29,1.0,750000,,,,,,DTSA-core,N=40,C1,3310,0,0,True
ta55,50,15,750,DTSA,7,3310,750040,750000,3125,38.186,,,,,40,0.5,6,6,-5.0,5.0,55688b4,2026-07-23T21:04:29,1.0,750000,,,,,,DTSA+LS,N=40,C1,3310,8,0,True
ta55,50,15,750,DTSA,8,3178,750040,750000,3125,35.366,,,,,40,0.5,6,6,-5.0,5.0,55688b4,2026-07-23T21:04:27,1.0,750000,,,,,,DTSA-core,N=40,C1,3178,0,0,True
ta55,50,15,750,DTSA,8,3178,750040,750000,3125,35.366,,,,,40,0.5,6,6,-5.0,5.0,55688b4,2026-07-23T21:04:27,1.0,750000,,,,,,DTSA+LS,N=40,C1,3178,8,0,True
ta55,50,15,750,DTSA,9,3260,750040,750000,3125,39.584,,,,,40,0.5,6,6,-5.0,5.0,55688b4,2026-07-23T21:04:32,1.0,750000,,,,,,DTSA-core,N=40,C1,3260,0,0,True
ta55,50,15,750,DTSA,9,3260,750040,750000,3125,39.584,,,,,40,0.5,6,6,-5.0,5.0,55688b4,2026-07-23T21:04:32,1.0,750000,,,,,,DTSA+LS,N=40,C1,3260,8,0,True
ta55,50,15,750,DTSA,10,3140,750040,750000,3125,39.314,,,,,40,0.5,6,6,-5.0,5.0,55688b4,2026-07-23T21:04:32,1.0,750000,,,,,,DTSA-core,N=40,C1,3140,0,0,True
ta55,50,15,750,DTSA,10,3140,750040,750000,3125,39.314,,,,,40,0.5,6,6,-5.0,5.0,55688b4,2026-07-23T21:04:32,1.0,750000,,,,,,DTSA+LS,N=40,C1,3140,10,0,True
ta55,50,15,750,DTSA,11,3128,750040,750000,3125,38.904,,,,,40,0.5,6,6,-5.0,5.0,55688b4,2026-07-23T21:04:32,1.0,750000,,,,,,DTSA-core,N=40,C1,3128,0,0,True
ta55,50,15,750,DTSA,11,3128,750040,750000,3125,38.904,,,,,40,0.5,6,6,-5.0,5.0,55688b4,2026-07-23T21:04:32,1.0,750000,,,,,,DTSA+LS,N=40,C1,3128,11,0,True
ta55,50,15,750,DTSA,12,3172,750040,750000,3125,39.314,,,,,40,0.5,6,6,-5.0,5.0,55688b4,2026-07-23T21:04:32,1.0,750000,,,,,,DTSA-core,N=40,C1,3172,0,0,True
ta55,50,15,750,DTSA,12,3172,750040,750000,3125,39.314,,,,,40,0.5,6,6,-5.0,5.0,55688b4,2026-07-23T21:04:32,1.0,750000,,,,,,DTSA+LS,N=40,C1,3172,10,0,True
ta55,50,15,750,DTSA,13,3178,750040,750000,3125,39.487,,,,,40,0.5,6,6,-5.0,5.0,55688b4,2026-07-23T21:04:33,1.0,750000,,,,,,DTSA-core,N=40,C1,3178,0,0,True
ta55,50,15,750,DTSA,13,3178,750040,750000,3125,39.487,,,,,40,0.5,6,6,-5.0,5.0,55688b4,2026-07-23T21:04:33,1.0,750000,,,,,,DTSA+LS,N=40,C1,3178,11,0,True
ta55,50,15,750,DTSA,14,3248,750040,750000,3125,54.383,,,,,40,0.5,6,6,-5.0,5.0,5ee1241,2026-07-23T21:05:21,1.0,750000,,,,,,DTSA-core,N=40,C1,3248,0,0,True
ta55,50,15,750,DTSA,14,3248,750040,750000,3125,54.383,,,,,40,0.5,6,6,-5.0,5.0,5ee1241,2026-07-23T21:05:21,1.0,750000,,,,,,DTSA+LS,N=40,C1,3248,4,0,True
ta55,50,15,750,DTSA,15,3092,750040,750000,3125,52.162,,,,,40,0.5,6,6,-5.0,5.0,5ee1241,2026-07-23T21:05:21,1.0,750000,,,,,,DTSA-core,N=40,C1,3092,0,0,True
ta55,50,15,750,DTSA,15,3092,750040,750000,3125,52.162,,,,,40,0.5,6,6,-5.0,5.0,5ee1241,2026-07-23T21:05:21,1.0,750000,,,,,,DTSA+LS,N=40,C1,3092,6,0,True
ta55,50,15,750,DTSA,16,3169,750040,750000,3125,53.261,,,,,40,0.5,6,6,-5.0,5.0,5ee1241,2026-07-23T21:05:25,1.0,750000,,,,,,DTSA-core,N=40,C1,3169,0,0,True
ta55,50,15,750,DTSA,16,3169,750040,750000,3125,53.261,,,,,40,0.5,6,6,-5.0,5.0,5ee1241,2026-07-23T21:05:25,1.0,750000,,,,,,DTSA+LS,N=40,C1,3169,8,0,True
ta55,50,15,750,DTSA,17,3163,750040,750000,3125,53.166,,,,,40,0.5,6,6,-5.0,5.0,5ee1241,2026-07-23T21:05:26,1.0,750000,,,,,,DTSA-core,N=40,C1,3163,0,0,True
ta55,50,15,750,DTSA,17,3163,750040,750000,3125,53.166,,,,,40,0.5,6,6,-5.0,5.0,5ee1241,2026-07-23T21:05:26,1.0,750000,,,,,,DTSA+LS,N=40,C1,3163,4,0,True
ta55,50,15,750,DTSA,18,3083,750040,750000,3125,52.728,,,,,40,0.5,6,6,-5.0,5.0,5ee1241,2026-07-23T21:05:25,1.0,750000,,,,,,DTSA-core,N=40,C1,3083,0,0,True
ta55,50,15,750,DTSA,18,3083,750040,750000,3125,52.728,,,,,40,0.5,6,6,-5.0,5.0,5ee1241,2026-07-23T21:05:25,1.0,750000,,,,,,DTSA+LS,N=40,C1,3083,10,0,True
ta55,50,15,750,DTSA,19,3132,750040,750000,3125,51.126,,,,,40,0.5,6,6,-5.0,5.0,5ee1241,2026-07-23T21:05:24,1.0,750000,,,,,,DTSA-core,N=40,C1,3132,0,0,True
ta55,50,15,750,DTSA,19,3132,750040,750000,3125,51.126,,,,,40,0.5,6,6,-5.0,5.0,5ee1241,2026-07-23T21:05:24,1.0,750000,,,,,,DTSA+LS,N=40,C1,3132,10,0,True
ta61,50,20,1000,DTSA,0,3415,1000120,1000000,4167,56.851,,,,,40,0.5,6,6,-5.0,5.0,5ee1241,2026-07-23T21:06:22,1.0,1000080,,,,,,DTSA-core,N=40,C1,3415,0,0,True
ta61,50,20,1000,DTSA,0,3415,1000120,1000000,4167,56.851,,,,,40,0.5,6,6,-5.0,5.0,5ee1241,2026-07-23T21:06:22,1.0,1000080,,,,,,DTSA+LS,N=40,C1,3415,20,0,True
ta61,50,20,1000,DTSA,1,3323,1000120,1000000,4167,58.035,,,,,40,0.5,6,6,-5.0,5.0,5ee1241,2026-07-23T21:06:24,1.0,1000080,,,,,,DTSA-core,N=40,C1,3323,0,0,True
ta61,50,20,1000,DTSA,1,3323,1000120,1000000,4167,58.035,,,,,40,0.5,6,6,-5.0,5.0,5ee1241,2026-07-23T21:06:24,1.0,1000080,,,,,,DTSA+LS,N=40,C1,3323,11,0,True
ta61,50,20,1000,DTSA,2,3269,1000120,1000000,4167,57.361,,,,,40,0.5,6,6,-5.0,5.0,5ee1241,2026-07-23T21:06:23,1.0,1000080,,,,,,DTSA-core,N=40,C1,3269,0,0,True
ta61,50,20,1000,DTSA,2,3269,1000120,1000000,4167,57.361,,,,,40,0.5,6,6,-5.0,5.0,5ee1241,2026-07-23T21:06:23,1.0,1000080,,,,,,DTSA+LS,N=40,C1,3269,14,0,True
ta61,50,20,1000,DTSA,3,3313,1000120,1000000,4167,57.545,,,,,40,0.5,6,6,-5.0,5.0,5ee1241,2026-07-23T21:06:23,1.0,1000080,,,,,,DTSA-core,N=40,C1,3313,0,0,True
ta61,50,20,1000,DTSA,3,3313,1000120,1000000,4167,57.545,,,,,40,0.5,6,6,-5.0,5.0,5ee1241,2026-07-23T21:06:23,1.0,1000080,,,,,,DTSA+LS,N=40,C1,3313,6,0,True
ta61,50,20,1000,DTSA,4,3467,1000120,1000000,4167,57.753,,,,,40,0.5,6,6,-5.0,5.0,5ee1241,2026-07-23T21:06:23,1.0,1000080,,,,,,DTSA-core,N=40,C1,3467,0,0,True
ta61,50,20,1000,DTSA,4,3467,1000120,1000000,4167,57.753,,,,,40,0.5,6,6,-5.0,5.0,5ee1241,2026-07-23T21:06:23,1.0,1000080,,,,,,DTSA+LS,N=40,C1,3467,13,0,True
ta61,50,20,1000,DTSA,5,3307,1000120,1000000,4167,57.073,,,,,40,0.5,6,6,-5.0,5.0,5ee1241,2026-07-23T21:06:23,1.0,1000080,,,,,,DTSA-core,N=40,C1,3307,0,0,True
ta61,50,20,1000,DTSA,5,3307,1000120,1000000,4167,57.073,,,,,40,0.5,6,6,-5.0,5.0,5ee1241,2026-07-23T21:06:23,1.0,1000080,,,,,,DTSA+LS,N=40,C1,3307,8,0,True
ta61,50,20,1000,DTSA,6,3361,1000120,1000000,4167,57.89,,,,,40,0.5,6,6,-5.0,5.0,5ee1241,2026-07-23T21:06:23,1.0,1000080,,,,,,DTSA-core,N=40,C1,3361,0,0,True
ta61,50,20,1000,DTSA,6,3361,1000120,1000000,4167,57.89,,,,,40,0.5,6,6,-5.0,5.0,5ee1241,2026-07-23T21:06:23,1.0,1000080,,,,,,DTSA+LS,N=40,C1,3361,12,0,True
ta61,50,20,1000,DTSA,7,3326,1000120,1000000,4167,57.245,,,,,40,0.5,6,6,-5.0,5.0,5ee1241,2026-07-23T21:07:20,1.0,1000080,,,,,,DTSA-core,N=40,C1,3326,0,0,True
ta61,50,20,1000,DTSA,7,3326,1000120,1000000,4167,57.245,,,,,40,0.5,6,6,-5.0,5.0,5ee1241,2026-07-23T21:07:20,1.0,1000080,,,,,,DTSA+LS,N=40,C1,3326,11,0,True
ta61,50,20,1000,DTSA,8,3255,1000120,1000000,4167,58.399,,,,,40,0.5,6,6,-5.0,5.0,5ee1241,2026-07-23T21:07:21,1.0,1000080,,,,,,DTSA-core,N=40,C1,3255,0,0,True
ta61,50,20,1000,DTSA,8,3255,1000120,1000000,4167,58.399,,,,,40,0.5,6,6,-5.0,5.0,5ee1241,2026-07-23T21:07:21,1.0,1000080,,,,,,DTSA+LS,N=40,C1,3255,11,0,True
ta61,50,20,1000,DTSA,9,3317,1000120,1000000,4167,56.96,,,,,40,0.5,6,6,-5.0,5.0,5ee1241,2026-07-23T21:07:20,1.0,1000080,,,,,,DTSA-core,N=40,C1,3317,0,0,True
ta61,50,20,1000,DTSA,9,3317,1000120,1000000,4167,56.96,,,,,40,0.5,6,6,-5.0,5.0,5ee1241,2026-07-23T21:07:20,1.0,1000080,,,,,,DTSA+LS,N=40,C1,3317,8,0,True
ta61,50,20,1000,DTSA,10,3327,1000120,1000000,4167,56.244,,,,,40,0.5,6,6,-5.0,5.0,5ee1241,2026-07-23T21:07:19,1.0,1000080,,,,,,DTSA-core,N=40,C1,3327,0,0,True
ta61,50,20,1000,DTSA,10,3327,1000120,1000000,4167,56.244,,,,,40,0.5,6,6,-5.0,5.0,5ee1241,2026-07-23T21:07:19,1.0,1000080,,,,,,DTSA+LS,N=40,C1,3327,11,0,True
ta61,50,20,1000,DTSA,11,3279,1000120,1000000,4167,57.653,,,,,40,0.5,6,6,-5.0,5.0,5ee1241,2026-07-23T21:07:21,1.0,1000080,,,,,,DTSA-core,N=40,C1,3279,0,0,True
ta61,50,20,1000,DTSA,11,3279,1000120,1000000,4167,57.653,,,,,40,0.5,6,6,-5.0,5.0,5ee1241,2026-07-23T21:07:21,1.0,1000080,,,,,,DTSA+LS,N=40,C1,3279,9,0,True
ta61,50,20,1000,DTSA,12,3330,1000120,1000000,4167,57.321,,,,,40,0.5,6,6,-5.0,5.0,5ee1241,2026-07-23T21:07:21,1.0,1000080,,,,,,DTSA-core,N=40,C1,3330,0,0,True
ta61,50,20,1000,DTSA,12,3330,1000120,1000000,4167,57.321,,,,,40,0.5,6,6,-5.0,5.0,5ee1241,2026-07-23T21:07:21,1.0,1000080,,,,,,DTSA+LS,N=40,C1,3330,11,0,True
ta61,50,20,1000,DTSA,13,3344,1000120,1000000,4167,57.39,,,,,40,0.5,6,6,-5.0,5.0,5ee1241,2026-07-23T21:07:21,1.0,1000080,,,,,,DTSA-core,N=40,C1,3344,0,0,True
ta61,50,20,1000,DTSA,13,3344,1000120,1000000,4167,57.39,,,,,40,0.5,6,6,-5.0,5.0,5ee1241,2026-07-23T21:07:21,1.0,1000080,,,,,,DTSA+LS,N=40,C1,3344,11,0,True
ta61,50,20,1000,DTSA,14,3363,1000120,1000000,4167,56.019,,,,,40,0.5,6,6,-5.0,5.0,5ee1241,2026-07-23T21:08:16,1.0,1000080,,,,,,DTSA-core,N=40,C1,3363,0,0,True
ta61,50,20,1000,DTSA,14,3363,1000120,1000000,4167,56.019,,,,,40,0.5,6,6,-5.0,5.0,5ee1241,2026-07-23T21:08:16,1.0,1000080,,,,,,DTSA+LS,N=40,C1,3363,14,0,True
ta61,50,20,1000,DTSA,15,3283,1000120,1000000,4167,56.02,,,,,40,0.5,6,6,-5.0,5.0,5ee1241,2026-07-23T21:08:16,1.0,1000080,,,,,,DTSA-core,N=40,C1,3283,0,0,True
ta61,50,20,1000,DTSA,15,3283,1000120,1000000,4167,56.02,,,,,40,0.5,6,6,-5.0,5.0,5ee1241,2026-07-23T21:08:16,1.0,1000080,,,,,,DTSA+LS,N=40,C1,3283,13,0,True
ta61,50,20,1000,DTSA,16,3282,1000120,1000000,4167,57.237,,,,,40,0.5,6,6,-5.0,5.0,5ee1241,2026-07-23T21:08:17,1.0,1000080,,,,,,DTSA-core,N=40,C1,3282,0,0,True
ta61,50,20,1000,DTSA,16,3282,1000120,1000000,4167,57.237,,,,,40,0.5,6,6,-5.0,5.0,5ee1241,2026-07-23T21:08:17,1.0,1000080,,,,,,DTSA+LS,N=40,C1,3282,8,0,True
ta61,50,20,1000,DTSA,17,3208,1000120,1000000,4167,57.478,,,,,40,0.5,6,6,-5.0,5.0,5ee1241,2026-07-23T21:08:18,1.0,1000080,,,,,,DTSA-core,N=40,C1,3208,0,0,True
ta61,50,20,1000,DTSA,17,3208,1000120,1000000,4167,57.478,,,,,40,0.5,6,6,-5.0,5.0,5ee1241,2026-07-23T21:08:18,1.0,1000080,,,,,,DTSA+LS,N=40,C1,3208,8,0,True
ta61,50,20,1000,DTSA,18,3341,1000120,1000000,4167,56.321,,,,,40,0.5,6,6,-5.0,5.0,5ee1241,2026-07-23T21:08:17,1.0,1000080,,,,,,DTSA-core,N=40,C1,3341,0,0,True
ta61,50,20,1000,DTSA,18,3341,1000120,1000000,4167,56.321,,,,,40,0.5,6,6,-5.0,5.0,5ee1241,2026-07-23T21:08:17,1.0,1000080,,,,,,DTSA+LS,N=40,C1,3341,6,0,True
ta61,50,20,1000,DTSA,19,3320,1000120,1000000,4167,56.491,,,,,40,0.5,6,6,-5.0,5.0,5ee1241,2026-07-23T21:08:18,1.0,1000080,,,,,,DTSA-core,N=40,C1,3320,0,0,True
ta61,50,20,1000,DTSA,19,3320,1000120,1000000,4167,56.491,,,,,40,0.5,6,6,-5.0,5.0,5ee1241,2026-07-23T21:08:18,1.0,1000080,,,,,,DTSA+LS,N=40,C1,3320,8,0,True
ta62,50,20,1000,DTSA,0,3403,1000120,1000000,4167,72.124,,,,,40,0.5,6,6,-5.0,5.0,5ee1241,2026-07-23T21:09:31,1.0,1000080,,,,,,DTSA-core,N=40,C1,3403,0,0,True
ta62,50,20,1000,DTSA,0,3403,1000120,1000000,4167,72.124,,,,,40,0.5,6,6,-5.0,5.0,5ee1241,2026-07-23T21:09:31,1.0,1000080,,,,,,DTSA+LS,N=40,C1,3403,18,0,True
ta62,50,20,1000,DTSA,1,3492,1000120,1000000,4167,71.744,,,,,40,0.5,6,6,-5.0,5.0,5ee1241,2026-07-23T21:09:30,1.0,1000080,,,,,,DTSA-core,N=40,C1,3492,0,0,True
ta62,50,20,1000,DTSA,1,3492,1000120,1000000,4167,71.744,,,,,40,0.5,6,6,-5.0,5.0,5ee1241,2026-07-23T21:09:30,1.0,1000080,,,,,,DTSA+LS,N=40,C1,3492,14,0,True
ta62,50,20,1000,DTSA,2,3395,1000120,1000000,4167,72.885,,,,,40,0.5,6,6,-5.0,5.0,5ee1241,2026-07-23T21:09:31,1.0,1000080,,,,,,DTSA-core,N=40,C1,3395,0,0,True
ta62,50,20,1000,DTSA,2,3395,1000120,1000000,4167,72.885,,,,,40,0.5,6,6,-5.0,5.0,5ee1241,2026-07-23T21:09:31,1.0,1000080,,,,,,DTSA+LS,N=40,C1,3395,12,0,True
ta62,50,20,1000,DTSA,3,3460,1000120,1000000,4167,71.752,,,,,40,0.5,6,6,-5.0,5.0,5ee1241,2026-07-23T21:09:30,1.0,1000080,,,,,,DTSA-core,N=40,C1,3460,0,0,True
ta62,50,20,1000,DTSA,3,3460,1000120,1000000,4167,71.752,,,,,40,0.5,6,6,-5.0,5.0,5ee1241,2026-07-23T21:09:30,1.0,1000080,,,,,,DTSA+LS,N=40,C1,3460,14,0,True
ta62,50,20,1000,DTSA,4,3408,1000120,1000000,4167,71.236,,,,,40,0.5,6,6,-5.0,5.0,5ee1241,2026-07-23T21:09:30,1.0,1000080,,,,,,DTSA-core,N=40,C1,3408,0,0,True
ta62,50,20,1000,DTSA,4,3408,1000120,1000000,4167,71.236,,,,,40,0.5,6,6,-5.0,5.0,5ee1241,2026-07-23T21:09:30,1.0,1000080,,,,,,DTSA+LS,N=40,C1,3408,16,0,True
ta62,50,20,1000,DTSA,5,3338,1000120,1000000,4167,72.532,,,,,40,0.5,6,6,-5.0,5.0,5ee1241,2026-07-23T21:09:31,1.0,1000080,,,,,,DTSA-core,N=40,C1,3338,0,0,True
ta62,50,20,1000,DTSA,5,3338,1000120,1000000,4167,72.532,,,,,40,0.5,6,6,-5.0,5.0,5ee1241,2026-07-23T21:09:31,1.0,1000080,,,,,,DTSA+LS,N=40,C1,3338,6,0,True
ta62,50,20,1000,DTSA,6,3451,1000120,1000000,4167,72.255,,,,,40,0.5,6,6,-5.0,5.0,5ee1241,2026-07-23T21:09:31,1.0,1000080,,,,,,DTSA-core,N=40,C1,3451,0,0,True
ta62,50,20,1000,DTSA,6,3451,1000120,1000000,4167,72.255,,,,,40,0.5,6,6,-5.0,5.0,5ee1241,2026-07-23T21:09:31,1.0,1000080,,,,,,DTSA+LS,N=40,C1,3451,12,0,True
ta62,50,20,1000,DTSA,7,3367,1000120,1000000,4167,64.067,,,,,40,0.5,6,6,-5.0,5.0,5ee1241,2026-07-23T21:10:34,1.0,1000080,,,,,,DTSA-core,N=40,C1,3367,0,0,True
ta62,50,20,1000,DTSA,7,3367,1000120,1000000,4167,64.067,,,,,40,0.5,6,6,-5.0,5.0,5ee1241,2026-07-23T21:10:34,1.0,1000080,,,,,,DTSA+LS,N=40,C1,3367,7,0,True
ta62,50,20,1000,DTSA,8,3434,1000120,1000000,4167,63.932,,,,,40,0.5,6,6,-5.0,5.0,5ee1241,2026-07-23T21:10:34,1.0,1000080,,,,,,DTSA-core,N=40,C1,3434,0,0,True
ta62,50,20,1000,DTSA,8,3434,1000120,1000000,4167,63.932,,,,,40,0.5,6,6,-5.0,5.0,5ee1241,2026-07-23T21:10:34,1.0,1000080,,,,,,DTSA+LS,N=40,C1,3434,6,0,True
ta62,50,20,1000,DTSA,9,3371,1000120,1000000,4167,63.833,,,,,40,0.5,6,6,-5.0,5.0,5ee1241,2026-07-23T21:10:34,1.0,1000080,,,,,,DTSA-core,N=40,C1,3371,0,0,True
ta62,50,20,1000,DTSA,9,3371,1000120,1000000,4167,63.833,,,,,40,0.5,6,6,-5.0,5.0,5ee1241,2026-07-23T21:10:34,1.0,1000080,,,,,,DTSA+LS,N=40,C1,3371,14,0,True
ta62,50,20,1000,DTSA,10,3316,1000120,1000000,4167,63.012,,,,,40,0.5,6,6,-5.0,5.0,5ee1241,2026-07-23T21:10:34,1.0,1000080,,,,,,DTSA-core,N=40,C1,3316,0,0,True
ta62,50,20,1000,DTSA,10,3316,1000120,1000000,4167,63.012,,,,,40,0.5,6,6,-5.0,5.0,5ee1241,2026-07-23T21:10:34,1.0,1000080,,,,,,DTSA+LS,N=40,C1,3316,4,0,True
ta62,50,20,1000,DTSA,11,3397,1000120,1000000,4167,65.628,,,,,40,0.5,6,6,-5.0,5.0,5ee1241,2026-07-23T21:10:36,1.0,1000080,,,,,,DTSA-core,N=40,C1,3397,0,0,True
ta62,50,20,1000,DTSA,11,3397,1000120,1000000,4167,65.628,,,,,40,0.5,6,6,-5.0,5.0,5ee1241,2026-07-23T21:10:36,1.0,1000080,,,,,,DTSA+LS,N=40,C1,3397,6,0,True
ta62,50,20,1000,DTSA,12,3424,1000120,1000000,4167,64.08,,,,,40,0.5,6,6,-5.0,5.0,5ee1241,2026-07-23T21:10:35,1.0,1000080,,,,,,DTSA-core,N=40,C1,3424,0,0,True
ta62,50,20,1000,DTSA,12,3424,1000120,1000000,4167,64.08,,,,,40,0.5,6,6,-5.0,5.0,5ee1241,2026-07-23T21:10:35,1.0,1000080,,,,,,DTSA+LS,N=40,C1,3424,4,0,True
ta62,50,20,1000,DTSA,13,3383,1000120,1000000,4167,64.344,,,,,40,0.5,6,6,-5.0,5.0,5ee1241,2026-07-23T21:10:36,1.0,1000080,,,,,,DTSA-core,N=40,C1,3383,0,0,True
ta62,50,20,1000,DTSA,13,3383,1000120,1000000,4167,64.344,,,,,40,0.5,6,6,-5.0,5.0,5ee1241,2026-07-23T21:10:36,1.0,1000080,,,,,,DTSA+LS,N=40,C1,3383,11,0,True
ta62,50,20,1000,DTSA,14,3349,1000120,1000000,4167,95.364,,,,,40,0.5,6,6,-5.0,5.0,5ee1241,2026-07-23T21:12:09,1.0,1000080,,,,,,DTSA-core,N=40,C1,3349,0,0,True
ta62,50,20,1000,DTSA,14,3349,1000120,1000000,4167,95.364,,,,,40,0.5,6,6,-5.0,5.0,5ee1241,2026-07-23T21:12:09,1.0,1000080,,,,,,DTSA+LS,N=40,C1,3349,12,0,True
ta62,50,20,1000,DTSA,15,3470,1000120,1000000,4167,95.315,,,,,40,0.5,6,6,-5.0,5.0,5ee1241,2026-07-23T21:12:09,1.0,1000080,,,,,,DTSA-core,N=40,C1,3470,0,0,True
ta62,50,20,1000,DTSA,15,3470,1000120,1000000,4167,95.315,,,,,40,0.5,6,6,-5.0,5.0,5ee1241,2026-07-23T21:12:09,1.0,1000080,,,,,,DTSA+LS,N=40,C1,3470,14,0,True
ta62,50,20,1000,DTSA,16,3479,1000120,1000000,4167,95.089,,,,,40,0.5,6,6,-5.0,5.0,5ee1241,2026-07-23T21:12:09,1.0,1000080,,,,,,DTSA-core,N=40,C1,3479,0,0,True
ta62,50,20,1000,DTSA,16,3479,1000120,1000000,4167,95.089,,,,,40,0.5,6,6,-5.0,5.0,5ee1241,2026-07-23T21:12:09,1.0,1000080,,,,,,DTSA+LS,N=40,C1,3479,16,0,True
ta62,50,20,1000,DTSA,17,3409,1000120,1000000,4167,95.391,,,,,40,0.5,6,6,-5.0,5.0,5ee1241,2026-07-23T21:12:10,1.0,1000080,,,,,,DTSA-core,N=40,C1,3409,0,0,True
ta62,50,20,1000,DTSA,17,3409,1000120,1000000,4167,95.391,,,,,40,0.5,6,6,-5.0,5.0,5ee1241,2026-07-23T21:12:10,1.0,1000080,,,,,,DTSA+LS,N=40,C1,3409,9,0,True
ta62,50,20,1000,DTSA,18,3375,1000120,1000000,4167,94.991,,,,,40,0.5,6,6,-5.0,5.0,5ee1241,2026-07-23T21:12:10,1.0,1000080,,,,,,DTSA-core,N=40,C1,3375,0,0,True
ta62,50,20,1000,DTSA,18,3375,1000120,1000000,4167,94.991,,,,,40,0.5,6,6,-5.0,5.0,5ee1241,2026-07-23T21:12:10,1.0,1000080,,,,,,DTSA+LS,N=40,C1,3375,5,0,True
ta62,50,20,1000,DTSA,19,3366,1000120,1000000,4167,94.544,,,,,40,0.5,6,6,-5.0,5.0,5ee1241,2026-07-23T21:12:10,1.0,1000080,,,,,,DTSA-core,N=40,C1,3366,0,0,True
ta62,50,20,1000,DTSA,19,3366,1000120,1000000,4167,94.544,,,,,40,0.5,6,6,-5.0,5.0,5ee1241,2026-07-23T21:12:10,1.0,1000080,,,,,,DTSA+LS,N=40,C1,3366,10,0,True
ta63,50,20,1000,DTSA,0,3154,1000120,1000000,4167,57.587,,,,,40,0.5,6,6,-5.0,5.0,5ee1241,2026-07-23T21:13:08,1.0,1000080,,,,,,DTSA-core,N=40,C1,3154,0,0,True
ta63,50,20,1000,DTSA,0,3154,1000120,1000000,4167,57.587,,,,,40,0.5,6,6,-5.0,5.0,5ee1241,2026-07-23T21:13:08,1.0,1000080,,,,,,DTSA+LS,N=40,C1,3154,8,0,True
ta63,50,20,1000,DTSA,1,3143,1000120,1000000,4167,56.359,,,,,40,0.5,6,6,-5.0,5.0,5ee1241,2026-07-23T21:13:07,1.0,1000080,,,,,,DTSA-core,N=40,C1,3143,0,0,True
ta63,50,20,1000,DTSA,1,3143,1000120,1000000,4167,56.359,,,,,40,0.5,6,6,-5.0,5.0,5ee1241,2026-07-23T21:13:07,1.0,1000080,,,,,,DTSA+LS,N=40,C1,3143,14,0,True
ta63,50,20,1000,DTSA,2,3127,1000120,1000000,4167,56.727,,,,,40,0.5,6,6,-5.0,5.0,5ee1241,2026-07-23T21:13:07,1.0,1000080,,,,,,DTSA-core,N=40,C1,3127,0,0,True
ta63,50,20,1000,DTSA,2,3126,1000120,1000000,4167,56.727,,,,,40,0.5,6,6,-5.0,5.0,5ee1241,2026-07-23T21:13:07,1.0,1000080,,,,,,DTSA+LS,N=40,C1,3127,8,1,True
ta63,50,20,1000,DTSA,3,3130,1000120,1000000,4167,56.752,,,,,40,0.5,6,6,-5.0,5.0,5ee1241,2026-07-23T21:13:07,1.0,1000080,,,,,,DTSA-core,N=40,C1,3130,0,0,True
ta63,50,20,1000,DTSA,3,3130,1000120,1000000,4167,56.752,,,,,40,0.5,6,6,-5.0,5.0,5ee1241,2026-07-23T21:13:07,1.0,1000080,,,,,,DTSA+LS,N=40,C1,3130,8,0,True
ta63,50,20,1000,DTSA,4,3154,1000120,1000000,4167,56.587,,,,,40,0.5,6,6,-5.0,5.0,5ee1241,2026-07-23T21:13:07,1.0,1000080,,,,,,DTSA-core,N=40,C1,3154,0,0,True
ta63,50,20,1000,DTSA,4,3154,1000120,1000000,4167,56.587,,,,,40,0.5,6,6,-5.0,5.0,5ee1241,2026-07-23T21:13:07,1.0,1000080,,,,,,DTSA+LS,N=40,C1,3154,10,0,True
ta63,50,20,1000,DTSA,5,3143,1000120,1000000,4167,56.328,,,,,40,0.5,6,6,-5.0,5.0,5ee1241,2026-07-23T21:13:07,1.0,1000080,,,,,,DTSA-core,N=40,C1,3143,0,0,True
ta63,50,20,1000,DTSA,5,3143,1000120,1000000,4167,56.328,,,,,40,0.5,6,6,-5.0,5.0,5ee1241,2026-07-23T21:13:07,1.0,1000080,,,,,,DTSA+LS,N=40,C1,3143,7,0,True
ta63,50,20,1000,DTSA,6,3205,1000120,1000000,4167,56.346,,,,,40,0.5,6,6,-5.0,5.0,5ee1241,2026-07-23T21:13:07,1.0,1000080,,,,,,DTSA-core,N=40,C1,3205,0,0,True
ta63,50,20,1000,DTSA,6,3205,1000120,1000000,4167,56.346,,,,,40,0.5,6,6,-5.0,5.0,5ee1241,2026-07-23T21:13:07,1.0,1000080,,,,,,DTSA+LS,N=40,C1,3205,12,0,True
ta63,50,20,1000,DTSA,7,3197,1000120,1000000,4167,56.84,,,,,40,0.5,6,6,-5.0,5.0,5ee1241,2026-07-23T21:14:04,1.0,1000080,,,,,,DTSA-core,N=40,C1,3197,0,0,True
ta63,50,20,1000,DTSA,7,3197,1000120,1000000,4167,56.84,,,,,40,0.5,6,6,-5.0,5.0,5ee1241,2026-07-23T21:14:04,1.0,1000080,,,,,,DTSA+LS,N=40,C1,3197,7,0,True
ta63,50,20,1000,DTSA,8,3201,1000120,1000000,4167,56.683,,,,,40,0.5,6,6,-5.0,5.0,5ee1241,2026-07-23T21:14:03,1.0,1000080,,,,,,DTSA-core,N=40,C1,3201,0,0,True
ta63,50,20,1000,DTSA,8,3201,1000120,1000000,4167,56.683,,,,,40,0.5,6,6,-5.0,5.0,5ee1241,2026-07-23T21:14:03,1.0,1000080,,,,,,DTSA+LS,N=40,C1,3201,13,0,True
ta63,50,20,1000,DTSA,9,3150,1000120,1000000,4167,56.947,,,,,40,0.5,6,6,-5.0,5.0,5ee1241,2026-07-23T21:14:04,1.0,1000080,,,,,,DTSA-core,N=40,C1,3150,0,0,True
ta63,50,20,1000,DTSA,9,3150,1000120,1000000,4167,56.947,,,,,40,0.5,6,6,-5.0,5.0,5ee1241,2026-07-23T21:14:04,1.0,1000080,,,,,,DTSA+LS,N=40,C1,3150,14,0,True
ta63,50,20,1000,DTSA,10,3149,1000120,1000000,4167,57.228,,,,,40,0.5,6,6,-5.0,5.0,5ee1241,2026-07-23T21:14:04,1.0,1000080,,,,,,DTSA-core,N=40,C1,3149,0,0,True
ta63,50,20,1000,DTSA,10,3149,1000120,1000000,4167,57.228,,,,,40,0.5,6,6,-5.0,5.0,5ee1241,2026-07-23T21:14:04,1.0,1000080,,,,,,DTSA+LS,N=40,C1,3149,12,0,True
ta63,50,20,1000,DTSA,11,3183,1000120,1000000,4167,56.816,,,,,40,0.5,6,6,-5.0,5.0,5ee1241,2026-07-23T21:14:04,1.0,1000080,,,,,,DTSA-core,N=40,C1,3183,0,0,True
ta63,50,20,1000,DTSA,11,3183,1000120,1000000,4167,56.816,,,,,40,0.5,6,6,-5.0,5.0,5ee1241,2026-07-23T21:14:04,1.0,1000080,,,,,,DTSA+LS,N=40,C1,3183,6,0,True
ta63,50,20,1000,DTSA,12,3137,1000120,1000000,4167,58.677,,,,,40,0.5,6,6,-5.0,5.0,5ee1241,2026-07-23T21:14:06,1.0,1000080,,,,,,DTSA-core,N=40,C1,3137,0,0,True
ta63,50,20,1000,DTSA,12,3137,1000120,1000000,4167,58.677,,,,,40,0.5,6,6,-5.0,5.0,5ee1241,2026-07-23T21:14:06,1.0,1000080,,,,,,DTSA+LS,N=40,C1,3137,16,0,True
ta63,50,20,1000,DTSA,13,3196,1000120,1000000,4167,58.263,,,,,40,0.5,6,6,-5.0,5.0,5ee1241,2026-07-23T21:14:06,1.0,1000080,,,,,,DTSA-core,N=40,C1,3196,0,0,True
ta63,50,20,1000,DTSA,13,3196,1000120,1000000,4167,58.263,,,,,40,0.5,6,6,-5.0,5.0,5ee1241,2026-07-23T21:14:06,1.0,1000080,,,,,,DTSA+LS,N=40,C1,3196,15,0,True
ta63,50,20,1000,DTSA,14,3208,1000120,1000000,4167,94.292,,,,,40,0.5,6,6,-5.0,5.0,5ee1241,2026-07-23T21:15:38,1.0,1000080,,,,,,DTSA-core,N=40,C1,3208,0,0,True
ta63,50,20,1000,DTSA,14,3208,1000120,1000000,4167,94.292,,,,,40,0.5,6,6,-5.0,5.0,5ee1241,2026-07-23T21:15:38,1.0,1000080,,,,,,DTSA+LS,N=40,C1,3208,12,0,True
ta63,50,20,1000,DTSA,15,3179,1000120,1000000,4167,94.188,,,,,40,0.5,6,6,-5.0,5.0,5ee1241,2026-07-23T21:15:38,1.0,1000080,,,,,,DTSA-core,N=40,C1,3179,0,0,True
ta63,50,20,1000,DTSA,15,3179,1000120,1000000,4167,94.188,,,,,40,0.5,6,6,-5.0,5.0,5ee1241,2026-07-23T21:15:38,1.0,1000080,,,,,,DTSA+LS,N=40,C1,3179,8,0,True
ta63,50,20,1000,DTSA,16,3212,1000120,1000000,4167,93.731,,,,,40,0.5,6,6,-5.0,5.0,5ee1241,2026-07-23T21:15:37,1.0,1000080,,,,,,DTSA-core,N=40,C1,3212,0,0,True
ta63,50,20,1000,DTSA,16,3212,1000120,1000000,4167,93.731,,,,,40,0.5,6,6,-5.0,5.0,5ee1241,2026-07-23T21:15:37,1.0,1000080,,,,,,DTSA+LS,N=40,C1,3212,16,0,True
ta63,50,20,1000,DTSA,17,3117,1000120,1000000,4167,94.604,,,,,40,0.5,6,6,-5.0,5.0,5ee1241,2026-07-23T21:15:39,1.0,1000080,,,,,,DTSA-core,N=40,C1,3117,0,0,True
ta63,50,20,1000,DTSA,17,3117,1000120,1000000,4167,94.604,,,,,40,0.5,6,6,-5.0,5.0,5ee1241,2026-07-23T21:15:39,1.0,1000080,,,,,,DTSA+LS,N=40,C1,3117,9,0,True
ta63,50,20,1000,DTSA,18,3121,1000120,1000000,4167,94.133,,,,,40,0.5,6,6,-5.0,5.0,5ee1241,2026-07-23T21:15:38,1.0,1000080,,,,,,DTSA-core,N=40,C1,3121,0,0,True
ta63,50,20,1000,DTSA,18,3121,1000120,1000000,4167,94.133,,,,,40,0.5,6,6,-5.0,5.0,5ee1241,2026-07-23T21:15:38,1.0,1000080,,,,,,DTSA+LS,N=40,C1,3121,8,0,True
ta63,50,20,1000,DTSA,19,3186,1000120,1000000,4167,95.517,,,,,40,0.5,6,6,-5.0,5.0,5ee1241,2026-07-23T21:15:41,1.0,1000080,,,,,,DTSA-core,N=40,C1,3186,0,0,True
ta63,50,20,1000,DTSA,19,3186,1000120,1000000,4167,95.517,,,,,40,0.5,6,6,-5.0,5.0,5ee1241,2026-07-23T21:15:41,1.0,1000080,,,,,,DTSA+LS,N=40,C1,3186,12,0,True
ta64,50,20,1000,DTSA,0,3218,1000120,1000000,4167,98.159,,,,,40,0.5,6,6,-5.0,5.0,5ee1241,2026-07-23T21:17:20,1.0,1000080,,,,,,DTSA-core,N=40,C1,3218,0,0,True
ta64,50,20,1000,DTSA,0,3218,1000120,1000000,4167,98.159,,,,,40,0.5,6,6,-5.0,5.0,5ee1241,2026-07-23T21:17:20,1.0,1000080,,,,,,DTSA+LS,N=40,C1,3218,12,0,True
ta64,50,20,1000,DTSA,1,3248,1000120,1000000,4167,97.695,,,,,40,0.5,6,6,-5.0,5.0,5ee1241,2026-07-23T21:17:19,1.0,1000080,,,,,,DTSA-core,N=40,C1,3248,0,0,True
ta64,50,20,1000,DTSA,1,3248,1000120,1000000,4167,97.695,,,,,40,0.5,6,6,-5.0,5.0,5ee1241,2026-07-23T21:17:19,1.0,1000080,,,,,,DTSA+LS,N=40,C1,3248,15,0,True
ta64,50,20,1000,DTSA,2,3152,1000120,1000000,4167,99.053,,,,,40,0.5,6,6,-5.0,5.0,5ee1241,2026-07-23T21:17:20,1.0,1000080,,,,,,DTSA-core,N=40,C1,3152,0,0,True
ta64,50,20,1000,DTSA,2,3152,1000120,1000000,4167,99.053,,,,,40,0.5,6,6,-5.0,5.0,5ee1241,2026-07-23T21:17:20,1.0,1000080,,,,,,DTSA+LS,N=40,C1,3152,10,0,True
ta64,50,20,1000,DTSA,3,3249,1000120,1000000,4167,97.548,,,,,40,0.5,6,6,-5.0,5.0,5ee1241,2026-07-23T21:17:19,1.0,1000080,,,,,,DTSA-core,N=40,C1,3249,0,0,True
ta64,50,20,1000,DTSA,3,3249,1000120,1000000,4167,97.548,,,,,40,0.5,6,6,-5.0,5.0,5ee1241,2026-07-23T21:17:19,1.0,1000080,,,,,,DTSA+LS,N=40,C1,3249,21,0,True
ta64,50,20,1000,DTSA,4,3202,1000120,1000000,4167,97.737,,,,,40,0.5,6,6,-5.0,5.0,5ee1241,2026-07-23T21:17:19,1.0,1000080,,,,,,DTSA-core,N=40,C1,3202,0,0,True
ta64,50,20,1000,DTSA,4,3202,1000120,1000000,4167,97.737,,,,,40,0.5,6,6,-5.0,5.0,5ee1241,2026-07-23T21:17:19,1.0,1000080,,,,,,DTSA+LS,N=40,C1,3202,18,0,True
ta64,50,20,1000,DTSA,5,3279,1000120,1000000,4167,97.196,,,,,40,0.5,6,6,-5.0,5.0,5ee1241,2026-07-23T21:17:19,1.0,1000080,,,,,,DTSA-core,N=40,C1,3279,0,0,True
ta64,50,20,1000,DTSA,5,3279,1000120,1000000,4167,97.196,,,,,40,0.5,6,6,-5.0,5.0,5ee1241,2026-07-23T21:17:19,1.0,1000080,,,,,,DTSA+LS,N=40,C1,3279,6,0,True
ta64,50,20,1000,DTSA,6,3304,1000120,1000000,4167,97.314,,,,,40,0.5,6,6,-5.0,5.0,5ee1241,2026-07-23T21:17:19,1.0,1000080,,,,,,DTSA-core,N=40,C1,3304,0,0,True
ta64,50,20,1000,DTSA,6,3304,1000120,1000000,4167,97.314,,,,,40,0.5,6,6,-5.0,5.0,5ee1241,2026-07-23T21:17:19,1.0,1000080,,,,,,DTSA+LS,N=40,C1,3304,14,0,True
ta64,50,20,1000,DTSA,7,3225,1000120,1000000,4167,98.491,,,,,40,0.5,6,6,-5.0,5.0,5ee1241,2026-07-23T21:18:57,1.0,1000080,,,,,,DTSA-core,N=40,C1,3225,0,0,True
ta64,50,20,1000,DTSA,7,3225,1000120,1000000,4167,98.491,,,,,40,0.5,6,6,-5.0,5.0,5ee1241,2026-07-23T21:18:57,1.0,1000080,,,,,,DTSA+LS,N=40,C1,3225,15,0,True
ta64,50,20,1000,DTSA,8,3349,1000120,1000000,4167,97.246,,,,,40,0.5,6,6,-5.0,5.0,5ee1241,2026-07-23T21:18:56,1.0,1000080,,,,,,DTSA-core,N=40,C1,3349,0,0,True
ta64,50,20,1000,DTSA,8,3349,1000120,1000000,4167,97.246,,,,,40,0.5,6,6,-5.0,5.0,5ee1241,2026-07-23T21:18:56,1.0,1000080,,,,,,DTSA+LS,N=40,C1,3349,10,0,True
ta64,50,20,1000,DTSA,9,3202,1000120,1000000,4167,99.008,,,,,40,0.5,6,6,-5.0,5.0,5ee1241,2026-07-23T21:18:58,1.0,1000080,,,,,,DTSA-core,N=40,C1,3202,0,0,True
ta64,50,20,1000,DTSA,9,3202,1000120,1000000,4167,99.008,,,,,40,0.5,6,6,-5.0,5.0,5ee1241,2026-07-23T21:18:58,1.0,1000080,,,,,,DTSA+LS,N=40,C1,3202,11,0,True
ta64,50,20,1000,DTSA,10,3245,1000120,1000000,4167,97.556,,,,,40,0.5,6,6,-5.0,5.0,5ee1241,2026-07-23T21:18:57,1.0,1000080,,,,,,DTSA-core,N=40,C1,3245,0,0,True
ta64,50,20,1000,DTSA,10,3245,1000120,1000000,4167,97.556,,,,,40,0.5,6,6,-5.0,5.0,5ee1241,2026-07-23T21:18:57,1.0,1000080,,,,,,DTSA+LS,N=40,C1,3245,10,0,True
ta64,50,20,1000,DTSA,11,3247,1000120,1000000,4167,97.624,,,,,40,0.5,6,6,-5.0,5.0,5ee1241,2026-07-23T21:18:57,1.0,1000080,,,,,,DTSA-core,N=40,C1,3247,0,0,True
ta64,50,20,1000,DTSA,11,3247,1000120,1000000,4167,97.624,,,,,40,0.5,6,6,-5.0,5.0,5ee1241,2026-07-23T21:18:57,1.0,1000080,,,,,,DTSA+LS,N=40,C1,3247,8,0,True
ta64,50,20,1000,DTSA,12,3244,1000120,1000000,4167,98.099,,,,,40,0.5,6,6,-5.0,5.0,5ee1241,2026-07-23T21:18:58,1.0,1000080,,,,,,DTSA-core,N=40,C1,3244,0,0,True
ta64,50,20,1000,DTSA,12,3244,1000120,1000000,4167,98.099,,,,,40,0.5,6,6,-5.0,5.0,5ee1241,2026-07-23T21:18:58,1.0,1000080,,,,,,DTSA+LS,N=40,C1,3244,9,0,True
ta64,50,20,1000,DTSA,13,3154,1000120,1000000,4167,98.258,,,,,40,0.5,6,6,-5.0,5.0,5ee1241,2026-07-23T21:18:59,1.0,1000080,,,,,,DTSA-core,N=40,C1,3154,0,0,True
ta64,50,20,1000,DTSA,13,3154,1000120,1000000,4167,98.258,,,,,40,0.5,6,6,-5.0,5.0,5ee1241,2026-07-23T21:18:59,1.0,1000080,,,,,,DTSA+LS,N=40,C1,3154,11,0,True
ta64,50,20,1000,DTSA,14,3374,1000120,1000000,4167,98.192,,,,,40,0.5,6,6,-5.0,5.0,5ee1241,2026-07-23T21:20:34,1.0,1000080,,,,,,DTSA-core,N=40,C1,3374,0,0,True
ta64,50,20,1000,DTSA,14,3374,1000120,1000000,4167,98.192,,,,,40,0.5,6,6,-5.0,5.0,5ee1241,2026-07-23T21:20:34,1.0,1000080,,,,,,DTSA+LS,N=40,C1,3374,17,0,True
ta64,50,20,1000,DTSA,15,3247,1000120,1000000,4167,99.148,,,,,40,0.5,6,6,-5.0,5.0,5ee1241,2026-07-23T21:20:36,1.0,1000080,,,,,,DTSA-core,N=40,C1,3247,0,0,True
ta64,50,20,1000,DTSA,15,3247,1000120,1000000,4167,99.148,,,,,40,0.5,6,6,-5.0,5.0,5ee1241,2026-07-23T21:20:36,1.0,1000080,,,,,,DTSA+LS,N=40,C1,3247,12,0,True
ta64,50,20,1000,DTSA,16,3243,1000120,1000000,4167,99.548,,,,,40,0.5,6,6,-5.0,5.0,5ee1241,2026-07-23T21:20:36,1.0,1000080,,,,,,DTSA-core,N=40,C1,3243,0,0,True
ta64,50,20,1000,DTSA,16,3243,1000120,1000000,4167,99.548,,,,,40,0.5,6,6,-5.0,5.0,5ee1241,2026-07-23T21:20:36,1.0,1000080,,,,,,DTSA+LS,N=40,C1,3243,6,0,True
ta64,50,20,1000,DTSA,17,3194,1000120,1000000,4167,99.725,,,,,40,0.5,6,6,-5.0,5.0,5ee1241,2026-07-23T21:20:37,1.0,1000080,,,,,,DTSA-core,N=40,C1,3194,0,0,True
ta64,50,20,1000,DTSA,17,3194,1000120,1000000,4167,99.725,,,,,40,0.5,6,6,-5.0,5.0,5ee1241,2026-07-23T21:20:37,1.0,1000080,,,,,,DTSA+LS,N=40,C1,3194,10,0,True
ta64,50,20,1000,DTSA,18,3218,1000120,1000000,4167,100.019,,,,,40,0.5,6,6,-5.0,5.0,5ee1241,2026-07-23T21:20:38,1.0,1000080,,,,,,DTSA-core,N=40,C1,3218,0,0,True
ta64,50,20,1000,DTSA,18,3218,1000120,1000000,4167,100.019,,,,,40,0.5,6,6,-5.0,5.0,5ee1241,2026-07-23T21:20:38,1.0,1000080,,,,,,DTSA+LS,N=40,C1,3218,7,0,True
ta64,50,20,1000,DTSA,19,3173,1000120,1000000,4167,99.826,,,,,40,0.5,6,6,-5.0,5.0,5ee1241,2026-07-23T21:20:38,1.0,1000080,,,,,,DTSA-core,N=40,C1,3173,0,0,True
ta64,50,20,1000,DTSA,19,3173,1000120,1000000,4167,99.826,,,,,40,0.5,6,6,-5.0,5.0,5ee1241,2026-07-23T21:20:38,1.0,1000080,,,,,,DTSA+LS,N=40,C1,3173,10,0,True
ta65,50,20,1000,DTSA,0,3366,1000120,1000000,4167,99.988,,,,,40,0.5,6,6,-5.0,5.0,5ee1241,2026-07-23T21:22:18,1.0,1000080,,,,,,DTSA-core,N=40,C1,3366,0,0,True
ta65,50,20,1000,DTSA,0,3366,1000120,1000000,4167,99.988,,,,,40,0.5,6,6,-5.0,5.0,5ee1241,2026-07-23T21:22:18,1.0,1000080,,,,,,DTSA+LS,N=40,C1,3366,8,0,True
ta65,50,20,1000,DTSA,1,3306,1000120,1000000,4167,99.381,,,,,40,0.5,6,6,-5.0,5.0,5ee1241,2026-07-23T21:22:17,1.0,1000080,,,,,,DTSA-core,N=40,C1,3306,0,0,True
ta65,50,20,1000,DTSA,1,3306,1000120,1000000,4167,99.381,,,,,40,0.5,6,6,-5.0,5.0,5ee1241,2026-07-23T21:22:17,1.0,1000080,,,,,,DTSA+LS,N=40,C1,3306,9,0,True
ta65,50,20,1000,DTSA,2,3312,1000120,1000000,4167,100.02,,,,,40,0.5,6,6,-5.0,5.0,5ee1241,2026-07-23T21:22:18,1.0,1000080,,,,,,DTSA-core,N=40,C1,3312,0,0,True
ta65,50,20,1000,DTSA,2,3312,1000120,1000000,4167,100.02,,,,,40,0.5,6,6,-5.0,5.0,5ee1241,2026-07-23T21:22:18,1.0,1000080,,,,,,DTSA+LS,N=40,C1,3312,13,0,True
ta65,50,20,1000,DTSA,3,3190,1000120,1000000,4167,99.89,,,,,40,0.5,6,6,-5.0,5.0,5ee1241,2026-07-23T21:22:18,1.0,1000080,,,,,,DTSA-core,N=40,C1,3190,0,0,True
ta65,50,20,1000,DTSA,3,3190,1000120,1000000,4167,99.89,,,,,40,0.5,6,6,-5.0,5.0,5ee1241,2026-07-23T21:22:18,1.0,1000080,,,,,,DTSA+LS,N=40,C1,3190,16,0,True
ta65,50,20,1000,DTSA,4,3261,1000120,1000000,4167,100.262,,,,,40,0.5,6,6,-5.0,5.0,5ee1241,2026-07-23T21:22:18,1.0,1000080,,,,,,DTSA-core,N=40,C1,3261,0,0,True
ta65,50,20,1000,DTSA,4,3261,1000120,1000000,4167,100.262,,,,,40,0.5,6,6,-5.0,5.0,5ee1241,2026-07-23T21:22:18,1.0,1000080,,,,,,DTSA+LS,N=40,C1,3261,11,0,True
ta65,50,20,1000,DTSA,5,3347,1000120,1000000,4167,100.594,,,,,40,0.5,6,6,-5.0,5.0,5ee1241,2026-07-23T21:22:19,1.0,1000080,,,,,,DTSA-core,N=40,C1,3347,0,0,True
ta65,50,20,1000,DTSA,5,3347,1000120,1000000,4167,100.594,,,,,40,0.5,6,6,-5.0,5.0,5ee1241,2026-07-23T21:22:19,1.0,1000080,,,,,,DTSA+LS,N=40,C1,3347,11,0,True
ta65,50,20,1000,DTSA,6,3280,1000120,1000000,4167,100.782,,,,,40,0.5,6,6,-5.0,5.0,5ee1241,2026-07-23T21:22:19,1.0,1000080,,,,,,DTSA-core,N=40,C1,3280,0,0,True
ta65,50,20,1000,DTSA,6,3280,1000120,1000000,4167,100.782,,,,,40,0.5,6,6,-5.0,5.0,5ee1241,2026-07-23T21:22:19,1.0,1000080,,,,,,DTSA+LS,N=40,C1,3280,9,0,True
ta65,50,20,1000,DTSA,7,3255,1000120,1000000,4167,100.872,,,,,40,0.5,6,6,-5.0,5.0,5ee1241,2026-07-23T21:23:58,1.0,1000080,,,,,,DTSA-core,N=40,C1,3255,0,0,True
ta65,50,20,1000,DTSA,7,3255,1000120,1000000,4167,100.872,,,,,40,0.5,6,6,-5.0,5.0,5ee1241,2026-07-23T21:23:58,1.0,1000080,,,,,,DTSA+LS,N=40,C1,3255,11,0,True
ta65,50,20,1000,DTSA,8,3373,1000120,1000000,4167,100.762,,,,,40,0.5,6,6,-5.0,5.0,5ee1241,2026-07-23T21:23:59,1.0,1000080,,,,,,DTSA-core,N=40,C1,3373,0,0,True
ta65,50,20,1000,DTSA,8,3373,1000120,1000000,4167,100.762,,,,,40,0.5,6,6,-5.0,5.0,5ee1241,2026-07-23T21:23:59,1.0,1000080,,,,,,DTSA+LS,N=40,C1,3373,12,0,True
ta65,50,20,1000,DTSA,9,3298,1000120,1000000,4167,101.056,,,,,40,0.5,6,6,-5.0,5.0,5ee1241,2026-07-23T21:23:59,1.0,1000080,,,,,,DTSA-core,N=40,C1,3298,0,0,True
ta65,50,20,1000,DTSA,9,3298,1000120,1000000,4167,101.056,,,,,40,0.5,6,6,-5.0,5.0,5ee1241,2026-07-23T21:23:59,1.0,1000080,,,,,,DTSA+LS,N=40,C1,3298,15,0,True
ta65,50,20,1000,DTSA,10,3205,1000120,1000000,4167,100.497,,,,,40,0.5,6,6,-5.0,5.0,5ee1241,2026-07-23T21:23:59,1.0,1000080,,,,,,DTSA-core,N=40,C1,3205,0,0,True
ta65,50,20,1000,DTSA,10,3205,1000120,1000000,4167,100.497,,,,,40,0.5,6,6,-5.0,5.0,5ee1241,2026-07-23T21:23:59,1.0,1000080,,,,,,DTSA+LS,N=40,C1,3205,13,0,True
ta65,50,20,1000,DTSA,11,3299,1000120,1000000,4167,100.998,,,,,40,0.5,6,6,-5.0,5.0,5ee1241,2026-07-23T21:23:59,1.0,1000080,,,,,,DTSA-core,N=40,C1,3299,0,0,True
ta65,50,20,1000,DTSA,11,3299,1000120,1000000,4167,100.998,,,,,40,0.5,6,6,-5.0,5.0,5ee1241,2026-07-23T21:23:59,1.0,1000080,,,,,,DTSA+LS,N=40,C1,3299,9,0,True
ta65,50,20,1000,DTSA,12,3347,1000120,1000000,4167,100.985,,,,,40,0.5,6,6,-5.0,5.0,5ee1241,2026-07-23T21:24:00,1.0,1000080,,,,,,DTSA-core,N=40,C1,3347,0,0,True
ta65,50,20,1000,DTSA,12,3347,1000120,1000000,4167,100.985,,,,,40,0.5,6,6,-5.0,5.0,5ee1241,2026-07-23T21:24:00,1.0,1000080,,,,,,DTSA+LS,N=40,C1,3347,8,0,True
ta65,50,20,1000,DTSA,13,3343,1000120,1000000,4167,100.921,,,,,40,0.5,6,6,-5.0,5.0,5ee1241,2026-07-23T21:24:00,1.0,1000080,,,,,,DTSA-core,N=40,C1,3343,0,0,True
ta65,50,20,1000,DTSA,13,3343,1000120,1000000,4167,100.921,,,,,40,0.5,6,6,-5.0,5.0,5ee1241,2026-07-23T21:24:00,1.0,1000080,,,,,,DTSA+LS,N=40,C1,3343,12,0,True
ta65,50,20,1000,DTSA,14,3320,1000120,1000000,4167,99.498,,,,,40,0.5,6,6,-5.0,5.0,5ee1241,2026-07-23T21:25:38,1.0,1000080,,,,,,DTSA-core,N=40,C1,3320,0,0,True
ta65,50,20,1000,DTSA,14,3320,1000120,1000000,4167,99.498,,,,,40,0.5,6,6,-5.0,5.0,5ee1241,2026-07-23T21:25:38,1.0,1000080,,,,,,DTSA+LS,N=40,C1,3320,13,0,True
ta65,50,20,1000,DTSA,15,3443,1000120,1000000,4167,99.296,,,,,40,0.5,6,6,-5.0,5.0,5ee1241,2026-07-23T21:25:38,1.0,1000080,,,,,,DTSA-core,N=40,C1,3443,0,0,True
ta65,50,20,1000,DTSA,15,3443,1000120,1000000,4167,99.296,,,,,40,0.5,6,6,-5.0,5.0,5ee1241,2026-07-23T21:25:38,1.0,1000080,,,,,,DTSA+LS,N=40,C1,3443,10,0,True
ta65,50,20,1000,DTSA,16,3197,1000120,1000000,4167,100.036,,,,,40,0.5,6,6,-5.0,5.0,5ee1241,2026-07-23T21:25:39,1.0,1000080,,,,,,DTSA-core,N=40,C1,3197,0,0,True
ta65,50,20,1000,DTSA,16,3197,1000120,1000000,4167,100.036,,,,,40,0.5,6,6,-5.0,5.0,5ee1241,2026-07-23T21:25:39,1.0,1000080,,,,,,DTSA+LS,N=40,C1,3197,9,0,True
ta65,50,20,1000,DTSA,17,3260,1000120,1000000,4167,100.918,,,,,40,0.5,6,6,-5.0,5.0,5ee1241,2026-07-23T21:25:40,1.0,1000080,,,,,,DTSA-core,N=40,C1,3260,0,0,True
ta65,50,20,1000,DTSA,17,3260,1000120,1000000,4167,100.918,,,,,40,0.5,6,6,-5.0,5.0,5ee1241,2026-07-23T21:25:40,1.0,1000080,,,,,,DTSA+LS,N=40,C1,3260,9,0,True
ta65,50,20,1000,DTSA,18,3321,1000120,1000000,4167,100.148,,,,,40,0.5,6,6,-5.0,5.0,5ee1241,2026-07-23T21:25:40,1.0,1000080,,,,,,DTSA-core,N=40,C1,3321,0,0,True
ta65,50,20,1000,DTSA,18,3321,1000120,1000000,4167,100.148,,,,,40,0.5,6,6,-5.0,5.0,5ee1241,2026-07-23T21:25:40,1.0,1000080,,,,,,DTSA+LS,N=40,C1,3321,16,0,True
ta65,50,20,1000,DTSA,19,3255,1000120,1000000,4167,100.644,,,,,40,0.5,6,6,-5.0,5.0,5ee1241,2026-07-23T21:25:40,1.0,1000080,,,,,,DTSA-core,N=40,C1,3255,0,0,True
ta65,50,20,1000,DTSA,19,3255,1000120,1000000,4167,100.644,,,,,40,0.5,6,6,-5.0,5.0,5ee1241,2026-07-23T21:25:40,1.0,1000080,,,,,,DTSA+LS,N=40,C1,3255,9,0,True
ta71,100,20,2000,DTSA,0,6285,2000200,2000000,8334,327.813,,,,,40,0.5,6,6,-5.0,5.0,5ee1241,2026-07-23T21:31:08,1.0,2000160,,,,,,DTSA-core,N=40,C1,6285,0,0,True
ta71,100,20,2000,DTSA,0,6285,2000200,2000000,8334,327.813,,,,,40,0.5,6,6,-5.0,5.0,5ee1241,2026-07-23T21:31:08,1.0,2000160,,,,,,DTSA+LS,N=40,C1,6285,8,0,True
ta71,100,20,2000,DTSA,1,6033,2000200,2000000,8334,330.611,,,,,40,0.5,6,6,-5.0,5.0,5ee1241,2026-07-23T21:31:11,1.0,2000160,,,,,,DTSA-core,N=40,C1,6033,0,0,True
ta71,100,20,2000,DTSA,1,6033,2000200,2000000,8334,330.611,,,,,40,0.5,6,6,-5.0,5.0,5ee1241,2026-07-23T21:31:11,1.0,2000160,,,,,,DTSA+LS,N=40,C1,6033,10,0,True
ta71,100,20,2000,DTSA,2,6218,2000200,2000000,8334,328.289,,,,,40,0.5,6,6,-5.0,5.0,5ee1241,2026-07-23T21:31:09,1.0,2000160,,,,,,DTSA-core,N=40,C1,6218,0,0,True
ta71,100,20,2000,DTSA,2,6218,2000200,2000000,8334,328.289,,,,,40,0.5,6,6,-5.0,5.0,5ee1241,2026-07-23T21:31:09,1.0,2000160,,,,,,DTSA+LS,N=40,C1,6218,4,0,True
ta71,100,20,2000,DTSA,3,6169,2000200,2000000,8334,330.079,,,,,40,0.5,6,6,-5.0,5.0,5ee1241,2026-07-23T21:31:11,1.0,2000160,,,,,,DTSA-core,N=40,C1,6169,0,0,True
ta71,100,20,2000,DTSA,3,6169,2000200,2000000,8334,330.079,,,,,40,0.5,6,6,-5.0,5.0,5ee1241,2026-07-23T21:31:11,1.0,2000160,,,,,,DTSA+LS,N=40,C1,6169,8,0,True
ta71,100,20,2000,DTSA,4,6186,2000200,2000000,8334,327.895,,,,,40,0.5,6,6,-5.0,5.0,5ee1241,2026-07-23T21:31:08,1.0,2000160,,,,,,DTSA-core,N=40,C1,6186,0,0,True
ta71,100,20,2000,DTSA,4,6186,2000200,2000000,8334,327.895,,,,,40,0.5,6,6,-5.0,5.0,5ee1241,2026-07-23T21:31:08,1.0,2000160,,,,,,DTSA+LS,N=40,C1,6186,9,0,True
ta71,100,20,2000,DTSA,5,6149,2000200,2000000,8334,329.726,,,,,40,0.5,6,6,-5.0,5.0,5ee1241,2026-07-23T21:31:10,1.0,2000160,,,,,,DTSA-core,N=40,C1,6149,0,0,True
ta71,100,20,2000,DTSA,5,6149,2000200,2000000,8334,329.726,,,,,40,0.5,6,6,-5.0,5.0,5ee1241,2026-07-23T21:31:10,1.0,2000160,,,,,,DTSA+LS,N=40,C1,6149,14,0,True
ta71,100,20,2000,DTSA,6,6161,2000200,2000000,8334,331.338,,,,,40,0.5,6,6,-5.0,5.0,5ee1241,2026-07-23T21:31:12,1.0,2000160,,,,,,DTSA-core,N=40,C1,6161,0,0,True
ta71,100,20,2000,DTSA,6,6161,2000200,2000000,8334,331.338,,,,,40,0.5,6,6,-5.0,5.0,5ee1241,2026-07-23T21:31:12,1.0,2000160,,,,,,DTSA+LS,N=40,C1,6161,10,0,True
ta71,100,20,2000,DTSA,7,6191,2000200,2000000,8334,304.64,,,,,40,0.5,6,6,-5.0,5.0,5ee1241,2026-07-23T21:36:13,1.0,2000160,,,,,,DTSA-core,N=40,C1,6191,0,0,True
ta71,100,20,2000,DTSA,7,6191,2000200,2000000,8334,304.64,,,,,40,0.5,6,6,-5.0,5.0,5ee1241,2026-07-23T21:36:13,1.0,2000160,,,,,,DTSA+LS,N=40,C1,6191,10,0,True
ta71,100,20,2000,DTSA,8,6089,2000200,2000000,8334,309.062,,,,,40,0.5,6,6,-5.0,5.0,5ee1241,2026-07-23T21:36:17,1.0,2000160,,,,,,DTSA-core,N=40,C1,6089,0,0,True
ta71,100,20,2000,DTSA,8,6089,2000200,2000000,8334,309.062,,,,,40,0.5,6,6,-5.0,5.0,5ee1241,2026-07-23T21:36:17,1.0,2000160,,,,,,DTSA+LS,N=40,C1,6089,8,0,True
ta71,100,20,2000,DTSA,9,6359,2000200,2000000,8334,306.851,,,,,40,0.5,6,6,-5.0,5.0,5ee1241,2026-07-23T21:36:16,1.0,2000160,,,,,,DTSA-core,N=40,C1,6359,0,0,True
ta71,100,20,2000,DTSA,9,6359,2000200,2000000,8334,306.851,,,,,40,0.5,6,6,-5.0,5.0,5ee1241,2026-07-23T21:36:16,1.0,2000160,,,,,,DTSA+LS,N=40,C1,6359,7,0,True
ta71,100,20,2000,DTSA,10,6103,2000200,2000000,8334,310.607,,,,,40,0.5,6,6,-5.0,5.0,5ee1241,2026-07-23T21:36:21,1.0,2000160,,,,,,DTSA-core,N=40,C1,6103,0,0,True
ta71,100,20,2000,DTSA,10,6103,2000200,2000000,8334,310.607,,,,,40,0.5,6,6,-5.0,5.0,5ee1241,2026-07-23T21:36:21,1.0,2000160,,,,,,DTSA+LS,N=40,C1,6103,6,0,True
ta71,100,20,2000,DTSA,11,6186,2000200,2000000,8334,305.833,,,,,40,0.5,6,6,-5.0,5.0,5ee1241,2026-07-23T21:36:16,1.0,2000160,,,,,,DTSA-core,N=40,C1,6186,0,0,True
ta71,100,20,2000,DTSA,11,6186,2000200,2000000,8334,305.833,,,,,40,0.5,6,6,-5.0,5.0,5ee1241,2026-07-23T21:36:16,1.0,2000160,,,,,,DTSA+LS,N=40,C1,6186,8,0,True
ta71,100,20,2000,DTSA,12,6409,2000200,2000000,8334,303.52,,,,,40,0.5,6,6,-5.0,5.0,5ee1241,2026-07-23T21:36:15,1.0,2000160,,,,,,DTSA-core,N=40,C1,6409,0,0,True
ta71,100,20,2000,DTSA,12,6409,2000200,2000000,8334,303.52,,,,,40,0.5,6,6,-5.0,5.0,5ee1241,2026-07-23T21:36:15,1.0,2000160,,,,,,DTSA+LS,N=40,C1,6409,9,0,True
ta71,100,20,2000,DTSA,13,6276,2000200,2000000,8334,307.975,,,,,40,0.5,6,6,-5.0,5.0,5ee1241,2026-07-23T21:36:20,1.0,2000160,,,,,,DTSA-core,N=40,C1,6276,0,0,True
ta71,100,20,2000,DTSA,13,6276,2000200,2000000,8334,307.975,,,,,40,0.5,6,6,-5.0,5.0,5ee1241,2026-07-23T21:36:20,1.0,2000160,,,,,,DTSA+LS,N=40,C1,6276,7,0,True
ta71,100,20,2000,DTSA,14,6117,2000200,2000000,8334,356.073,,,,,40,0.5,6,6,-5.0,5.0,5ee1241,2026-07-23T21:42:09,1.0,2000160,,,,,,DTSA-core,N=40,C1,6117,0,0,True
ta71,100,20,2000,DTSA,14,6117,2000200,2000000,8334,356.073,,,,,40,0.5,6,6,-5.0,5.0,5ee1241,2026-07-23T21:42:09,1.0,2000160,,,,,,DTSA+LS,N=40,C1,6117,6,0,True
ta71,100,20,2000,DTSA,15,6191,2000200,2000000,8334,357.396,,,,,40,0.5,6,6,-5.0,5.0,5ee1241,2026-07-23T21:42:12,1.0,2000160,,,,,,DTSA-core,N=40,C1,6191,0,0,True
ta71,100,20,2000,DTSA,15,6191,2000200,2000000,8334,357.396,,,,,40,0.5,6,6,-5.0,5.0,5ee1241,2026-07-23T21:42:12,1.0,2000160,,,,,,DTSA+LS,N=40,C1,6191,10,0,True
ta71,100,20,2000,DTSA,16,6263,2000200,2000000,8334,356.151,,,,,40,0.5,6,6,-5.0,5.0,5ee1241,2026-07-23T21:42:12,1.0,2000160,,,,,,DTSA-core,N=40,C1,6263,0,0,True
ta71,100,20,2000,DTSA,16,6263,2000200,2000000,8334,356.151,,,,,40,0.5,6,6,-5.0,5.0,5ee1241,2026-07-23T21:42:12,1.0,2000160,,,,,,DTSA+LS,N=40,C1,6263,15,0,True
ta71,100,20,2000,DTSA,17,6111,2000200,2000000,8334,357.464,,,,,40,0.5,6,6,-5.0,5.0,5ee1241,2026-07-23T21:42:14,1.0,2000160,,,,,,DTSA-core,N=40,C1,6111,0,0,True
ta71,100,20,2000,DTSA,17,6111,2000200,2000000,8334,357.464,,,,,40,0.5,6,6,-5.0,5.0,5ee1241,2026-07-23T21:42:14,1.0,2000160,,,,,,DTSA+LS,N=40,C1,6111,6,0,True
ta71,100,20,2000,DTSA,18,6148,2000200,2000000,8334,357.098,,,,,40,0.5,6,6,-5.0,5.0,5ee1241,2026-07-23T21:42:15,1.0,2000160,,,,,,DTSA-core,N=40,C1,6148,0,0,True
ta71,100,20,2000,DTSA,18,6148,2000200,2000000,8334,357.098,,,,,40,0.5,6,6,-5.0,5.0,5ee1241,2026-07-23T21:42:15,1.0,2000160,,,,,,DTSA+LS,N=40,C1,6148,8,0,True
ta71,100,20,2000,DTSA,19,6242,2000200,2000000,8334,354.721,,,,,40,0.5,6,6,-5.0,5.0,5ee1241,2026-07-23T21:42:15,1.0,2000160,,,,,,DTSA-core,N=40,C1,6242,0,0,True
ta71,100,20,2000,DTSA,19,6242,2000200,2000000,8334,354.721,,,,,40,0.5,6,6,-5.0,5.0,5ee1241,2026-07-23T21:42:15,1.0,2000160,,,,,,DTSA+LS,N=40,C1,6242,6,0,True
ta72,100,20,2000,DTSA,0,5661,2000200,2000000,8334,251.288,,,,,40,0.5,6,6,-5.0,5.0,5ee1241,2026-07-23T21:46:26,1.0,2000160,,,,,,DTSA-core,N=40,C1,5661,0,0,True
ta72,100,20,2000,DTSA,0,5661,2000200,2000000,8334,251.288,,,,,40,0.5,6,6,-5.0,5.0,5ee1241,2026-07-23T21:46:26,1.0,2000160,,,,,,DTSA+LS,N=40,C1,5661,14,0,True
ta72,100,20,2000,DTSA,1,5724,2000200,2000000,8334,251.559,,,,,40,0.5,6,6,-5.0,5.0,5ee1241,2026-07-23T21:46:26,1.0,2000160,,,,,,DTSA-core,N=40,C1,5724,0,0,True
ta72,100,20,2000,DTSA,1,5724,2000200,2000000,8334,251.559,,,,,40,0.5,6,6,-5.0,5.0,5ee1241,2026-07-23T21:46:26,1.0,2000160,,,,,,DTSA+LS,N=40,C1,5724,12,0,True
ta72,100,20,2000,DTSA,2,5661,2000200,2000000,8334,254.142,,,,,40,0.5,6,6,-5.0,5.0,5ee1241,2026-07-23T21:46:29,1.0,2000160,,,,,,DTSA-core,N=40,C1,5661,0,0,True
ta72,100,20,2000,DTSA,2,5661,2000200,2000000,8334,254.142,,,,,40,0.5,6,6,-5.0,5.0,5ee1241,2026-07-23T21:46:29,1.0,2000160,,,,,,DTSA+LS,N=40,C1,5661,10,0,True
ta72,100,20,2000,DTSA,3,5774,2000200,2000000,8334,249.807,,,,,40,0.5,6,6,-5.0,5.0,5ee1241,2026-07-23T21:46:25,1.0,2000160,,,,,,DTSA-core,N=40,C1,5774,0,0,True
ta72,100,20,2000,DTSA,3,5774,2000200,2000000,8334,249.807,,,,,40,0.5,6,6,-5.0,5.0,5ee1241,2026-07-23T21:46:25,1.0,2000160,,,,,,DTSA+LS,N=40,C1,5774,16,0,True
ta72,100,20,2000,DTSA,4,5593,2000200,2000000,8334,251.836,,,,,40,0.5,6,6,-5.0,5.0,5ee1241,2026-07-23T21:46:27,1.0,2000160,,,,,,DTSA-core,N=40,C1,5593,0,0,True
ta72,100,20,2000,DTSA,4,5593,2000200,2000000,8334,251.836,,,,,40,0.5,6,6,-5.0,5.0,5ee1241,2026-07-23T21:46:27,1.0,2000160,,,,,,DTSA+LS,N=40,C1,5593,9,0,True
ta72,100,20,2000,DTSA,5,5626,2000200,2000000,8334,244.304,,,,,40,0.5,6,6,-5.0,5.0,5ee1241,2026-07-23T21:46:19,1.0,2000160,,,,,,DTSA-core,N=40,C1,5626,0,0,True
ta72,100,20,2000,DTSA,5,5626,2000200,2000000,8334,244.304,,,,,40,0.5,6,6,-5.0,5.0,5ee1241,2026-07-23T21:46:19,1.0,2000160,,,,,,DTSA+LS,N=40,C1,5626,10,0,True
ta72,100,20,2000,DTSA,6,5693,2000200,2000000,8334,251.204,,,,,40,0.5,6,6,-5.0,5.0,5ee1241,2026-07-23T21:46:28,1.0,2000160,,,,,,DTSA-core,N=40,C1,5693,0,0,True
ta72,100,20,2000,DTSA,6,5693,2000200,2000000,8334,251.204,,,,,40,0.5,6,6,-5.0,5.0,5ee1241,2026-07-23T21:46:28,1.0,2000160,,,,,,DTSA+LS,N=40,C1,5693,7,0,True
ta72,100,20,2000,DTSA,7,5790,2000200,2000000,8334,241.602,,,,,40,0.5,6,6,-5.0,5.0,5ee1241,2026-07-23T21:50:21,1.0,2000160,,,,,,DTSA-core,N=40,C1,5790,0,0,True
ta72,100,20,2000,DTSA,7,5790,2000200,2000000,8334,241.602,,,,,40,0.5,6,6,-5.0,5.0,5ee1241,2026-07-23T21:50:21,1.0,2000160,,,,,,DTSA+LS,N=40,C1,5790,12,0,True
ta72,100,20,2000,DTSA,8,5852,2000200,2000000,8334,248.767,,,,,40,0.5,6,6,-5.0,5.0,5ee1241,2026-07-23T21:50:33,1.0,2000160,,,,,,DTSA-core,N=40,C1,5852,0,0,True
ta72,100,20,2000,DTSA,8,5852,2000200,2000000,8334,248.767,,,,,40,0.5,6,6,-5.0,5.0,5ee1241,2026-07-23T21:50:33,1.0,2000160,,,,,,DTSA+LS,N=40,C1,5852,10,0,True
ta72,100,20,2000,DTSA,9,5686,2000200,2000000,8334,241.055,,,,,40,0.5,6,6,-5.0,5.0,5ee1241,2026-07-23T21:50:27,1.0,2000160,,,,,,DTSA-core,N=40,C1,5686,0,0,True
ta72,100,20,2000,DTSA,9,5686,2000200,2000000,8334,241.055,,,,,40,0.5,6,6,-5.0,5.0,5ee1241,2026-07-23T21:50:27,1.0,2000160,,,,,,DTSA+LS,N=40,C1,5686,8,0,True
ta72,100,20,2000,DTSA,10,5827,2000200,2000000,8334,243.911,,,,,40,0.5,6,6,-5.0,5.0,5ee1241,2026-07-23T21:50:30,1.0,2000160,,,,,,DTSA-core,N=40,C1,5827,0,0,True
ta72,100,20,2000,DTSA,10,5827,2000200,2000000,8334,243.911,,,,,40,0.5,6,6,-5.0,5.0,5ee1241,2026-07-23T21:50:30,1.0,2000160,,,,,,DTSA+LS,N=40,C1,5827,9,0,True
ta72,100,20,2000,DTSA,11,5578,2000200,2000000,8334,245.343,,,,,40,0.5,6,6,-5.0,5.0,5ee1241,2026-07-23T21:50:32,1.0,2000160,,,,,,DTSA-core,N=40,C1,5578,0,0,True
ta72,100,20,2000,DTSA,11,5578,2000200,2000000,8334,245.343,,,,,40,0.5,6,6,-5.0,5.0,5ee1241,2026-07-23T21:50:32,1.0,2000160,,,,,,DTSA+LS,N=40,C1,5578,7,0,True
ta72,100,20,2000,DTSA,12,5739,2000200,2000000,8334,243.078,,,,,40,0.5,6,6,-5.0,5.0,5ee1241,2026-07-23T21:50:31,1.0,2000160,,,,,,DTSA-core,N=40,C1,5739,0,0,True
ta72,100,20,2000,DTSA,12,5739,2000200,2000000,8334,243.078,,,,,40,0.5,6,6,-5.0,5.0,5ee1241,2026-07-23T21:50:31,1.0,2000160,,,,,,DTSA+LS,N=40,C1,5739,10,0,True
ta72,100,20,2000,DTSA,13,5769,2000200,2000000,8334,244.911,,,,,40,0.5,6,6,-5.0,5.0,5ee1241,2026-07-23T21:50:34,1.0,2000160,,,,,,DTSA-core,N=40,C1,5769,0,0,True
ta72,100,20,2000,DTSA,13,5769,2000200,2000000,8334,244.911,,,,,40,0.5,6,6,-5.0,5.0,5ee1241,2026-07-23T21:50:34,1.0,2000160,,,,,,DTSA+LS,N=40,C1,5769,11,0,True
ta72,100,20,2000,DTSA,14,5703,2000200,2000000,8334,233.146,,,,,40,0.5,6,6,-5.0,5.0,5ee1241,2026-07-23T21:54:14,1.0,2000160,,,,,,DTSA-core,N=40,C1,5703,0,0,True
ta72,100,20,2000,DTSA,14,5690,2000200,2000000,8334,233.146,,,,,40,0.5,6,6,-5.0,5.0,5ee1241,2026-07-23T21:54:14,1.0,2000160,,,,,,DTSA+LS,N=40,C1,5703,18,4,True
ta72,100,20,2000,DTSA,15,5558,2000200,2000000,8334,233.727,,,,,40,0.5,6,6,-5.0,5.0,5ee1241,2026-07-23T21:54:21,1.0,2000160,,,,,,DTSA-core,N=40,C1,5558,0,0,True
ta72,100,20,2000,DTSA,15,5558,2000200,2000000,8334,233.727,,,,,40,0.5,6,6,-5.0,5.0,5ee1241,2026-07-23T21:54:21,1.0,2000160,,,,,,DTSA+LS,N=40,C1,5558,6,0,True
ta72,100,20,2000,DTSA,16,5663,2000200,2000000,8334,233.777,,,,,40,0.5,6,6,-5.0,5.0,5ee1241,2026-07-23T21:54:24,1.0,2000160,,,,,,DTSA-core,N=40,C1,5663,0,0,True
ta72,100,20,2000,DTSA,16,5663,2000200,2000000,8334,233.777,,,,,40,0.5,6,6,-5.0,5.0,5ee1241,2026-07-23T21:54:24,1.0,2000160,,,,,,DTSA+LS,N=40,C1,5663,15,0,True
ta72,100,20,2000,DTSA,17,5644,2000200,2000000,8334,235.329,,,,,40,0.5,6,6,-5.0,5.0,5ee1241,2026-07-23T21:54:26,1.0,2000160,,,,,,DTSA-core,N=40,C1,5644,0,0,True
ta72,100,20,2000,DTSA,17,5644,2000200,2000000,8334,235.329,,,,,40,0.5,6,6,-5.0,5.0,5ee1241,2026-07-23T21:54:26,1.0,2000160,,,,,,DTSA+LS,N=40,C1,5644,17,0,True
ta72,100,20,2000,DTSA,18,5601,2000200,2000000,8334,237.523,,,,,40,0.5,6,6,-5.0,5.0,5ee1241,2026-07-23T21:54:30,1.0,2000160,,,,,,DTSA-core,N=40,C1,5601,0,0,True
ta72,100,20,2000,DTSA,18,5601,2000200,2000000,8334,237.523,,,,,40,0.5,6,6,-5.0,5.0,5ee1241,2026-07-23T21:54:30,1.0,2000160,,,,,,DTSA+LS,N=40,C1,5601,13,0,True
ta72,100,20,2000,DTSA,19,5619,2000200,2000000,8334,234.388,,,,,40,0.5,6,6,-5.0,5.0,5ee1241,2026-07-23T21:54:28,1.0,2000160,,,,,,DTSA-core,N=40,C1,5619,0,0,True
ta72,100,20,2000,DTSA,19,5609,2000200,2000000,8334,234.388,,,,,40,0.5,6,6,-5.0,5.0,5ee1241,2026-07-23T21:54:28,1.0,2000160,,,,,,DTSA+LS,N=40,C1,5619,16,4,True
ta73,100,20,2000,DTSA,0,6256,2000200,2000000,8334,248.283,,,,,40,0.5,6,6,-5.0,5.0,5ee1241,2026-07-23T21:58:38,1.0,2000160,,,,,,DTSA-core,N=40,C1,6256,0,0,True
ta73,100,20,2000,DTSA,0,6256,2000200,2000000,8334,248.283,,,,,40,0.5,6,6,-5.0,5.0,5ee1241,2026-07-23T21:58:38,1.0,2000160,,,,,,DTSA+LS,N=40,C1,6256,8,0,True
ta73,100,20,2000,DTSA,1,6349,2000200,2000000,8334,243.716,,,,,40,0.5,6,6,-5.0,5.0,5ee1241,2026-07-23T21:58:33,1.0,2000160,,,,,,DTSA-core,N=40,C1,6349,0,0,True
ta73,100,20,2000,DTSA,1,6349,2000200,2000000,8334,243.716,,,,,40,0.5,6,6,-5.0,5.0,5ee1241,2026-07-23T21:58:33,1.0,2000160,,,,,,DTSA+LS,N=40,C1,6349,14,0,True
ta73,100,20,2000,DTSA,2,6272,2000200,2000000,8334,240.37,,,,,40,0.5,6,6,-5.0,5.0,5ee1241,2026-07-23T21:58:30,1.0,2000160,,,,,,DTSA-core,N=40,C1,6272,0,0,True
ta73,100,20,2000,DTSA,2,6272,2000200,2000000,8334,240.37,,,,,40,0.5,6,6,-5.0,5.0,5ee1241,2026-07-23T21:58:30,1.0,2000160,,,,,,DTSA+LS,N=40,C1,6272,11,0,True
ta73,100,20,2000,DTSA,3,6113,2000200,2000000,8334,246.19,,,,,40,0.5,6,6,-5.0,5.0,5ee1241,2026-07-23T21:58:36,1.0,2000160,,,,,,DTSA-core,N=40,C1,6113,0,0,True
ta73,100,20,2000,DTSA,3,6113,2000200,2000000,8334,246.19,,,,,40,0.5,6,6,-5.0,5.0,5ee1241,2026-07-23T21:58:36,1.0,2000160,,,,,,DTSA+LS,N=40,C1,6113,10,0,True
ta73,100,20,2000,DTSA,4,6215,2000200,2000000,8334,245.133,,,,,40,0.5,6,6,-5.0,5.0,5ee1241,2026-07-23T21:58:35,1.0,2000160,,,,,,DTSA-core,N=40,C1,6215,0,0,True
ta73,100,20,2000,DTSA,4,6215,2000200,2000000,8334,245.133,,,,,40,0.5,6,6,-5.0,5.0,5ee1241,2026-07-23T21:58:35,1.0,2000160,,,,,,DTSA+LS,N=40,C1,6215,4,0,True
ta73,100,20,2000,DTSA,5,6205,2000200,2000000,8334,246.26,,,,,40,0.5,6,6,-5.0,5.0,5ee1241,2026-07-23T21:58:36,1.0,2000160,,,,,,DTSA-core,N=40,C1,6205,0,0,True
ta73,100,20,2000,DTSA,5,6205,2000200,2000000,8334,246.26,,,,,40,0.5,6,6,-5.0,5.0,5ee1241,2026-07-23T21:58:36,1.0,2000160,,,,,,DTSA+LS,N=40,C1,6205,10,0,True
ta73,100,20,2000,DTSA,6,6223,2000200,2000000,8334,248.994,,,,,40,0.5,6,6,-5.0,5.0,5ee1241,2026-07-23T21:58:39,1.0,2000160,,,,,,DTSA-core,N=40,C1,6223,0,0,True
ta73,100,20,2000,DTSA,6,6223,2000200,2000000,8334,248.994,,,,,40,0.5,6,6,-5.0,5.0,5ee1241,2026-07-23T21:58:39,1.0,2000160,,,,,,DTSA+LS,N=40,C1,6223,4,0,True
ta73,100,20,2000,DTSA,7,6124,2000200,2000000,8334,244.137,,,,,40,0.5,6,6,-5.0,5.0,5ee1241,2026-07-23T22:02:34,1.0,2000160,,,,,,DTSA-core,N=40,C1,6124,0,0,True
ta73,100,20,2000,DTSA,7,6124,2000200,2000000,8334,244.137,,,,,40,0.5,6,6,-5.0,5.0,5ee1241,2026-07-23T22:02:34,1.0,2000160,,,,,,DTSA+LS,N=40,C1,6124,10,0,True
ta73,100,20,2000,DTSA,8,6080,2000200,2000000,8334,243.47,,,,,40,0.5,6,6,-5.0,5.0,5ee1241,2026-07-23T22:02:37,1.0,2000160,,,,,,DTSA-core,N=40,C1,6080,0,0,True
ta73,100,20,2000,DTSA,8,6080,2000200,2000000,8334,243.47,,,,,40,0.5,6,6,-5.0,5.0,5ee1241,2026-07-23T22:02:37,1.0,2000160,,,,,,DTSA+LS,N=40,C1,6080,6,0,True
ta73,100,20,2000,DTSA,9,6240,2000200,2000000,8334,242.023,,,,,40,0.5,6,6,-5.0,5.0,5ee1241,2026-07-23T22:02:37,1.0,2000160,,,,,,DTSA-core,N=40,C1,6240,0,0,True
ta73,100,20,2000,DTSA,9,6240,2000200,2000000,8334,242.023,,,,,40,0.5,6,6,-5.0,5.0,5ee1241,2026-07-23T22:02:37,1.0,2000160,,,,,,DTSA+LS,N=40,C1,6240,6,0,True
ta73,100,20,2000,DTSA,10,6274,2000200,2000000,8334,238.529,,,,,40,0.5,6,6,-5.0,5.0,5ee1241,2026-07-23T22:02:35,1.0,2000160,,,,,,DTSA-core,N=40,C1,6274,0,0,True
ta73,100,20,2000,DTSA,10,6274,2000200,2000000,8334,238.529,,,,,40,0.5,6,6,-5.0,5.0,5ee1241,2026-07-23T22:02:35,1.0,2000160,,,,,,DTSA+LS,N=40,C1,6274,13,0,True
ta73,100,20,2000,DTSA,11,6196,2000200,2000000,8334,241.313,,,,,40,0.5,6,6,-5.0,5.0,5ee1241,2026-07-23T22:02:37,1.0,2000160,,,,,,DTSA-core,N=40,C1,6196,0,0,True
ta73,100,20,2000,DTSA,11,6196,2000200,2000000,8334,241.313,,,,,40,0.5,6,6,-5.0,5.0,5ee1241,2026-07-23T22:02:37,1.0,2000160,,,,,,DTSA+LS,N=40,C1,6196,12,0,True
ta73,100,20,2000,DTSA,12,6469,2000200,2000000,8334,244.931,,,,,40,0.5,6,6,-5.0,5.0,5ee1241,2026-07-23T22:02:43,1.0,2000160,,,,,,DTSA-core,N=40,C1,6469,0,0,True
ta73,100,20,2000,DTSA,12,6469,2000200,2000000,8334,244.931,,,,,40,0.5,6,6,-5.0,5.0,5ee1241,2026-07-23T22:02:43,1.0,2000160,,,,,,DTSA+LS,N=40,C1,6469,17,0,True
ta73,100,20,2000,DTSA,13,6184,2000200,2000000,8334,242.971,,,,,40,0.5,6,6,-5.0,5.0,5ee1241,2026-07-23T22:02:42,1.0,2000160,,,,,,DTSA-core,N=40,C1,6184,0,0,True
ta73,100,20,2000,DTSA,13,6184,2000200,2000000,8334,242.971,,,,,40,0.5,6,6,-5.0,5.0,5ee1241,2026-07-23T22:02:42,1.0,2000160,,,,,,DTSA+LS,N=40,C1,6184,7,0,True
ta73,100,20,2000,DTSA,14,6218,2000200,2000000,8334,229.122,,,,,40,0.5,6,6,-5.0,5.0,5ee1241,2026-07-23T22:06:24,1.0,2000160,,,,,,DTSA-core,N=40,C1,6218,0,0,True
ta73,100,20,2000,DTSA,14,6218,2000200,2000000,8334,229.122,,,,,40,0.5,6,6,-5.0,5.0,5ee1241,2026-07-23T22:06:24,1.0,2000160,,,,,,DTSA+LS,N=40,C1,6218,21,0,True
ta73,100,20,2000,DTSA,15,6200,2000200,2000000,8334,230.254,,,,,40,0.5,6,6,-5.0,5.0,5ee1241,2026-07-23T22:06:25,1.0,2000160,,,,,,DTSA-core,N=40,C1,6200,0,0,True
ta73,100,20,2000,DTSA,15,6200,2000200,2000000,8334,230.254,,,,,40,0.5,6,6,-5.0,5.0,5ee1241,2026-07-23T22:06:25,1.0,2000160,,,,,,DTSA+LS,N=40,C1,6200,14,0,True
ta73,100,20,2000,DTSA,16,6231,2000200,2000000,8334,230.262,,,,,40,0.5,6,6,-5.0,5.0,5ee1241,2026-07-23T22:06:27,1.0,2000160,,,,,,DTSA-core,N=40,C1,6231,0,0,True
ta73,100,20,2000,DTSA,16,6231,2000200,2000000,8334,230.262,,,,,40,0.5,6,6,-5.0,5.0,5ee1241,2026-07-23T22:06:27,1.0,2000160,,,,,,DTSA+LS,N=40,C1,6231,6,0,True
ta73,100,20,2000,DTSA,17,6184,2000200,2000000,8334,228.934,,,,,40,0.5,6,6,-5.0,5.0,5ee1241,2026-07-23T22:06:26,1.0,2000160,,,,,,DTSA-core,N=40,C1,6184,0,0,True
ta73,100,20,2000,DTSA,17,6184,2000200,2000000,8334,228.934,,,,,40,0.5,6,6,-5.0,5.0,5ee1241,2026-07-23T22:06:26,1.0,2000160,,,,,,DTSA+LS,N=40,C1,6184,4,0,True
ta73,100,20,2000,DTSA,18,6126,2000200,2000000,8334,232.011,,,,,40,0.5,6,6,-5.0,5.0,5ee1241,2026-07-23T22:06:29,1.0,2000160,,,,,,DTSA-core,N=40,C1,6126,0,0,True
ta73,100,20,2000,DTSA,18,6126,2000200,2000000,8334,232.011,,,,,40,0.5,6,6,-5.0,5.0,5ee1241,2026-07-23T22:06:29,1.0,2000160,,,,,,DTSA+LS,N=40,C1,6126,8,0,True
ta73,100,20,2000,DTSA,19,6241,2000200,2000000,8334,231.834,,,,,40,0.5,6,6,-5.0,5.0,5ee1241,2026-07-23T22:06:34,1.0,2000160,,,,,,DTSA-core,N=40,C1,6241,0,0,True
ta73,100,20,2000,DTSA,19,6241,2000200,2000000,8334,231.834,,,,,40,0.5,6,6,-5.0,5.0,5ee1241,2026-07-23T22:06:34,1.0,2000160,,,,,,DTSA+LS,N=40,C1,6241,9,0,True
ta74,100,20,2000,DTSA,0,5757,2000200,2000000,8334,242.618,,,,,40,0.5,6,6,-5.0,5.0,5ee1241,2026-07-23T22:10:36,1.0,2000160,,,,,,DTSA-core,N=40,C1,5757,0,0,True
ta74,100,20,2000,DTSA,0,5757,2000200,2000000,8334,242.618,,,,,40,0.5,6,6,-5.0,5.0,5ee1241,2026-07-23T22:10:36,1.0,2000160,,,,,,DTSA+LS,N=40,C1,5757,28,0,True
ta74,100,20,2000,DTSA,1,5887,2000200,2000000,8334,238.32,,,,,40,0.5,6,6,-5.0,5.0,5ee1241,2026-07-23T22:10:32,1.0,2000160,,,,,,DTSA-core,N=40,C1,5887,0,0,True
ta74,100,20,2000,DTSA,1,5887,2000200,2000000,8334,238.32,,,,,40,0.5,6,6,-5.0,5.0,5ee1241,2026-07-23T22:10:32,1.0,2000160,,,,,,DTSA+LS,N=40,C1,5887,9,0,True
ta74,100,20,2000,DTSA,2,5747,2000200,2000000,8334,236.74,,,,,40,0.5,6,6,-5.0,5.0,5ee1241,2026-07-23T22:10:31,1.0,2000160,,,,,,DTSA-core,N=40,C1,5747,0,0,True
ta74,100,20,2000,DTSA,2,5747,2000200,2000000,8334,236.74,,,,,40,0.5,6,6,-5.0,5.0,5ee1241,2026-07-23T22:10:31,1.0,2000160,,,,,,DTSA+LS,N=40,C1,5747,6,0,True
ta74,100,20,2000,DTSA,3,5780,2000200,2000000,8334,236.611,,,,,40,0.5,6,6,-5.0,5.0,5ee1241,2026-07-23T22:10:30,1.0,2000160,,,,,,DTSA-core,N=40,C1,5780,0,0,True
ta74,100,20,2000,DTSA,3,5780,2000200,2000000,8334,236.611,,,,,40,0.5,6,6,-5.0,5.0,5ee1241,2026-07-23T22:10:30,1.0,2000160,,,,,,DTSA+LS,N=40,C1,5780,18,0,True
ta74,100,20,2000,DTSA,4,5789,2000200,2000000,8334,237.974,,,,,40,0.5,6,6,-5.0,5.0,5ee1241,2026-07-23T22:10:32,1.0,2000160,,,,,,DTSA-core,N=40,C1,5789,0,0,True
ta74,100,20,2000,DTSA,4,5789,2000200,2000000,8334,237.974,,,,,40,0.5,6,6,-5.0,5.0,5ee1241,2026-07-23T22:10:32,1.0,2000160,,,,,,DTSA+LS,N=40,C1,5789,12,0,True
ta74,100,20,2000,DTSA,5,5885,2000200,2000000,8334,238.407,,,,,40,0.5,6,6,-5.0,5.0,5ee1241,2026-07-23T22:10:32,1.0,2000160,,,,,,DTSA-core,N=40,C1,5885,0,0,True
ta74,100,20,2000,DTSA,5,5885,2000200,2000000,8334,238.407,,,,,40,0.5,6,6,-5.0,5.0,5ee1241,2026-07-23T22:10:32,1.0,2000160,,,,,,DTSA+LS,N=40,C1,5885,18,0,True
ta74,100,20,2000,DTSA,6,5786,2000200,2000000,8334,238.653,,,,,40,0.5,6,6,-5.0,5.0,5ee1241,2026-07-23T22:10:32,1.0,2000160,,,,,,DTSA-core,N=40,C1,5786,0,0,True
ta74,100,20,2000,DTSA,6,5786,2000200,2000000,8334,238.653,,,,,40,0.5,6,6,-5.0,5.0,5ee1241,2026-07-23T22:10:32,1.0,2000160,,,,,,DTSA+LS,N=40,C1,5786,6,0,True
ta74,100,20,2000,DTSA,7,5798,2000200,2000000,8334,235.93,,,,,40,0.5,6,6,-5.0,5.0,5ee1241,2026-07-23T22:14:26,1.0,2000160,,,,,,DTSA-core,N=40,C1,5798,0,0,True
ta74,100,20,2000,DTSA,7,5798,2000200,2000000,8334,235.93,,,,,40,0.5,6,6,-5.0,5.0,5ee1241,2026-07-23T22:14:26,1.0,2000160,,,,,,DTSA+LS,N=40,C1,5798,9,0,True
ta74,100,20,2000,DTSA,8,5711,2000200,2000000,8334,235.619,,,,,40,0.5,6,6,-5.0,5.0,5ee1241,2026-07-23T22:14:26,1.0,2000160,,,,,,DTSA-core,N=40,C1,5711,0,0,True
ta74,100,20,2000,DTSA,8,5711,2000200,2000000,8334,235.619,,,,,40,0.5,6,6,-5.0,5.0,5ee1241,2026-07-23T22:14:26,1.0,2000160,,,,,,DTSA+LS,N=40,C1,5711,6,0,True
ta74,100,20,2000,DTSA,9,5684,2000200,2000000,8334,237.035,,,,,40,0.5,6,6,-5.0,5.0,5ee1241,2026-07-23T22:14:29,1.0,2000160,,,,,,DTSA-core,N=40,C1,5684,0,0,True
ta74,100,20,2000,DTSA,9,5684,2000200,2000000,8334,237.035,,,,,40,0.5,6,6,-5.0,5.0,5ee1241,2026-07-23T22:14:29,1.0,2000160,,,,,,DTSA+LS,N=40,C1,5684,11,0,True
ta74,100,20,2000,DTSA,10,5846,2000200,2000000,8334,236.4,,,,,40,0.5,6,6,-5.0,5.0,5ee1241,2026-07-23T22:14:29,1.0,2000160,,,,,,DTSA-core,N=40,C1,5846,0,0,True
ta74,100,20,2000,DTSA,10,5846,2000200,2000000,8334,236.4,,,,,40,0.5,6,6,-5.0,5.0,5ee1241,2026-07-23T22:14:29,1.0,2000160,,,,,,DTSA+LS,N=40,C1,5846,10,0,True
ta74,100,20,2000,DTSA,11,5833,2000200,2000000,8334,238.016,,,,,40,0.5,6,6,-5.0,5.0,5ee1241,2026-07-23T22:14:30,1.0,2000160,,,,,,DTSA-core,N=40,C1,5833,0,0,True
ta74,100,20,2000,DTSA,11,5833,2000200,2000000,8334,238.016,,,,,40,0.5,6,6,-5.0,5.0,5ee1241,2026-07-23T22:14:30,1.0,2000160,,,,,,DTSA+LS,N=40,C1,5833,6,0,True
ta74,100,20,2000,DTSA,12,5905,2000200,2000000,8334,240.672,,,,,40,0.5,6,6,-5.0,5.0,5ee1241,2026-07-23T22:14:33,1.0,2000160,,,,,,DTSA-core,N=40,C1,5905,0,0,True
ta74,100,20,2000,DTSA,12,5905,2000200,2000000,8334,240.672,,,,,40,0.5,6,6,-5.0,5.0,5ee1241,2026-07-23T22:14:33,1.0,2000160,,,,,,DTSA+LS,N=40,C1,5905,14,0,True
ta74,100,20,2000,DTSA,13,5790,2000200,2000000,8334,239.416,,,,,40,0.5,6,6,-5.0,5.0,5ee1241,2026-07-23T22:14:36,1.0,2000160,,,,,,DTSA-core,N=40,C1,5790,0,0,True
ta74,100,20,2000,DTSA,13,5790,2000200,2000000,8334,239.416,,,,,40,0.5,6,6,-5.0,5.0,5ee1241,2026-07-23T22:14:36,1.0,2000160,,,,,,DTSA+LS,N=40,C1,5790,8,0,True
ta74,100,20,2000,DTSA,14,5776,2000200,2000000,8334,229.732,,,,,40,0.5,6,6,-5.0,5.0,5ee1241,2026-07-23T22:18:16,1.0,2000160,,,,,,DTSA-core,N=40,C1,5776,0,0,True
ta74,100,20,2000,DTSA,14,5776,2000200,2000000,8334,229.732,,,,,40,0.5,6,6,-5.0,5.0,5ee1241,2026-07-23T22:18:16,1.0,2000160,,,,,,DTSA+LS,N=40,C1,5776,4,0,True
ta74,100,20,2000,DTSA,15,5894,2000200,2000000,8334,229.242,,,,,40,0.5,6,6,-5.0,5.0,5ee1241,2026-07-23T22:18:16,1.0,2000160,,,,,,DTSA-core,N=40,C1,5894,0,0,True
ta74,100,20,2000,DTSA,15,5894,2000200,2000000,8334,229.242,,,,,40,0.5,6,6,-5.0,5.0,5ee1241,2026-07-23T22:18:16,1.0,2000160,,,,,,DTSA+LS,N=40,C1,5894,6,0,True
ta74,100,20,2000,DTSA,16,5802,2000200,2000000,8334,229.118,,,,,40,0.5,6,6,-5.0,5.0,5ee1241,2026-07-23T22:18:18,1.0,2000160,,,,,,DTSA-core,N=40,C1,5802,0,0,True
ta74,100,20,2000,DTSA,16,5802,2000200,2000000,8334,229.118,,,,,40,0.5,6,6,-5.0,5.0,5ee1241,2026-07-23T22:18:18,1.0,2000160,,,,,,DTSA+LS,N=40,C1,5802,17,0,True
ta74,100,20,2000,DTSA,17,5791,2000200,2000000,8334,232.072,,,,,40,0.5,6,6,-5.0,5.0,5ee1241,2026-07-23T22:18:21,1.0,2000160,,,,,,DTSA-core,N=40,C1,5791,0,0,True
ta74,100,20,2000,DTSA,17,5791,2000200,2000000,8334,232.072,,,,,40,0.5,6,6,-5.0,5.0,5ee1241,2026-07-23T22:18:21,1.0,2000160,,,,,,DTSA+LS,N=40,C1,5791,6,0,True
ta74,100,20,2000,DTSA,18,5777,2000200,2000000,8334,230.038,,,,,40,0.5,6,6,-5.0,5.0,5ee1241,2026-07-23T22:18:20,1.0,2000160,,,,,,DTSA-core,N=40,C1,5777,0,0,True
ta74,100,20,2000,DTSA,18,5777,2000200,2000000,8334,230.038,,,,,40,0.5,6,6,-5.0,5.0,5ee1241,2026-07-23T22:18:20,1.0,2000160,,,,,,DTSA+LS,N=40,C1,5777,12,0,True
ta74,100,20,2000,DTSA,19,5759,2000200,2000000,8334,232.311,,,,,40,0.5,6,6,-5.0,5.0,5ee1241,2026-07-23T22:18:26,1.0,2000160,,,,,,DTSA-core,N=40,C1,5759,0,0,True
ta74,100,20,2000,DTSA,19,5759,2000200,2000000,8334,232.311,,,,,40,0.5,6,6,-5.0,5.0,5ee1241,2026-07-23T22:18:26,1.0,2000160,,,,,,DTSA+LS,N=40,C1,5759,10,0,True
ta75,100,20,2000,DTSA,0,6068,2000200,2000000,8334,240.563,,,,,40,0.5,6,6,-5.0,5.0,5ee1241,2026-07-23T22:22:26,1.0,2000160,,,,,,DTSA-core,N=40,C1,6068,0,0,True
ta75,100,20,2000,DTSA,0,6068,2000200,2000000,8334,240.563,,,,,40,0.5,6,6,-5.0,5.0,5ee1241,2026-07-23T22:22:26,1.0,2000160,,,,,,DTSA+LS,N=40,C1,6068,4,0,True
ta75,100,20,2000,DTSA,1,6260,2000200,2000000,8334,236.696,,,,,40,0.5,6,6,-5.0,5.0,5ee1241,2026-07-23T22:22:22,1.0,2000160,,,,,,DTSA-core,N=40,C1,6260,0,0,True
ta75,100,20,2000,DTSA,1,6260,2000200,2000000,8334,236.696,,,,,40,0.5,6,6,-5.0,5.0,5ee1241,2026-07-23T22:22:22,1.0,2000160,,,,,,DTSA+LS,N=40,C1,6260,6,0,True
ta75,100,20,2000,DTSA,2,6191,2000200,2000000,8334,234.612,,,,,40,0.5,6,6,-5.0,5.0,5ee1241,2026-07-23T22:22:20,1.0,2000160,,,,,,DTSA-core,N=40,C1,6191,0,0,True
ta75,100,20,2000,DTSA,2,6191,2000200,2000000,8334,234.612,,,,,40,0.5,6,6,-5.0,5.0,5ee1241,2026-07-23T22:22:20,1.0,2000160,,,,,,DTSA+LS,N=40,C1,6191,18,0,True
ta75,100,20,2000,DTSA,3,6130,2000200,2000000,8334,236.483,,,,,40,0.5,6,6,-5.0,5.0,5ee1241,2026-07-23T22:22:22,1.0,2000160,,,,,,DTSA-core,N=40,C1,6130,0,0,True
ta75,100,20,2000,DTSA,3,6130,2000200,2000000,8334,236.483,,,,,40,0.5,6,6,-5.0,5.0,5ee1241,2026-07-23T22:22:22,1.0,2000160,,,,,,DTSA+LS,N=40,C1,6130,6,0,True
ta75,100,20,2000,DTSA,4,6137,2000200,2000000,8334,238.194,,,,,40,0.5,6,6,-5.0,5.0,5ee1241,2026-07-23T22:22:24,1.0,2000160,,,,,,DTSA-core,N=40,C1,6137,0,0,True
ta75,100,20,2000,DTSA,4,6137,2000200,2000000,8334,238.194,,,,,40,0.5,6,6,-5.0,5.0,5ee1241,2026-07-23T22:22:24,1.0,2000160,,,,,,DTSA+LS,N=40,C1,6137,13,0,True
ta75,100,20,2000,DTSA,5,6103,2000200,2000000,8334,237.527,,,,,40,0.5,6,6,-5.0,5.0,5ee1241,2026-07-23T22:22:23,1.0,2000160,,,,,,DTSA-core,N=40,C1,6103,0,0,True
ta75,100,20,2000,DTSA,5,6103,2000200,2000000,8334,237.527,,,,,40,0.5,6,6,-5.0,5.0,5ee1241,2026-07-23T22:22:23,1.0,2000160,,,,,,DTSA+LS,N=40,C1,6103,6,0,True
ta75,100,20,2000,DTSA,6,6035,2000200,2000000,8334,240.655,,,,,40,0.5,6,6,-5.0,5.0,5ee1241,2026-07-23T22:22:26,1.0,2000160,,,,,,DTSA-core,N=40,C1,6035,0,0,True
ta75,100,20,2000,DTSA,6,6035,2000200,2000000,8334,240.655,,,,,40,0.5,6,6,-5.0,5.0,5ee1241,2026-07-23T22:22:26,1.0,2000160,,,,,,DTSA+LS,N=40,C1,6035,8,0,True
ta75,100,20,2000,DTSA,7,6065,2000200,2000000,8334,240.749,,,,,40,0.5,6,6,-5.0,5.0,5ee1241,2026-07-23T22:26:21,1.0,2000160,,,,,,DTSA-core,N=40,C1,6065,0,0,True
ta75,100,20,2000,DTSA,7,6065,2000200,2000000,8334,240.749,,,,,40,0.5,6,6,-5.0,5.0,5ee1241,2026-07-23T22:26:21,1.0,2000160,,,,,,DTSA+LS,N=40,C1,6065,4,0,True
ta75,100,20,2000,DTSA,8,5989,2000200,2000000,8334,238.426,,,,,40,0.5,6,6,-5.0,5.0,5ee1241,2026-07-23T22:26:21,1.0,2000160,,,,,,DTSA-core,N=40,C1,5989,0,0,True
ta75,100,20,2000,DTSA,8,5989,2000200,2000000,8334,238.426,,,,,40,0.5,6,6,-5.0,5.0,5ee1241,2026-07-23T22:26:21,1.0,2000160,,,,,,DTSA+LS,N=40,C1,5989,10,0,True
ta75,100,20,2000,DTSA,9,6075,2000200,2000000,8334,235.669,,,,,40,0.5,6,6,-5.0,5.0,5ee1241,2026-07-23T22:26:18,1.0,2000160,,,,,,DTSA-core,N=40,C1,6075,0,0,True
ta75,100,20,2000,DTSA,9,6075,2000200,2000000,8334,235.669,,,,,40,0.5,6,6,-5.0,5.0,5ee1241,2026-07-23T22:26:18,1.0,2000160,,,,,,DTSA+LS,N=40,C1,6075,6,0,True
ta75,100,20,2000,DTSA,10,6014,2000200,2000000,8334,236.846,,,,,40,0.5,6,6,-5.0,5.0,5ee1241,2026-07-23T22:26:20,1.0,2000160,,,,,,DTSA-core,N=40,C1,6014,0,0,True
ta75,100,20,2000,DTSA,10,6014,2000200,2000000,8334,236.846,,,,,40,0.5,6,6,-5.0,5.0,5ee1241,2026-07-23T22:26:20,1.0,2000160,,,,,,DTSA+LS,N=40,C1,6014,13,0,True
ta75,100,20,2000,DTSA,11,6198,2000200,2000000,8334,239.421,,,,,40,0.5,6,6,-5.0,5.0,5ee1241,2026-07-23T22:26:23,1.0,2000160,,,,,,DTSA-core,N=40,C1,6198,0,0,True
ta75,100,20,2000,DTSA,11,6198,2000200,2000000,8334,239.421,,,,,40,0.5,6,6,-5.0,5.0,5ee1241,2026-07-23T22:26:23,1.0,2000160,,,,,,DTSA+LS,N=40,C1,6198,15,0,True
ta75,100,20,2000,DTSA,12,6212,2000200,2000000,8334,238.905,,,,,40,0.5,6,6,-5.0,5.0,5ee1241,2026-07-23T22:26:25,1.0,2000160,,,,,,DTSA-core,N=40,C1,6212,0,0,True
ta75,100,20,2000,DTSA,12,6212,2000200,2000000,8334,238.905,,,,,40,0.5,6,6,-5.0,5.0,5ee1241,2026-07-23T22:26:25,1.0,2000160,,,,,,DTSA+LS,N=40,C1,6212,5,0,True
ta75,100,20,2000,DTSA,13,6215,2000200,2000000,8334,239.127,,,,,40,0.5,6,6,-5.0,5.0,5ee1241,2026-07-23T22:26:26,1.0,2000160,,,,,,DTSA-core,N=40,C1,6215,0,0,True
ta75,100,20,2000,DTSA,13,6215,2000200,2000000,8334,239.127,,,,,40,0.5,6,6,-5.0,5.0,5ee1241,2026-07-23T22:26:26,1.0,2000160,,,,,,DTSA+LS,N=40,C1,6215,16,0,True
ta75,100,20,2000,DTSA,14,6065,2000200,2000000,8334,232.301,,,,,40,0.5,6,6,-5.0,5.0,5ee1241,2026-07-23T22:30:10,1.0,2000160,,,,,,DTSA-core,N=40,C1,6065,0,0,True
ta75,100,20,2000,DTSA,14,6065,2000200,2000000,8334,232.301,,,,,40,0.5,6,6,-5.0,5.0,5ee1241,2026-07-23T22:30:10,1.0,2000160,,,,,,DTSA+LS,N=40,C1,6065,13,0,True
ta75,100,20,2000,DTSA,15,6047,2000200,2000000,8334,230.807,,,,,40,0.5,6,6,-5.0,5.0,5ee1241,2026-07-23T22:30:11,1.0,2000160,,,,,,DTSA-core,N=40,C1,6047,0,0,True
ta75,100,20,2000,DTSA,15,6047,2000200,2000000,8334,230.807,,,,,40,0.5,6,6,-5.0,5.0,5ee1241,2026-07-23T22:30:11,1.0,2000160,,,,,,DTSA+LS,N=40,C1,6047,9,0,True
ta75,100,20,2000,DTSA,16,6079,2000200,2000000,8334,230.833,,,,,40,0.5,6,6,-5.0,5.0,5ee1241,2026-07-23T22:30:12,1.0,2000160,,,,,,DTSA-core,N=40,C1,6079,0,0,True
ta75,100,20,2000,DTSA,16,6079,2000200,2000000,8334,230.833,,,,,40,0.5,6,6,-5.0,5.0,5ee1241,2026-07-23T22:30:12,1.0,2000160,,,,,,DTSA+LS,N=40,C1,6079,8,0,True
ta75,100,20,2000,DTSA,17,6168,2000200,2000000,8334,231.68,,,,,40,0.5,6,6,-5.0,5.0,5ee1241,2026-07-23T22:30:13,1.0,2000160,,,,,,DTSA-core,N=40,C1,6168,0,0,True
ta75,100,20,2000,DTSA,17,6168,2000200,2000000,8334,231.68,,,,,40,0.5,6,6,-5.0,5.0,5ee1241,2026-07-23T22:30:13,1.0,2000160,,,,,,DTSA+LS,N=40,C1,6168,12,0,True
ta75,100,20,2000,DTSA,18,6188,2000200,2000000,8334,231.609,,,,,40,0.5,6,6,-5.0,5.0,5ee1241,2026-07-23T22:30:15,1.0,2000160,,,,,,DTSA-core,N=40,C1,6188,0,0,True
ta75,100,20,2000,DTSA,18,6188,2000200,2000000,8334,231.609,,,,,40,0.5,6,6,-5.0,5.0,5ee1241,2026-07-23T22:30:15,1.0,2000160,,,,,,DTSA+LS,N=40,C1,6188,4,0,True
ta75,100,20,2000,DTSA,19,6057,2000200,2000000,8334,235.251,,,,,40,0.5,6,6,-5.0,5.0,5ee1241,2026-07-23T22:30:21,1.0,2000160,,,,,,DTSA-core,N=40,C1,6057,0,0,True
ta75,100,20,2000,DTSA,19,6057,2000200,2000000,8334,235.251,,,,,40,0.5,6,6,-5.0,5.0,5ee1241,2026-07-23T22:30:21,1.0,2000160,,,,,,DTSA+LS,N=40,C1,6057,10,0,True
ta01,15,15,225,DTSA,0,1389,225675,225000,167,4.139,,,,,225,0.5,6,6,-5.0,5.0,5ee1241,2026-07-23T22:30:25,1.0,225450,,,,,,DTSA-core,N=D,C1,1389,0,0,True
ta01,15,15,225,DTSA,0,1389,225675,225000,167,4.139,,,,,225,0.5,6,6,-5.0,5.0,5ee1241,2026-07-23T22:30:25,1.0,225450,,,,,,DTSA+LS,N=D,C1,1389,6,0,True
ta01,15,15,225,DTSA,1,1369,225675,225000,167,4.1,,,,,225,0.5,6,6,-5.0,5.0,5ee1241,2026-07-23T22:30:25,1.0,225450,,,,,,DTSA-core,N=D,C1,1369,0,0,True
ta01,15,15,225,DTSA,1,1369,225675,225000,167,4.1,,,,,225,0.5,6,6,-5.0,5.0,5ee1241,2026-07-23T22:30:25,1.0,225450,,,,,,DTSA+LS,N=D,C1,1369,3,0,True
ta01,15,15,225,DTSA,2,1390,225675,225000,167,4.152,,,,,225,0.5,6,6,-5.0,5.0,5ee1241,2026-07-23T22:30:25,1.0,225450,,,,,,DTSA-core,N=D,C1,1390,0,0,True
ta01,15,15,225,DTSA,2,1390,225675,225000,167,4.152,,,,,225,0.5,6,6,-5.0,5.0,5ee1241,2026-07-23T22:30:25,1.0,225450,,,,,,DTSA+LS,N=D,C1,1390,4,0,True
ta01,15,15,225,DTSA,3,1392,225675,225000,167,4.165,,,,,225,0.5,6,6,-5.0,5.0,5ee1241,2026-07-23T22:30:25,1.0,225450,,,,,,DTSA-core,N=D,C1,1392,0,0,True
ta01,15,15,225,DTSA,3,1392,225675,225000,167,4.165,,,,,225,0.5,6,6,-5.0,5.0,5ee1241,2026-07-23T22:30:25,1.0,225450,,,,,,DTSA+LS,N=D,C1,1392,10,0,True
ta01,15,15,225,DTSA,4,1423,225675,225000,167,4.116,,,,,225,0.5,6,6,-5.0,5.0,5ee1241,2026-07-23T22:30:25,1.0,225450,,,,,,DTSA-core,N=D,C1,1423,0,0,True
ta01,15,15,225,DTSA,4,1423,225675,225000,167,4.116,,,,,225,0.5,6,6,-5.0,5.0,5ee1241,2026-07-23T22:30:25,1.0,225450,,,,,,DTSA+LS,N=D,C1,1423,5,0,True
ta01,15,15,225,DTSA,5,1424,225675,225000,167,4.06,,,,,225,0.5,6,6,-5.0,5.0,5ee1241,2026-07-23T22:30:25,1.0,225450,,,,,,DTSA-core,N=D,C1,1424,0,0,True
ta01,15,15,225,DTSA,5,1424,225675,225000,167,4.06,,,,,225,0.5,6,6,-5.0,5.0,5ee1241,2026-07-23T22:30:25,1.0,225450,,,,,,DTSA+LS,N=D,C1,1424,3,0,True
ta01,15,15,225,DTSA,6,1367,225675,225000,167,4.093,,,,,225,0.5,6,6,-5.0,5.0,5ee1241,2026-07-23T22:30:25,1.0,225450,,,,,,DTSA-core,N=D,C1,1367,0,0,True
ta01,15,15,225,DTSA,6,1327,225675,225000,167,4.093,,,,,225,0.5,6,6,-5.0,5.0,5ee1241,2026-07-23T22:30:25,1.0,225450,,,,,,DTSA+LS,N=D,C1,1367,46,6,True
ta01,15,15,225,DTSA,7,1437,225675,225000,167,4.17,,,,,225,0.5,6,6,-5.0,5.0,5ee1241,2026-07-23T22:30:29,1.0,225450,,,,,,DTSA-core,N=D,C1,1437,0,0,True
ta01,15,15,225,DTSA,7,1437,225675,225000,167,4.17,,,,,225,0.5,6,6,-5.0,5.0,5ee1241,2026-07-23T22:30:29,1.0,225450,,,,,,DTSA+LS,N=D,C1,1437,6,0,True
ta01,15,15,225,DTSA,8,1369,225675,225000,167,4.152,,,,,225,0.5,6,6,-5.0,5.0,5ee1241,2026-07-23T22:30:29,1.0,225450,,,,,,DTSA-core,N=D,C1,1369,0,0,True
ta01,15,15,225,DTSA,8,1369,225675,225000,167,4.152,,,,,225,0.5,6,6,-5.0,5.0,5ee1241,2026-07-23T22:30:29,1.0,225450,,,,,,DTSA+LS,N=D,C1,1369,3,0,True
ta01,15,15,225,DTSA,9,1416,225675,225000,167,4.132,,,,,225,0.5,6,6,-5.0,5.0,5ee1241,2026-07-23T22:30:29,1.0,225450,,,,,,DTSA-core,N=D,C1,1416,0,0,True
ta01,15,15,225,DTSA,9,1416,225675,225000,167,4.132,,,,,225,0.5,6,6,-5.0,5.0,5ee1241,2026-07-23T22:30:29,1.0,225450,,,,,,DTSA+LS,N=D,C1,1416,5,0,True
ta01,15,15,225,DTSA,10,1403,225675,225000,167,4.206,,,,,225,0.5,6,6,-5.0,5.0,5ee1241,2026-07-23T22:30:29,1.0,225450,,,,,,DTSA-core,N=D,C1,1403,0,0,True
ta01,15,15,225,DTSA,10,1403,225675,225000,167,4.206,,,,,225,0.5,6,6,-5.0,5.0,5ee1241,2026-07-23T22:30:29,1.0,225450,,,,,,DTSA+LS,N=D,C1,1403,5,0,True
ta01,15,15,225,DTSA,11,1371,225675,225000,167,4.272,,,,,225,0.5,6,6,-5.0,5.0,5ee1241,2026-07-23T22:30:29,1.0,225450,,,,,,DTSA-core,N=D,C1,1371,0,0,True
ta01,15,15,225,DTSA,11,1371,225675,225000,167,4.272,,,,,225,0.5,6,6,-5.0,5.0,5ee1241,2026-07-23T22:30:29,1.0,225450,,,,,,DTSA+LS,N=D,C1,1371,5,0,True
ta01,15,15,225,DTSA,12,1410,225675,225000,167,4.213,,,,,225,0.5,6,6,-5.0,5.0,5ee1241,2026-07-23T22:30:29,1.0,225450,,,,,,DTSA-core,N=D,C1,1410,0,0,True
ta01,15,15,225,DTSA,12,1410,225675,225000,167,4.213,,,,,225,0.5,6,6,-5.0,5.0,5ee1241,2026-07-23T22:30:29,1.0,225450,,,,,,DTSA+LS,N=D,C1,1410,7,0,True
ta01,15,15,225,DTSA,13,1372,225675,225000,167,4.193,,,,,225,0.5,6,6,-5.0,5.0,5ee1241,2026-07-23T22:30:29,1.0,225450,,,,,,DTSA-core,N=D,C1,1372,0,0,True
ta01,15,15,225,DTSA,13,1372,225675,225000,167,4.193,,,,,225,0.5,6,6,-5.0,5.0,5ee1241,2026-07-23T22:30:29,1.0,225450,,,,,,DTSA+LS,N=D,C1,1372,6,0,True
ta01,15,15,225,DTSA,14,1418,225675,225000,167,4.082,,,,,225,0.5,6,6,-5.0,5.0,5ee1241,2026-07-23T22:30:33,1.0,225450,,,,,,DTSA-core,N=D,C1,1418,0,0,True
ta01,15,15,225,DTSA,14,1418,225675,225000,167,4.082,,,,,225,0.5,6,6,-5.0,5.0,5ee1241,2026-07-23T22:30:33,1.0,225450,,,,,,DTSA+LS,N=D,C1,1418,6,0,True
ta01,15,15,225,DTSA,15,1384,225675,225000,167,4.144,,,,,225,0.5,6,6,-5.0,5.0,5ee1241,2026-07-23T22:30:33,1.0,225450,,,,,,DTSA-core,N=D,C1,1384,0,0,True
ta01,15,15,225,DTSA,15,1384,225675,225000,167,4.144,,,,,225,0.5,6,6,-5.0,5.0,5ee1241,2026-07-23T22:30:33,1.0,225450,,,,,,DTSA+LS,N=D,C1,1384,5,0,True
ta01,15,15,225,DTSA,16,1409,225675,225000,167,4.111,,,,,225,0.5,6,6,-5.0,5.0,5ee1241,2026-07-23T22:30:33,1.0,225450,,,,,,DTSA-core,N=D,C1,1409,0,0,True
ta01,15,15,225,DTSA,16,1409,225675,225000,167,4.111,,,,,225,0.5,6,6,-5.0,5.0,5ee1241,2026-07-23T22:30:33,1.0,225450,,,,,,DTSA+LS,N=D,C1,1409,5,0,True
ta01,15,15,225,DTSA,17,1367,225675,225000,167,4.155,,,,,225,0.5,6,6,-5.0,5.0,5ee1241,2026-07-23T22:30:33,1.0,225450,,,,,,DTSA-core,N=D,C1,1367,0,0,True
ta01,15,15,225,DTSA,17,1367,225675,225000,167,4.155,,,,,225,0.5,6,6,-5.0,5.0,5ee1241,2026-07-23T22:30:33,1.0,225450,,,,,,DTSA+LS,N=D,C1,1367,5,0,True
ta01,15,15,225,DTSA,18,1362,225675,225000,167,4.15,,,,,225,0.5,6,6,-5.0,5.0,5ee1241,2026-07-23T22:30:33,1.0,225450,,,,,,DTSA-core,N=D,C1,1362,0,0,True
ta01,15,15,225,DTSA,18,1362,225675,225000,167,4.15,,,,,225,0.5,6,6,-5.0,5.0,5ee1241,2026-07-23T22:30:33,1.0,225450,,,,,,DTSA+LS,N=D,C1,1362,6,0,True
ta01,15,15,225,DTSA,19,1420,225675,225000,167,4.129,,,,,225,0.5,6,6,-5.0,5.0,5ee1241,2026-07-23T22:30:33,1.0,225450,,,,,,DTSA-core,N=D,C1,1420,0,0,True
ta01,15,15,225,DTSA,19,1420,225675,225000,167,4.129,,,,,225,0.5,6,6,-5.0,5.0,5ee1241,2026-07-23T22:30:33,1.0,225450,,,,,,DTSA+LS,N=D,C1,1420,5,0,True
ta02,15,15,225,DTSA,0,1414,225675,225000,167,4.361,,,,,225,0.5,6,6,-5.0,5.0,5ee1241,2026-07-23T22:30:38,1.0,225450,,,,,,DTSA-core,N=D,C1,1414,0,0,True
ta02,15,15,225,DTSA,0,1414,225675,225000,167,4.361,,,,,225,0.5,6,6,-5.0,5.0,5ee1241,2026-07-23T22:30:38,1.0,225450,,,,,,DTSA+LS,N=D,C1,1414,10,0,True
ta02,15,15,225,DTSA,1,1348,225675,225000,167,4.346,,,,,225,0.5,6,6,-5.0,5.0,5ee1241,2026-07-23T22:30:37,1.0,225450,,,,,,DTSA-core,N=D,C1,1348,0,0,True
ta02,15,15,225,DTSA,1,1348,225675,225000,167,4.346,,,,,225,0.5,6,6,-5.0,5.0,5ee1241,2026-07-23T22:30:37,1.0,225450,,,,,,DTSA+LS,N=D,C1,1348,7,0,True
ta02,15,15,225,DTSA,2,1485,225675,225000,167,4.34,,,,,225,0.5,6,6,-5.0,5.0,5ee1241,2026-07-23T22:30:37,1.0,225450,,,,,,DTSA-core,N=D,C1,1485,0,0,True
ta02,15,15,225,DTSA,2,1485,225675,225000,167,4.34,,,,,225,0.5,6,6,-5.0,5.0,5ee1241,2026-07-23T22:30:37,1.0,225450,,,,,,DTSA+LS,N=D,C1,1485,7,0,True
ta02,15,15,225,DTSA,3,1403,225675,225000,167,4.377,,,,,225,0.5,6,6,-5.0,5.0,5ee1241,2026-07-23T22:30:38,1.0,225450,,,,,,DTSA-core,N=D,C1,1403,0,0,True
ta02,15,15,225,DTSA,3,1403,225675,225000,167,4.377,,,,,225,0.5,6,6,-5.0,5.0,5ee1241,2026-07-23T22:30:38,1.0,225450,,,,,,DTSA+LS,N=D,C1,1403,7,0,True
ta02,15,15,225,DTSA,4,1530,225675,225000,167,4.318,,,,,225,0.5,6,6,-5.0,5.0,5ee1241,2026-07-23T22:30:37,1.0,225450,,,,,,DTSA-core,N=D,C1,1530,0,0,True
ta02,15,15,225,DTSA,4,1530,225675,225000,167,4.318,,,,,225,0.5,6,6,-5.0,5.0,5ee1241,2026-07-23T22:30:37,1.0,225450,,,,,,DTSA+LS,N=D,C1,1530,5,0,True
ta02,15,15,225,DTSA,5,1354,225675,225000,167,4.225,,,,,225,0.5,6,6,-5.0,5.0,5ee1241,2026-07-23T22:30:37,1.0,225450,,,,,,DTSA-core,N=D,C1,1354,0,0,True
ta02,15,15,225,DTSA,5,1332,225675,225000,167,4.225,,,,,225,0.5,6,6,-5.0,5.0,5ee1241,2026-07-23T22:30:37,1.0,225450,,,,,,DTSA+LS,N=D,C1,1354,33,4,True
ta02,15,15,225,DTSA,6,1400,225675,225000,167,4.378,,,,,225,0.5,6,6,-5.0,5.0,5ee1241,2026-07-23T22:30:38,1.0,225450,,,,,,DTSA-core,N=D,C1,1400,0,0,True
ta02,15,15,225,DTSA,6,1400,225675,225000,167,4.378,,,,,225,0.5,6,6,-5.0,5.0,5ee1241,2026-07-23T22:30:38,1.0,225450,,,,,,DTSA+LS,N=D,C1,1400,5,0,True
ta02,15,15,225,DTSA,7,1387,225675,225000,167,4.425,,,,,225,0.5,6,6,-5.0,5.0,5ee1241,2026-07-23T22:30:42,1.0,225450,,,,,,DTSA-core,N=D,C1,1387,0,0,True
ta02,15,15,225,DTSA,7,1387,225675,225000,167,4.425,,,,,225,0.5,6,6,-5.0,5.0,5ee1241,2026-07-23T22:30:42,1.0,225450,,,,,,DTSA+LS,N=D,C1,1387,9,0,True
ta02,15,15,225,DTSA,8,1360,225675,225000,167,4.411,,,,,225,0.5,6,6,-5.0,5.0,5ee1241,2026-07-23T22:30:42,1.0,225450,,,,,,DTSA-core,N=D,C1,1360,0,0,True
ta02,15,15,225,DTSA,8,1360,225675,225000,167,4.411,,,,,225,0.5,6,6,-5.0,5.0,5ee1241,2026-07-23T22:30:42,1.0,225450,,,,,,DTSA+LS,N=D,C1,1360,4,0,True
ta02,15,15,225,DTSA,9,1422,225675,225000,167,4.358,,,,,225,0.5,6,6,-5.0,5.0,5ee1241,2026-07-23T22:30:42,1.0,225450,,,,,,DTSA-core,N=D,C1,1422,0,0,True
ta02,15,15,225,DTSA,9,1422,225675,225000,167,4.358,,,,,225,0.5,6,6,-5.0,5.0,5ee1241,2026-07-23T22:30:42,1.0,225450,,,,,,DTSA+LS,N=D,C1,1422,5,0,True
ta02,15,15,225,DTSA,10,1488,225675,225000,167,4.392,,,,,225,0.5,6,6,-5.0,5.0,5ee1241,2026-07-23T22:30:42,1.0,225450,,,,,,DTSA-core,N=D,C1,1488,0,0,True
ta02,15,15,225,DTSA,10,1488,225675,225000,167,4.392,,,,,225,0.5,6,6,-5.0,5.0,5ee1241,2026-07-23T22:30:42,1.0,225450,,,,,,DTSA+LS,N=D,C1,1488,9,0,True
ta02,15,15,225,DTSA,11,1380,225675,225000,167,4.386,,,,,225,0.5,6,6,-5.0,5.0,5ee1241,2026-07-23T22:30:42,1.0,225450,,,,,,DTSA-core,N=D,C1,1380,0,0,True
ta02,15,15,225,DTSA,11,1380,225675,225000,167,4.386,,,,,225,0.5,6,6,-5.0,5.0,5ee1241,2026-07-23T22:30:42,1.0,225450,,,,,,DTSA+LS,N=D,C1,1380,8,0,True
ta02,15,15,225,DTSA,12,1332,225675,225000,167,4.264,,,,,225,0.5,6,6,-5.0,5.0,5ee1241,2026-07-23T22:30:42,1.0,225450,,,,,,DTSA-core,N=D,C1,1332,0,0,True
ta02,15,15,225,DTSA,12,1332,225675,225000,167,4.264,,,,,225,0.5,6,6,-5.0,5.0,5ee1241,2026-07-23T22:30:42,1.0,225450,,,,,,DTSA+LS,N=D,C1,1332,4,0,True
ta02,15,15,225,DTSA,13,1409,225675,225000,167,4.375,,,,,225,0.5,6,6,-5.0,5.0,5ee1241,2026-07-23T22:30:42,1.0,225450,,,,,,DTSA-core,N=D,C1,1409,0,0,True
ta02,15,15,225,DTSA,13,1409,225675,225000,167,4.375,,,,,225,0.5,6,6,-5.0,5.0,5ee1241,2026-07-23T22:30:42,1.0,225450,,,,,,DTSA+LS,N=D,C1,1409,7,0,True
ta02,15,15,225,DTSA,14,1347,225675,225000,167,4.121,,,,,225,0.5,6,6,-5.0,5.0,5ee1241,2026-07-23T22:30:46,1.0,225450,,,,,,DTSA-core,N=D,C1,1347,0,0,True
ta02,15,15,225,DTSA,14,1347,225675,225000,167,4.121,,,,,225,0.5,6,6,-5.0,5.0,5ee1241,2026-07-23T22:30:46,1.0,225450,,,,,,DTSA+LS,N=D,C1,1347,5,0,True
ta02,15,15,225,DTSA,15,1411,225675,225000,167,4.112,,,,,225,0.5,6,6,-5.0,5.0,5ee1241,2026-07-23T22:30:46,1.0,225450,,,,,,DTSA-core,N=D,C1,1411,0,0,True
ta02,15,15,225,DTSA,15,1411,225675,225000,167,4.112,,,,,225,0.5,6,6,-5.0,5.0,5ee1241,2026-07-23T22:30:46,1.0,225450,,,,,,DTSA+LS,N=D,C1,1411,6,0,True
ta02,15,15,225,DTSA,16,1444,225675,225000,167,4.219,,,,,225,0.5,6,6,-5.0,5.0,5ee1241,2026-07-23T22:30:46,1.0,225450,,,,,,DTSA-core,N=D,C1,1444,0,0,True
ta02,15,15,225,DTSA,16,1444,225675,225000,167,4.219,,,,,225,0.5,6,6,-5.0,5.0,5ee1241,2026-07-23T22:30:46,1.0,225450,,,,,,DTSA+LS,N=D,C1,1444,5,0,True
ta02,15,15,225,DTSA,17,1385,225675,225000,167,4.123,,,,,225,0.5,6,6,-5.0,5.0,5ee1241,2026-07-23T22:30:46,1.0,225450,,,,,,DTSA-core,N=D,C1,1385,0,0,True
ta02,15,15,225,DTSA,17,1385,225675,225000,167,4.123,,,,,225,0.5,6,6,-5.0,5.0,5ee1241,2026-07-23T22:30:46,1.0,225450,,,,,,DTSA+LS,N=D,C1,1385,5,0,True
ta02,15,15,225,DTSA,18,1365,225675,225000,167,4.252,,,,,225,0.5,6,6,-5.0,5.0,5ee1241,2026-07-23T22:30:46,1.0,225450,,,,,,DTSA-core,N=D,C1,1365,0,0,True
ta02,15,15,225,DTSA,18,1365,225675,225000,167,4.252,,,,,225,0.5,6,6,-5.0,5.0,5ee1241,2026-07-23T22:30:46,1.0,225450,,,,,,DTSA+LS,N=D,C1,1365,6,0,True
ta02,15,15,225,DTSA,19,1345,225675,225000,167,4.3,,,,,225,0.5,6,6,-5.0,5.0,5ee1241,2026-07-23T22:30:46,1.0,225450,,,,,,DTSA-core,N=D,C1,1345,0,0,True
ta02,15,15,225,DTSA,19,1345,225675,225000,167,4.3,,,,,225,0.5,6,6,-5.0,5.0,5ee1241,2026-07-23T22:30:46,1.0,225450,,,,,,DTSA+LS,N=D,C1,1345,5,0,True
ta03,15,15,225,DTSA,0,1424,225675,225000,167,4.44,,,,,225,0.5,6,6,-5.0,5.0,5ee1241,2026-07-23T22:30:51,1.0,225450,,,,,,DTSA-core,N=D,C1,1424,0,0,True
ta03,15,15,225,DTSA,0,1424,225675,225000,167,4.44,,,,,225,0.5,6,6,-5.0,5.0,5ee1241,2026-07-23T22:30:51,1.0,225450,,,,,,DTSA+LS,N=D,C1,1424,6,0,True
ta03,15,15,225,DTSA,1,1396,225675,225000,167,4.262,,,,,225,0.5,6,6,-5.0,5.0,5ee1241,2026-07-23T22:30:51,1.0,225450,,,,,,DTSA-core,N=D,C1,1396,0,0,True
ta03,15,15,225,DTSA,1,1396,225675,225000,167,4.262,,,,,225,0.5,6,6,-5.0,5.0,5ee1241,2026-07-23T22:30:51,1.0,225450,,,,,,DTSA+LS,N=D,C1,1396,6,0,True
ta03,15,15,225,DTSA,2,1355,225675,225000,167,4.24,,,,,225,0.5,6,6,-5.0,5.0,5ee1241,2026-07-23T22:30:51,1.0,225450,,,,,,DTSA-core,N=D,C1,1355,0,0,True
ta03,15,15,225,DTSA,2,1355,225675,225000,167,4.24,,,,,225,0.5,6,6,-5.0,5.0,5ee1241,2026-07-23T22:30:51,1.0,225450,,,,,,DTSA+LS,N=D,C1,1355,5,0,True
ta03,15,15,225,DTSA,3,1425,225675,225000,167,4.35,,,,,225,0.5,6,6,-5.0,5.0,5ee1241,2026-07-23T22:30:51,1.0,225450,,,,,,DTSA-core,N=D,C1,1425,0,0,True
ta03,15,15,225,DTSA,3,1425,225675,225000,167,4.35,,,,,225,0.5,6,6,-5.0,5.0,5ee1241,2026-07-23T22:30:51,1.0,225450,,,,,,DTSA+LS,N=D,C1,1425,6,0,True
ta03,15,15,225,DTSA,4,1378,225675,225000,167,4.138,,,,,225,0.5,6,6,-5.0,5.0,5ee1241,2026-07-23T22:30:50,1.0,225450,,,,,,DTSA-core,N=D,C1,1378,0,0,True
ta03,15,15,225,DTSA,4,1378,225675,225000,167,4.138,,,,,225,0.5,6,6,-5.0,5.0,5ee1241,2026-07-23T22:30:50,1.0,225450,,,,,,DTSA+LS,N=D,C1,1378,10,0,True
ta03,15,15,225,DTSA,5,1368,225675,225000,167,4.24,,,,,225,0.5,6,6,-5.0,5.0,5ee1241,2026-07-23T22:30:51,1.0,225450,,,,,,DTSA-core,N=D,C1,1368,0,0,True
ta03,15,15,225,DTSA,5,1368,225675,225000,167,4.24,,,,,225,0.5,6,6,-5.0,5.0,5ee1241,2026-07-23T22:30:51,1.0,225450,,,,,,DTSA+LS,N=D,C1,1368,6,0,True
ta03,15,15,225,DTSA,6,1384,225675,225000,167,4.439,,,,,225,0.5,6,6,-5.0,5.0,5ee1241,2026-07-23T22:30:51,1.0,225450,,,,,,DTSA-core,N=D,C1,1384,0,0,True
ta03,15,15,225,DTSA,6,1384,225675,225000,167,4.439,,,,,225,0.5,6,6,-5.0,5.0,5ee1241,2026-07-23T22:30:51,1.0,225450,,,,,,DTSA+LS,N=D,C1,1384,6,0,True
ta03,15,15,225,DTSA,7,1434,225675,225000,167,4.323,,,,,225,0.5,6,6,-5.0,5.0,5ee1241,2026-07-23T22:30:55,1.0,225450,,,,,,DTSA-core,N=D,C1,1434,0,0,True
ta03,15,15,225,DTSA,7,1434,225675,225000,167,4.323,,,,,225,0.5,6,6,-5.0,5.0,5ee1241,2026-07-23T22:30:55,1.0,225450,,,,,,DTSA+LS,N=D,C1,1434,7,0,True
ta03,15,15,225,DTSA,8,1349,225675,225000,167,4.216,,,,,225,0.5,6,6,-5.0,5.0,5ee1241,2026-07-23T22:30:55,1.0,225450,,,,,,DTSA-core,N=D,C1,1349,0,0,True
ta03,15,15,225,DTSA,8,1349,225675,225000,167,4.216,,,,,225,0.5,6,6,-5.0,5.0,5ee1241,2026-07-23T22:30:55,1.0,225450,,,,,,DTSA+LS,N=D,C1,1349,6,0,True
ta03,15,15,225,DTSA,9,1409,225675,225000,167,4.271,,,,,225,0.5,6,6,-5.0,5.0,5ee1241,2026-07-23T22:30:55,1.0,225450,,,,,,DTSA-core,N=D,C1,1409,0,0,True
ta03,15,15,225,DTSA,9,1409,225675,225000,167,4.271,,,,,225,0.5,6,6,-5.0,5.0,5ee1241,2026-07-23T22:30:55,1.0,225450,,,,,,DTSA+LS,N=D,C1,1409,6,0,True
ta03,15,15,225,DTSA,10,1357,225675,225000,167,4.419,,,,,225,0.5,6,6,-5.0,5.0,5ee1241,2026-07-23T22:30:55,1.0,225450,,,,,,DTSA-core,N=D,C1,1357,0,0,True
ta03,15,15,225,DTSA,10,1357,225675,225000,167,4.419,,,,,225,0.5,6,6,-5.0,5.0,5ee1241,2026-07-23T22:30:55,1.0,225450,,,,,,DTSA+LS,N=D,C1,1357,6,0,True
ta03,15,15,225,DTSA,11,1341,225675,225000,167,4.41,,,,,225,0.5,6,6,-5.0,5.0,5ee1241,2026-07-23T22:30:55,1.0,225450,,,,,,DTSA-core,N=D,C1,1341,0,0,True
ta03,15,15,225,DTSA,11,1341,225675,225000,167,4.41,,,,,225,0.5,6,6,-5.0,5.0,5ee1241,2026-07-23T22:30:55,1.0,225450,,,,,,DTSA+LS,N=D,C1,1341,7,0,True
ta03,15,15,225,DTSA,12,1373,225675,225000,167,4.269,,,,,225,0.5,6,6,-5.0,5.0,5ee1241,2026-07-23T22:30:55,1.0,225450,,,,,,DTSA-core,N=D,C1,1373,0,0,True
ta03,15,15,225,DTSA,12,1373,225675,225000,167,4.269,,,,,225,0.5,6,6,-5.0,5.0,5ee1241,2026-07-23T22:30:55,1.0,225450,,,,,,DTSA+LS,N=D,C1,1373,10,0,True
ta03,15,15,225,DTSA,13,1315,225675,225000,167,4.279,,,,,225,0.5,6,6,-5.0,5.0,5ee1241,2026-07-23T22:30:55,1.0,225450,,,,,,DTSA-core,N=D,C1,1315,0,0,True
ta03,15,15,225,DTSA,13,1315,225675,225000,167,4.279,,,,,225,0.5,6,6,-5.0,5.0,5ee1241,2026-07-23T22:30:55,1.0,225450,,,,,,DTSA+LS,N=D,C1,1315,7,0,True
ta03,15,15,225,DTSA,14,1391,225675,225000,167,4.108,,,,,225,0.5,6,6,-5.0,5.0,5ee1241,2026-07-23T22:30:59,1.0,225450,,,,,,DTSA-core,N=D,C1,1391,0,0,True
ta03,15,15,225,DTSA,14,1391,225675,225000,167,4.108,,,,,225,0.5,6,6,-5.0,5.0,5ee1241,2026-07-23T22:30:59,1.0,225450,,,,,,DTSA+LS,N=D,C1,1391,8,0,True
ta03,15,15,225,DTSA,15,1375,225675,225000,167,4.145,,,,,225,0.5,6,6,-5.0,5.0,5ee1241,2026-07-23T22:30:59,1.0,225450,,,,,,DTSA-core,N=D,C1,1375,0,0,True
ta03,15,15,225,DTSA,15,1375,225675,225000,167,4.145,,,,,225,0.5,6,6,-5.0,5.0,5ee1241,2026-07-23T22:30:59,1.0,225450,,,,,,DTSA+LS,N=D,C1,1375,8,0,True
ta03,15,15,225,DTSA,16,1401,225675,225000,167,4.167,,,,,225,0.5,6,6,-5.0,5.0,5ee1241,2026-07-23T22:30:59,1.0,225450,,,,,,DTSA-core,N=D,C1,1401,0,0,True
ta03,15,15,225,DTSA,16,1401,225675,225000,167,4.167,,,,,225,0.5,6,6,-5.0,5.0,5ee1241,2026-07-23T22:30:59,1.0,225450,,,,,,DTSA+LS,N=D,C1,1401,6,0,True
ta03,15,15,225,DTSA,17,1452,225675,225000,167,4.307,,,,,225,0.5,6,6,-5.0,5.0,5ee1241,2026-07-23T22:30:59,1.0,225450,,,,,,DTSA-core,N=D,C1,1452,0,0,True
ta03,15,15,225,DTSA,17,1452,225675,225000,167,4.307,,,,,225,0.5,6,6,-5.0,5.0,5ee1241,2026-07-23T22:30:59,1.0,225450,,,,,,DTSA+LS,N=D,C1,1452,6,0,True
ta03,15,15,225,DTSA,18,1430,225675,225000,167,4.191,,,,,225,0.5,6,6,-5.0,5.0,5ee1241,2026-07-23T22:30:59,1.0,225450,,,,,,DTSA-core,N=D,C1,1430,0,0,True
ta03,15,15,225,DTSA,18,1430,225675,225000,167,4.191,,,,,225,0.5,6,6,-5.0,5.0,5ee1241,2026-07-23T22:30:59,1.0,225450,,,,,,DTSA+LS,N=D,C1,1430,7,0,True
ta03,15,15,225,DTSA,19,1375,225675,225000,167,4.143,,,,,225,0.5,6,6,-5.0,5.0,5ee1241,2026-07-23T22:30:59,1.0,225450,,,,,,DTSA-core,N=D,C1,1375,0,0,True
ta03,15,15,225,DTSA,19,1375,225675,225000,167,4.143,,,,,225,0.5,6,6,-5.0,5.0,5ee1241,2026-07-23T22:30:59,1.0,225450,,,,,,DTSA+LS,N=D,C1,1375,5,0,True
ta04,15,15,225,DTSA,0,1397,225675,225000,167,4.63,,,,,225,0.5,6,6,-5.0,5.0,5ee1241,2026-07-23T22:31:04,1.0,225450,,,,,,DTSA-core,N=D,C1,1397,0,0,True
ta04,15,15,225,DTSA,0,1397,225675,225000,167,4.63,,,,,225,0.5,6,6,-5.0,5.0,5ee1241,2026-07-23T22:31:04,1.0,225450,,,,,,DTSA+LS,N=D,C1,1397,3,0,True
ta04,15,15,225,DTSA,1,1394,225675,225000,167,4.582,,,,,225,0.5,6,6,-5.0,5.0,5ee1241,2026-07-23T22:31:04,1.0,225450,,,,,,DTSA-core,N=D,C1,1394,0,0,True
ta04,15,15,225,DTSA,1,1394,225675,225000,167,4.582,,,,,225,0.5,6,6,-5.0,5.0,5ee1241,2026-07-23T22:31:04,1.0,225450,,,,,,DTSA+LS,N=D,C1,1394,5,0,True
ta04,15,15,225,DTSA,2,1365,225675,225000,167,4.661,,,,,225,0.5,6,6,-5.0,5.0,5ee1241,2026-07-23T22:31:04,1.0,225450,,,,,,DTSA-core,N=D,C1,1365,0,0,True
ta04,15,15,225,DTSA,2,1365,225675,225000,167,4.661,,,,,225,0.5,6,6,-5.0,5.0,5ee1241,2026-07-23T22:31:04,1.0,225450,,,,,,DTSA+LS,N=D,C1,1365,8,0,True
ta04,15,15,225,DTSA,3,1262,225675,225000,167,4.552,,,,,225,0.5,6,6,-5.0,5.0,5ee1241,2026-07-23T22:31:04,1.0,225450,,,,,,DTSA-core,N=D,C1,1262,0,0,True
ta04,15,15,225,DTSA,3,1262,225675,225000,167,4.552,,,,,225,0.5,6,6,-5.0,5.0,5ee1241,2026-07-23T22:31:04,1.0,225450,,,,,,DTSA+LS,N=D,C1,1262,8,0,True
ta04,15,15,225,DTSA,4,1394,225675,225000,167,4.404,,,,,225,0.5,6,6,-5.0,5.0,5ee1241,2026-07-23T22:31:04,1.0,225450,,,,,,DTSA-core,N=D,C1,1394,0,0,True
ta04,15,15,225,DTSA,4,1394,225675,225000,167,4.404,,,,,225,0.5,6,6,-5.0,5.0,5ee1241,2026-07-23T22:31:04,1.0,225450,,,,,,DTSA+LS,N=D,C1,1394,5,0,True
ta04,15,15,225,DTSA,5,1383,225675,225000,167,4.513,,,,,225,0.5,6,6,-5.0,5.0,5ee1241,2026-07-23T22:31:04,1.0,225450,,,,,,DTSA-core,N=D,C1,1383,0,0,True
ta04,15,15,225,DTSA,5,1383,225675,225000,167,4.513,,,,,225,0.5,6,6,-5.0,5.0,5ee1241,2026-07-23T22:31:04,1.0,225450,,,,,,DTSA+LS,N=D,C1,1383,7,0,True
ta04,15,15,225,DTSA,6,1440,225675,225000,167,4.647,,,,,225,0.5,6,6,-5.0,5.0,5ee1241,2026-07-23T22:31:04,1.0,225450,,,,,,DTSA-core,N=D,C1,1440,0,0,True
ta04,15,15,225,DTSA,6,1440,225675,225000,167,4.647,,,,,225,0.5,6,6,-5.0,5.0,5ee1241,2026-07-23T22:31:04,1.0,225450,,,,,,DTSA+LS,N=D,C1,1440,2,0,True
ta04,15,15,225,DTSA,7,1421,225675,225000,167,4.409,,,,,225,0.5,6,6,-5.0,5.0,5ee1241,2026-07-23T22:31:08,1.0,225450,,,,,,DTSA-core,N=D,C1,1421,0,0,True
ta04,15,15,225,DTSA,7,1421,225675,225000,167,4.409,,,,,225,0.5,6,6,-5.0,5.0,5ee1241,2026-07-23T22:31:08,1.0,225450,,,,,,DTSA+LS,N=D,C1,1421,6,0,True
ta04,15,15,225,DTSA,8,1358,225675,225000,167,4.204,,,,,225,0.5,6,6,-5.0,5.0,5ee1241,2026-07-23T22:31:08,1.0,225450,,,,,,DTSA-core,N=D,C1,1358,0,0,True
ta04,15,15,225,DTSA,8,1358,225675,225000,167,4.204,,,,,225,0.5,6,6,-5.0,5.0,5ee1241,2026-07-23T22:31:08,1.0,225450,,,,,,DTSA+LS,N=D,C1,1358,6,0,True
ta04,15,15,225,DTSA,9,1372,225675,225000,167,4.399,,,,,225,0.5,6,6,-5.0,5.0,5ee1241,2026-07-23T22:31:08,1.0,225450,,,,,,DTSA-core,N=D,C1,1372,0,0,True
ta04,15,15,225,DTSA,9,1372,225675,225000,167,4.399,,,,,225,0.5,6,6,-5.0,5.0,5ee1241,2026-07-23T22:31:08,1.0,225450,,,,,,DTSA+LS,N=D,C1,1372,7,0,True
ta04,15,15,225,DTSA,10,1419,225675,225000,167,4.35,,,,,225,0.5,6,6,-5.0,5.0,5ee1241,2026-07-23T22:31:08,1.0,225450,,,,,,DTSA-core,N=D,C1,1419,0,0,True
ta04,15,15,225,DTSA,10,1419,225675,225000,167,4.35,,,,,225,0.5,6,6,-5.0,5.0,5ee1241,2026-07-23T22:31:08,1.0,225450,,,,,,DTSA+LS,N=D,C1,1419,4,0,True
ta04,15,15,225,DTSA,11,1361,225675,225000,167,4.43,,,,,225,0.5,6,6,-5.0,5.0,5ee1241,2026-07-23T22:31:08,1.0,225450,,,,,,DTSA-core,N=D,C1,1361,0,0,True
ta04,15,15,225,DTSA,11,1361,225675,225000,167,4.43,,,,,225,0.5,6,6,-5.0,5.0,5ee1241,2026-07-23T22:31:08,1.0,225450,,,,,,DTSA+LS,N=D,C1,1361,7,0,True
ta04,15,15,225,DTSA,12,1399,225675,225000,167,4.392,,,,,225,0.5,6,6,-5.0,5.0,5ee1241,2026-07-23T22:31:08,1.0,225450,,,,,,DTSA-core,N=D,C1,1399,0,0,True
ta04,15,15,225,DTSA,12,1399,225675,225000,167,4.392,,,,,225,0.5,6,6,-5.0,5.0,5ee1241,2026-07-23T22:31:08,1.0,225450,,,,,,DTSA+LS,N=D,C1,1399,6,0,True
ta04,15,15,225,DTSA,13,1335,225675,225000,167,4.226,,,,,225,0.5,6,6,-5.0,5.0,5ee1241,2026-07-23T22:31:08,1.0,225450,,,,,,DTSA-core,N=D,C1,1335,0,0,True
ta04,15,15,225,DTSA,13,1335,225675,225000,167,4.226,,,,,225,0.5,6,6,-5.0,5.0,5ee1241,2026-07-23T22:31:08,1.0,225450,,,,,,DTSA+LS,N=D,C1,1335,4,0,True
ta04,15,15,225,DTSA,14,1371,225675,225000,167,4.303,,,,,225,0.5,6,6,-5.0,5.0,5ee1241,2026-07-23T22:31:12,1.0,225450,,,,,,DTSA-core,N=D,C1,1371,0,0,True
ta04,15,15,225,DTSA,14,1371,225675,225000,167,4.303,,,,,225,0.5,6,6,-5.0,5.0,5ee1241,2026-07-23T22:31:12,1.0,225450,,,,,,DTSA+LS,N=D,C1,1371,6,0,True
ta04,15,15,225,DTSA,15,1370,225675,225000,167,4.325,,,,,225,0.5,6,6,-5.0,5.0,5ee1241,2026-07-23T22:31:13,1.0,225450,,,,,,DTSA-core,N=D,C1,1370,0,0,True
ta04,15,15,225,DTSA,15,1370,225675,225000,167,4.325,,,,,225,0.5,6,6,-5.0,5.0,5ee1241,2026-07-23T22:31:13,1.0,225450,,,,,,DTSA+LS,N=D,C1,1370,6,0,True
ta04,15,15,225,DTSA,16,1389,225675,225000,167,4.278,,,,,225,0.5,6,6,-5.0,5.0,5ee1241,2026-07-23T22:31:13,1.0,225450,,,,,,DTSA-core,N=D,C1,1389,0,0,True
ta04,15,15,225,DTSA,16,1389,225675,225000,167,4.278,,,,,225,0.5,6,6,-5.0,5.0,5ee1241,2026-07-23T22:31:13,1.0,225450,,,,,,DTSA+LS,N=D,C1,1389,5,0,True
ta04,15,15,225,DTSA,17,1460,225675,225000,167,4.256,,,,,225,0.5,6,6,-5.0,5.0,5ee1241,2026-07-23T22:31:13,1.0,225450,,,,,,DTSA-core,N=D,C1,1460,0,0,True
ta04,15,15,225,DTSA,17,1460,225675,225000,167,4.256,,,,,225,0.5,6,6,-5.0,5.0,5ee1241,2026-07-23T22:31:13,1.0,225450,,,,,,DTSA+LS,N=D,C1,1460,6,0,True
ta04,15,15,225,DTSA,18,1315,225675,225000,167,4.194,,,,,225,0.5,6,6,-5.0,5.0,5ee1241,2026-07-23T22:31:13,1.0,225450,,,,,,DTSA-core,N=D,C1,1315,0,0,True
ta04,15,15,225,DTSA,18,1315,225675,225000,167,4.194,,,,,225,0.5,6,6,-5.0,5.0,5ee1241,2026-07-23T22:31:13,1.0,225450,,,,,,DTSA+LS,N=D,C1,1315,8,0,True
ta04,15,15,225,DTSA,19,1406,225675,225000,167,4.149,,,,,225,0.5,6,6,-5.0,5.0,5ee1241,2026-07-23T22:31:13,1.0,225450,,,,,,DTSA-core,N=D,C1,1406,0,0,True
ta04,15,15,225,DTSA,19,1406,225675,225000,167,4.149,,,,,225,0.5,6,6,-5.0,5.0,5ee1241,2026-07-23T22:31:13,1.0,225450,,,,,,DTSA+LS,N=D,C1,1406,6,0,True
ta05,15,15,225,DTSA,0,1354,225675,225000,167,4.229,,,,,225,0.5,6,6,-5.0,5.0,5ee1241,2026-07-23T22:31:17,1.0,225450,,,,,,DTSA-core,N=D,C1,1354,0,0,True
ta05,15,15,225,DTSA,0,1354,225675,225000,167,4.229,,,,,225,0.5,6,6,-5.0,5.0,5ee1241,2026-07-23T22:31:17,1.0,225450,,,,,,DTSA+LS,N=D,C1,1354,8,0,True
ta05,15,15,225,DTSA,1,1317,225675,225000,167,4.217,,,,,225,0.5,6,6,-5.0,5.0,5ee1241,2026-07-23T22:31:17,1.0,225450,,,,,,DTSA-core,N=D,C1,1317,0,0,True
ta05,15,15,225,DTSA,1,1317,225675,225000,167,4.217,,,,,225,0.5,6,6,-5.0,5.0,5ee1241,2026-07-23T22:31:17,1.0,225450,,,,,,DTSA+LS,N=D,C1,1317,9,0,True
ta05,15,15,225,DTSA,2,1337,225675,225000,167,4.215,,,,,225,0.5,6,6,-5.0,5.0,5ee1241,2026-07-23T22:31:17,1.0,225450,,,,,,DTSA-core,N=D,C1,1337,0,0,True
ta05,15,15,225,DTSA,2,1337,225675,225000,167,4.215,,,,,225,0.5,6,6,-5.0,5.0,5ee1241,2026-07-23T22:31:17,1.0,225450,,,,,,DTSA+LS,N=D,C1,1337,10,0,True
ta05,15,15,225,DTSA,3,1328,225675,225000,167,4.196,,,,,225,0.5,6,6,-5.0,5.0,5ee1241,2026-07-23T22:31:17,1.0,225450,,,,,,DTSA-core,N=D,C1,1328,0,0,True
ta05,15,15,225,DTSA,3,1328,225675,225000,167,4.196,,,,,225,0.5,6,6,-5.0,5.0,5ee1241,2026-07-23T22:31:17,1.0,225450,,,,,,DTSA+LS,N=D,C1,1328,6,0,True
ta05,15,15,225,DTSA,4,1323,225675,225000,167,4.148,,,,,225,0.5,6,6,-5.0,5.0,5ee1241,2026-07-23T22:31:17,1.0,225450,,,,,,DTSA-core,N=D,C1,1323,0,0,True
ta05,15,15,225,DTSA,4,1323,225675,225000,167,4.148,,,,,225,0.5,6,6,-5.0,5.0,5ee1241,2026-07-23T22:31:17,1.0,225450,,,,,,DTSA+LS,N=D,C1,1323,6,0,True
ta05,15,15,225,DTSA,5,1451,225675,225000,167,4.172,,,,,225,0.5,6,6,-5.0,5.0,5ee1241,2026-07-23T22:31:17,1.0,225450,,,,,,DTSA-core,N=D,C1,1451,0,0,True
ta05,15,15,225,DTSA,5,1451,225675,225000,167,4.172,,,,,225,0.5,6,6,-5.0,5.0,5ee1241,2026-07-23T22:31:17,1.0,225450,,,,,,DTSA+LS,N=D,C1,1451,4,0,True
ta05,15,15,225,DTSA,6,1337,225675,225000,167,4.239,,,,,225,0.5,6,6,-5.0,5.0,5ee1241,2026-07-23T22:31:17,1.0,225450,,,,,,DTSA-core,N=D,C1,1337,0,0,True
ta05,15,15,225,DTSA,6,1337,225675,225000,167,4.239,,,,,225,0.5,6,6,-5.0,5.0,5ee1241,2026-07-23T22:31:17,1.0,225450,,,,,,DTSA+LS,N=D,C1,1337,7,0,True
ta05,15,15,225,DTSA,7,1503,225675,225000,167,4.171,,,,,225,0.5,6,6,-5.0,5.0,5ee1241,2026-07-23T22:31:21,1.0,225450,,,,,,DTSA-core,N=D,C1,1503,0,0,True
ta05,15,15,225,DTSA,7,1503,225675,225000,167,4.171,,,,,225,0.5,6,6,-5.0,5.0,5ee1241,2026-07-23T22:31:21,1.0,225450,,,,,,DTSA+LS,N=D,C1,1503,11,0,True
ta05,15,15,225,DTSA,8,1403,225675,225000,167,4.141,,,,,225,0.5,6,6,-5.0,5.0,5ee1241,2026-07-23T22:31:21,1.0,225450,,,,,,DTSA-core,N=D,C1,1403,0,0,True
ta05,15,15,225,DTSA,8,1403,225675,225000,167,4.141,,,,,225,0.5,6,6,-5.0,5.0,5ee1241,2026-07-23T22:31:21,1.0,225450,,,,,,DTSA+LS,N=D,C1,1403,7,0,True
ta05,15,15,225,DTSA,9,1368,225675,225000,167,4.196,,,,,225,0.5,6,6,-5.0,5.0,5ee1241,2026-07-23T22:31:21,1.0,225450,,,,,,DTSA-core,N=D,C1,1368,0,0,True
ta05,15,15,225,DTSA,9,1368,225675,225000,167,4.196,,,,,225,0.5,6,6,-5.0,5.0,5ee1241,2026-07-23T22:31:21,1.0,225450,,,,,,DTSA+LS,N=D,C1,1368,4,0,True
ta05,15,15,225,DTSA,10,1491,225675,225000,167,4.204,,,,,225,0.5,6,6,-5.0,5.0,5ee1241,2026-07-23T22:31:21,1.0,225450,,,,,,DTSA-core,N=D,C1,1491,0,0,True
ta05,15,15,225,DTSA,10,1491,225675,225000,167,4.204,,,,,225,0.5,6,6,-5.0,5.0,5ee1241,2026-07-23T22:31:21,1.0,225450,,,,,,DTSA+LS,N=D,C1,1491,5,0,True
ta05,15,15,225,DTSA,11,1375,225675,225000,167,4.286,,,,,225,0.5,6,6,-5.0,5.0,5ee1241,2026-07-23T22:31:21,1.0,225450,,,,,,DTSA-core,N=D,C1,1375,0,0,True
ta05,15,15,225,DTSA,11,1375,225675,225000,167,4.286,,,,,225,0.5,6,6,-5.0,5.0,5ee1241,2026-07-23T22:31:21,1.0,225450,,,,,,DTSA+LS,N=D,C1,1375,6,0,True
ta05,15,15,225,DTSA,12,1470,225675,225000,167,4.21,,,,,225,0.5,6,6,-5.0,5.0,5ee1241,2026-07-23T22:31:21,1.0,225450,,,,,,DTSA-core,N=D,C1,1470,0,0,True
ta05,15,15,225,DTSA,12,1470,225675,225000,167,4.21,,,,,225,0.5,6,6,-5.0,5.0,5ee1241,2026-07-23T22:31:21,1.0,225450,,,,,,DTSA+LS,N=D,C1,1470,6,0,True
ta05,15,15,225,DTSA,13,1377,225675,225000,167,4.245,,,,,225,0.5,6,6,-5.0,5.0,5ee1241,2026-07-23T22:31:21,1.0,225450,,,,,,DTSA-core,N=D,C1,1377,0,0,True
ta05,15,15,225,DTSA,13,1377,225675,225000,167,4.245,,,,,225,0.5,6,6,-5.0,5.0,5ee1241,2026-07-23T22:31:21,1.0,225450,,,,,,DTSA+LS,N=D,C1,1377,9,0,True
ta05,15,15,225,DTSA,14,1364,225675,225000,167,4.097,,,,,225,0.5,6,6,-5.0,5.0,5ee1241,2026-07-23T22:31:25,1.0,225450,,,,,,DTSA-core,N=D,C1,1364,0,0,True
ta05,15,15,225,DTSA,14,1364,225675,225000,167,4.097,,,,,225,0.5,6,6,-5.0,5.0,5ee1241,2026-07-23T22:31:25,1.0,225450,,,,,,DTSA+LS,N=D,C1,1364,9,0,True
ta05,15,15,225,DTSA,15,1400,225675,225000,167,4.101,,,,,225,0.5,6,6,-5.0,5.0,5ee1241,2026-07-23T22:31:25,1.0,225450,,,,,,DTSA-core,N=D,C1,1400,0,0,True
ta05,15,15,225,DTSA,15,1400,225675,225000,167,4.101,,,,,225,0.5,6,6,-5.0,5.0,5ee1241,2026-07-23T22:31:25,1.0,225450,,,,,,DTSA+LS,N=D,C1,1400,9,0,True
ta05,15,15,225,DTSA,16,1400,225675,225000,167,4.102,,,,,225,0.5,6,6,-5.0,5.0,5ee1241,2026-07-23T22:31:25,1.0,225450,,,,,,DTSA-core,N=D,C1,1400,0,0,True
ta05,15,15,225,DTSA,16,1400,225675,225000,167,4.102,,,,,225,0.5,6,6,-5.0,5.0,5ee1241,2026-07-23T22:31:25,1.0,225450,,,,,,DTSA+LS,N=D,C1,1400,9,0,True
ta05,15,15,225,DTSA,17,1321,225675,225000,167,4.175,,,,,225,0.5,6,6,-5.0,5.0,5ee1241,2026-07-23T22:31:25,1.0,225450,,,,,,DTSA-core,N=D,C1,1321,0,0,True
ta05,15,15,225,DTSA,17,1321,225675,225000,167,4.175,,,,,225,0.5,6,6,-5.0,5.0,5ee1241,2026-07-23T22:31:25,1.0,225450,,,,,,DTSA+LS,N=D,C1,1321,7,0,True
ta05,15,15,225,DTSA,18,1344,225675,225000,167,4.132,,,,,225,0.5,6,6,-5.0,5.0,5ee1241,2026-07-23T22:31:25,1.0,225450,,,,,,DTSA-core,N=D,C1,1344,0,0,True
ta05,15,15,225,DTSA,18,1344,225675,225000,167,4.132,,,,,225,0.5,6,6,-5.0,5.0,5ee1241,2026-07-23T22:31:25,1.0,225450,,,,,,DTSA+LS,N=D,C1,1344,7,0,True
ta05,15,15,225,DTSA,19,1434,225675,225000,167,4.085,,,,,225,0.5,6,6,-5.0,5.0,5ee1241,2026-07-23T22:31:25,1.0,225450,,,,,,DTSA-core,N=D,C1,1434,0,0,True
ta05,15,15,225,DTSA,19,1434,225675,225000,167,4.085,,,,,225,0.5,6,6,-5.0,5.0,5ee1241,2026-07-23T22:31:25,1.0,225450,,,,,,DTSA+LS,N=D,C1,1434,7,0,True
ta11,20,15,300,DTSA,0,1602,300900,300000,167,6.309,,,,,300,0.5,6,6,-5.0,5.0,5ee1241,2026-07-23T22:31:32,1.0,300600,,,,,,DTSA-core,N=D,C1,1602,0,0,True
ta11,20,15,300,DTSA,0,1602,300900,300000,167,6.309,,,,,300,0.5,6,6,-5.0,5.0,5ee1241,2026-07-23T22:31:32,1.0,300600,,,,,,DTSA+LS,N=D,C1,1602,10,0,True
ta11,20,15,300,DTSA,1,1583,300900,300000,167,6.391,,,,,300,0.5,6,6,-5.0,5.0,5ee1241,2026-07-23T22:31:32,1.0,300600,,,,,,DTSA-core,N=D,C1,1583,0,0,True
ta11,20,15,300,DTSA,1,1583,300900,300000,167,6.391,,,,,300,0.5,6,6,-5.0,5.0,5ee1241,2026-07-23T22:31:32,1.0,300600,,,,,,DTSA+LS,N=D,C1,1583,6,0,True
ta11,20,15,300,DTSA,2,1606,300900,300000,167,6.652,,,,,300,0.5,6,6,-5.0,5.0,5ee1241,2026-07-23T22:31:32,1.0,300600,,,,,,DTSA-core,N=D,C1,1606,0,0,True
ta11,20,15,300,DTSA,2,1606,300900,300000,167,6.652,,,,,300,0.5,6,6,-5.0,5.0,5ee1241,2026-07-23T22:31:32,1.0,300600,,,,,,DTSA+LS,N=D,C1,1606,6,0,True
ta11,20,15,300,DTSA,3,1603,300900,300000,167,6.366,,,,,300,0.5,6,6,-5.0,5.0,5ee1241,2026-07-23T22:31:32,1.0,300600,,,,,,DTSA-core,N=D,C1,1603,0,0,True
ta11,20,15,300,DTSA,3,1603,300900,300000,167,6.366,,,,,300,0.5,6,6,-5.0,5.0,5ee1241,2026-07-23T22:31:32,1.0,300600,,,,,,DTSA+LS,N=D,C1,1603,9,0,True
ta11,20,15,300,DTSA,4,1617,300900,300000,167,6.272,,,,,300,0.5,6,6,-5.0,5.0,5ee1241,2026-07-23T22:31:32,1.0,300600,,,,,,DTSA-core,N=D,C1,1617,0,0,True
ta11,20,15,300,DTSA,4,1617,300900,300000,167,6.272,,,,,300,0.5,6,6,-5.0,5.0,5ee1241,2026-07-23T22:31:32,1.0,300600,,,,,,DTSA+LS,N=D,C1,1617,6,0,True
ta11,20,15,300,DTSA,5,1620,300900,300000,167,6.271,,,,,300,0.5,6,6,-5.0,5.0,5ee1241,2026-07-23T22:31:32,1.0,300600,,,,,,DTSA-core,N=D,C1,1620,0,0,True
ta11,20,15,300,DTSA,5,1620,300900,300000,167,6.271,,,,,300,0.5,6,6,-5.0,5.0,5ee1241,2026-07-23T22:31:32,1.0,300600,,,,,,DTSA+LS,N=D,C1,1620,10,0,True
ta11,20,15,300,DTSA,6,1577,300900,300000,167,6.454,,,,,300,0.5,6,6,-5.0,5.0,5ee1241,2026-07-23T22:31:32,1.0,300600,,,,,,DTSA-core,N=D,C1,1577,0,0,True
ta11,20,15,300,DTSA,6,1577,300900,300000,167,6.454,,,,,300,0.5,6,6,-5.0,5.0,5ee1241,2026-07-23T22:31:32,1.0,300600,,,,,,DTSA+LS,N=D,C1,1577,11,0,True
ta11,20,15,300,DTSA,7,1627,300900,300000,167,6.368,,,,,300,0.5,6,6,-5.0,5.0,5ee1241,2026-07-23T22:31:38,1.0,300600,,,,,,DTSA-core,N=D,C1,1627,0,0,True
ta11,20,15,300,DTSA,7,1627,300900,300000,167,6.368,,,,,300,0.5,6,6,-5.0,5.0,5ee1241,2026-07-23T22:31:38,1.0,300600,,,,,,DTSA+LS,N=D,C1,1627,8,0,True
ta11,20,15,300,DTSA,8,1602,300900,300000,167,6.454,,,,,300,0.5,6,6,-5.0,5.0,5ee1241,2026-07-23T22:31:38,1.0,300600,,,,,,DTSA-core,N=D,C1,1602,0,0,True
ta11,20,15,300,DTSA,8,1602,300900,300000,167,6.454,,,,,300,0.5,6,6,-5.0,5.0,5ee1241,2026-07-23T22:31:38,1.0,300600,,,,,,DTSA+LS,N=D,C1,1602,10,0,True
ta11,20,15,300,DTSA,9,1609,300900,300000,167,6.33,,,,,300,0.5,6,6,-5.0,5.0,5ee1241,2026-07-23T22:31:38,1.0,300600,,,,,,DTSA-core,N=D,C1,1609,0,0,True
ta11,20,15,300,DTSA,9,1609,300900,300000,167,6.33,,,,,300,0.5,6,6,-5.0,5.0,5ee1241,2026-07-23T22:31:38,1.0,300600,,,,,,DTSA+LS,N=D,C1,1609,6,0,True
ta11,20,15,300,DTSA,10,1626,300900,300000,167,6.735,,,,,300,0.5,6,6,-5.0,5.0,5ee1241,2026-07-23T22:31:38,1.0,300600,,,,,,DTSA-core,N=D,C1,1626,0,0,True
ta11,20,15,300,DTSA,10,1626,300900,300000,167,6.735,,,,,300,0.5,6,6,-5.0,5.0,5ee1241,2026-07-23T22:31:38,1.0,300600,,,,,,DTSA+LS,N=D,C1,1626,6,0,True
ta11,20,15,300,DTSA,11,1638,300900,300000,167,6.462,,,,,300,0.5,6,6,-5.0,5.0,5ee1241,2026-07-23T22:31:38,1.0,300600,,,,,,DTSA-core,N=D,C1,1638,0,0,True
ta11,20,15,300,DTSA,11,1638,300900,300000,167,6.462,,,,,300,0.5,6,6,-5.0,5.0,5ee1241,2026-07-23T22:31:38,1.0,300600,,,,,,DTSA+LS,N=D,C1,1638,11,0,True
ta11,20,15,300,DTSA,12,1574,300900,300000,167,6.516,,,,,300,0.5,6,6,-5.0,5.0,5ee1241,2026-07-23T22:31:38,1.0,300600,,,,,,DTSA-core,N=D,C1,1574,0,0,True
ta11,20,15,300,DTSA,12,1574,300900,300000,167,6.516,,,,,300,0.5,6,6,-5.0,5.0,5ee1241,2026-07-23T22:31:38,1.0,300600,,,,,,DTSA+LS,N=D,C1,1574,6,0,True
ta11,20,15,300,DTSA,13,1646,300900,300000,167,6.642,,,,,300,0.5,6,6,-5.0,5.0,5ee1241,2026-07-23T22:31:39,1.0,300600,,,,,,DTSA-core,N=D,C1,1646,0,0,True
ta11,20,15,300,DTSA,13,1646,300900,300000,167,6.642,,,,,300,0.5,6,6,-5.0,5.0,5ee1241,2026-07-23T22:31:39,1.0,300600,,,,,,DTSA+LS,N=D,C1,1646,8,0,True
ta11,20,15,300,DTSA,14,1607,300900,300000,167,6.226,,,,,300,0.5,6,6,-5.0,5.0,5ee1241,2026-07-23T22:31:44,1.0,300600,,,,,,DTSA-core,N=D,C1,1607,0,0,True
ta11,20,15,300,DTSA,14,1588,300900,300000,167,6.226,,,,,300,0.5,6,6,-5.0,5.0,5ee1241,2026-07-23T22:31:44,1.0,300600,,,,,,DTSA+LS,N=D,C1,1607,39,8,True
ta11,20,15,300,DTSA,15,1630,300900,300000,167,6.311,,,,,300,0.5,6,6,-5.0,5.0,5ee1241,2026-07-23T22:31:44,1.0,300600,,,,,,DTSA-core,N=D,C1,1630,0,0,True
ta11,20,15,300,DTSA,15,1630,300900,300000,167,6.311,,,,,300,0.5,6,6,-5.0,5.0,5ee1241,2026-07-23T22:31:44,1.0,300600,,,,,,DTSA+LS,N=D,C1,1630,6,0,True
ta11,20,15,300,DTSA,16,1584,300900,300000,167,6.324,,,,,300,0.5,6,6,-5.0,5.0,5ee1241,2026-07-23T22:31:44,1.0,300600,,,,,,DTSA-core,N=D,C1,1584,0,0,True
ta11,20,15,300,DTSA,16,1584,300900,300000,167,6.324,,,,,300,0.5,6,6,-5.0,5.0,5ee1241,2026-07-23T22:31:44,1.0,300600,,,,,,DTSA+LS,N=D,C1,1584,14,0,True
ta11,20,15,300,DTSA,17,1593,300900,300000,167,6.372,,,,,300,0.5,6,6,-5.0,5.0,5ee1241,2026-07-23T22:31:45,1.0,300600,,,,,,DTSA-core,N=D,C1,1593,0,0,True
ta11,20,15,300,DTSA,17,1593,300900,300000,167,6.372,,,,,300,0.5,6,6,-5.0,5.0,5ee1241,2026-07-23T22:31:45,1.0,300600,,,,,,DTSA+LS,N=D,C1,1593,6,0,True
ta11,20,15,300,DTSA,18,1593,300900,300000,167,6.381,,,,,300,0.5,6,6,-5.0,5.0,5ee1241,2026-07-23T22:31:45,1.0,300600,,,,,,DTSA-core,N=D,C1,1593,0,0,True
ta11,20,15,300,DTSA,18,1593,300900,300000,167,6.381,,,,,300,0.5,6,6,-5.0,5.0,5ee1241,2026-07-23T22:31:45,1.0,300600,,,,,,DTSA+LS,N=D,C1,1593,6,0,True
ta11,20,15,300,DTSA,19,1592,300900,300000,167,6.262,,,,,300,0.5,6,6,-5.0,5.0,5ee1241,2026-07-23T22:31:45,1.0,300600,,,,,,DTSA-core,N=D,C1,1592,0,0,True
ta11,20,15,300,DTSA,19,1592,300900,300000,167,6.262,,,,,300,0.5,6,6,-5.0,5.0,5ee1241,2026-07-23T22:31:45,1.0,300600,,,,,,DTSA+LS,N=D,C1,1592,8,0,True
ta12,20,15,300,DTSA,0,1527,300900,300000,167,6.665,,,,,300,0.5,6,6,-5.0,5.0,5ee1241,2026-07-23T22:31:51,1.0,300600,,,,,,DTSA-core,N=D,C1,1527,0,0,True
ta12,20,15,300,DTSA,0,1527,300900,300000,167,6.665,,,,,300,0.5,6,6,-5.0,5.0,5ee1241,2026-07-23T22:31:51,1.0,300600,,,,,,DTSA+LS,N=D,C1,1527,7,0,True
ta12,20,15,300,DTSA,1,1606,300900,300000,167,6.232,,,,,300,0.5,6,6,-5.0,5.0,5ee1241,2026-07-23T22:31:51,1.0,300600,,,,,,DTSA-core,N=D,C1,1606,0,0,True
ta12,20,15,300,DTSA,1,1606,300900,300000,167,6.232,,,,,300,0.5,6,6,-5.0,5.0,5ee1241,2026-07-23T22:31:51,1.0,300600,,,,,,DTSA+LS,N=D,C1,1606,6,0,True
ta12,20,15,300,DTSA,2,1554,300900,300000,167,6.347,,,,,300,0.5,6,6,-5.0,5.0,5ee1241,2026-07-23T22:31:51,1.0,300600,,,,,,DTSA-core,N=D,C1,1554,0,0,True
ta12,20,15,300,DTSA,2,1554,300900,300000,167,6.347,,,,,300,0.5,6,6,-5.0,5.0,5ee1241,2026-07-23T22:31:51,1.0,300600,,,,,,DTSA+LS,N=D,C1,1554,6,0,True
ta12,20,15,300,DTSA,3,1584,300900,300000,167,6.207,,,,,300,0.5,6,6,-5.0,5.0,5ee1241,2026-07-23T22:31:51,1.0,300600,,,,,,DTSA-core,N=D,C1,1584,0,0,True
ta12,20,15,300,DTSA,3,1584,300900,300000,167,6.207,,,,,300,0.5,6,6,-5.0,5.0,5ee1241,2026-07-23T22:31:51,1.0,300600,,,,,,DTSA+LS,N=D,C1,1584,9,0,True
ta12,20,15,300,DTSA,4,1575,300900,300000,167,6.375,,,,,300,0.5,6,6,-5.0,5.0,5ee1241,2026-07-23T22:31:51,1.0,300600,,,,,,DTSA-core,N=D,C1,1575,0,0,True
ta12,20,15,300,DTSA,4,1575,300900,300000,167,6.375,,,,,300,0.5,6,6,-5.0,5.0,5ee1241,2026-07-23T22:31:51,1.0,300600,,,,,,DTSA+LS,N=D,C1,1575,6,0,True
ta12,20,15,300,DTSA,5,1531,300900,300000,167,6.429,,,,,300,0.5,6,6,-5.0,5.0,5ee1241,2026-07-23T22:31:51,1.0,300600,,,,,,DTSA-core,N=D,C1,1531,0,0,True
ta12,20,15,300,DTSA,5,1529,300900,300000,167,6.429,,,,,300,0.5,6,6,-5.0,5.0,5ee1241,2026-07-23T22:31:51,1.0,300600,,,,,,DTSA+LS,N=D,C1,1531,12,1,True
ta12,20,15,300,DTSA,6,1520,300900,300000,167,6.346,,,,,300,0.5,6,6,-5.0,5.0,5ee1241,2026-07-23T22:31:51,1.0,300600,,,,,,DTSA-core,N=D,C1,1520,0,0,True
ta12,20,15,300,DTSA,6,1520,300900,300000,167,6.346,,,,,300,0.5,6,6,-5.0,5.0,5ee1241,2026-07-23T22:31:51,1.0,300600,,,,,,DTSA+LS,N=D,C1,1520,8,0,True
ta12,20,15,300,DTSA,7,1631,300900,300000,167,6.698,,,,,300,0.5,6,6,-5.0,5.0,5ee1241,2026-07-23T22:31:58,1.0,300600,,,,,,DTSA-core,N=D,C1,1631,0,0,True
ta12,20,15,300,DTSA,7,1631,300900,300000,167,6.698,,,,,300,0.5,6,6,-5.0,5.0,5ee1241,2026-07-23T22:31:58,1.0,300600,,,,,,DTSA+LS,N=D,C1,1631,9,0,True
ta12,20,15,300,DTSA,8,1636,300900,300000,167,6.31,,,,,300,0.5,6,6,-5.0,5.0,5ee1241,2026-07-23T22:31:57,1.0,300600,,,,,,DTSA-core,N=D,C1,1636,0,0,True
ta12,20,15,300,DTSA,8,1636,300900,300000,167,6.31,,,,,300,0.5,6,6,-5.0,5.0,5ee1241,2026-07-23T22:31:57,1.0,300600,,,,,,DTSA+LS,N=D,C1,1636,13,0,True
ta12,20,15,300,DTSA,9,1564,300900,300000,167,6.271,,,,,300,0.5,6,6,-5.0,5.0,5ee1241,2026-07-23T22:31:57,1.0,300600,,,,,,DTSA-core,N=D,C1,1564,0,0,True
ta12,20,15,300,DTSA,9,1554,300900,300000,167,6.271,,,,,300,0.5,6,6,-5.0,5.0,5ee1241,2026-07-23T22:31:57,1.0,300600,,,,,,DTSA+LS,N=D,C1,1564,20,3,True
ta12,20,15,300,DTSA,10,1592,300900,300000,167,6.205,,,,,300,0.5,6,6,-5.0,5.0,5ee1241,2026-07-23T22:31:57,1.0,300600,,,,,,DTSA-core,N=D,C1,1592,0,0,True
ta12,20,15,300,DTSA,10,1592,300900,300000,167,6.205,,,,,300,0.5,6,6,-5.0,5.0,5ee1241,2026-07-23T22:31:57,1.0,300600,,,,,,DTSA+LS,N=D,C1,1592,6,0,True
ta12,20,15,300,DTSA,11,1528,300900,300000,167,6.466,,,,,300,0.5,6,6,-5.0,5.0,5ee1241,2026-07-23T22:31:58,1.0,300600,,,,,,DTSA-core,N=D,C1,1528,0,0,True
ta12,20,15,300,DTSA,11,1528,300900,300000,167,6.466,,,,,300,0.5,6,6,-5.0,5.0,5ee1241,2026-07-23T22:31:58,1.0,300600,,,,,,DTSA+LS,N=D,C1,1528,8,0,True
ta12,20,15,300,DTSA,12,1545,300900,300000,167,6.467,,,,,300,0.5,6,6,-5.0,5.0,5ee1241,2026-07-23T22:31:58,1.0,300600,,,,,,DTSA-core,N=D,C1,1545,0,0,True
ta12,20,15,300,DTSA,12,1545,300900,300000,167,6.467,,,,,300,0.5,6,6,-5.0,5.0,5ee1241,2026-07-23T22:31:58,1.0,300600,,,,,,DTSA+LS,N=D,C1,1545,6,0,True
ta12,20,15,300,DTSA,13,1614,300900,300000,167,6.951,,,,,300,0.5,6,6,-5.0,5.0,5ee1241,2026-07-23T22:31:58,1.0,300600,,,,,,DTSA-core,N=D,C1,1614,0,0,True
ta12,20,15,300,DTSA,13,1614,300900,300000,167,6.951,,,,,300,0.5,6,6,-5.0,5.0,5ee1241,2026-07-23T22:31:58,1.0,300600,,,,,,DTSA+LS,N=D,C1,1614,10,0,True
ta12,20,15,300,DTSA,14,1581,300900,300000,167,6.27,,,,,300,0.5,6,6,-5.0,5.0,5ee1241,2026-07-23T22:32:04,1.0,300600,,,,,,DTSA-core,N=D,C1,1581,0,0,True
ta12,20,15,300,DTSA,14,1578,300900,300000,167,6.27,,,,,300,0.5,6,6,-5.0,5.0,5ee1241,2026-07-23T22:32:04,1.0,300600,,,,,,DTSA+LS,N=D,C1,1581,14,1,True
ta12,20,15,300,DTSA,15,1599,300900,300000,167,6.198,,,,,300,0.5,6,6,-5.0,5.0,5ee1241,2026-07-23T22:32:04,1.0,300600,,,,,,DTSA-core,N=D,C1,1599,0,0,True
ta12,20,15,300,DTSA,15,1599,300900,300000,167,6.198,,,,,300,0.5,6,6,-5.0,5.0,5ee1241,2026-07-23T22:32:04,1.0,300600,,,,,,DTSA+LS,N=D,C1,1599,13,0,True
ta12,20,15,300,DTSA,16,1525,300900,300000,167,6.307,,,,,300,0.5,6,6,-5.0,5.0,5ee1241,2026-07-23T22:32:04,1.0,300600,,,,,,DTSA-core,N=D,C1,1525,0,0,True
ta12,20,15,300,DTSA,16,1525,300900,300000,167,6.307,,,,,300,0.5,6,6,-5.0,5.0,5ee1241,2026-07-23T22:32:04,1.0,300600,,,,,,DTSA+LS,N=D,C1,1525,7,0,True
ta12,20,15,300,DTSA,17,1611,300900,300000,167,6.305,,,,,300,0.5,6,6,-5.0,5.0,5ee1241,2026-07-23T22:32:04,1.0,300600,,,,,,DTSA-core,N=D,C1,1611,0,0,True
ta12,20,15,300,DTSA,17,1611,300900,300000,167,6.305,,,,,300,0.5,6,6,-5.0,5.0,5ee1241,2026-07-23T22:32:04,1.0,300600,,,,,,DTSA+LS,N=D,C1,1611,9,0,True
ta12,20,15,300,DTSA,18,1552,300900,300000,167,6.383,,,,,300,0.5,6,6,-5.0,5.0,5ee1241,2026-07-23T22:32:04,1.0,300600,,,,,,DTSA-core,N=D,C1,1552,0,0,True
ta12,20,15,300,DTSA,18,1544,300900,300000,167,6.383,,,,,300,0.5,6,6,-5.0,5.0,5ee1241,2026-07-23T22:32:04,1.0,300600,,,,,,DTSA+LS,N=D,C1,1552,22,2,True
ta12,20,15,300,DTSA,19,1573,300900,300000,167,6.245,,,,,300,0.5,6,6,-5.0,5.0,5ee1241,2026-07-23T22:32:04,1.0,300600,,,,,,DTSA-core,N=D,C1,1573,0,0,True
ta12,20,15,300,DTSA,19,1573,300900,300000,167,6.245,,,,,300,0.5,6,6,-5.0,5.0,5ee1241,2026-07-23T22:32:04,1.0,300600,,,,,,DTSA+LS,N=D,C1,1573,7,0,True
ta13,20,15,300,DTSA,0,1557,300900,300000,167,6.696,,,,,300,0.5,6,6,-5.0,5.0,5ee1241,2026-07-23T22:32:11,1.0,300600,,,,,,DTSA-core,N=D,C1,1557,0,0,True
ta13,20,15,300,DTSA,0,1557,300900,300000,167,6.696,,,,,300,0.5,6,6,-5.0,5.0,5ee1241,2026-07-23T22:32:11,1.0,300600,,,,,,DTSA+LS,N=D,C1,1557,7,0,True
ta13,20,15,300,DTSA,1,1582,300900,300000,167,6.414,,,,,300,0.5,6,6,-5.0,5.0,5ee1241,2026-07-23T22:32:11,1.0,300600,,,,,,DTSA-core,N=D,C1,1582,0,0,True
ta13,20,15,300,DTSA,1,1582,300900,300000,167,6.414,,,,,300,0.5,6,6,-5.0,5.0,5ee1241,2026-07-23T22:32:11,1.0,300600,,,,,,DTSA+LS,N=D,C1,1582,11,0,True
ta13,20,15,300,DTSA,2,1614,300900,300000,167,6.369,,,,,300,0.5,6,6,-5.0,5.0,5ee1241,2026-07-23T22:32:11,1.0,300600,,,,,,DTSA-core,N=D,C1,1614,0,0,True
ta13,20,15,300,DTSA,2,1614,300900,300000,167,6.369,,,,,300,0.5,6,6,-5.0,5.0,5ee1241,2026-07-23T22:32:11,1.0,300600,,,,,,DTSA+LS,N=D,C1,1614,7,0,True
ta13,20,15,300,DTSA,3,1681,300900,300000,167,6.331,,,,,300,0.5,6,6,-5.0,5.0,5ee1241,2026-07-23T22:32:10,1.0,300600,,,,,,DTSA-core,N=D,C1,1681,0,0,True
ta13,20,15,300,DTSA,3,1681,300900,300000,167,6.331,,,,,300,0.5,6,6,-5.0,5.0,5ee1241,2026-07-23T22:32:10,1.0,300600,,,,,,DTSA+LS,N=D,C1,1681,9,0,True
ta13,20,15,300,DTSA,4,1572,300900,300000,167,6.509,,,,,300,0.5,6,6,-5.0,5.0,5ee1241,2026-07-23T22:32:11,1.0,300600,,,,,,DTSA-core,N=D,C1,1572,0,0,True
ta13,20,15,300,DTSA,4,1572,300900,300000,167,6.509,,,,,300,0.5,6,6,-5.0,5.0,5ee1241,2026-07-23T22:32:11,1.0,300600,,,,,,DTSA+LS,N=D,C1,1572,10,0,True
ta13,20,15,300,DTSA,5,1565,300900,300000,167,6.475,,,,,300,0.5,6,6,-5.0,5.0,5ee1241,2026-07-23T22:32:11,1.0,300600,,,,,,DTSA-core,N=D,C1,1565,0,0,True
ta13,20,15,300,DTSA,5,1565,300900,300000,167,6.475,,,,,300,0.5,6,6,-5.0,5.0,5ee1241,2026-07-23T22:32:11,1.0,300600,,,,,,DTSA+LS,N=D,C1,1565,9,0,True
ta13,20,15,300,DTSA,6,1624,300900,300000,167,6.798,,,,,300,0.5,6,6,-5.0,5.0,5ee1241,2026-07-23T22:32:11,1.0,300600,,,,,,DTSA-core,N=D,C1,1624,0,0,True
ta13,20,15,300,DTSA,6,1624,300900,300000,167,6.798,,,,,300,0.5,6,6,-5.0,5.0,5ee1241,2026-07-23T22:32:11,1.0,300600,,,,,,DTSA+LS,N=D,C1,1624,6,0,True
ta13,20,15,300,DTSA,7,1594,300900,300000,167,6.354,,,,,300,0.5,6,6,-5.0,5.0,5ee1241,2026-07-23T22:32:17,1.0,300600,,,,,,DTSA-core,N=D,C1,1594,0,0,True
ta13,20,15,300,DTSA,7,1594,300900,300000,167,6.354,,,,,300,0.5,6,6,-5.0,5.0,5ee1241,2026-07-23T22:32:17,1.0,300600,,,,,,DTSA+LS,N=D,C1,1594,13,0,True
ta13,20,15,300,DTSA,8,1566,300900,300000,167,6.331,,,,,300,0.5,6,6,-5.0,5.0,5ee1241,2026-07-23T22:32:17,1.0,300600,,,,,,DTSA-core,N=D,C1,1566,0,0,True
ta13,20,15,300,DTSA,8,1566,300900,300000,167,6.331,,,,,300,0.5,6,6,-5.0,5.0,5ee1241,2026-07-23T22:32:17,1.0,300600,,,,,,DTSA+LS,N=D,C1,1566,8,0,True
ta13,20,15,300,DTSA,9,1589,300900,300000,167,6.47,,,,,300,0.5,6,6,-5.0,5.0,5ee1241,2026-07-23T22:32:17,1.0,300600,,,,,,DTSA-core,N=D,C1,1589,0,0,True
ta13,20,15,300,DTSA,9,1589,300900,300000,167,6.47,,,,,300,0.5,6,6,-5.0,5.0,5ee1241,2026-07-23T22:32:17,1.0,300600,,,,,,DTSA+LS,N=D,C1,1589,7,0,True
ta13,20,15,300,DTSA,10,1617,300900,300000,167,6.476,,,,,300,0.5,6,6,-5.0,5.0,5ee1241,2026-07-23T22:32:17,1.0,300600,,,,,,DTSA-core,N=D,C1,1617,0,0,True
ta13,20,15,300,DTSA,10,1617,300900,300000,167,6.476,,,,,300,0.5,6,6,-5.0,5.0,5ee1241,2026-07-23T22:32:17,1.0,300600,,,,,,DTSA+LS,N=D,C1,1617,6,0,True
ta13,20,15,300,DTSA,11,1561,300900,300000,167,6.474,,,,,300,0.5,6,6,-5.0,5.0,5ee1241,2026-07-23T22:32:17,1.0,300600,,,,,,DTSA-core,N=D,C1,1561,0,0,True
ta13,20,15,300,DTSA,11,1561,300900,300000,167,6.474,,,,,300,0.5,6,6,-5.0,5.0,5ee1241,2026-07-23T22:32:17,1.0,300600,,,,,,DTSA+LS,N=D,C1,1561,9,0,True
ta13,20,15,300,DTSA,12,1536,300900,300000,167,6.579,,,,,300,0.5,6,6,-5.0,5.0,5ee1241,2026-07-23T22:32:17,1.0,300600,,,,,,DTSA-core,N=D,C1,1536,0,0,True
ta13,20,15,300,DTSA,12,1536,300900,300000,167,6.579,,,,,300,0.5,6,6,-5.0,5.0,5ee1241,2026-07-23T22:32:17,1.0,300600,,,,,,DTSA+LS,N=D,C1,1536,9,0,True
ta13,20,15,300,DTSA,13,1588,300900,300000,167,6.545,,,,,300,0.5,6,6,-5.0,5.0,5ee1241,2026-07-23T22:32:18,1.0,300600,,,,,,DTSA-core,N=D,C1,1588,0,0,True
ta13,20,15,300,DTSA,13,1588,300900,300000,167,6.545,,,,,300,0.5,6,6,-5.0,5.0,5ee1241,2026-07-23T22:32:18,1.0,300600,,,,,,DTSA+LS,N=D,C1,1588,8,0,True
ta13,20,15,300,DTSA,14,1629,300900,300000,167,6.233,,,,,300,0.5,6,6,-5.0,5.0,5ee1241,2026-07-23T22:32:23,1.0,300600,,,,,,DTSA-core,N=D,C1,1629,0,0,True
ta13,20,15,300,DTSA,14,1629,300900,300000,167,6.233,,,,,300,0.5,6,6,-5.0,5.0,5ee1241,2026-07-23T22:32:23,1.0,300600,,,,,,DTSA+LS,N=D,C1,1629,11,0,True
ta13,20,15,300,DTSA,15,1623,300900,300000,167,6.23,,,,,300,0.5,6,6,-5.0,5.0,5ee1241,2026-07-23T22:32:23,1.0,300600,,,,,,DTSA-core,N=D,C1,1623,0,0,True
ta13,20,15,300,DTSA,15,1623,300900,300000,167,6.23,,,,,300,0.5,6,6,-5.0,5.0,5ee1241,2026-07-23T22:32:23,1.0,300600,,,,,,DTSA+LS,N=D,C1,1623,7,0,True
ta13,20,15,300,DTSA,16,1577,300900,300000,167,6.291,,,,,300,0.5,6,6,-5.0,5.0,5ee1241,2026-07-23T22:32:23,1.0,300600,,,,,,DTSA-core,N=D,C1,1577,0,0,True
ta13,20,15,300,DTSA,16,1577,300900,300000,167,6.291,,,,,300,0.5,6,6,-5.0,5.0,5ee1241,2026-07-23T22:32:23,1.0,300600,,,,,,DTSA+LS,N=D,C1,1577,8,0,True
ta13,20,15,300,DTSA,17,1598,300900,300000,167,6.302,,,,,300,0.5,6,6,-5.0,5.0,5ee1241,2026-07-23T22:32:23,1.0,300600,,,,,,DTSA-core,N=D,C1,1598,0,0,True
ta13,20,15,300,DTSA,17,1598,300900,300000,167,6.302,,,,,300,0.5,6,6,-5.0,5.0,5ee1241,2026-07-23T22:32:23,1.0,300600,,,,,,DTSA+LS,N=D,C1,1598,8,0,True
ta13,20,15,300,DTSA,18,1557,300900,300000,167,6.39,,,,,300,0.5,6,6,-5.0,5.0,5ee1241,2026-07-23T22:32:24,1.0,300600,,,,,,DTSA-core,N=D,C1,1557,0,0,True
ta13,20,15,300,DTSA,18,1557,300900,300000,167,6.39,,,,,300,0.5,6,6,-5.0,5.0,5ee1241,2026-07-23T22:32:24,1.0,300600,,,,,,DTSA+LS,N=D,C1,1557,10,0,True
ta13,20,15,300,DTSA,19,1602,300900,300000,167,6.561,,,,,300,0.5,6,6,-5.0,5.0,5ee1241,2026-07-23T22:32:24,1.0,300600,,,,,,DTSA-core,N=D,C1,1602,0,0,True
ta13,20,15,300,DTSA,19,1602,300900,300000,167,6.561,,,,,300,0.5,6,6,-5.0,5.0,5ee1241,2026-07-23T22:32:24,1.0,300600,,,,,,DTSA+LS,N=D,C1,1602,8,0,True
ta14,20,15,300,DTSA,0,1543,300900,300000,167,6.9,,,,,300,0.5,6,6,-5.0,5.0,5ee1241,2026-07-23T22:32:31,1.0,300600,,,,,,DTSA-core,N=D,C1,1543,0,0,True
ta14,20,15,300,DTSA,0,1543,300900,300000,167,6.9,,,,,300,0.5,6,6,-5.0,5.0,5ee1241,2026-07-23T22:32:31,1.0,300600,,,,,,DTSA+LS,N=D,C1,1543,8,0,True
ta14,20,15,300,DTSA,1,1572,300900,300000,167,6.754,,,,,300,0.5,6,6,-5.0,5.0,5ee1241,2026-07-23T22:32:31,1.0,300600,,,,,,DTSA-core,N=D,C1,1572,0,0,True
ta14,20,15,300,DTSA,1,1572,300900,300000,167,6.754,,,,,300,0.5,6,6,-5.0,5.0,5ee1241,2026-07-23T22:32:31,1.0,300600,,,,,,DTSA+LS,N=D,C1,1572,9,0,True
ta14,20,15,300,DTSA,2,1560,300900,300000,167,6.689,,,,,300,0.5,6,6,-5.0,5.0,5ee1241,2026-07-23T22:32:31,1.0,300600,,,,,,DTSA-core,N=D,C1,1560,0,0,True
ta14,20,15,300,DTSA,2,1554,300900,300000,167,6.689,,,,,300,0.5,6,6,-5.0,5.0,5ee1241,2026-07-23T22:32:31,1.0,300600,,,,,,DTSA+LS,N=D,C1,1560,21,2,True
ta14,20,15,300,DTSA,3,1561,300900,300000,167,6.644,,,,,300,0.5,6,6,-5.0,5.0,5ee1241,2026-07-23T22:32:31,1.0,300600,,,,,,DTSA-core,N=D,C1,1561,0,0,True
ta14,20,15,300,DTSA,3,1561,300900,300000,167,6.644,,,,,300,0.5,6,6,-5.0,5.0,5ee1241,2026-07-23T22:32:31,1.0,300600,,,,,,DTSA+LS,N=D,C1,1561,8,0,True
ta14,20,15,300,DTSA,4,1626,300900,300000,167,6.819,,,,,300,0.5,6,6,-5.0,5.0,5ee1241,2026-07-23T22:32:31,1.0,300600,,,,,,DTSA-core,N=D,C1,1626,0,0,True
ta14,20,15,300,DTSA,4,1626,300900,300000,167,6.819,,,,,300,0.5,6,6,-5.0,5.0,5ee1241,2026-07-23T22:32:31,1.0,300600,,,,,,DTSA+LS,N=D,C1,1626,11,0,True
ta14,20,15,300,DTSA,5,1594,300900,300000,167,6.852,,,,,300,0.5,6,6,-5.0,5.0,5ee1241,2026-07-23T22:32:31,1.0,300600,,,,,,DTSA-core,N=D,C1,1594,0,0,True
ta14,20,15,300,DTSA,5,1594,300900,300000,167,6.852,,,,,300,0.5,6,6,-5.0,5.0,5ee1241,2026-07-23T22:32:31,1.0,300600,,,,,,DTSA+LS,N=D,C1,1594,10,0,True
ta14,20,15,300,DTSA,6,1559,300900,300000,167,6.92,,,,,300,0.5,6,6,-5.0,5.0,5ee1241,2026-07-23T22:32:31,1.0,300600,,,,,,DTSA-core,N=D,C1,1559,0,0,True
ta14,20,15,300,DTSA,6,1559,300900,300000,167,6.92,,,,,300,0.5,6,6,-5.0,5.0,5ee1241,2026-07-23T22:32:31,1.0,300600,,,,,,DTSA+LS,N=D,C1,1559,9,0,True
ta14,20,15,300,DTSA,7,1621,300900,300000,167,6.757,,,,,300,0.5,6,6,-5.0,5.0,5ee1241,2026-07-23T22:32:38,1.0,300600,,,,,,DTSA-core,N=D,C1,1621,0,0,True
ta14,20,15,300,DTSA,7,1621,300900,300000,167,6.757,,,,,300,0.5,6,6,-5.0,5.0,5ee1241,2026-07-23T22:32:38,1.0,300600,,,,,,DTSA+LS,N=D,C1,1621,6,0,True
ta14,20,15,300,DTSA,8,1521,300900,300000,167,6.668,,,,,300,0.5,6,6,-5.0,5.0,5ee1241,2026-07-23T22:32:37,1.0,300600,,,,,,DTSA-core,N=D,C1,1521,0,0,True
ta14,20,15,300,DTSA,8,1521,300900,300000,167,6.668,,,,,300,0.5,6,6,-5.0,5.0,5ee1241,2026-07-23T22:32:37,1.0,300600,,,,,,DTSA+LS,N=D,C1,1521,6,0,True
ta14,20,15,300,DTSA,9,1541,300900,300000,167,6.756,,,,,300,0.5,6,6,-5.0,5.0,5ee1241,2026-07-23T22:32:38,1.0,300600,,,,,,DTSA-core,N=D,C1,1541,0,0,True
ta14,20,15,300,DTSA,9,1541,300900,300000,167,6.756,,,,,300,0.5,6,6,-5.0,5.0,5ee1241,2026-07-23T22:32:38,1.0,300600,,,,,,DTSA+LS,N=D,C1,1541,6,0,True
ta14,20,15,300,DTSA,10,1531,300900,300000,167,6.892,,,,,300,0.5,6,6,-5.0,5.0,5ee1241,2026-07-23T22:32:38,1.0,300600,,,,,,DTSA-core,N=D,C1,1531,0,0,True
ta14,20,15,300,DTSA,10,1530,300900,300000,167,6.892,,,,,300,0.5,6,6,-5.0,5.0,5ee1241,2026-07-23T22:32:38,1.0,300600,,,,,,DTSA+LS,N=D,C1,1531,17,1,True
ta14,20,15,300,DTSA,11,1423,300900,300000,167,6.895,,,,,300,0.5,6,6,-5.0,5.0,5ee1241,2026-07-23T22:32:38,1.0,300600,,,,,,DTSA-core,N=D,C1,1423,0,0,True
ta14,20,15,300,DTSA,11,1423,300900,300000,167,6.895,,,,,300,0.5,6,6,-5.0,5.0,5ee1241,2026-07-23T22:32:38,1.0,300600,,,,,,DTSA+LS,N=D,C1,1423,6,0,True
ta14,20,15,300,DTSA,12,1464,300900,300000,167,6.888,,,,,300,0.5,6,6,-5.0,5.0,5ee1241,2026-07-23T22:32:38,1.0,300600,,,,,,DTSA-core,N=D,C1,1464,0,0,True
ta14,20,15,300,DTSA,12,1464,300900,300000,167,6.888,,,,,300,0.5,6,6,-5.0,5.0,5ee1241,2026-07-23T22:32:38,1.0,300600,,,,,,DTSA+LS,N=D,C1,1464,7,0,True
ta14,20,15,300,DTSA,13,1478,300900,300000,167,6.686,,,,,300,0.5,6,6,-5.0,5.0,5ee1241,2026-07-23T22:32:38,1.0,300600,,,,,,DTSA-core,N=D,C1,1478,0,0,True
ta14,20,15,300,DTSA,13,1478,300900,300000,167,6.686,,,,,300,0.5,6,6,-5.0,5.0,5ee1241,2026-07-23T22:32:38,1.0,300600,,,,,,DTSA+LS,N=D,C1,1478,12,0,True
ta14,20,15,300,DTSA,14,1537,300900,300000,167,6.559,,,,,300,0.5,6,6,-5.0,5.0,5ee1241,2026-07-23T22:32:44,1.0,300600,,,,,,DTSA-core,N=D,C1,1537,0,0,True
ta14,20,15,300,DTSA,14,1537,300900,300000,167,6.559,,,,,300,0.5,6,6,-5.0,5.0,5ee1241,2026-07-23T22:32:44,1.0,300600,,,,,,DTSA+LS,N=D,C1,1537,10,0,True
ta14,20,15,300,DTSA,15,1638,300900,300000,167,6.611,,,,,300,0.5,6,6,-5.0,5.0,5ee1241,2026-07-23T22:32:44,1.0,300600,,,,,,DTSA-core,N=D,C1,1638,0,0,True
ta14,20,15,300,DTSA,15,1638,300900,300000,167,6.611,,,,,300,0.5,6,6,-5.0,5.0,5ee1241,2026-07-23T22:32:44,1.0,300600,,,,,,DTSA+LS,N=D,C1,1638,9,0,True
ta14,20,15,300,DTSA,16,1545,300900,300000,167,6.644,,,,,300,0.5,6,6,-5.0,5.0,5ee1241,2026-07-23T22:32:44,1.0,300600,,,,,,DTSA-core,N=D,C1,1545,0,0,True
ta14,20,15,300,DTSA,16,1545,300900,300000,167,6.644,,,,,300,0.5,6,6,-5.0,5.0,5ee1241,2026-07-23T22:32:44,1.0,300600,,,,,,DTSA+LS,N=D,C1,1545,8,0,True
ta14,20,15,300,DTSA,17,1586,300900,300000,167,6.816,,,,,300,0.5,6,6,-5.0,5.0,5ee1241,2026-07-23T22:32:45,1.0,300600,,,,,,DTSA-core,N=D,C1,1586,0,0,True
ta14,20,15,300,DTSA,17,1586,300900,300000,167,6.816,,,,,300,0.5,6,6,-5.0,5.0,5ee1241,2026-07-23T22:32:45,1.0,300600,,,,,,DTSA+LS,N=D,C1,1586,7,0,True
ta14,20,15,300,DTSA,18,1573,300900,300000,167,6.615,,,,,300,0.5,6,6,-5.0,5.0,5ee1241,2026-07-23T22:32:44,1.0,300600,,,,,,DTSA-core,N=D,C1,1573,0,0,True
ta14,20,15,300,DTSA,18,1573,300900,300000,167,6.615,,,,,300,0.5,6,6,-5.0,5.0,5ee1241,2026-07-23T22:32:44,1.0,300600,,,,,,DTSA+LS,N=D,C1,1573,6,0,True
ta14,20,15,300,DTSA,19,1578,300900,300000,167,6.623,,,,,300,0.5,6,6,-5.0,5.0,5ee1241,2026-07-23T22:32:45,1.0,300600,,,,,,DTSA-core,N=D,C1,1578,0,0,True
ta14,20,15,300,DTSA,19,1578,300900,300000,167,6.623,,,,,300,0.5,6,6,-5.0,5.0,5ee1241,2026-07-23T22:32:45,1.0,300600,,,,,,DTSA+LS,N=D,C1,1578,6,0,True
ta15,20,15,300,DTSA,0,1584,300900,300000,167,6.829,,,,,300,0.5,6,6,-5.0,5.0,5ee1241,2026-07-23T22:32:51,1.0,300600,,,,,,DTSA-core,N=D,C1,1584,0,0,True
ta15,20,15,300,DTSA,0,1561,300900,300000,167,6.829,,,,,300,0.5,6,6,-5.0,5.0,5ee1241,2026-07-23T22:32:51,1.0,300600,,,,,,DTSA+LS,N=D,C1,1584,21,5,True
ta15,20,15,300,DTSA,1,1580,300900,300000,167,6.405,,,,,300,0.5,6,6,-5.0,5.0,5ee1241,2026-07-23T22:32:51,1.0,300600,,,,,,DTSA-core,N=D,C1,1580,0,0,True
ta15,20,15,300,DTSA,1,1580,300900,300000,167,6.405,,,,,300,0.5,6,6,-5.0,5.0,5ee1241,2026-07-23T22:32:51,1.0,300600,,,,,,DTSA+LS,N=D,C1,1580,8,0,True
ta15,20,15,300,DTSA,2,1590,300900,300000,167,6.492,,,,,300,0.5,6,6,-5.0,5.0,5ee1241,2026-07-23T22:32:51,1.0,300600,,,,,,DTSA-core,N=D,C1,1590,0,0,True
ta15,20,15,300,DTSA,2,1590,300900,300000,167,6.492,,,,,300,0.5,6,6,-5.0,5.0,5ee1241,2026-07-23T22:32:51,1.0,300600,,,,,,DTSA+LS,N=D,C1,1590,6,0,True
ta15,20,15,300,DTSA,3,1733,300900,300000,167,6.724,,,,,300,0.5,6,6,-5.0,5.0,5ee1241,2026-07-23T22:32:51,1.0,300600,,,,,,DTSA-core,N=D,C1,1733,0,0,True
ta15,20,15,300,DTSA,3,1733,300900,300000,167,6.724,,,,,300,0.5,6,6,-5.0,5.0,5ee1241,2026-07-23T22:32:51,1.0,300600,,,,,,DTSA+LS,N=D,C1,1733,5,0,True
ta15,20,15,300,DTSA,4,1623,300900,300000,167,6.761,,,,,300,0.5,6,6,-5.0,5.0,5ee1241,2026-07-23T22:32:51,1.0,300600,,,,,,DTSA-core,N=D,C1,1623,0,0,True
ta15,20,15,300,DTSA,4,1623,300900,300000,167,6.761,,,,,300,0.5,6,6,-5.0,5.0,5ee1241,2026-07-23T22:32:51,1.0,300600,,,,,,DTSA+LS,N=D,C1,1623,6,0,True
ta15,20,15,300,DTSA,5,1586,300900,300000,167,6.806,,,,,300,0.5,6,6,-5.0,5.0,5ee1241,2026-07-23T22:32:51,1.0,300600,,,,,,DTSA-core,N=D,C1,1586,0,0,True
ta15,20,15,300,DTSA,5,1586,300900,300000,167,6.806,,,,,300,0.5,6,6,-5.0,5.0,5ee1241,2026-07-23T22:32:51,1.0,300600,,,,,,DTSA+LS,N=D,C1,1586,6,0,True
ta15,20,15,300,DTSA,6,1626,300900,300000,167,7.003,,,,,300,0.5,6,6,-5.0,5.0,5ee1241,2026-07-23T22:32:52,1.0,300600,,,,,,DTSA-core,N=D,C1,1626,0,0,True
ta15,20,15,300,DTSA,6,1626,300900,300000,167,7.003,,,,,300,0.5,6,6,-5.0,5.0,5ee1241,2026-07-23T22:32:52,1.0,300600,,,,,,DTSA+LS,N=D,C1,1626,9,0,True
ta15,20,15,300,DTSA,7,1563,300900,300000,167,6.798,,,,,300,0.5,6,6,-5.0,5.0,5ee1241,2026-07-23T22:32:58,1.0,300600,,,,,,DTSA-core,N=D,C1,1563,0,0,True
ta15,20,15,300,DTSA,7,1563,300900,300000,167,6.798,,,,,300,0.5,6,6,-5.0,5.0,5ee1241,2026-07-23T22:32:58,1.0,300600,,,,,,DTSA+LS,N=D,C1,1563,8,0,True
ta15,20,15,300,DTSA,8,1699,300900,300000,167,6.821,,,,,300,0.5,6,6,-5.0,5.0,5ee1241,2026-07-23T22:32:58,1.0,300600,,,,,,DTSA-core,N=D,C1,1699,0,0,True
ta15,20,15,300,DTSA,8,1699,300900,300000,167,6.821,,,,,300,0.5,6,6,-5.0,5.0,5ee1241,2026-07-23T22:32:58,1.0,300600,,,,,,DTSA+LS,N=D,C1,1699,9,0,True
ta15,20,15,300,DTSA,9,1695,300900,300000,167,6.792,,,,,300,0.5,6,6,-5.0,5.0,5ee1241,2026-07-23T22:32:58,1.0,300600,,,,,,DTSA-core,N=D,C1,1695,0,0,True
ta15,20,15,300,DTSA,9,1695,300900,300000,167,6.792,,,,,300,0.5,6,6,-5.0,5.0,5ee1241,2026-07-23T22:32:58,1.0,300600,,,,,,DTSA+LS,N=D,C1,1695,7,0,True
ta15,20,15,300,DTSA,10,1572,300900,300000,167,6.854,,,,,300,0.5,6,6,-5.0,5.0,5ee1241,2026-07-23T22:32:58,1.0,300600,,,,,,DTSA-core,N=D,C1,1572,0,0,True
ta15,20,15,300,DTSA,10,1572,300900,300000,167,6.854,,,,,300,0.5,6,6,-5.0,5.0,5ee1241,2026-07-23T22:32:58,1.0,300600,,,,,,DTSA+LS,N=D,C1,1572,7,0,True
ta15,20,15,300,DTSA,11,1573,300900,300000,167,6.589,,,,,300,0.5,6,6,-5.0,5.0,5ee1241,2026-07-23T22:32:58,1.0,300600,,,,,,DTSA-core,N=D,C1,1573,0,0,True
ta15,20,15,300,DTSA,11,1573,300900,300000,167,6.589,,,,,300,0.5,6,6,-5.0,5.0,5ee1241,2026-07-23T22:32:58,1.0,300600,,,,,,DTSA+LS,N=D,C1,1573,7,0,True
ta15,20,15,300,DTSA,12,1621,300900,300000,167,6.881,,,,,300,0.5,6,6,-5.0,5.0,5ee1241,2026-07-23T22:32:58,1.0,300600,,,,,,DTSA-core,N=D,C1,1621,0,0,True
ta15,20,15,300,DTSA,12,1617,300900,300000,167,6.881,,,,,300,0.5,6,6,-5.0,5.0,5ee1241,2026-07-23T22:32:58,1.0,300600,,,,,,DTSA+LS,N=D,C1,1621,19,2,True
ta15,20,15,300,DTSA,13,1533,300900,300000,167,6.757,,,,,300,0.5,6,6,-5.0,5.0,5ee1241,2026-07-23T22:32:58,1.0,300600,,,,,,DTSA-core,N=D,C1,1533,0,0,True
ta15,20,15,300,DTSA,13,1533,300900,300000,167,6.757,,,,,300,0.5,6,6,-5.0,5.0,5ee1241,2026-07-23T22:32:58,1.0,300600,,,,,,DTSA+LS,N=D,C1,1533,4,0,True
ta15,20,15,300,DTSA,14,1679,300900,300000,167,6.611,,,,,300,0.5,6,6,-5.0,5.0,5ee1241,2026-07-23T22:33:04,1.0,300600,,,,,,DTSA-core,N=D,C1,1679,0,0,True
ta15,20,15,300,DTSA,14,1679,300900,300000,167,6.611,,,,,300,0.5,6,6,-5.0,5.0,5ee1241,2026-07-23T22:33:04,1.0,300600,,,,,,DTSA+LS,N=D,C1,1679,7,0,True
ta15,20,15,300,DTSA,15,1640,300900,300000,167,6.532,,,,,300,0.5,6,6,-5.0,5.0,5ee1241,2026-07-23T22:33:04,1.0,300600,,,,,,DTSA-core,N=D,C1,1640,0,0,True
ta15,20,15,300,DTSA,15,1640,300900,300000,167,6.532,,,,,300,0.5,6,6,-5.0,5.0,5ee1241,2026-07-23T22:33:04,1.0,300600,,,,,,DTSA+LS,N=D,C1,1640,10,0,True
ta15,20,15,300,DTSA,16,1606,300900,300000,167,6.37,,,,,300,0.5,6,6,-5.0,5.0,5ee1241,2026-07-23T22:33:04,1.0,300600,,,,,,DTSA-core,N=D,C1,1606,0,0,True
ta15,20,15,300,DTSA,16,1606,300900,300000,167,6.37,,,,,300,0.5,6,6,-5.0,5.0,5ee1241,2026-07-23T22:33:04,1.0,300600,,,,,,DTSA+LS,N=D,C1,1606,6,0,True
ta15,20,15,300,DTSA,17,1713,300900,300000,167,6.571,,,,,300,0.5,6,6,-5.0,5.0,5ee1241,2026-07-23T22:33:05,1.0,300600,,,,,,DTSA-core,N=D,C1,1713,0,0,True
ta15,20,15,300,DTSA,17,1713,300900,300000,167,6.571,,,,,300,0.5,6,6,-5.0,5.0,5ee1241,2026-07-23T22:33:05,1.0,300600,,,,,,DTSA+LS,N=D,C1,1713,9,0,True
ta15,20,15,300,DTSA,18,1552,300900,300000,167,6.317,,,,,300,0.5,6,6,-5.0,5.0,5ee1241,2026-07-23T22:33:05,1.0,300600,,,,,,DTSA-core,N=D,C1,1552,0,0,True
ta15,20,15,300,DTSA,18,1552,300900,300000,167,6.317,,,,,300,0.5,6,6,-5.0,5.0,5ee1241,2026-07-23T22:33:05,1.0,300600,,,,,,DTSA+LS,N=D,C1,1552,14,0,True
ta15,20,15,300,DTSA,19,1701,300900,300000,167,6.629,,,,,300,0.5,6,6,-5.0,5.0,5ee1241,2026-07-23T22:33:05,1.0,300600,,,,,,DTSA-core,N=D,C1,1701,0,0,True
ta15,20,15,300,DTSA,19,1701,300900,300000,167,6.629,,,,,300,0.5,6,6,-5.0,5.0,5ee1241,2026-07-23T22:33:05,1.0,300600,,,,,,DTSA+LS,N=D,C1,1701,8,0,True
ta21,20,20,400,DTSA,0,1939,401200,400000,167,10.939,,,,,400,0.5,6,6,-5.0,5.0,5ee1241,2026-07-23T22:33:16,1.0,400800,,,,,,DTSA-core,N=D,C1,1939,0,0,True
ta21,20,20,400,DTSA,0,1939,401200,400000,167,10.939,,,,,400,0.5,6,6,-5.0,5.0,5ee1241,2026-07-23T22:33:16,1.0,400800,,,,,,DTSA+LS,N=D,C1,1939,14,0,True
ta21,20,20,400,DTSA,1,2011,401200,400000,167,10.262,,,,,400,0.5,6,6,-5.0,5.0,5ee1241,2026-07-23T22:33:15,1.0,400800,,,,,,DTSA-core,N=D,C1,2011,0,0,True
ta21,20,20,400,DTSA,1,2011,401200,400000,167,10.262,,,,,400,0.5,6,6,-5.0,5.0,5ee1241,2026-07-23T22:33:15,1.0,400800,,,,,,DTSA+LS,N=D,C1,2011,12,0,True
ta21,20,20,400,DTSA,2,1991,401200,400000,167,10.045,,,,,400,0.5,6,6,-5.0,5.0,5ee1241,2026-07-23T22:33:15,1.0,400800,,,,,,DTSA-core,N=D,C1,1991,0,0,True
ta21,20,20,400,DTSA,2,1991,401200,400000,167,10.045,,,,,400,0.5,6,6,-5.0,5.0,5ee1241,2026-07-23T22:33:15,1.0,400800,,,,,,DTSA+LS,N=D,C1,1991,8,0,True
ta21,20,20,400,DTSA,3,1970,401200,400000,167,10.101,,,,,400,0.5,6,6,-5.0,5.0,5ee1241,2026-07-23T22:33:15,1.0,400800,,,,,,DTSA-core,N=D,C1,1970,0,0,True
ta21,20,20,400,DTSA,3,1970,401200,400000,167,10.101,,,,,400,0.5,6,6,-5.0,5.0,5ee1241,2026-07-23T22:33:15,1.0,400800,,,,,,DTSA+LS,N=D,C1,1970,8,0,True
ta21,20,20,400,DTSA,4,1974,401200,400000,167,10.108,,,,,400,0.5,6,6,-5.0,5.0,5ee1241,2026-07-23T22:33:15,1.0,400800,,,,,,DTSA-core,N=D,C1,1974,0,0,True
ta21,20,20,400,DTSA,4,1974,401200,400000,167,10.108,,,,,400,0.5,6,6,-5.0,5.0,5ee1241,2026-07-23T22:33:15,1.0,400800,,,,,,DTSA+LS,N=D,C1,1974,7,0,True
ta21,20,20,400,DTSA,5,1924,401200,400000,167,10.066,,,,,400,0.5,6,6,-5.0,5.0,5ee1241,2026-07-23T22:33:15,1.0,400800,,,,,,DTSA-core,N=D,C1,1924,0,0,True
ta21,20,20,400,DTSA,5,1924,401200,400000,167,10.066,,,,,400,0.5,6,6,-5.0,5.0,5ee1241,2026-07-23T22:33:15,1.0,400800,,,,,,DTSA+LS,N=D,C1,1924,8,0,True
ta21,20,20,400,DTSA,6,1915,401200,400000,167,10.828,,,,,400,0.5,6,6,-5.0,5.0,5ee1241,2026-07-23T22:33:16,1.0,400800,,,,,,DTSA-core,N=D,C1,1915,0,0,True
ta21,20,20,400,DTSA,6,1915,401200,400000,167,10.828,,,,,400,0.5,6,6,-5.0,5.0,5ee1241,2026-07-23T22:33:16,1.0,400800,,,,,,DTSA+LS,N=D,C1,1915,8,0,True
ta21,20,20,400,DTSA,7,1977,401200,400000,167,10.395,,,,,400,0.5,6,6,-5.0,5.0,5ee1241,2026-07-23T22:33:25,1.0,400800,,,,,,DTSA-core,N=D,C1,1977,0,0,True
ta21,20,20,400,DTSA,7,1977,401200,400000,167,10.395,,,,,400,0.5,6,6,-5.0,5.0,5ee1241,2026-07-23T22:33:25,1.0,400800,,,,,,DTSA+LS,N=D,C1,1977,4,0,True
ta21,20,20,400,DTSA,8,1935,401200,400000,167,10.231,,,,,400,0.5,6,6,-5.0,5.0,5ee1241,2026-07-23T22:33:25,1.0,400800,,,,,,DTSA-core,N=D,C1,1935,0,0,True
ta21,20,20,400,DTSA,8,1935,401200,400000,167,10.231,,,,,400,0.5,6,6,-5.0,5.0,5ee1241,2026-07-23T22:33:25,1.0,400800,,,,,,DTSA+LS,N=D,C1,1935,8,0,True
ta21,20,20,400,DTSA,9,1957,401200,400000,167,10.1,,,,,400,0.5,6,6,-5.0,5.0,5ee1241,2026-07-23T22:33:25,1.0,400800,,,,,,DTSA-core,N=D,C1,1957,0,0,True
ta21,20,20,400,DTSA,9,1948,401200,400000,167,10.1,,,,,400,0.5,6,6,-5.0,5.0,5ee1241,2026-07-23T22:33:25,1.0,400800,,,,,,DTSA+LS,N=D,C1,1957,46,5,True
ta21,20,20,400,DTSA,10,1940,401200,400000,167,10.19,,,,,400,0.5,6,6,-5.0,5.0,5ee1241,2026-07-23T22:33:25,1.0,400800,,,,,,DTSA-core,N=D,C1,1940,0,0,True
ta21,20,20,400,DTSA,10,1940,401200,400000,167,10.19,,,,,400,0.5,6,6,-5.0,5.0,5ee1241,2026-07-23T22:33:25,1.0,400800,,,,,,DTSA+LS,N=D,C1,1940,11,0,True
ta21,20,20,400,DTSA,11,1934,401200,400000,167,10.395,,,,,400,0.5,6,6,-5.0,5.0,5ee1241,2026-07-23T22:33:26,1.0,400800,,,,,,DTSA-core,N=D,C1,1934,0,0,True
ta21,20,20,400,DTSA,11,1934,401200,400000,167,10.395,,,,,400,0.5,6,6,-5.0,5.0,5ee1241,2026-07-23T22:33:26,1.0,400800,,,,,,DTSA+LS,N=D,C1,1934,6,0,True
ta21,20,20,400,DTSA,12,1951,401200,400000,167,10.83,,,,,400,0.5,6,6,-5.0,5.0,5ee1241,2026-07-23T22:33:27,1.0,400800,,,,,,DTSA-core,N=D,C1,1951,0,0,True
ta21,20,20,400,DTSA,12,1951,401200,400000,167,10.83,,,,,400,0.5,6,6,-5.0,5.0,5ee1241,2026-07-23T22:33:27,1.0,400800,,,,,,DTSA+LS,N=D,C1,1951,11,0,True
ta21,20,20,400,DTSA,13,1914,401200,400000,167,10.848,,,,,400,0.5,6,6,-5.0,5.0,5ee1241,2026-07-23T22:33:27,1.0,400800,,,,,,DTSA-core,N=D,C1,1914,0,0,True
ta21,20,20,400,DTSA,13,1914,401200,400000,167,10.848,,,,,400,0.5,6,6,-5.0,5.0,5ee1241,2026-07-23T22:33:27,1.0,400800,,,,,,DTSA+LS,N=D,C1,1914,11,0,True
ta21,20,20,400,DTSA,14,1926,401200,400000,167,10.445,,,,,400,0.5,6,6,-5.0,5.0,5ee1241,2026-07-23T22:33:36,1.0,400800,,,,,,DTSA-core,N=D,C1,1926,0,0,True
ta21,20,20,400,DTSA,14,1926,401200,400000,167,10.445,,,,,400,0.5,6,6,-5.0,5.0,5ee1241,2026-07-23T22:33:36,1.0,400800,,,,,,DTSA+LS,N=D,C1,1926,9,0,True
ta21,20,20,400,DTSA,15,1936,401200,400000,167,10.226,,,,,400,0.5,6,6,-5.0,5.0,5ee1241,2026-07-23T22:33:36,1.0,400800,,,,,,DTSA-core,N=D,C1,1936,0,0,True
ta21,20,20,400,DTSA,15,1936,401200,400000,167,10.226,,,,,400,0.5,6,6,-5.0,5.0,5ee1241,2026-07-23T22:33:36,1.0,400800,,,,,,DTSA+LS,N=D,C1,1936,11,0,True
ta21,20,20,400,DTSA,16,1980,401200,400000,167,10.314,,,,,400,0.5,6,6,-5.0,5.0,5ee1241,2026-07-23T22:33:36,1.0,400800,,,,,,DTSA-core,N=D,C1,1980,0,0,True
ta21,20,20,400,DTSA,16,1980,401200,400000,167,10.314,,,,,400,0.5,6,6,-5.0,5.0,5ee1241,2026-07-23T22:33:36,1.0,400800,,,,,,DTSA+LS,N=D,C1,1980,8,0,True
ta21,20,20,400,DTSA,17,1903,401200,400000,167,10.44,,,,,400,0.5,6,6,-5.0,5.0,5ee1241,2026-07-23T22:33:36,1.0,400800,,,,,,DTSA-core,N=D,C1,1903,0,0,True
ta21,20,20,400,DTSA,17,1903,401200,400000,167,10.44,,,,,400,0.5,6,6,-5.0,5.0,5ee1241,2026-07-23T22:33:36,1.0,400800,,,,,,DTSA+LS,N=D,C1,1903,11,0,True
ta21,20,20,400,DTSA,18,1963,401200,400000,167,10.424,,,,,400,0.5,6,6,-5.0,5.0,5ee1241,2026-07-23T22:33:36,1.0,400800,,,,,,DTSA-core,N=D,C1,1963,0,0,True
ta21,20,20,400,DTSA,18,1963,401200,400000,167,10.424,,,,,400,0.5,6,6,-5.0,5.0,5ee1241,2026-07-23T22:33:36,1.0,400800,,,,,,DTSA+LS,N=D,C1,1963,10,0,True
ta21,20,20,400,DTSA,19,1934,401200,400000,167,10.684,,,,,400,0.5,6,6,-5.0,5.0,5ee1241,2026-07-23T22:33:37,1.0,400800,,,,,,DTSA-core,N=D,C1,1934,0,0,True
ta21,20,20,400,DTSA,19,1934,401200,400000,167,10.684,,,,,400,0.5,6,6,-5.0,5.0,5ee1241,2026-07-23T22:33:37,1.0,400800,,,,,,DTSA+LS,N=D,C1,1934,8,0,True
ta22,20,20,400,DTSA,0,1830,401200,400000,167,11.233,,,,,400,0.5,6,6,-5.0,5.0,5ee1241,2026-07-23T22:33:49,1.0,400800,,,,,,DTSA-core,N=D,C1,1830,0,0,True
ta22,20,20,400,DTSA,0,1830,401200,400000,167,11.233,,,,,400,0.5,6,6,-5.0,5.0,5ee1241,2026-07-23T22:33:49,1.0,400800,,,,,,DTSA+LS,N=D,C1,1830,7,0,True
ta22,20,20,400,DTSA,1,1842,401200,400000,167,10.139,,,,,400,0.5,6,6,-5.0,5.0,5ee1241,2026-07-23T22:33:48,1.0,400800,,,,,,DTSA-core,N=D,C1,1842,0,0,True
ta22,20,20,400,DTSA,1,1842,401200,400000,167,10.139,,,,,400,0.5,6,6,-5.0,5.0,5ee1241,2026-07-23T22:33:48,1.0,400800,,,,,,DTSA+LS,N=D,C1,1842,7,0,True
ta22,20,20,400,DTSA,2,1843,401200,400000,167,10.102,,,,,400,0.5,6,6,-5.0,5.0,5ee1241,2026-07-23T22:33:48,1.0,400800,,,,,,DTSA-core,N=D,C1,1843,0,0,True
ta22,20,20,400,DTSA,2,1843,401200,400000,167,10.102,,,,,400,0.5,6,6,-5.0,5.0,5ee1241,2026-07-23T22:33:48,1.0,400800,,,,,,DTSA+LS,N=D,C1,1843,8,0,True
ta22,20,20,400,DTSA,3,1845,401200,400000,167,10.112,,,,,400,0.5,6,6,-5.0,5.0,5ee1241,2026-07-23T22:33:48,1.0,400800,,,,,,DTSA-core,N=D,C1,1845,0,0,True
ta22,20,20,400,DTSA,3,1845,401200,400000,167,10.112,,,,,400,0.5,6,6,-5.0,5.0,5ee1241,2026-07-23T22:33:48,1.0,400800,,,,,,DTSA+LS,N=D,C1,1845,5,0,True
ta22,20,20,400,DTSA,4,1844,401200,400000,167,10.375,,,,,400,0.5,6,6,-5.0,5.0,5ee1241,2026-07-23T22:33:48,1.0,400800,,,,,,DTSA-core,N=D,C1,1844,0,0,True
ta22,20,20,400,DTSA,4,1844,401200,400000,167,10.375,,,,,400,0.5,6,6,-5.0,5.0,5ee1241,2026-07-23T22:33:48,1.0,400800,,,,,,DTSA+LS,N=D,C1,1844,10,0,True
ta22,20,20,400,DTSA,5,1856,401200,400000,167,10.356,,,,,400,0.5,6,6,-5.0,5.0,5ee1241,2026-07-23T22:33:48,1.0,400800,,,,,,DTSA-core,N=D,C1,1856,0,0,True
ta22,20,20,400,DTSA,5,1856,401200,400000,167,10.356,,,,,400,0.5,6,6,-5.0,5.0,5ee1241,2026-07-23T22:33:48,1.0,400800,,,,,,DTSA+LS,N=D,C1,1856,6,0,True
ta22,20,20,400,DTSA,6,1797,401200,400000,167,10.698,,,,,400,0.5,6,6,-5.0,5.0,5ee1241,2026-07-23T22:33:48,1.0,400800,,,,,,DTSA-core,N=D,C1,1797,0,0,True
ta22,20,20,400,DTSA,6,1797,401200,400000,167,10.698,,,,,400,0.5,6,6,-5.0,5.0,5ee1241,2026-07-23T22:33:48,1.0,400800,,,,,,DTSA+LS,N=D,C1,1797,9,0,True
ta22,20,20,400,DTSA,7,1843,401200,400000,167,10.12,,,,,400,0.5,6,6,-5.0,5.0,5ee1241,2026-07-23T22:33:58,1.0,400800,,,,,,DTSA-core,N=D,C1,1843,0,0,True
ta22,20,20,400,DTSA,7,1843,401200,400000,167,10.12,,,,,400,0.5,6,6,-5.0,5.0,5ee1241,2026-07-23T22:33:58,1.0,400800,,,,,,DTSA+LS,N=D,C1,1843,10,0,True
ta22,20,20,400,DTSA,8,1880,401200,400000,167,10.187,,,,,400,0.5,6,6,-5.0,5.0,5ee1241,2026-07-23T22:33:58,1.0,400800,,,,,,DTSA-core,N=D,C1,1880,0,0,True
ta22,20,20,400,DTSA,8,1880,401200,400000,167,10.187,,,,,400,0.5,6,6,-5.0,5.0,5ee1241,2026-07-23T22:33:58,1.0,400800,,,,,,DTSA+LS,N=D,C1,1880,6,0,True
ta22,20,20,400,DTSA,9,1853,401200,400000,167,10.066,,,,,400,0.5,6,6,-5.0,5.0,5ee1241,2026-07-23T22:33:58,1.0,400800,,,,,,DTSA-core,N=D,C1,1853,0,0,True
ta22,20,20,400,DTSA,9,1853,401200,400000,167,10.066,,,,,400,0.5,6,6,-5.0,5.0,5ee1241,2026-07-23T22:33:58,1.0,400800,,,,,,DTSA+LS,N=D,C1,1853,8,0,True
ta22,20,20,400,DTSA,10,1802,401200,400000,167,10.309,,,,,400,0.5,6,6,-5.0,5.0,5ee1241,2026-07-23T22:33:58,1.0,400800,,,,,,DTSA-core,N=D,C1,1802,0,0,True
ta22,20,20,400,DTSA,10,1802,401200,400000,167,10.309,,,,,400,0.5,6,6,-5.0,5.0,5ee1241,2026-07-23T22:33:58,1.0,400800,,,,,,DTSA+LS,N=D,C1,1802,9,0,True
ta22,20,20,400,DTSA,11,1833,401200,400000,167,10.182,,,,,400,0.5,6,6,-5.0,5.0,5ee1241,2026-07-23T22:33:58,1.0,400800,,,,,,DTSA-core,N=D,C1,1833,0,0,True
ta22,20,20,400,DTSA,11,1831,401200,400000,167,10.182,,,,,400,0.5,6,6,-5.0,5.0,5ee1241,2026-07-23T22:33:58,1.0,400800,,,,,,DTSA+LS,N=D,C1,1833,15,1,True
ta22,20,20,400,DTSA,12,1880,401200,400000,167,10.812,,,,,400,0.5,6,6,-5.0,5.0,5ee1241,2026-07-23T22:33:59,1.0,400800,,,,,,DTSA-core,N=D,C1,1880,0,0,True
ta22,20,20,400,DTSA,12,1880,401200,400000,167,10.812,,,,,400,0.5,6,6,-5.0,5.0,5ee1241,2026-07-23T22:33:59,1.0,400800,,,,,,DTSA+LS,N=D,C1,1880,6,0,True
ta22,20,20,400,DTSA,13,1813,401200,400000,167,10.902,,,,,400,0.5,6,6,-5.0,5.0,5ee1241,2026-07-23T22:34:00,1.0,400800,,,,,,DTSA-core,N=D,C1,1813,0,0,True
ta22,20,20,400,DTSA,13,1813,401200,400000,167,10.902,,,,,400,0.5,6,6,-5.0,5.0,5ee1241,2026-07-23T22:34:00,1.0,400800,,,,,,DTSA+LS,N=D,C1,1813,7,0,True
ta22,20,20,400,DTSA,14,1894,401200,400000,167,9.907,,,,,400,0.5,6,6,-5.0,5.0,5ee1241,2026-07-23T22:34:08,1.0,400800,,,,,,DTSA-core,N=D,C1,1894,0,0,True
ta22,20,20,400,DTSA,14,1894,401200,400000,167,9.907,,,,,400,0.5,6,6,-5.0,5.0,5ee1241,2026-07-23T22:34:08,1.0,400800,,,,,,DTSA+LS,N=D,C1,1894,7,0,True
ta22,20,20,400,DTSA,15,1826,401200,400000,167,9.962,,,,,400,0.5,6,6,-5.0,5.0,5ee1241,2026-07-23T22:34:08,1.0,400800,,,,,,DTSA-core,N=D,C1,1826,0,0,True
ta22,20,20,400,DTSA,15,1826,401200,400000,167,9.962,,,,,400,0.5,6,6,-5.0,5.0,5ee1241,2026-07-23T22:34:08,1.0,400800,,,,,,DTSA+LS,N=D,C1,1826,9,0,True
ta22,20,20,400,DTSA,16,1845,401200,400000,167,9.923,,,,,400,0.5,6,6,-5.0,5.0,5ee1241,2026-07-23T22:34:08,1.0,400800,,,,,,DTSA-core,N=D,C1,1845,0,0,True
ta22,20,20,400,DTSA,16,1845,401200,400000,167,9.923,,,,,400,0.5,6,6,-5.0,5.0,5ee1241,2026-07-23T22:34:08,1.0,400800,,,,,,DTSA+LS,N=D,C1,1845,8,0,True
ta22,20,20,400,DTSA,17,1868,401200,400000,167,9.963,,,,,400,0.5,6,6,-5.0,5.0,5ee1241,2026-07-23T22:34:08,1.0,400800,,,,,,DTSA-core,N=D,C1,1868,0,0,True
ta22,20,20,400,DTSA,17,1868,401200,400000,167,9.963,,,,,400,0.5,6,6,-5.0,5.0,5ee1241,2026-07-23T22:34:08,1.0,400800,,,,,,DTSA+LS,N=D,C1,1868,5,0,True
ta22,20,20,400,DTSA,18,1797,401200,400000,167,10.196,,,,,400,0.5,6,6,-5.0,5.0,5ee1241,2026-07-23T22:34:08,1.0,400800,,,,,,DTSA-core,N=D,C1,1797,0,0,True
ta22,20,20,400,DTSA,18,1797,401200,400000,167,10.196,,,,,400,0.5,6,6,-5.0,5.0,5ee1241,2026-07-23T22:34:08,1.0,400800,,,,,,DTSA+LS,N=D,C1,1797,8,0,True
ta22,20,20,400,DTSA,19,1844,401200,400000,167,10.407,,,,,400,0.5,6,6,-5.0,5.0,5ee1241,2026-07-23T22:34:09,1.0,400800,,,,,,DTSA-core,N=D,C1,1844,0,0,True
ta22,20,20,400,DTSA,19,1844,401200,400000,167,10.407,,,,,400,0.5,6,6,-5.0,5.0,5ee1241,2026-07-23T22:34:09,1.0,400800,,,,,,DTSA+LS,N=D,C1,1844,8,0,True
ta23,20,20,400,DTSA,0,1746,401200,400000,167,11.289,,,,,400,0.5,6,6,-5.0,5.0,5ee1241,2026-07-23T22:34:21,1.0,400800,,,,,,DTSA-core,N=D,C1,1746,0,0,True
ta23,20,20,400,DTSA,0,1746,401200,400000,167,11.289,,,,,400,0.5,6,6,-5.0,5.0,5ee1241,2026-07-23T22:34:21,1.0,400800,,,,,,DTSA+LS,N=D,C1,1746,8,0,True
ta23,20,20,400,DTSA,1,1814,401200,400000,167,10.068,,,,,400,0.5,6,6,-5.0,5.0,5ee1241,2026-07-23T22:34:20,1.0,400800,,,,,,DTSA-core,N=D,C1,1814,0,0,True
ta23,20,20,400,DTSA,1,1814,401200,400000,167,10.068,,,,,400,0.5,6,6,-5.0,5.0,5ee1241,2026-07-23T22:34:20,1.0,400800,,,,,,DTSA+LS,N=D,C1,1814,10,0,True
ta23,20,20,400,DTSA,2,1806,401200,400000,167,9.977,,,,,400,0.5,6,6,-5.0,5.0,5ee1241,2026-07-23T22:34:19,1.0,400800,,,,,,DTSA-core,N=D,C1,1806,0,0,True
ta23,20,20,400,DTSA,2,1806,401200,400000,167,9.977,,,,,400,0.5,6,6,-5.0,5.0,5ee1241,2026-07-23T22:34:19,1.0,400800,,,,,,DTSA+LS,N=D,C1,1806,8,0,True
ta23,20,20,400,DTSA,3,1777,401200,400000,167,10.132,,,,,400,0.5,6,6,-5.0,5.0,5ee1241,2026-07-23T22:34:20,1.0,400800,,,,,,DTSA-core,N=D,C1,1777,0,0,True
ta23,20,20,400,DTSA,3,1777,401200,400000,167,10.132,,,,,400,0.5,6,6,-5.0,5.0,5ee1241,2026-07-23T22:34:20,1.0,400800,,,,,,DTSA+LS,N=D,C1,1777,8,0,True
ta23,20,20,400,DTSA,4,1777,401200,400000,167,10.173,,,,,400,0.5,6,6,-5.0,5.0,5ee1241,2026-07-23T22:34:20,1.0,400800,,,,,,DTSA-core,N=D,C1,1777,0,0,True
ta23,20,20,400,DTSA,4,1777,401200,400000,167,10.173,,,,,400,0.5,6,6,-5.0,5.0,5ee1241,2026-07-23T22:34:20,1.0,400800,,,,,,DTSA+LS,N=D,C1,1777,10,0,True
ta23,20,20,400,DTSA,5,1782,401200,400000,167,10.28,,,,,400,0.5,6,6,-5.0,5.0,5ee1241,2026-07-23T22:34:20,1.0,400800,,,,,,DTSA-core,N=D,C1,1782,0,0,True
ta23,20,20,400,DTSA,5,1782,401200,400000,167,10.28,,,,,400,0.5,6,6,-5.0,5.0,5ee1241,2026-07-23T22:34:20,1.0,400800,,,,,,DTSA+LS,N=D,C1,1782,14,0,True
ta23,20,20,400,DTSA,6,1826,401200,400000,167,10.698,,,,,400,0.5,6,6,-5.0,5.0,5ee1241,2026-07-23T22:34:20,1.0,400800,,,,,,DTSA-core,N=D,C1,1826,0,0,True
ta23,20,20,400,DTSA,6,1826,401200,400000,167,10.698,,,,,400,0.5,6,6,-5.0,5.0,5ee1241,2026-07-23T22:34:20,1.0,400800,,,,,,DTSA+LS,N=D,C1,1826,6,0,True
ta23,20,20,400,DTSA,7,1788,401200,400000,167,10.067,,,,,400,0.5,6,6,-5.0,5.0,5ee1241,2026-07-23T22:34:30,1.0,400800,,,,,,DTSA-core,N=D,C1,1788,0,0,True
ta23,20,20,400,DTSA,7,1788,401200,400000,167,10.067,,,,,400,0.5,6,6,-5.0,5.0,5ee1241,2026-07-23T22:34:30,1.0,400800,,,,,,DTSA+LS,N=D,C1,1788,8,0,True
ta23,20,20,400,DTSA,8,1783,401200,400000,167,10.047,,,,,400,0.5,6,6,-5.0,5.0,5ee1241,2026-07-23T22:34:30,1.0,400800,,,,,,DTSA-core,N=D,C1,1783,0,0,True
ta23,20,20,400,DTSA,8,1783,401200,400000,167,10.047,,,,,400,0.5,6,6,-5.0,5.0,5ee1241,2026-07-23T22:34:30,1.0,400800,,,,,,DTSA+LS,N=D,C1,1783,10,0,True
ta23,20,20,400,DTSA,9,1778,401200,400000,167,10.162,,,,,400,0.5,6,6,-5.0,5.0,5ee1241,2026-07-23T22:34:30,1.0,400800,,,,,,DTSA-core,N=D,C1,1778,0,0,True
ta23,20,20,400,DTSA,9,1778,401200,400000,167,10.162,,,,,400,0.5,6,6,-5.0,5.0,5ee1241,2026-07-23T22:34:30,1.0,400800,,,,,,DTSA+LS,N=D,C1,1778,11,0,True
ta23,20,20,400,DTSA,10,1826,401200,400000,167,10.062,,,,,400,0.5,6,6,-5.0,5.0,5ee1241,2026-07-23T22:34:30,1.0,400800,,,,,,DTSA-core,N=D,C1,1826,0,0,True
ta23,20,20,400,DTSA,10,1826,401200,400000,167,10.062,,,,,400,0.5,6,6,-5.0,5.0,5ee1241,2026-07-23T22:34:30,1.0,400800,,,,,,DTSA+LS,N=D,C1,1826,8,0,True
ta23,20,20,400,DTSA,11,1802,401200,400000,167,10.334,,,,,400,0.5,6,6,-5.0,5.0,5ee1241,2026-07-23T22:34:30,1.0,400800,,,,,,DTSA-core,N=D,C1,1802,0,0,True
ta23,20,20,400,DTSA,11,1802,401200,400000,167,10.334,,,,,400,0.5,6,6,-5.0,5.0,5ee1241,2026-07-23T22:34:30,1.0,400800,,,,,,DTSA+LS,N=D,C1,1802,8,0,True
ta23,20,20,400,DTSA,12,1787,401200,400000,167,10.548,,,,,400,0.5,6,6,-5.0,5.0,5ee1241,2026-07-23T22:34:31,1.0,400800,,,,,,DTSA-core,N=D,C1,1787,0,0,True
ta23,20,20,400,DTSA,12,1787,401200,400000,167,10.548,,,,,400,0.5,6,6,-5.0,5.0,5ee1241,2026-07-23T22:34:31,1.0,400800,,,,,,DTSA+LS,N=D,C1,1787,11,0,True
ta23,20,20,400,DTSA,13,1786,401200,400000,167,10.863,,,,,400,0.5,6,6,-5.0,5.0,5ee1241,2026-07-23T22:34:32,1.0,400800,,,,,,DTSA-core,N=D,C1,1786,0,0,True
ta23,20,20,400,DTSA,13,1786,401200,400000,167,10.863,,,,,400,0.5,6,6,-5.0,5.0,5ee1241,2026-07-23T22:34:32,1.0,400800,,,,,,DTSA+LS,N=D,C1,1786,7,0,True
ta23,20,20,400,DTSA,14,1768,401200,400000,167,9.905,,,,,400,0.5,6,6,-5.0,5.0,5ee1241,2026-07-23T22:34:39,1.0,400800,,,,,,DTSA-core,N=D,C1,1768,0,0,True
ta23,20,20,400,DTSA,14,1768,401200,400000,167,9.905,,,,,400,0.5,6,6,-5.0,5.0,5ee1241,2026-07-23T22:34:39,1.0,400800,,,,,,DTSA+LS,N=D,C1,1768,11,0,True
ta23,20,20,400,DTSA,15,1846,401200,400000,167,9.891,,,,,400,0.5,6,6,-5.0,5.0,5ee1241,2026-07-23T22:34:40,1.0,400800,,,,,,DTSA-core,N=D,C1,1846,0,0,True
ta23,20,20,400,DTSA,15,1840,401200,400000,167,9.891,,,,,400,0.5,6,6,-5.0,5.0,5ee1241,2026-07-23T22:34:40,1.0,400800,,,,,,DTSA+LS,N=D,C1,1846,29,2,True
ta23,20,20,400,DTSA,16,1781,401200,400000,167,10.093,,,,,400,0.5,6,6,-5.0,5.0,5ee1241,2026-07-23T22:34:40,1.0,400800,,,,,,DTSA-core,N=D,C1,1781,0,0,True
ta23,20,20,400,DTSA,16,1781,401200,400000,167,10.093,,,,,400,0.5,6,6,-5.0,5.0,5ee1241,2026-07-23T22:34:40,1.0,400800,,,,,,DTSA+LS,N=D,C1,1781,8,0,True
ta23,20,20,400,DTSA,17,1752,401200,400000,167,9.831,,,,,400,0.5,6,6,-5.0,5.0,5ee1241,2026-07-23T22:34:40,1.0,400800,,,,,,DTSA-core,N=D,C1,1752,0,0,True
ta23,20,20,400,DTSA,17,1752,401200,400000,167,9.831,,,,,400,0.5,6,6,-5.0,5.0,5ee1241,2026-07-23T22:34:40,1.0,400800,,,,,,DTSA+LS,N=D,C1,1752,8,0,True
ta23,20,20,400,DTSA,18,1825,401200,400000,167,9.923,,,,,400,0.5,6,6,-5.0,5.0,5ee1241,2026-07-23T22:34:40,1.0,400800,,,,,,DTSA-core,N=D,C1,1825,0,0,True
ta23,20,20,400,DTSA,18,1825,401200,400000,167,9.923,,,,,400,0.5,6,6,-5.0,5.0,5ee1241,2026-07-23T22:34:40,1.0,400800,,,,,,DTSA+LS,N=D,C1,1825,8,0,True
ta23,20,20,400,DTSA,19,1796,401200,400000,167,10.259,,,,,400,0.5,6,6,-5.0,5.0,5ee1241,2026-07-23T22:34:41,1.0,400800,,,,,,DTSA-core,N=D,C1,1796,0,0,True
ta23,20,20,400,DTSA,19,1796,401200,400000,167,10.259,,,,,400,0.5,6,6,-5.0,5.0,5ee1241,2026-07-23T22:34:41,1.0,400800,,,,,,DTSA+LS,N=D,C1,1796,8,0,True
ta24,20,20,400,DTSA,0,2011,401200,400000,167,11.824,,,,,400,0.5,6,6,-5.0,5.0,5ee1241,2026-07-23T22:34:53,1.0,400800,,,,,,DTSA-core,N=D,C1,2011,0,0,True
ta24,20,20,400,DTSA,0,2011,401200,400000,167,11.824,,,,,400,0.5,6,6,-5.0,5.0,5ee1241,2026-07-23T22:34:53,1.0,400800,,,,,,DTSA+LS,N=D,C1,2011,5,0,True
ta24,20,20,400,DTSA,1,1903,401200,400000,167,10.113,,,,,400,0.5,6,6,-5.0,5.0,5ee1241,2026-07-23T22:34:51,1.0,400800,,,,,,DTSA-core,N=D,C1,1903,0,0,True
ta24,20,20,400,DTSA,1,1903,401200,400000,167,10.113,,,,,400,0.5,6,6,-5.0,5.0,5ee1241,2026-07-23T22:34:51,1.0,400800,,,,,,DTSA+LS,N=D,C1,1903,6,0,True
ta24,20,20,400,DTSA,2,1862,401200,400000,167,10.053,,,,,400,0.5,6,6,-5.0,5.0,5ee1241,2026-07-23T22:34:51,1.0,400800,,,,,,DTSA-core,N=D,C1,1862,0,0,True
ta24,20,20,400,DTSA,2,1862,401200,400000,167,10.053,,,,,400,0.5,6,6,-5.0,5.0,5ee1241,2026-07-23T22:34:51,1.0,400800,,,,,,DTSA+LS,N=D,C1,1862,8,0,True
ta24,20,20,400,DTSA,3,1879,401200,400000,167,10.066,,,,,400,0.5,6,6,-5.0,5.0,5ee1241,2026-07-23T22:34:51,1.0,400800,,,,,,DTSA-core,N=D,C1,1879,0,0,True
ta24,20,20,400,DTSA,3,1879,401200,400000,167,10.066,,,,,400,0.5,6,6,-5.0,5.0,5ee1241,2026-07-23T22:34:51,1.0,400800,,,,,,DTSA+LS,N=D,C1,1879,6,0,True
ta24,20,20,400,DTSA,4,1956,401200,400000,167,11.082,,,,,400,0.5,6,6,-5.0,5.0,5ee1241,2026-07-23T22:34:52,1.0,400800,,,,,,DTSA-core,N=D,C1,1956,0,0,True
ta24,20,20,400,DTSA,4,1956,401200,400000,167,11.082,,,,,400,0.5,6,6,-5.0,5.0,5ee1241,2026-07-23T22:34:52,1.0,400800,,,,,,DTSA+LS,N=D,C1,1956,6,0,True
ta24,20,20,400,DTSA,5,1897,401200,400000,167,10.3,,,,,400,0.5,6,6,-5.0,5.0,5ee1241,2026-07-23T22:34:51,1.0,400800,,,,,,DTSA-core,N=D,C1,1897,0,0,True
ta24,20,20,400,DTSA,5,1897,401200,400000,167,10.3,,,,,400,0.5,6,6,-5.0,5.0,5ee1241,2026-07-23T22:34:51,1.0,400800,,,,,,DTSA+LS,N=D,C1,1897,12,0,True
ta24,20,20,400,DTSA,6,2009,401200,400000,167,11.404,,,,,400,0.5,6,6,-5.0,5.0,5ee1241,2026-07-23T22:34:52,1.0,400800,,,,,,DTSA-core,N=D,C1,2009,0,0,True
ta24,20,20,400,DTSA,6,2009,401200,400000,167,11.404,,,,,400,0.5,6,6,-5.0,5.0,5ee1241,2026-07-23T22:34:52,1.0,400800,,,,,,DTSA+LS,N=D,C1,2009,7,0,True
ta24,20,20,400,DTSA,7,1886,401200,400000,167,10.173,,,,,400,0.5,6,6,-5.0,5.0,5ee1241,2026-07-23T22:35:01,1.0,400800,,,,,,DTSA-core,N=D,C1,1886,0,0,True
ta24,20,20,400,DTSA,7,1886,401200,400000,167,10.173,,,,,400,0.5,6,6,-5.0,5.0,5ee1241,2026-07-23T22:35:01,1.0,400800,,,,,,DTSA+LS,N=D,C1,1886,7,0,True
ta24,20,20,400,DTSA,8,1865,401200,400000,167,10.184,,,,,400,0.5,6,6,-5.0,5.0,5ee1241,2026-07-23T22:35:01,1.0,400800,,,,,,DTSA-core,N=D,C1,1865,0,0,True
ta24,20,20,400,DTSA,8,1865,401200,400000,167,10.184,,,,,400,0.5,6,6,-5.0,5.0,5ee1241,2026-07-23T22:35:01,1.0,400800,,,,,,DTSA+LS,N=D,C1,1865,7,0,True
ta24,20,20,400,DTSA,9,1928,401200,400000,167,11.112,,,,,400,0.5,6,6,-5.0,5.0,5ee1241,2026-07-23T22:35:02,1.0,400800,,,,,,DTSA-core,N=D,C1,1928,0,0,True
ta24,20,20,400,DTSA,9,1928,401200,400000,167,11.112,,,,,400,0.5,6,6,-5.0,5.0,5ee1241,2026-07-23T22:35:02,1.0,400800,,,,,,DTSA+LS,N=D,C1,1928,8,0,True
ta24,20,20,400,DTSA,10,1920,401200,400000,167,11.186,,,,,400,0.5,6,6,-5.0,5.0,5ee1241,2026-07-23T22:35:03,1.0,400800,,,,,,DTSA-core,N=D,C1,1920,0,0,True
ta24,20,20,400,DTSA,10,1920,401200,400000,167,11.186,,,,,400,0.5,6,6,-5.0,5.0,5ee1241,2026-07-23T22:35:03,1.0,400800,,,,,,DTSA+LS,N=D,C1,1920,13,0,True
ta24,20,20,400,DTSA,11,2015,401200,400000,167,11.26,,,,,400,0.5,6,6,-5.0,5.0,5ee1241,2026-07-23T22:35:03,1.0,400800,,,,,,DTSA-core,N=D,C1,2015,0,0,True
ta24,20,20,400,DTSA,11,2015,401200,400000,167,11.26,,,,,400,0.5,6,6,-5.0,5.0,5ee1241,2026-07-23T22:35:03,1.0,400800,,,,,,DTSA+LS,N=D,C1,2015,8,0,True
ta24,20,20,400,DTSA,12,1834,401200,400000,167,10.749,,,,,400,0.5,6,6,-5.0,5.0,5ee1241,2026-07-23T22:35:03,1.0,400800,,,,,,DTSA-core,N=D,C1,1834,0,0,True
ta24,20,20,400,DTSA,12,1834,401200,400000,167,10.749,,,,,400,0.5,6,6,-5.0,5.0,5ee1241,2026-07-23T22:35:03,1.0,400800,,,,,,DTSA+LS,N=D,C1,1834,7,0,True
ta24,20,20,400,DTSA,13,1901,401200,400000,167,11.024,,,,,400,0.5,6,6,-5.0,5.0,5ee1241,2026-07-23T22:35:04,1.0,400800,,,,,,DTSA-core,N=D,C1,1901,0,0,True
ta24,20,20,400,DTSA,13,1901,401200,400000,167,11.024,,,,,400,0.5,6,6,-5.0,5.0,5ee1241,2026-07-23T22:35:04,1.0,400800,,,,,,DTSA+LS,N=D,C1,1901,11,0,True
ta24,20,20,400,DTSA,14,1927,401200,400000,167,9.793,,,,,400,0.5,6,6,-5.0,5.0,5ee1241,2026-07-23T22:35:11,1.0,400800,,,,,,DTSA-core,N=D,C1,1927,0,0,True
ta24,20,20,400,DTSA,14,1927,401200,400000,167,9.793,,,,,400,0.5,6,6,-5.0,5.0,5ee1241,2026-07-23T22:35:11,1.0,400800,,,,,,DTSA+LS,N=D,C1,1927,8,0,True
ta24,20,20,400,DTSA,15,1811,401200,400000,167,10.12,,,,,400,0.5,6,6,-5.0,5.0,5ee1241,2026-07-23T22:35:12,1.0,400800,,,,,,DTSA-core,N=D,C1,1811,0,0,True
ta24,20,20,400,DTSA,15,1811,401200,400000,167,10.12,,,,,400,0.5,6,6,-5.0,5.0,5ee1241,2026-07-23T22:35:12,1.0,400800,,,,,,DTSA+LS,N=D,C1,1811,7,0,True
ta24,20,20,400,DTSA,16,1891,401200,400000,167,9.893,,,,,400,0.5,6,6,-5.0,5.0,5ee1241,2026-07-23T22:35:12,1.0,400800,,,,,,DTSA-core,N=D,C1,1891,0,0,True
ta24,20,20,400,DTSA,16,1891,401200,400000,167,9.893,,,,,400,0.5,6,6,-5.0,5.0,5ee1241,2026-07-23T22:35:12,1.0,400800,,,,,,DTSA+LS,N=D,C1,1891,10,0,True
ta24,20,20,400,DTSA,17,1953,401200,400000,167,10.894,,,,,400,0.5,6,6,-5.0,5.0,5ee1241,2026-07-23T22:35:14,1.0,400800,,,,,,DTSA-core,N=D,C1,1953,0,0,True
ta24,20,20,400,DTSA,17,1953,401200,400000,167,10.894,,,,,400,0.5,6,6,-5.0,5.0,5ee1241,2026-07-23T22:35:14,1.0,400800,,,,,,DTSA+LS,N=D,C1,1953,6,0,True
ta24,20,20,400,DTSA,18,1891,401200,400000,167,10.491,,,,,400,0.5,6,6,-5.0,5.0,5ee1241,2026-07-23T22:35:14,1.0,400800,,,,,,DTSA-core,N=D,C1,1891,0,0,True
ta24,20,20,400,DTSA,18,1891,401200,400000,167,10.491,,,,,400,0.5,6,6,-5.0,5.0,5ee1241,2026-07-23T22:35:14,1.0,400800,,,,,,DTSA+LS,N=D,C1,1891,8,0,True
ta24,20,20,400,DTSA,19,1898,401200,400000,167,10.005,,,,,400,0.5,6,6,-5.0,5.0,5ee1241,2026-07-23T22:35:13,1.0,400800,,,,,,DTSA-core,N=D,C1,1898,0,0,True
ta24,20,20,400,DTSA,19,1898,401200,400000,167,10.005,,,,,400,0.5,6,6,-5.0,5.0,5ee1241,2026-07-23T22:35:13,1.0,400800,,,,,,DTSA+LS,N=D,C1,1898,8,0,True
ta25,20,20,400,DTSA,0,1832,401200,400000,167,11.327,,,,,400,0.5,6,6,-5.0,5.0,5ee1241,2026-07-23T22:35:25,1.0,400800,,,,,,DTSA-core,N=D,C1,1832,0,0,True
ta25,20,20,400,DTSA,0,1832,401200,400000,167,11.327,,,,,400,0.5,6,6,-5.0,5.0,5ee1241,2026-07-23T22:35:25,1.0,400800,,,,,,DTSA+LS,N=D,C1,1832,11,0,True
ta25,20,20,400,DTSA,1,1866,401200,400000,167,10.239,,,,,400,0.5,6,6,-5.0,5.0,5ee1241,2026-07-23T22:35:24,1.0,400800,,,,,,DTSA-core,N=D,C1,1866,0,0,True
ta25,20,20,400,DTSA,1,1866,401200,400000,167,10.239,,,,,400,0.5,6,6,-5.0,5.0,5ee1241,2026-07-23T22:35:24,1.0,400800,,,,,,DTSA+LS,N=D,C1,1866,12,0,True
ta25,20,20,400,DTSA,2,1813,401200,400000,167,10.535,,,,,400,0.5,6,6,-5.0,5.0,5ee1241,2026-07-23T22:35:24,1.0,400800,,,,,,DTSA-core,N=D,C1,1813,0,0,True
ta25,20,20,400,DTSA,2,1813,401200,400000,167,10.535,,,,,400,0.5,6,6,-5.0,5.0,5ee1241,2026-07-23T22:35:24,1.0,400800,,,,,,DTSA+LS,N=D,C1,1813,10,0,True
ta25,20,20,400,DTSA,3,1934,401200,400000,167,11.247,,,,,400,0.5,6,6,-5.0,5.0,5ee1241,2026-07-23T22:35:25,1.0,400800,,,,,,DTSA-core,N=D,C1,1934,0,0,True
ta25,20,20,400,DTSA,3,1934,401200,400000,167,11.247,,,,,400,0.5,6,6,-5.0,5.0,5ee1241,2026-07-23T22:35:25,1.0,400800,,,,,,DTSA+LS,N=D,C1,1934,11,0,True
ta25,20,20,400,DTSA,4,1896,401200,400000,167,10.542,,,,,400,0.5,6,6,-5.0,5.0,5ee1241,2026-07-23T22:35:24,1.0,400800,,,,,,DTSA-core,N=D,C1,1896,0,0,True
ta25,20,20,400,DTSA,4,1896,401200,400000,167,10.542,,,,,400,0.5,6,6,-5.0,5.0,5ee1241,2026-07-23T22:35:24,1.0,400800,,,,,,DTSA+LS,N=D,C1,1896,13,0,True
ta25,20,20,400,DTSA,5,1903,401200,400000,167,10.46,,,,,400,0.5,6,6,-5.0,5.0,5ee1241,2026-07-23T22:35:24,1.0,400800,,,,,,DTSA-core,N=D,C1,1903,0,0,True
ta25,20,20,400,DTSA,5,1903,401200,400000,167,10.46,,,,,400,0.5,6,6,-5.0,5.0,5ee1241,2026-07-23T22:35:24,1.0,400800,,,,,,DTSA+LS,N=D,C1,1903,9,0,True
ta25,20,20,400,DTSA,6,1856,401200,400000,167,10.924,,,,,400,0.5,6,6,-5.0,5.0,5ee1241,2026-07-23T22:35:25,1.0,400800,,,,,,DTSA-core,N=D,C1,1856,0,0,True
ta25,20,20,400,DTSA,6,1856,401200,400000,167,10.924,,,,,400,0.5,6,6,-5.0,5.0,5ee1241,2026-07-23T22:35:25,1.0,400800,,,,,,DTSA+LS,N=D,C1,1856,10,0,True
ta25,20,20,400,DTSA,7,1968,401200,400000,167,11.091,,,,,400,0.5,6,6,-5.0,5.0,5ee1241,2026-07-23T22:35:35,1.0,400800,,,,,,DTSA-core,N=D,C1,1968,0,0,True
ta25,20,20,400,DTSA,7,1967,401200,400000,167,11.091,,,,,400,0.5,6,6,-5.0,5.0,5ee1241,2026-07-23T22:35:35,1.0,400800,,,,,,DTSA+LS,N=D,C1,1968,17,1,True
ta25,20,20,400,DTSA,8,1921,401200,400000,167,11.269,,,,,400,0.5,6,6,-5.0,5.0,5ee1241,2026-07-23T22:35:36,1.0,400800,,,,,,DTSA-core,N=D,C1,1921,0,0,True
ta25,20,20,400,DTSA,8,1921,401200,400000,167,11.269,,,,,400,0.5,6,6,-5.0,5.0,5ee1241,2026-07-23T22:35:36,1.0,400800,,,,,,DTSA+LS,N=D,C1,1921,13,0,True
ta25,20,20,400,DTSA,9,1909,401200,400000,167,10.217,,,,,400,0.5,6,6,-5.0,5.0,5ee1241,2026-07-23T22:35:35,1.0,400800,,,,,,DTSA-core,N=D,C1,1909,0,0,True
ta25,20,20,400,DTSA,9,1909,401200,400000,167,10.217,,,,,400,0.5,6,6,-5.0,5.0,5ee1241,2026-07-23T22:35:35,1.0,400800,,,,,,DTSA+LS,N=D,C1,1909,8,0,True
ta25,20,20,400,DTSA,10,1964,401200,400000,167,11.032,,,,,400,0.5,6,6,-5.0,5.0,5ee1241,2026-07-23T22:35:35,1.0,400800,,,,,,DTSA-core,N=D,C1,1964,0,0,True
ta25,20,20,400,DTSA,10,1964,401200,400000,167,11.032,,,,,400,0.5,6,6,-5.0,5.0,5ee1241,2026-07-23T22:35:35,1.0,400800,,,,,,DTSA+LS,N=D,C1,1964,8,0,True
ta25,20,20,400,DTSA,11,1867,401200,400000,167,10.857,,,,,400,0.5,6,6,-5.0,5.0,5ee1241,2026-07-23T22:35:36,1.0,400800,,,,,,DTSA-core,N=D,C1,1867,0,0,True
ta25,20,20,400,DTSA,11,1867,401200,400000,167,10.857,,,,,400,0.5,6,6,-5.0,5.0,5ee1241,2026-07-23T22:35:36,1.0,400800,,,,,,DTSA+LS,N=D,C1,1867,8,0,True
ta25,20,20,400,DTSA,12,1895,401200,400000,167,10.943,,,,,400,0.5,6,6,-5.0,5.0,5ee1241,2026-07-23T22:35:36,1.0,400800,,,,,,DTSA-core,N=D,C1,1895,0,0,True
ta25,20,20,400,DTSA,12,1895,401200,400000,167,10.943,,,,,400,0.5,6,6,-5.0,5.0,5ee1241,2026-07-23T22:35:36,1.0,400800,,,,,,DTSA+LS,N=D,C1,1895,9,0,True
ta25,20,20,400,DTSA,13,1848,401200,400000,167,11.025,,,,,400,0.5,6,6,-5.0,5.0,5ee1241,2026-07-23T22:35:36,1.0,400800,,,,,,DTSA-core,N=D,C1,1848,0,0,True
ta25,20,20,400,DTSA,13,1848,401200,400000,167,11.025,,,,,400,0.5,6,6,-5.0,5.0,5ee1241,2026-07-23T22:35:36,1.0,400800,,,,,,DTSA+LS,N=D,C1,1848,10,0,True
ta25,20,20,400,DTSA,14,1935,401200,400000,167,10.897,,,,,400,0.5,6,6,-5.0,5.0,5ee1241,2026-07-23T22:35:46,1.0,400800,,,,,,DTSA-core,N=D,C1,1935,0,0,True
ta25,20,20,400,DTSA,14,1935,401200,400000,167,10.897,,,,,400,0.5,6,6,-5.0,5.0,5ee1241,2026-07-23T22:35:46,1.0,400800,,,,,,DTSA+LS,N=D,C1,1935,7,0,True
ta25,20,20,400,DTSA,15,1905,401200,400000,167,10.723,,,,,400,0.5,6,6,-5.0,5.0,5ee1241,2026-07-23T22:35:46,1.0,400800,,,,,,DTSA-core,N=D,C1,1905,0,0,True
ta25,20,20,400,DTSA,15,1905,401200,400000,167,10.723,,,,,400,0.5,6,6,-5.0,5.0,5ee1241,2026-07-23T22:35:46,1.0,400800,,,,,,DTSA+LS,N=D,C1,1905,10,0,True
ta25,20,20,400,DTSA,16,1919,401200,400000,167,10.972,,,,,400,0.5,6,6,-5.0,5.0,5ee1241,2026-07-23T22:35:46,1.0,400800,,,,,,DTSA-core,N=D,C1,1919,0,0,True
ta25,20,20,400,DTSA,16,1919,401200,400000,167,10.972,,,,,400,0.5,6,6,-5.0,5.0,5ee1241,2026-07-23T22:35:46,1.0,400800,,,,,,DTSA+LS,N=D,C1,1919,11,0,True
ta25,20,20,400,DTSA,17,1905,401200,400000,167,10.864,,,,,400,0.5,6,6,-5.0,5.0,5ee1241,2026-07-23T22:35:46,1.0,400800,,,,,,DTSA-core,N=D,C1,1905,0,0,True
ta25,20,20,400,DTSA,17,1905,401200,400000,167,10.864,,,,,400,0.5,6,6,-5.0,5.0,5ee1241,2026-07-23T22:35:46,1.0,400800,,,,,,DTSA+LS,N=D,C1,1905,7,0,True
ta25,20,20,400,DTSA,18,1857,401200,400000,167,10.576,,,,,400,0.5,6,6,-5.0,5.0,5ee1241,2026-07-23T22:35:46,1.0,400800,,,,,,DTSA-core,N=D,C1,1857,0,0,True
ta25,20,20,400,DTSA,18,1857,401200,400000,167,10.576,,,,,400,0.5,6,6,-5.0,5.0,5ee1241,2026-07-23T22:35:46,1.0,400800,,,,,,DTSA+LS,N=D,C1,1857,8,0,True
ta25,20,20,400,DTSA,19,1943,401200,400000,167,10.842,,,,,400,0.5,6,6,-5.0,5.0,5ee1241,2026-07-23T22:35:47,1.0,400800,,,,,,DTSA-core,N=D,C1,1943,0,0,True
ta25,20,20,400,DTSA,19,1943,401200,400000,167,10.842,,,,,400,0.5,6,6,-5.0,5.0,5ee1241,2026-07-23T22:35:47,1.0,400800,,,,,,DTSA+LS,N=D,C1,1943,10,0,True
ta31,30,15,450,DTSA,0,2156,451350,450000,167,13.602,,,,,450,0.5,6,6,-5.0,5.0,5ee1241,2026-07-23T22:36:01,1.0,450900,,,,,,DTSA-core,N=D,C1,2156,0,0,True
ta31,30,15,450,DTSA,0,2156,451350,450000,167,13.602,,,,,450,0.5,6,6,-5.0,5.0,5ee1241,2026-07-23T22:36:01,1.0,450900,,,,,,DTSA+LS,N=D,C1,2156,4,0,True
ta31,30,15,450,DTSA,1,2104,451350,450000,167,12.583,,,,,450,0.5,6,6,-5.0,5.0,5ee1241,2026-07-23T22:36:00,1.0,450900,,,,,,DTSA-core,N=D,C1,2104,0,0,True
ta31,30,15,450,DTSA,1,2100,451350,450000,167,12.583,,,,,450,0.5,6,6,-5.0,5.0,5ee1241,2026-07-23T22:36:00,1.0,450900,,,,,,DTSA+LS,N=D,C1,2104,11,1,True
ta31,30,15,450,DTSA,2,2036,451350,450000,167,12.58,,,,,450,0.5,6,6,-5.0,5.0,5ee1241,2026-07-23T22:36:00,1.0,450900,,,,,,DTSA-core,N=D,C1,2036,0,0,True
ta31,30,15,450,DTSA,2,2036,451350,450000,167,12.58,,,,,450,0.5,6,6,-5.0,5.0,5ee1241,2026-07-23T22:36:00,1.0,450900,,,,,,DTSA+LS,N=D,C1,2036,8,0,True
ta31,30,15,450,DTSA,3,2070,451350,450000,167,13.498,,,,,450,0.5,6,6,-5.0,5.0,5ee1241,2026-07-23T22:36:00,1.0,450900,,,,,,DTSA-core,N=D,C1,2070,0,0,True
ta31,30,15,450,DTSA,3,2070,451350,450000,167,13.498,,,,,450,0.5,6,6,-5.0,5.0,5ee1241,2026-07-23T22:36:00,1.0,450900,,,,,,DTSA+LS,N=D,C1,2070,4,0,True
ta31,30,15,450,DTSA,4,2127,451350,450000,167,13.593,,,,,450,0.5,6,6,-5.0,5.0,5ee1241,2026-07-23T22:36:01,1.0,450900,,,,,,DTSA-core,N=D,C1,2127,0,0,True
ta31,30,15,450,DTSA,4,2127,451350,450000,167,13.593,,,,,450,0.5,6,6,-5.0,5.0,5ee1241,2026-07-23T22:36:01,1.0,450900,,,,,,DTSA+LS,N=D,C1,2127,5,0,True
ta31,30,15,450,DTSA,5,2127,451350,450000,167,13.536,,,,,450,0.5,6,6,-5.0,5.0,5ee1241,2026-07-23T22:36:00,1.0,450900,,,,,,DTSA-core,N=D,C1,2127,0,0,True
ta31,30,15,450,DTSA,5,2127,451350,450000,167,13.536,,,,,450,0.5,6,6,-5.0,5.0,5ee1241,2026-07-23T22:36:00,1.0,450900,,,,,,DTSA+LS,N=D,C1,2127,9,0,True
ta31,30,15,450,DTSA,6,2074,451350,450000,167,12.641,,,,,450,0.5,6,6,-5.0,5.0,5ee1241,2026-07-23T22:36:00,1.0,450900,,,,,,DTSA-core,N=D,C1,2074,0,0,True
ta31,30,15,450,DTSA,6,2074,451350,450000,167,12.641,,,,,450,0.5,6,6,-5.0,5.0,5ee1241,2026-07-23T22:36:00,1.0,450900,,,,,,DTSA+LS,N=D,C1,2074,4,0,True
ta31,30,15,450,DTSA,7,2156,451350,450000,167,12.629,,,,,450,0.5,6,6,-5.0,5.0,5ee1241,2026-07-23T22:36:12,1.0,450900,,,,,,DTSA-core,N=D,C1,2156,0,0,True
ta31,30,15,450,DTSA,7,2156,451350,450000,167,12.629,,,,,450,0.5,6,6,-5.0,5.0,5ee1241,2026-07-23T22:36:12,1.0,450900,,,,,,DTSA+LS,N=D,C1,2156,4,0,True
ta31,30,15,450,DTSA,8,2011,451350,450000,167,12.713,,,,,450,0.5,6,6,-5.0,5.0,5ee1241,2026-07-23T22:36:12,1.0,450900,,,,,,DTSA-core,N=D,C1,2011,0,0,True
ta31,30,15,450,DTSA,8,2011,451350,450000,167,12.713,,,,,450,0.5,6,6,-5.0,5.0,5ee1241,2026-07-23T22:36:12,1.0,450900,,,,,,DTSA+LS,N=D,C1,2011,8,0,True
ta31,30,15,450,DTSA,9,2122,451350,450000,167,13.614,,,,,450,0.5,6,6,-5.0,5.0,5ee1241,2026-07-23T22:36:13,1.0,450900,,,,,,DTSA-core,N=D,C1,2122,0,0,True
ta31,30,15,450,DTSA,9,2122,451350,450000,167,13.614,,,,,450,0.5,6,6,-5.0,5.0,5ee1241,2026-07-23T22:36:13,1.0,450900,,,,,,DTSA+LS,N=D,C1,2122,9,0,True
ta31,30,15,450,DTSA,10,2100,451350,450000,167,13.727,,,,,450,0.5,6,6,-5.0,5.0,5ee1241,2026-07-23T22:36:14,1.0,450900,,,,,,DTSA-core,N=D,C1,2100,0,0,True
ta31,30,15,450,DTSA,10,2100,451350,450000,167,13.727,,,,,450,0.5,6,6,-5.0,5.0,5ee1241,2026-07-23T22:36:14,1.0,450900,,,,,,DTSA+LS,N=D,C1,2100,4,0,True
ta31,30,15,450,DTSA,11,2061,451350,450000,167,12.659,,,,,450,0.5,6,6,-5.0,5.0,5ee1241,2026-07-23T22:36:13,1.0,450900,,,,,,DTSA-core,N=D,C1,2061,0,0,True
ta31,30,15,450,DTSA,11,2059,451350,450000,167,12.659,,,,,450,0.5,6,6,-5.0,5.0,5ee1241,2026-07-23T22:36:13,1.0,450900,,,,,,DTSA+LS,N=D,C1,2061,17,2,True
ta31,30,15,450,DTSA,12,2195,451350,450000,167,13.53,,,,,450,0.5,6,6,-5.0,5.0,5ee1241,2026-07-23T22:36:14,1.0,450900,,,,,,DTSA-core,N=D,C1,2195,0,0,True
ta31,30,15,450,DTSA,12,2184,451350,450000,167,13.53,,,,,450,0.5,6,6,-5.0,5.0,5ee1241,2026-07-23T22:36:14,1.0,450900,,,,,,DTSA+LS,N=D,C1,2195,20,2,True
ta31,30,15,450,DTSA,13,2058,451350,450000,167,12.738,,,,,450,0.5,6,6,-5.0,5.0,5ee1241,2026-07-23T22:36:13,1.0,450900,,,,,,DTSA-core,N=D,C1,2058,0,0,True
ta31,30,15,450,DTSA,13,2058,451350,450000,167,12.738,,,,,450,0.5,6,6,-5.0,5.0,5ee1241,2026-07-23T22:36:13,1.0,450900,,,,,,DTSA+LS,N=D,C1,2058,9,0,True
ta31,30,15,450,DTSA,14,2067,451350,450000,167,12.641,,,,,450,0.5,6,6,-5.0,5.0,5ee1241,2026-07-23T22:36:25,1.0,450900,,,,,,DTSA-core,N=D,C1,2067,0,0,True
ta31,30,15,450,DTSA,14,2067,451350,450000,167,12.641,,,,,450,0.5,6,6,-5.0,5.0,5ee1241,2026-07-23T22:36:25,1.0,450900,,,,,,DTSA+LS,N=D,C1,2067,4,0,True
ta31,30,15,450,DTSA,15,2141,451350,450000,167,13.335,,,,,450,0.5,6,6,-5.0,5.0,5ee1241,2026-07-23T22:36:26,1.0,450900,,,,,,DTSA-core,N=D,C1,2141,0,0,True
ta31,30,15,450,DTSA,15,2141,451350,450000,167,13.335,,,,,450,0.5,6,6,-5.0,5.0,5ee1241,2026-07-23T22:36:26,1.0,450900,,,,,,DTSA+LS,N=D,C1,2141,6,0,True
ta31,30,15,450,DTSA,16,2099,451350,450000,167,12.553,,,,,450,0.5,6,6,-5.0,5.0,5ee1241,2026-07-23T22:36:26,1.0,450900,,,,,,DTSA-core,N=D,C1,2099,0,0,True
ta31,30,15,450,DTSA,16,2099,451350,450000,167,12.553,,,,,450,0.5,6,6,-5.0,5.0,5ee1241,2026-07-23T22:36:26,1.0,450900,,,,,,DTSA+LS,N=D,C1,2099,9,0,True
ta31,30,15,450,DTSA,17,2128,451350,450000,167,13.372,,,,,450,0.5,6,6,-5.0,5.0,5ee1241,2026-07-23T22:36:27,1.0,450900,,,,,,DTSA-core,N=D,C1,2128,0,0,True
ta31,30,15,450,DTSA,17,2128,451350,450000,167,13.372,,,,,450,0.5,6,6,-5.0,5.0,5ee1241,2026-07-23T22:36:27,1.0,450900,,,,,,DTSA+LS,N=D,C1,2128,6,0,True
ta31,30,15,450,DTSA,18,2191,451350,450000,167,13.115,,,,,450,0.5,6,6,-5.0,5.0,5ee1241,2026-07-23T22:36:26,1.0,450900,,,,,,DTSA-core,N=D,C1,2191,0,0,True
ta31,30,15,450,DTSA,18,2191,451350,450000,167,13.115,,,,,450,0.5,6,6,-5.0,5.0,5ee1241,2026-07-23T22:36:26,1.0,450900,,,,,,DTSA+LS,N=D,C1,2191,10,0,True
ta31,30,15,450,DTSA,19,2100,451350,450000,167,13.265,,,,,450,0.5,6,6,-5.0,5.0,5ee1241,2026-07-23T22:36:27,1.0,450900,,,,,,DTSA-core,N=D,C1,2100,0,0,True
ta31,30,15,450,DTSA,19,2091,451350,450000,167,13.265,,,,,450,0.5,6,6,-5.0,5.0,5ee1241,2026-07-23T22:36:27,1.0,450900,,,,,,DTSA+LS,N=D,C1,2100,15,4,True
ta32,30,15,450,DTSA,0,2160,451350,450000,167,12.687,,,,,450,0.5,6,6,-5.0,5.0,5ee1241,2026-07-23T22:36:40,1.0,450900,,,,,,DTSA-core,N=D,C1,2160,0,0,True
ta32,30,15,450,DTSA,0,2155,451350,450000,167,12.687,,,,,450,0.5,6,6,-5.0,5.0,5ee1241,2026-07-23T22:36:40,1.0,450900,,,,,,DTSA+LS,N=D,C1,2160,13,2,True
ta32,30,15,450,DTSA,1,2175,451350,450000,167,12.538,,,,,450,0.5,6,6,-5.0,5.0,5ee1241,2026-07-23T22:36:40,1.0,450900,,,,,,DTSA-core,N=D,C1,2175,0,0,True
ta32,30,15,450,DTSA,1,2175,451350,450000,167,12.538,,,,,450,0.5,6,6,-5.0,5.0,5ee1241,2026-07-23T22:36:40,1.0,450900,,,,,,DTSA+LS,N=D,C1,2175,7,0,True
ta32,30,15,450,DTSA,2,2158,451350,450000,167,12.593,,,,,450,0.5,6,6,-5.0,5.0,5ee1241,2026-07-23T22:36:40,1.0,450900,,,,,,DTSA-core,N=D,C1,2158,0,0,True
ta32,30,15,450,DTSA,2,2158,451350,450000,167,12.593,,,,,450,0.5,6,6,-5.0,5.0,5ee1241,2026-07-23T22:36:40,1.0,450900,,,,,,DTSA+LS,N=D,C1,2158,6,0,True
ta32,30,15,450,DTSA,3,2124,451350,450000,167,12.586,,,,,450,0.5,6,6,-5.0,5.0,5ee1241,2026-07-23T22:36:40,1.0,450900,,,,,,DTSA-core,N=D,C1,2124,0,0,True
ta32,30,15,450,DTSA,3,2124,451350,450000,167,12.586,,,,,450,0.5,6,6,-5.0,5.0,5ee1241,2026-07-23T22:36:40,1.0,450900,,,,,,DTSA+LS,N=D,C1,2124,10,0,True
ta32,30,15,450,DTSA,4,2205,451350,450000,167,12.519,,,,,450,0.5,6,6,-5.0,5.0,5ee1241,2026-07-23T22:36:40,1.0,450900,,,,,,DTSA-core,N=D,C1,2205,0,0,True
ta32,30,15,450,DTSA,4,2205,451350,450000,167,12.519,,,,,450,0.5,6,6,-5.0,5.0,5ee1241,2026-07-23T22:36:40,1.0,450900,,,,,,DTSA+LS,N=D,C1,2205,6,0,True
ta32,30,15,450,DTSA,5,2136,451350,450000,167,12.78,,,,,450,0.5,6,6,-5.0,5.0,5ee1241,2026-07-23T22:36:40,1.0,450900,,,,,,DTSA-core,N=D,C1,2136,0,0,True
ta32,30,15,450,DTSA,5,2136,451350,450000,167,12.78,,,,,450,0.5,6,6,-5.0,5.0,5ee1241,2026-07-23T22:36:40,1.0,450900,,,,,,DTSA+LS,N=D,C1,2136,8,0,True
ta32,30,15,450,DTSA,6,2174,451350,450000,167,12.631,,,,,450,0.5,6,6,-5.0,5.0,5ee1241,2026-07-23T22:36:40,1.0,450900,,,,,,DTSA-core,N=D,C1,2174,0,0,True
ta32,30,15,450,DTSA,6,2174,451350,450000,167,12.631,,,,,450,0.5,6,6,-5.0,5.0,5ee1241,2026-07-23T22:36:40,1.0,450900,,,,,,DTSA+LS,N=D,C1,2174,4,0,True
ta32,30,15,450,DTSA,7,2077,451350,450000,167,12.759,,,,,450,0.5,6,6,-5.0,5.0,5ee1241,2026-07-23T22:36:53,1.0,450900,,,,,,DTSA-core,N=D,C1,2077,0,0,True
ta32,30,15,450,DTSA,7,2077,451350,450000,167,12.759,,,,,450,0.5,6,6,-5.0,5.0,5ee1241,2026-07-23T22:36:53,1.0,450900,,,,,,DTSA+LS,N=D,C1,2077,11,0,True
ta32,30,15,450,DTSA,8,2141,451350,450000,167,12.65,,,,,450,0.5,6,6,-5.0,5.0,5ee1241,2026-07-23T22:36:53,1.0,450900,,,,,,DTSA-core,N=D,C1,2141,0,0,True
ta32,30,15,450,DTSA,8,2141,451350,450000,167,12.65,,,,,450,0.5,6,6,-5.0,5.0,5ee1241,2026-07-23T22:36:53,1.0,450900,,,,,,DTSA+LS,N=D,C1,2141,4,0,True
ta32,30,15,450,DTSA,9,2185,451350,450000,167,13.56,,,,,450,0.5,6,6,-5.0,5.0,5ee1241,2026-07-23T22:36:54,1.0,450900,,,,,,DTSA-core,N=D,C1,2185,0,0,True
ta32,30,15,450,DTSA,9,2185,451350,450000,167,13.56,,,,,450,0.5,6,6,-5.0,5.0,5ee1241,2026-07-23T22:36:54,1.0,450900,,,,,,DTSA+LS,N=D,C1,2185,10,0,True
ta32,30,15,450,DTSA,10,2162,451350,450000,167,12.702,,,,,450,0.5,6,6,-5.0,5.0,5ee1241,2026-07-23T22:36:53,1.0,450900,,,,,,DTSA-core,N=D,C1,2162,0,0,True
ta32,30,15,450,DTSA,10,2160,451350,450000,167,12.702,,,,,450,0.5,6,6,-5.0,5.0,5ee1241,2026-07-23T22:36:53,1.0,450900,,,,,,DTSA+LS,N=D,C1,2162,19,2,True
ta32,30,15,450,DTSA,11,2100,451350,450000,167,12.785,,,,,450,0.5,6,6,-5.0,5.0,5ee1241,2026-07-23T22:36:53,1.0,450900,,,,,,DTSA-core,N=D,C1,2100,0,0,True
ta32,30,15,450,DTSA,11,2100,451350,450000,167,12.785,,,,,450,0.5,6,6,-5.0,5.0,5ee1241,2026-07-23T22:36:53,1.0,450900,,,,,,DTSA+LS,N=D,C1,2100,10,0,True
ta32,30,15,450,DTSA,12,2184,451350,450000,167,12.437,,,,,450,0.5,6,6,-5.0,5.0,5ee1241,2026-07-23T22:36:53,1.0,450900,,,,,,DTSA-core,N=D,C1,2184,0,0,True
ta32,30,15,450,DTSA,12,2184,451350,450000,167,12.437,,,,,450,0.5,6,6,-5.0,5.0,5ee1241,2026-07-23T22:36:53,1.0,450900,,,,,,DTSA+LS,N=D,C1,2184,10,0,True
ta32,30,15,450,DTSA,13,2164,451350,450000,167,12.554,,,,,450,0.5,6,6,-5.0,5.0,5ee1241,2026-07-23T22:36:53,1.0,450900,,,,,,DTSA-core,N=D,C1,2164,0,0,True
ta32,30,15,450,DTSA,13,2164,451350,450000,167,12.554,,,,,450,0.5,6,6,-5.0,5.0,5ee1241,2026-07-23T22:36:53,1.0,450900,,,,,,DTSA+LS,N=D,C1,2164,6,0,True
ta32,30,15,450,DTSA,14,2149,451350,450000,167,12.691,,,,,450,0.5,6,6,-5.0,5.0,5ee1241,2026-07-23T22:37:05,1.0,450900,,,,,,DTSA-core,N=D,C1,2149,0,0,True
ta32,30,15,450,DTSA,14,2149,451350,450000,167,12.691,,,,,450,0.5,6,6,-5.0,5.0,5ee1241,2026-07-23T22:37:05,1.0,450900,,,,,,DTSA+LS,N=D,C1,2149,6,0,True
ta32,30,15,450,DTSA,15,2119,451350,450000,167,12.636,,,,,450,0.5,6,6,-5.0,5.0,5ee1241,2026-07-23T22:37:05,1.0,450900,,,,,,DTSA-core,N=D,C1,2119,0,0,True
ta32,30,15,450,DTSA,15,2119,451350,450000,167,12.636,,,,,450,0.5,6,6,-5.0,5.0,5ee1241,2026-07-23T22:37:05,1.0,450900,,,,,,DTSA+LS,N=D,C1,2119,4,0,True
ta32,30,15,450,DTSA,16,2173,451350,450000,167,12.314,,,,,450,0.5,6,6,-5.0,5.0,5ee1241,2026-07-23T22:37:05,1.0,450900,,,,,,DTSA-core,N=D,C1,2173,0,0,True
ta32,30,15,450,DTSA,16,2173,451350,450000,167,12.314,,,,,450,0.5,6,6,-5.0,5.0,5ee1241,2026-07-23T22:37:05,1.0,450900,,,,,,DTSA+LS,N=D,C1,2173,11,0,True
ta32,30,15,450,DTSA,17,2186,451350,450000,167,12.392,,,,,450,0.5,6,6,-5.0,5.0,5ee1241,2026-07-23T22:37:05,1.0,450900,,,,,,DTSA-core,N=D,C1,2186,0,0,True
ta32,30,15,450,DTSA,17,2186,451350,450000,167,12.392,,,,,450,0.5,6,6,-5.0,5.0,5ee1241,2026-07-23T22:37:05,1.0,450900,,,,,,DTSA+LS,N=D,C1,2186,6,0,True
ta32,30,15,450,DTSA,18,2213,451350,450000,167,12.307,,,,,450,0.5,6,6,-5.0,5.0,5ee1241,2026-07-23T22:37:05,1.0,450900,,,,,,DTSA-core,N=D,C1,2213,0,0,True
ta32,30,15,450,DTSA,18,2213,451350,450000,167,12.307,,,,,450,0.5,6,6,-5.0,5.0,5ee1241,2026-07-23T22:37:05,1.0,450900,,,,,,DTSA+LS,N=D,C1,2213,4,0,True
ta32,30,15,450,DTSA,19,2126,451350,450000,167,12.558,,,,,450,0.5,6,6,-5.0,5.0,5ee1241,2026-07-23T22:37:05,1.0,450900,,,,,,DTSA-core,N=D,C1,2126,0,0,True
ta32,30,15,450,DTSA,19,2125,451350,450000,167,12.558,,,,,450,0.5,6,6,-5.0,5.0,5ee1241,2026-07-23T22:37:05,1.0,450900,,,,,,DTSA+LS,N=D,C1,2126,10,1,True
ta33,30,15,450,DTSA,0,2201,451350,450000,167,12.696,,,,,450,0.5,6,6,-5.0,5.0,5ee1241,2026-07-23T22:37:18,1.0,450900,,,,,,DTSA-core,N=D,C1,2201,0,0,True
ta33,30,15,450,DTSA,0,2201,451350,450000,167,12.696,,,,,450,0.5,6,6,-5.0,5.0,5ee1241,2026-07-23T22:37:18,1.0,450900,,,,,,DTSA+LS,N=D,C1,2201,7,0,True
ta33,30,15,450,DTSA,1,2106,451350,450000,167,12.721,,,,,450,0.5,6,6,-5.0,5.0,5ee1241,2026-07-23T22:37:18,1.0,450900,,,,,,DTSA-core,N=D,C1,2106,0,0,True
ta33,30,15,450,DTSA,1,2106,451350,450000,167,12.721,,,,,450,0.5,6,6,-5.0,5.0,5ee1241,2026-07-23T22:37:18,1.0,450900,,,,,,DTSA+LS,N=D,C1,2106,4,0,True
ta33,30,15,450,DTSA,2,2141,451350,450000,167,12.579,,,,,450,0.5,6,6,-5.0,5.0,5ee1241,2026-07-23T22:37:18,1.0,450900,,,,,,DTSA-core,N=D,C1,2141,0,0,True
ta33,30,15,450,DTSA,2,2136,451350,450000,167,12.579,,,,,450,0.5,6,6,-5.0,5.0,5ee1241,2026-07-23T22:37:18,1.0,450900,,,,,,DTSA+LS,N=D,C1,2141,12,2,True
ta33,30,15,450,DTSA,3,2132,451350,450000,167,12.801,,,,,450,0.5,6,6,-5.0,5.0,5ee1241,2026-07-23T22:37:18,1.0,450900,,,,,,DTSA-core,N=D,C1,2132,0,0,True
ta33,30,15,450,DTSA,3,2132,451350,450000,167,12.801,,,,,450,0.5,6,6,-5.0,5.0,5ee1241,2026-07-23T22:37:18,1.0,450900,,,,,,DTSA+LS,N=D,C1,2132,11,0,True
ta33,30,15,450,DTSA,4,2223,451350,450000,167,12.466,,,,,450,0.5,6,6,-5.0,5.0,5ee1241,2026-07-23T22:37:18,1.0,450900,,,,,,DTSA-core,N=D,C1,2223,0,0,True
ta33,30,15,450,DTSA,4,2223,451350,450000,167,12.466,,,,,450,0.5,6,6,-5.0,5.0,5ee1241,2026-07-23T22:37:18,1.0,450900,,,,,,DTSA+LS,N=D,C1,2223,4,0,True
ta33,30,15,450,DTSA,5,2141,451350,450000,167,12.7,,,,,450,0.5,6,6,-5.0,5.0,5ee1241,2026-07-23T22:37:18,1.0,450900,,,,,,DTSA-core,N=D,C1,2141,0,0,True
ta33,30,15,450,DTSA,5,2141,451350,450000,167,12.7,,,,,450,0.5,6,6,-5.0,5.0,5ee1241,2026-07-23T22:37:18,1.0,450900,,,,,,DTSA+LS,N=D,C1,2141,8,0,True
ta33,30,15,450,DTSA,6,2108,451350,450000,167,12.698,,,,,450,0.5,6,6,-5.0,5.0,5ee1241,2026-07-23T22:37:18,1.0,450900,,,,,,DTSA-core,N=D,C1,2108,0,0,True
ta33,30,15,450,DTSA,6,2108,451350,450000,167,12.698,,,,,450,0.5,6,6,-5.0,5.0,5ee1241,2026-07-23T22:37:18,1.0,450900,,,,,,DTSA+LS,N=D,C1,2108,4,0,True
ta33,30,15,450,DTSA,7,2156,451350,450000,167,12.609,,,,,450,0.5,6,6,-5.0,5.0,5ee1241,2026-07-23T22:37:31,1.0,450900,,,,,,DTSA-core,N=D,C1,2156,0,0,True
ta33,30,15,450,DTSA,7,2156,451350,450000,167,12.609,,,,,450,0.5,6,6,-5.0,5.0,5ee1241,2026-07-23T22:37:31,1.0,450900,,,,,,DTSA+LS,N=D,C1,2156,8,0,True
ta33,30,15,450,DTSA,8,2232,451350,450000,167,12.52,,,,,450,0.5,6,6,-5.0,5.0,5ee1241,2026-07-23T22:37:31,1.0,450900,,,,,,DTSA-core,N=D,C1,2232,0,0,True
ta33,30,15,450,DTSA,8,2232,451350,450000,167,12.52,,,,,450,0.5,6,6,-5.0,5.0,5ee1241,2026-07-23T22:37:31,1.0,450900,,,,,,DTSA+LS,N=D,C1,2232,4,0,True
ta33,30,15,450,DTSA,9,2215,451350,450000,167,12.665,,,,,450,0.5,6,6,-5.0,5.0,5ee1241,2026-07-23T22:37:31,1.0,450900,,,,,,DTSA-core,N=D,C1,2215,0,0,True
ta33,30,15,450,DTSA,9,2215,451350,450000,167,12.665,,,,,450,0.5,6,6,-5.0,5.0,5ee1241,2026-07-23T22:37:31,1.0,450900,,,,,,DTSA+LS,N=D,C1,2215,7,0,True
ta33,30,15,450,DTSA,10,2223,451350,450000,167,12.758,,,,,450,0.5,6,6,-5.0,5.0,5ee1241,2026-07-23T22:37:31,1.0,450900,,,,,,DTSA-core,N=D,C1,2223,0,0,True
ta33,30,15,450,DTSA,10,2223,451350,450000,167,12.758,,,,,450,0.5,6,6,-5.0,5.0,5ee1241,2026-07-23T22:37:31,1.0,450900,,,,,,DTSA+LS,N=D,C1,2223,12,0,True
ta33,30,15,450,DTSA,11,2218,451350,450000,167,12.653,,,,,450,0.5,6,6,-5.0,5.0,5ee1241,2026-07-23T22:37:31,1.0,450900,,,,,,DTSA-core,N=D,C1,2218,0,0,True
ta33,30,15,450,DTSA,11,2218,451350,450000,167,12.653,,,,,450,0.5,6,6,-5.0,5.0,5ee1241,2026-07-23T22:37:31,1.0,450900,,,,,,DTSA+LS,N=D,C1,2218,6,0,True
ta33,30,15,450,DTSA,12,2238,451350,450000,167,12.523,,,,,450,0.5,6,6,-5.0,5.0,5ee1241,2026-07-23T22:37:31,1.0,450900,,,,,,DTSA-core,N=D,C1,2238,0,0,True
ta33,30,15,450,DTSA,12,2238,451350,450000,167,12.523,,,,,450,0.5,6,6,-5.0,5.0,5ee1241,2026-07-23T22:37:31,1.0,450900,,,,,,DTSA+LS,N=D,C1,2238,4,0,True
ta33,30,15,450,DTSA,13,2194,451350,450000,167,12.55,,,,,450,0.5,6,6,-5.0,5.0,5ee1241,2026-07-23T22:37:31,1.0,450900,,,,,,DTSA-core,N=D,C1,2194,0,0,True
ta33,30,15,450,DTSA,13,2194,451350,450000,167,12.55,,,,,450,0.5,6,6,-5.0,5.0,5ee1241,2026-07-23T22:37:31,1.0,450900,,,,,,DTSA+LS,N=D,C1,2194,6,0,True
ta33,30,15,450,DTSA,14,2129,451350,450000,167,12.312,,,,,450,0.5,6,6,-5.0,5.0,5ee1241,2026-07-23T22:37:43,1.0,450900,,,,,,DTSA-core,N=D,C1,2129,0,0,True
ta33,30,15,450,DTSA,14,2129,451350,450000,167,12.312,,,,,450,0.5,6,6,-5.0,5.0,5ee1241,2026-07-23T22:37:43,1.0,450900,,,,,,DTSA+LS,N=D,C1,2129,9,0,True
ta33,30,15,450,DTSA,15,2298,451350,450000,167,12.37,,,,,450,0.5,6,6,-5.0,5.0,5ee1241,2026-07-23T22:37:43,1.0,450900,,,,,,DTSA-core,N=D,C1,2298,0,0,True
ta33,30,15,450,DTSA,15,2298,451350,450000,167,12.37,,,,,450,0.5,6,6,-5.0,5.0,5ee1241,2026-07-23T22:37:43,1.0,450900,,,,,,DTSA+LS,N=D,C1,2298,8,0,True
ta33,30,15,450,DTSA,16,2129,451350,450000,167,12.462,,,,,450,0.5,6,6,-5.0,5.0,5ee1241,2026-07-23T22:37:43,1.0,450900,,,,,,DTSA-core,N=D,C1,2129,0,0,True
ta33,30,15,450,DTSA,16,2129,451350,450000,167,12.462,,,,,450,0.5,6,6,-5.0,5.0,5ee1241,2026-07-23T22:37:43,1.0,450900,,,,,,DTSA+LS,N=D,C1,2129,14,0,True
ta33,30,15,450,DTSA,17,2119,451350,450000,167,12.264,,,,,450,0.5,6,6,-5.0,5.0,5ee1241,2026-07-23T22:37:43,1.0,450900,,,,,,DTSA-core,N=D,C1,2119,0,0,True
ta33,30,15,450,DTSA,17,2119,451350,450000,167,12.264,,,,,450,0.5,6,6,-5.0,5.0,5ee1241,2026-07-23T22:37:43,1.0,450900,,,,,,DTSA+LS,N=D,C1,2119,13,0,True
ta33,30,15,450,DTSA,18,2174,451350,450000,167,12.544,,,,,450,0.5,6,6,-5.0,5.0,5ee1241,2026-07-23T22:37:43,1.0,450900,,,,,,DTSA-core,N=D,C1,2174,0,0,True
ta33,30,15,450,DTSA,18,2174,451350,450000,167,12.544,,,,,450,0.5,6,6,-5.0,5.0,5ee1241,2026-07-23T22:37:43,1.0,450900,,,,,,DTSA+LS,N=D,C1,2174,6,0,True
ta33,30,15,450,DTSA,19,2194,451350,450000,167,12.308,,,,,450,0.5,6,6,-5.0,5.0,5ee1241,2026-07-23T22:37:43,1.0,450900,,,,,,DTSA-core,N=D,C1,2194,0,0,True
ta33,30,15,450,DTSA,19,2194,451350,450000,167,12.308,,,,,450,0.5,6,6,-5.0,5.0,5ee1241,2026-07-23T22:37:43,1.0,450900,,,,,,DTSA+LS,N=D,C1,2194,4,0,True
ta34,30,15,450,DTSA,0,2112,451350,450000,167,12.581,,,,,450,0.5,6,6,-5.0,5.0,5ee1241,2026-07-23T22:37:56,1.0,450900,,,,,,DTSA-core,N=D,C1,2112,0,0,True
ta34,30,15,450,DTSA,0,2098,451350,450000,167,12.581,,,,,450,0.5,6,6,-5.0,5.0,5ee1241,2026-07-23T22:37:56,1.0,450900,,,,,,DTSA+LS,N=D,C1,2112,25,7,True
ta34,30,15,450,DTSA,1,2164,451350,450000,167,12.584,,,,,450,0.5,6,6,-5.0,5.0,5ee1241,2026-07-23T22:37:56,1.0,450900,,,,,,DTSA-core,N=D,C1,2164,0,0,True
ta34,30,15,450,DTSA,1,2164,451350,450000,167,12.584,,,,,450,0.5,6,6,-5.0,5.0,5ee1241,2026-07-23T22:37:56,1.0,450900,,,,,,DTSA+LS,N=D,C1,2164,5,0,True
ta34,30,15,450,DTSA,2,2115,451350,450000,167,12.703,,,,,450,0.5,6,6,-5.0,5.0,5ee1241,2026-07-23T22:37:56,1.0,450900,,,,,,DTSA-core,N=D,C1,2115,0,0,True
ta34,30,15,450,DTSA,2,2115,451350,450000,167,12.703,,,,,450,0.5,6,6,-5.0,5.0,5ee1241,2026-07-23T22:37:56,1.0,450900,,,,,,DTSA+LS,N=D,C1,2115,9,0,True
ta34,30,15,450,DTSA,3,2165,451350,450000,167,12.568,,,,,450,0.5,6,6,-5.0,5.0,5ee1241,2026-07-23T22:37:56,1.0,450900,,,,,,DTSA-core,N=D,C1,2165,0,0,True
ta34,30,15,450,DTSA,3,2165,451350,450000,167,12.568,,,,,450,0.5,6,6,-5.0,5.0,5ee1241,2026-07-23T22:37:56,1.0,450900,,,,,,DTSA+LS,N=D,C1,2165,7,0,True
ta34,30,15,450,DTSA,4,2242,451350,450000,167,13.505,,,,,450,0.5,6,6,-5.0,5.0,5ee1241,2026-07-23T22:37:57,1.0,450900,,,,,,DTSA-core,N=D,C1,2242,0,0,True
ta34,30,15,450,DTSA,4,2242,451350,450000,167,13.505,,,,,450,0.5,6,6,-5.0,5.0,5ee1241,2026-07-23T22:37:57,1.0,450900,,,,,,DTSA+LS,N=D,C1,2242,12,0,True
ta34,30,15,450,DTSA,5,2126,451350,450000,167,12.689,,,,,450,0.5,6,6,-5.0,5.0,5ee1241,2026-07-23T22:37:56,1.0,450900,,,,,,DTSA-core,N=D,C1,2126,0,0,True
ta34,30,15,450,DTSA,5,2126,451350,450000,167,12.689,,,,,450,0.5,6,6,-5.0,5.0,5ee1241,2026-07-23T22:37:56,1.0,450900,,,,,,DTSA+LS,N=D,C1,2126,7,0,True
ta34,30,15,450,DTSA,6,2168,451350,450000,167,12.959,,,,,450,0.5,6,6,-5.0,5.0,5ee1241,2026-07-23T22:37:56,1.0,450900,,,,,,DTSA-core,N=D,C1,2168,0,0,True
ta34,30,15,450,DTSA,6,2168,451350,450000,167,12.959,,,,,450,0.5,6,6,-5.0,5.0,5ee1241,2026-07-23T22:37:56,1.0,450900,,,,,,DTSA+LS,N=D,C1,2168,5,0,True
ta34,30,15,450,DTSA,7,2149,451350,450000,167,13.547,,,,,450,0.5,6,6,-5.0,5.0,5ee1241,2026-07-23T22:38:10,1.0,450900,,,,,,DTSA-core,N=D,C1,2149,0,0,True
ta34,30,15,450,DTSA,7,2149,451350,450000,167,13.547,,,,,450,0.5,6,6,-5.0,5.0,5ee1241,2026-07-23T22:38:10,1.0,450900,,,,,,DTSA+LS,N=D,C1,2149,6,0,True
ta34,30,15,450,DTSA,8,2088,451350,450000,167,12.768,,,,,450,0.5,6,6,-5.0,5.0,5ee1241,2026-07-23T22:38:09,1.0,450900,,,,,,DTSA-core,N=D,C1,2088,0,0,True
ta34,30,15,450,DTSA,8,2088,451350,450000,167,12.768,,,,,450,0.5,6,6,-5.0,5.0,5ee1241,2026-07-23T22:38:09,1.0,450900,,,,,,DTSA+LS,N=D,C1,2088,4,0,True
ta34,30,15,450,DTSA,9,2088,451350,450000,167,12.72,,,,,450,0.5,6,6,-5.0,5.0,5ee1241,2026-07-23T22:38:09,1.0,450900,,,,,,DTSA-core,N=D,C1,2088,0,0,True
ta34,30,15,450,DTSA,9,2085,451350,450000,167,12.72,,,,,450,0.5,6,6,-5.0,5.0,5ee1241,2026-07-23T22:38:09,1.0,450900,,,,,,DTSA+LS,N=D,C1,2088,14,3,True
ta34,30,15,450,DTSA,10,2128,451350,450000,167,13.366,,,,,450,0.5,6,6,-5.0,5.0,5ee1241,2026-07-23T22:38:10,1.0,450900,,,,,,DTSA-core,N=D,C1,2128,0,0,True
ta34,30,15,450,DTSA,10,2128,451350,450000,167,13.366,,,,,450,0.5,6,6,-5.0,5.0,5ee1241,2026-07-23T22:38:10,1.0,450900,,,,,,DTSA+LS,N=D,C1,2128,4,0,True
ta34,30,15,450,DTSA,11,2088,451350,450000,167,12.768,,,,,450,0.5,6,6,-5.0,5.0,5ee1241,2026-07-23T22:38:09,1.0,450900,,,,,,DTSA-core,N=D,C1,2088,0,0,True
ta34,30,15,450,DTSA,11,2088,451350,450000,167,12.768,,,,,450,0.5,6,6,-5.0,5.0,5ee1241,2026-07-23T22:38:09,1.0,450900,,,,,,DTSA+LS,N=D,C1,2088,4,0,True
ta34,30,15,450,DTSA,12,2176,451350,450000,167,12.576,,,,,450,0.5,6,6,-5.0,5.0,5ee1241,2026-07-23T22:38:09,1.0,450900,,,,,,DTSA-core,N=D,C1,2176,0,0,True
ta34,30,15,450,DTSA,12,2176,451350,450000,167,12.576,,,,,450,0.5,6,6,-5.0,5.0,5ee1241,2026-07-23T22:38:09,1.0,450900,,,,,,DTSA+LS,N=D,C1,2176,6,0,True
ta34,30,15,450,DTSA,13,2112,451350,450000,167,12.652,,,,,450,0.5,6,6,-5.0,5.0,5ee1241,2026-07-23T22:38:10,1.0,450900,,,,,,DTSA-core,N=D,C1,2112,0,0,True
ta34,30,15,450,DTSA,13,2112,451350,450000,167,12.652,,,,,450,0.5,6,6,-5.0,5.0,5ee1241,2026-07-23T22:38:10,1.0,450900,,,,,,DTSA+LS,N=D,C1,2112,11,0,True
ta34,30,15,450,DTSA,14,2123,451350,450000,167,12.31,,,,,450,0.5,6,6,-5.0,5.0,5ee1241,2026-07-23T22:38:21,1.0,450900,,,,,,DTSA-core,N=D,C1,2123,0,0,True
ta34,30,15,450,DTSA,14,2123,451350,450000,167,12.31,,,,,450,0.5,6,6,-5.0,5.0,5ee1241,2026-07-23T22:38:21,1.0,450900,,,,,,DTSA+LS,N=D,C1,2123,7,0,True
ta34,30,15,450,DTSA,15,2176,451350,450000,167,12.286,,,,,450,0.5,6,6,-5.0,5.0,5ee1241,2026-07-23T22:38:21,1.0,450900,,,,,,DTSA-core,N=D,C1,2176,0,0,True
ta34,30,15,450,DTSA,15,2176,451350,450000,167,12.286,,,,,450,0.5,6,6,-5.0,5.0,5ee1241,2026-07-23T22:38:21,1.0,450900,,,,,,DTSA+LS,N=D,C1,2176,4,0,True
ta34,30,15,450,DTSA,16,2286,451350,450000,167,13.346,,,,,450,0.5,6,6,-5.0,5.0,5ee1241,2026-07-23T22:38:22,1.0,450900,,,,,,DTSA-core,N=D,C1,2286,0,0,True
ta34,30,15,450,DTSA,16,2286,451350,450000,167,13.346,,,,,450,0.5,6,6,-5.0,5.0,5ee1241,2026-07-23T22:38:22,1.0,450900,,,,,,DTSA+LS,N=D,C1,2286,14,0,True
ta34,30,15,450,DTSA,17,2119,451350,450000,167,12.709,,,,,450,0.5,6,6,-5.0,5.0,5ee1241,2026-07-23T22:38:22,1.0,450900,,,,,,DTSA-core,N=D,C1,2119,0,0,True
ta34,30,15,450,DTSA,17,2119,451350,450000,167,12.709,,,,,450,0.5,6,6,-5.0,5.0,5ee1241,2026-07-23T22:38:22,1.0,450900,,,,,,DTSA+LS,N=D,C1,2119,8,0,True
ta34,30,15,450,DTSA,18,2122,451350,450000,167,12.288,,,,,450,0.5,6,6,-5.0,5.0,5ee1241,2026-07-23T22:38:22,1.0,450900,,,,,,DTSA-core,N=D,C1,2122,0,0,True
ta34,30,15,450,DTSA,18,2122,451350,450000,167,12.288,,,,,450,0.5,6,6,-5.0,5.0,5ee1241,2026-07-23T22:38:22,1.0,450900,,,,,,DTSA+LS,N=D,C1,2122,4,0,True
ta34,30,15,450,DTSA,19,2179,451350,450000,167,12.409,,,,,450,0.5,6,6,-5.0,5.0,5ee1241,2026-07-23T22:38:22,1.0,450900,,,,,,DTSA-core,N=D,C1,2179,0,0,True
ta34,30,15,450,DTSA,19,2179,451350,450000,167,12.409,,,,,450,0.5,6,6,-5.0,5.0,5ee1241,2026-07-23T22:38:22,1.0,450900,,,,,,DTSA+LS,N=D,C1,2179,4,0,True
ta35,30,15,450,DTSA,0,2345,451350,450000,167,13.252,,,,,450,0.5,6,6,-5.0,5.0,5ee1241,2026-07-23T22:38:36,1.0,450900,,,,,,DTSA-core,N=D,C1,2345,0,0,True
ta35,30,15,450,DTSA,0,2345,451350,450000,167,13.252,,,,,450,0.5,6,6,-5.0,5.0,5ee1241,2026-07-23T22:38:36,1.0,450900,,,,,,DTSA+LS,N=D,C1,2345,8,0,True
ta35,30,15,450,DTSA,1,2283,451350,450000,167,14.044,,,,,450,0.5,6,6,-5.0,5.0,5ee1241,2026-07-23T22:38:36,1.0,450900,,,,,,DTSA-core,N=D,C1,2283,0,0,True
ta35,30,15,450,DTSA,1,2283,451350,450000,167,14.044,,,,,450,0.5,6,6,-5.0,5.0,5ee1241,2026-07-23T22:38:36,1.0,450900,,,,,,DTSA+LS,N=D,C1,2283,5,0,True
ta35,30,15,450,DTSA,2,2316,451350,450000,167,13.411,,,,,450,0.5,6,6,-5.0,5.0,5ee1241,2026-07-23T22:38:36,1.0,450900,,,,,,DTSA-core,N=D,C1,2316,0,0,True
ta35,30,15,450,DTSA,2,2316,451350,450000,167,13.411,,,,,450,0.5,6,6,-5.0,5.0,5ee1241,2026-07-23T22:38:36,1.0,450900,,,,,,DTSA+LS,N=D,C1,2316,6,0,True
ta35,30,15,450,DTSA,3,2255,451350,450000,167,14.379,,,,,450,0.5,6,6,-5.0,5.0,5ee1241,2026-07-23T22:38:37,1.0,450900,,,,,,DTSA-core,N=D,C1,2255,0,0,True
ta35,30,15,450,DTSA,3,2251,451350,450000,167,14.379,,,,,450,0.5,6,6,-5.0,5.0,5ee1241,2026-07-23T22:38:37,1.0,450900,,,,,,DTSA+LS,N=D,C1,2255,13,3,True
ta35,30,15,450,DTSA,4,2235,451350,450000,167,13.26,,,,,450,0.5,6,6,-5.0,5.0,5ee1241,2026-07-23T22:38:36,1.0,450900,,,,,,DTSA-core,N=D,C1,2235,0,0,True
ta35,30,15,450,DTSA,4,2235,451350,450000,167,13.26,,,,,450,0.5,6,6,-5.0,5.0,5ee1241,2026-07-23T22:38:36,1.0,450900,,,,,,DTSA+LS,N=D,C1,2235,7,0,True
ta35,30,15,450,DTSA,5,2286,451350,450000,167,13.275,,,,,450,0.5,6,6,-5.0,5.0,5ee1241,2026-07-23T22:38:36,1.0,450900,,,,,,DTSA-core,N=D,C1,2286,0,0,True
ta35,30,15,450,DTSA,5,2286,451350,450000,167,13.275,,,,,450,0.5,6,6,-5.0,5.0,5ee1241,2026-07-23T22:38:36,1.0,450900,,,,,,DTSA+LS,N=D,C1,2286,4,0,True
ta35,30,15,450,DTSA,6,2306,451350,450000,167,14.037,,,,,450,0.5,6,6,-5.0,5.0,5ee1241,2026-07-23T22:38:36,1.0,450900,,,,,,DTSA-core,N=D,C1,2306,0,0,True
ta35,30,15,450,DTSA,6,2306,451350,450000,167,14.037,,,,,450,0.5,6,6,-5.0,5.0,5ee1241,2026-07-23T22:38:36,1.0,450900,,,,,,DTSA+LS,N=D,C1,2306,4,0,True
ta35,30,15,450,DTSA,7,2173,451350,450000,167,12.947,,,,,450,0.5,6,6,-5.0,5.0,5ee1241,2026-07-23T22:38:49,1.0,450900,,,,,,DTSA-core,N=D,C1,2173,0,0,True
ta35,30,15,450,DTSA,7,2173,451350,450000,167,12.947,,,,,450,0.5,6,6,-5.0,5.0,5ee1241,2026-07-23T22:38:49,1.0,450900,,,,,,DTSA+LS,N=D,C1,2173,6,0,True
ta35,30,15,450,DTSA,8,2243,451350,450000,167,12.889,,,,,450,0.5,6,6,-5.0,5.0,5ee1241,2026-07-23T22:38:49,1.0,450900,,,,,,DTSA-core,N=D,C1,2243,0,0,True
ta35,30,15,450,DTSA,8,2243,451350,450000,167,12.889,,,,,450,0.5,6,6,-5.0,5.0,5ee1241,2026-07-23T22:38:49,1.0,450900,,,,,,DTSA+LS,N=D,C1,2243,5,0,True
ta35,30,15,450,DTSA,9,2300,451350,450000,167,13.537,,,,,450,0.5,6,6,-5.0,5.0,5ee1241,2026-07-23T22:38:49,1.0,450900,,,,,,DTSA-core,N=D,C1,2300,0,0,True
ta35,30,15,450,DTSA,9,2292,451350,450000,167,13.537,,,,,450,0.5,6,6,-5.0,5.0,5ee1241,2026-07-23T22:38:49,1.0,450900,,,,,,DTSA+LS,N=D,C1,2300,16,3,True
ta35,30,15,450,DTSA,10,2296,451350,450000,167,13.622,,,,,450,0.5,6,6,-5.0,5.0,5ee1241,2026-07-23T22:38:49,1.0,450900,,,,,,DTSA-core,N=D,C1,2296,0,0,True
ta35,30,15,450,DTSA,10,2296,451350,450000,167,13.622,,,,,450,0.5,6,6,-5.0,5.0,5ee1241,2026-07-23T22:38:49,1.0,450900,,,,,,DTSA+LS,N=D,C1,2296,4,0,True
ta35,30,15,450,DTSA,11,2323,451350,450000,167,12.581,,,,,450,0.5,6,6,-5.0,5.0,5ee1241,2026-07-23T22:38:49,1.0,450900,,,,,,DTSA-core,N=D,C1,2323,0,0,True
ta35,30,15,450,DTSA,11,2323,451350,450000,167,12.581,,,,,450,0.5,6,6,-5.0,5.0,5ee1241,2026-07-23T22:38:49,1.0,450900,,,,,,DTSA+LS,N=D,C1,2323,4,0,True
ta35,30,15,450,DTSA,12,2420,451350,450000,167,13.69,,,,,450,0.5,6,6,-5.0,5.0,5ee1241,2026-07-23T22:38:50,1.0,450900,,,,,,DTSA-core,N=D,C1,2420,0,0,True
ta35,30,15,450,DTSA,12,2420,451350,450000,167,13.69,,,,,450,0.5,6,6,-5.0,5.0,5ee1241,2026-07-23T22:38:50,1.0,450900,,,,,,DTSA+LS,N=D,C1,2420,4,0,True
ta35,30,15,450,DTSA,13,2310,451350,450000,167,12.658,,,,,450,0.5,6,6,-5.0,5.0,5ee1241,2026-07-23T22:38:49,1.0,450900,,,,,,DTSA-core,N=D,C1,2310,0,0,True
ta35,30,15,450,DTSA,13,2310,451350,450000,167,12.658,,,,,450,0.5,6,6,-5.0,5.0,5ee1241,2026-07-23T22:38:49,1.0,450900,,,,,,DTSA+LS,N=D,C1,2310,4,0,True
ta35,30,15,450,DTSA,14,2268,451350,450000,167,12.263,,,,,450,0.5,6,6,-5.0,5.0,5ee1241,2026-07-23T22:39:01,1.0,450900,,,,,,DTSA-core,N=D,C1,2268,0,0,True
ta35,30,15,450,DTSA,14,2268,451350,450000,167,12.263,,,,,450,0.5,6,6,-5.0,5.0,5ee1241,2026-07-23T22:39:01,1.0,450900,,,,,,DTSA+LS,N=D,C1,2268,5,0,True
ta35,30,15,450,DTSA,15,2302,451350,450000,167,12.526,,,,,450,0.5,6,6,-5.0,5.0,5ee1241,2026-07-23T22:39:01,1.0,450900,,,,,,DTSA-core,N=D,C1,2302,0,0,True
ta35,30,15,450,DTSA,15,2302,451350,450000,167,12.526,,,,,450,0.5,6,6,-5.0,5.0,5ee1241,2026-07-23T22:39:01,1.0,450900,,,,,,DTSA+LS,N=D,C1,2302,4,0,True
ta35,30,15,450,DTSA,16,2252,451350,450000,167,13.278,,,,,450,0.5,6,6,-5.0,5.0,5ee1241,2026-07-23T22:39:02,1.0,450900,,,,,,DTSA-core,N=D,C1,2252,0,0,True
ta35,30,15,450,DTSA,16,2252,451350,450000,167,13.278,,,,,450,0.5,6,6,-5.0,5.0,5ee1241,2026-07-23T22:39:02,1.0,450900,,,,,,DTSA+LS,N=D,C1,2252,4,0,True
ta35,30,15,450,DTSA,17,2353,451350,450000,167,12.316,,,,,450,0.5,6,6,-5.0,5.0,5ee1241,2026-07-23T22:39:02,1.0,450900,,,,,,DTSA-core,N=D,C1,2353,0,0,True
ta35,30,15,450,DTSA,17,2353,451350,450000,167,12.316,,,,,450,0.5,6,6,-5.0,5.0,5ee1241,2026-07-23T22:39:02,1.0,450900,,,,,,DTSA+LS,N=D,C1,2353,5,0,True
ta35,30,15,450,DTSA,18,2327,451350,450000,167,12.438,,,,,450,0.5,6,6,-5.0,5.0,5ee1241,2026-07-23T22:39:02,1.0,450900,,,,,,DTSA-core,N=D,C1,2327,0,0,True
ta35,30,15,450,DTSA,18,2327,451350,450000,167,12.438,,,,,450,0.5,6,6,-5.0,5.0,5ee1241,2026-07-23T22:39:02,1.0,450900,,,,,,DTSA+LS,N=D,C1,2327,4,0,True
ta35,30,15,450,DTSA,19,2233,451350,450000,167,13.489,,,,,450,0.5,6,6,-5.0,5.0,5ee1241,2026-07-23T22:39:03,1.0,450900,,,,,,DTSA-core,N=D,C1,2233,0,0,True
ta35,30,15,450,DTSA,19,2233,451350,450000,167,13.489,,,,,450,0.5,6,6,-5.0,5.0,5ee1241,2026-07-23T22:39:03,1.0,450900,,,,,,DTSA+LS,N=D,C1,2233,7,0,True
ta41,30,20,600,DTSA,0,2595,601800,600000,167,19.604,,,,,600,0.5,6,6,-5.0,5.0,5ee1241,2026-07-23T22:39:23,1.0,601200,,,,,,DTSA-core,N=D,C1,2595,0,0,True
ta41,30,20,600,DTSA,0,2595,601800,600000,167,19.604,,,,,600,0.5,6,6,-5.0,5.0,5ee1241,2026-07-23T22:39:23,1.0,601200,,,,,,DTSA+LS,N=D,C1,2595,12,0,True
ta41,30,20,600,DTSA,1,2539,601800,600000,167,19.422,,,,,600,0.5,6,6,-5.0,5.0,5ee1241,2026-07-23T22:39:22,1.0,601200,,,,,,DTSA-core,N=D,C1,2539,0,0,True
ta41,30,20,600,DTSA,1,2539,601800,600000,167,19.422,,,,,600,0.5,6,6,-5.0,5.0,5ee1241,2026-07-23T22:39:22,1.0,601200,,,,,,DTSA+LS,N=D,C1,2539,7,0,True
ta41,30,20,600,DTSA,2,2447,601800,600000,167,19.813,,,,,600,0.5,6,6,-5.0,5.0,5ee1241,2026-07-23T22:39:23,1.0,601200,,,,,,DTSA-core,N=D,C1,2447,0,0,True
ta41,30,20,600,DTSA,2,2447,601800,600000,167,19.813,,,,,600,0.5,6,6,-5.0,5.0,5ee1241,2026-07-23T22:39:23,1.0,601200,,,,,,DTSA+LS,N=D,C1,2447,6,0,True
ta41,30,20,600,DTSA,3,2457,601800,600000,167,19.686,,,,,600,0.5,6,6,-5.0,5.0,5ee1241,2026-07-23T22:39:23,1.0,601200,,,,,,DTSA-core,N=D,C1,2457,0,0,True
ta41,30,20,600,DTSA,3,2457,601800,600000,167,19.686,,,,,600,0.5,6,6,-5.0,5.0,5ee1241,2026-07-23T22:39:23,1.0,601200,,,,,,DTSA+LS,N=D,C1,2457,6,0,True
ta41,30,20,600,DTSA,4,2444,601800,600000,167,20.752,,,,,600,0.5,6,6,-5.0,5.0,5ee1241,2026-07-23T22:39:24,1.0,601200,,,,,,DTSA-core,N=D,C1,2444,0,0,True
ta41,30,20,600,DTSA,4,2444,601800,600000,167,20.752,,,,,600,0.5,6,6,-5.0,5.0,5ee1241,2026-07-23T22:39:24,1.0,601200,,,,,,DTSA+LS,N=D,C1,2444,8,0,True
ta41,30,20,600,DTSA,5,2472,601800,600000,167,20.165,,,,,600,0.5,6,6,-5.0,5.0,5ee1241,2026-07-23T22:39:23,1.0,601200,,,,,,DTSA-core,N=D,C1,2472,0,0,True
ta41,30,20,600,DTSA,5,2472,601800,600000,167,20.165,,,,,600,0.5,6,6,-5.0,5.0,5ee1241,2026-07-23T22:39:23,1.0,601200,,,,,,DTSA+LS,N=D,C1,2472,12,0,True
ta41,30,20,600,DTSA,6,2433,601800,600000,167,20.021,,,,,600,0.5,6,6,-5.0,5.0,5ee1241,2026-07-23T22:39:23,1.0,601200,,,,,,DTSA-core,N=D,C1,2433,0,0,True
ta41,30,20,600,DTSA,6,2433,601800,600000,167,20.021,,,,,600,0.5,6,6,-5.0,5.0,5ee1241,2026-07-23T22:39:23,1.0,601200,,,,,,DTSA+LS,N=D,C1,2433,11,0,True
ta41,30,20,600,DTSA,7,2498,601800,600000,167,19.831,,,,,600,0.5,6,6,-5.0,5.0,5ee1241,2026-07-23T22:39:42,1.0,601200,,,,,,DTSA-core,N=D,C1,2498,0,0,True
ta41,30,20,600,DTSA,7,2498,601800,600000,167,19.831,,,,,600,0.5,6,6,-5.0,5.0,5ee1241,2026-07-23T22:39:42,1.0,601200,,,,,,DTSA+LS,N=D,C1,2498,4,0,True
ta41,30,20,600,DTSA,8,2457,601800,600000,167,19.959,,,,,600,0.5,6,6,-5.0,5.0,5ee1241,2026-07-23T22:39:43,1.0,601200,,,,,,DTSA-core,N=D,C1,2457,0,0,True
ta41,30,20,600,DTSA,8,2457,601800,600000,167,19.959,,,,,600,0.5,6,6,-5.0,5.0,5ee1241,2026-07-23T22:39:43,1.0,601200,,,,,,DTSA+LS,N=D,C1,2457,5,0,True
ta41,30,20,600,DTSA,9,2436,601800,600000,167,20.044,,,,,600,0.5,6,6,-5.0,5.0,5ee1241,2026-07-23T22:39:43,1.0,601200,,,,,,DTSA-core,N=D,C1,2436,0,0,True
ta41,30,20,600,DTSA,9,2436,601800,600000,167,20.044,,,,,600,0.5,6,6,-5.0,5.0,5ee1241,2026-07-23T22:39:43,1.0,601200,,,,,,DTSA+LS,N=D,C1,2436,13,0,True
ta41,30,20,600,DTSA,10,2500,601800,600000,167,19.844,,,,,600,0.5,6,6,-5.0,5.0,5ee1241,2026-07-23T22:39:43,1.0,601200,,,,,,DTSA-core,N=D,C1,2500,0,0,True
ta41,30,20,600,DTSA,10,2500,601800,600000,167,19.844,,,,,600,0.5,6,6,-5.0,5.0,5ee1241,2026-07-23T22:39:43,1.0,601200,,,,,,DTSA+LS,N=D,C1,2500,10,0,True
ta41,30,20,600,DTSA,11,2506,601800,600000,167,19.896,,,,,600,0.5,6,6,-5.0,5.0,5ee1241,2026-07-23T22:39:43,1.0,601200,,,,,,DTSA-core,N=D,C1,2506,0,0,True
ta41,30,20,600,DTSA,11,2506,601800,600000,167,19.896,,,,,600,0.5,6,6,-5.0,5.0,5ee1241,2026-07-23T22:39:43,1.0,601200,,,,,,DTSA+LS,N=D,C1,2506,12,0,True
ta41,30,20,600,DTSA,12,2445,601800,600000,167,20.427,,,,,600,0.5,6,6,-5.0,5.0,5ee1241,2026-07-23T22:39:44,1.0,601200,,,,,,DTSA-core,N=D,C1,2445,0,0,True
ta41,30,20,600,DTSA,12,2445,601800,600000,167,20.427,,,,,600,0.5,6,6,-5.0,5.0,5ee1241,2026-07-23T22:39:44,1.0,601200,,,,,,DTSA+LS,N=D,C1,2445,10,0,True
ta41,30,20,600,DTSA,13,2457,601800,600000,167,20.478,,,,,600,0.5,6,6,-5.0,5.0,5ee1241,2026-07-23T22:39:44,1.0,601200,,,,,,DTSA-core,N=D,C1,2457,0,0,True
ta41,30,20,600,DTSA,13,2457,601800,600000,167,20.478,,,,,600,0.5,6,6,-5.0,5.0,5ee1241,2026-07-23T22:39:44,1.0,601200,,,,,,DTSA+LS,N=D,C1,2457,10,0,True
ta41,30,20,600,DTSA,14,2501,601800,600000,167,19.772,,,,,600,0.5,6,6,-5.0,5.0,5ee1241,2026-07-23T22:40:02,1.0,601200,,,,,,DTSA-core,N=D,C1,2501,0,0,True
ta41,30,20,600,DTSA,14,2501,601800,600000,167,19.772,,,,,600,0.5,6,6,-5.0,5.0,5ee1241,2026-07-23T22:40:02,1.0,601200,,,,,,DTSA+LS,N=D,C1,2501,8,0,True
ta41,30,20,600,DTSA,15,2487,601800,600000,167,19.727,,,,,600,0.5,6,6,-5.0,5.0,5ee1241,2026-07-23T22:40:02,1.0,601200,,,,,,DTSA-core,N=D,C1,2487,0,0,True
ta41,30,20,600,DTSA,15,2487,601800,600000,167,19.727,,,,,600,0.5,6,6,-5.0,5.0,5ee1241,2026-07-23T22:40:02,1.0,601200,,,,,,DTSA+LS,N=D,C1,2487,14,0,True
ta41,30,20,600,DTSA,16,2489,601800,600000,167,19.805,,,,,600,0.5,6,6,-5.0,5.0,5ee1241,2026-07-23T22:40:03,1.0,601200,,,,,,DTSA-core,N=D,C1,2489,0,0,True
ta41,30,20,600,DTSA,16,2489,601800,600000,167,19.805,,,,,600,0.5,6,6,-5.0,5.0,5ee1241,2026-07-23T22:40:03,1.0,601200,,,,,,DTSA+LS,N=D,C1,2489,7,0,True
ta41,30,20,600,DTSA,17,2455,601800,600000,167,19.38,,,,,600,0.5,6,6,-5.0,5.0,5ee1241,2026-07-23T22:40:02,1.0,601200,,,,,,DTSA-core,N=D,C1,2455,0,0,True
ta41,30,20,600,DTSA,17,2455,601800,600000,167,19.38,,,,,600,0.5,6,6,-5.0,5.0,5ee1241,2026-07-23T22:40:02,1.0,601200,,,,,,DTSA+LS,N=D,C1,2455,6,0,True
ta41,30,20,600,DTSA,18,2436,601800,600000,167,19.575,,,,,600,0.5,6,6,-5.0,5.0,5ee1241,2026-07-23T22:40:03,1.0,601200,,,,,,DTSA-core,N=D,C1,2436,0,0,True
ta41,30,20,600,DTSA,18,2436,601800,600000,167,19.575,,,,,600,0.5,6,6,-5.0,5.0,5ee1241,2026-07-23T22:40:03,1.0,601200,,,,,,DTSA+LS,N=D,C1,2436,14,0,True
ta41,30,20,600,DTSA,19,2386,601800,600000,167,20.124,,,,,600,0.5,6,6,-5.0,5.0,5ee1241,2026-07-23T22:40:04,1.0,601200,,,,,,DTSA-core,N=D,C1,2386,0,0,True
ta41,30,20,600,DTSA,19,2386,601800,600000,167,20.124,,,,,600,0.5,6,6,-5.0,5.0,5ee1241,2026-07-23T22:40:04,1.0,601200,,,,,,DTSA+LS,N=D,C1,2386,8,0,True
ta42,30,20,600,DTSA,0,2417,601800,600000,167,20.907,,,,,600,0.5,6,6,-5.0,5.0,5ee1241,2026-07-23T22:40:25,1.0,601200,,,,,,DTSA-core,N=D,C1,2417,0,0,True
ta42,30,20,600,DTSA,0,2417,601800,600000,167,20.907,,,,,600,0.5,6,6,-5.0,5.0,5ee1241,2026-07-23T22:40:25,1.0,601200,,,,,,DTSA+LS,N=D,C1,2417,7,0,True
ta42,30,20,600,DTSA,1,2421,601800,600000,167,19.867,,,,,600,0.5,6,6,-5.0,5.0,5ee1241,2026-07-23T22:40:24,1.0,601200,,,,,,DTSA-core,N=D,C1,2421,0,0,True
ta42,30,20,600,DTSA,1,2411,601800,600000,167,19.867,,,,,600,0.5,6,6,-5.0,5.0,5ee1241,2026-07-23T22:40:24,1.0,601200,,,,,,DTSA+LS,N=D,C1,2421,26,5,True
ta42,30,20,600,DTSA,2,2393,601800,600000,167,19.93,,,,,600,0.5,6,6,-5.0,5.0,5ee1241,2026-07-23T22:40:24,1.0,601200,,,,,,DTSA-core,N=D,C1,2393,0,0,True
ta42,30,20,600,DTSA,2,2384,601800,600000,167,19.93,,,,,600,0.5,6,6,-5.0,5.0,5ee1241,2026-07-23T22:40:24,1.0,601200,,,,,,DTSA+LS,N=D,C1,2393,27,3,True
ta42,30,20,600,DTSA,3,2340,601800,600000,167,20.057,,,,,600,0.5,6,6,-5.0,5.0,5ee1241,2026-07-23T22:40:24,1.0,601200,,,,,,DTSA-core,N=D,C1,2340,0,0,True
ta42,30,20,600,DTSA,3,2340,601800,600000,167,20.057,,,,,600,0.5,6,6,-5.0,5.0,5ee1241,2026-07-23T22:40:24,1.0,601200,,,,,,DTSA+LS,N=D,C1,2340,7,0,True
ta42,30,20,600,DTSA,4,2411,601800,600000,167,20.092,,,,,600,0.5,6,6,-5.0,5.0,5ee1241,2026-07-23T22:40:24,1.0,601200,,,,,,DTSA-core,N=D,C1,2411,0,0,True
ta42,30,20,600,DTSA,4,2411,601800,600000,167,20.092,,,,,600,0.5,6,6,-5.0,5.0,5ee1241,2026-07-23T22:40:24,1.0,601200,,,,,,DTSA+LS,N=D,C1,2411,11,0,True
ta42,30,20,600,DTSA,5,2353,601800,600000,167,20.368,,,,,600,0.5,6,6,-5.0,5.0,5ee1241,2026-07-23T22:40:24,1.0,601200,,,,,,DTSA-core,N=D,C1,2353,0,0,True
ta42,30,20,600,DTSA,5,2338,601800,600000,167,20.368,,,,,600,0.5,6,6,-5.0,5.0,5ee1241,2026-07-23T22:40:24,1.0,601200,,,,,,DTSA+LS,N=D,C1,2353,26,4,True
ta42,30,20,600,DTSA,6,2320,601800,600000,167,20.755,,,,,600,0.5,6,6,-5.0,5.0,5ee1241,2026-07-23T22:40:25,1.0,601200,,,,,,DTSA-core,N=D,C1,2320,0,0,True
ta42,30,20,600,DTSA,6,2320,601800,600000,167,20.755,,,,,600,0.5,6,6,-5.0,5.0,5ee1241,2026-07-23T22:40:25,1.0,601200,,,,,,DTSA+LS,N=D,C1,2320,7,0,True
ta42,30,20,600,DTSA,7,2380,601800,600000,167,20.215,,,,,600,0.5,6,6,-5.0,5.0,5ee1241,2026-07-23T22:40:44,1.0,601200,,,,,,DTSA-core,N=D,C1,2380,0,0,True
ta42,30,20,600,DTSA,7,2380,601800,600000,167,20.215,,,,,600,0.5,6,6,-5.0,5.0,5ee1241,2026-07-23T22:40:44,1.0,601200,,,,,,DTSA+LS,N=D,C1,2380,14,0,True
ta42,30,20,600,DTSA,8,2428,601800,600000,167,20.042,,,,,600,0.5,6,6,-5.0,5.0,5ee1241,2026-07-23T22:40:44,1.0,601200,,,,,,DTSA-core,N=D,C1,2428,0,0,True
ta42,30,20,600,DTSA,8,2420,601800,600000,167,20.042,,,,,600,0.5,6,6,-5.0,5.0,5ee1241,2026-07-23T22:40:44,1.0,601200,,,,,,DTSA+LS,N=D,C1,2428,49,5,True
ta42,30,20,600,DTSA,9,2441,601800,600000,167,19.992,,,,,600,0.5,6,6,-5.0,5.0,5ee1241,2026-07-23T22:40:44,1.0,601200,,,,,,DTSA-core,N=D,C1,2441,0,0,True
ta42,30,20,600,DTSA,9,2441,601800,600000,167,19.992,,,,,600,0.5,6,6,-5.0,5.0,5ee1241,2026-07-23T22:40:44,1.0,601200,,,,,,DTSA+LS,N=D,C1,2441,13,0,True
ta42,30,20,600,DTSA,10,2453,601800,600000,167,20.097,,,,,600,0.5,6,6,-5.0,5.0,5ee1241,2026-07-23T22:40:44,1.0,601200,,,,,,DTSA-core,N=D,C1,2453,0,0,True
ta42,30,20,600,DTSA,10,2453,601800,600000,167,20.097,,,,,600,0.5,6,6,-5.0,5.0,5ee1241,2026-07-23T22:40:44,1.0,601200,,,,,,DTSA+LS,N=D,C1,2453,6,0,True
ta42,30,20,600,DTSA,11,2387,601800,600000,167,19.861,,,,,600,0.5,6,6,-5.0,5.0,5ee1241,2026-07-23T22:40:44,1.0,601200,,,,,,DTSA-core,N=D,C1,2387,0,0,True
ta42,30,20,600,DTSA,11,2387,601800,600000,167,19.861,,,,,600,0.5,6,6,-5.0,5.0,5ee1241,2026-07-23T22:40:44,1.0,601200,,,,,,DTSA+LS,N=D,C1,2387,11,0,True
ta42,30,20,600,DTSA,12,2382,601800,600000,167,20.269,,,,,600,0.5,6,6,-5.0,5.0,5ee1241,2026-07-23T22:40:45,1.0,601200,,,,,,DTSA-core,N=D,C1,2382,0,0,True
ta42,30,20,600,DTSA,12,2382,601800,600000,167,20.269,,,,,600,0.5,6,6,-5.0,5.0,5ee1241,2026-07-23T22:40:45,1.0,601200,,,,,,DTSA+LS,N=D,C1,2382,9,0,True
ta42,30,20,600,DTSA,13,2385,601800,600000,167,20.573,,,,,600,0.5,6,6,-5.0,5.0,5ee1241,2026-07-23T22:40:45,1.0,601200,,,,,,DTSA-core,N=D,C1,2385,0,0,True
ta42,30,20,600,DTSA,13,2385,601800,600000,167,20.573,,,,,600,0.5,6,6,-5.0,5.0,5ee1241,2026-07-23T22:40:45,1.0,601200,,,,,,DTSA+LS,N=D,C1,2385,15,0,True
ta42,30,20,600,DTSA,14,2397,601800,600000,167,19.446,,,,,600,0.5,6,6,-5.0,5.0,5ee1241,2026-07-23T22:41:03,1.0,601200,,,,,,DTSA-core,N=D,C1,2397,0,0,True
ta42,30,20,600,DTSA,14,2397,601800,600000,167,19.446,,,,,600,0.5,6,6,-5.0,5.0,5ee1241,2026-07-23T22:41:03,1.0,601200,,,,,,DTSA+LS,N=D,C1,2397,8,0,True
ta42,30,20,600,DTSA,15,2373,601800,600000,167,19.925,,,,,600,0.5,6,6,-5.0,5.0,5ee1241,2026-07-23T22:41:04,1.0,601200,,,,,,DTSA-core,N=D,C1,2373,0,0,True
ta42,30,20,600,DTSA,15,2373,601800,600000,167,19.925,,,,,600,0.5,6,6,-5.0,5.0,5ee1241,2026-07-23T22:41:04,1.0,601200,,,,,,DTSA+LS,N=D,C1,2373,16,0,True
ta42,30,20,600,DTSA,16,2413,601800,600000,167,19.648,,,,,600,0.5,6,6,-5.0,5.0,5ee1241,2026-07-23T22:41:04,1.0,601200,,,,,,DTSA-core,N=D,C1,2413,0,0,True
ta42,30,20,600,DTSA,16,2413,601800,600000,167,19.648,,,,,600,0.5,6,6,-5.0,5.0,5ee1241,2026-07-23T22:41:04,1.0,601200,,,,,,DTSA+LS,N=D,C1,2413,6,0,True
ta42,30,20,600,DTSA,17,2364,601800,600000,167,19.618,,,,,600,0.5,6,6,-5.0,5.0,5ee1241,2026-07-23T22:41:04,1.0,601200,,,,,,DTSA-core,N=D,C1,2364,0,0,True
ta42,30,20,600,DTSA,17,2364,601800,600000,167,19.618,,,,,600,0.5,6,6,-5.0,5.0,5ee1241,2026-07-23T22:41:04,1.0,601200,,,,,,DTSA+LS,N=D,C1,2364,14,0,True
ta42,30,20,600,DTSA,18,2414,601800,600000,167,19.646,,,,,600,0.5,6,6,-5.0,5.0,5ee1241,2026-07-23T22:41:04,1.0,601200,,,,,,DTSA-core,N=D,C1,2414,0,0,True
ta42,30,20,600,DTSA,18,2414,601800,600000,167,19.646,,,,,600,0.5,6,6,-5.0,5.0,5ee1241,2026-07-23T22:41:04,1.0,601200,,,,,,DTSA+LS,N=D,C1,2414,9,0,True
ta42,30,20,600,DTSA,19,2320,601800,600000,167,19.806,,,,,600,0.5,6,6,-5.0,5.0,5ee1241,2026-07-23T22:41:05,1.0,601200,,,,,,DTSA-core,N=D,C1,2320,0,0,True
ta42,30,20,600,DTSA,19,2320,601800,600000,167,19.806,,,,,600,0.5,6,6,-5.0,5.0,5ee1241,2026-07-23T22:41:05,1.0,601200,,,,,,DTSA+LS,N=D,C1,2320,11,0,True
ta43,30,20,600,DTSA,0,2276,601800,600000,167,20.98,,,,,600,0.5,6,6,-5.0,5.0,5ee1241,2026-07-23T22:41:26,1.0,601200,,,,,,DTSA-core,N=D,C1,2276,0,0,True
ta43,30,20,600,DTSA,0,2276,601800,600000,167,20.98,,,,,600,0.5,6,6,-5.0,5.0,5ee1241,2026-07-23T22:41:26,1.0,601200,,,,,,DTSA+LS,N=D,C1,2276,5,0,True
ta43,30,20,600,DTSA,1,2331,601800,600000,167,19.533,,,,,600,0.5,6,6,-5.0,5.0,5ee1241,2026-07-23T22:41:24,1.0,601200,,,,,,DTSA-core,N=D,C1,2331,0,0,True
ta43,30,20,600,DTSA,1,2331,601800,600000,167,19.533,,,,,600,0.5,6,6,-5.0,5.0,5ee1241,2026-07-23T22:41:24,1.0,601200,,,,,,DTSA+LS,N=D,C1,2331,12,0,True
ta43,30,20,600,DTSA,2,2191,601800,600000,167,20.528,,,,,600,0.5,6,6,-5.0,5.0,5ee1241,2026-07-23T22:41:25,1.0,601200,,,,,,DTSA-core,N=D,C1,2191,0,0,True
ta43,30,20,600,DTSA,2,2189,601800,600000,167,20.528,,,,,600,0.5,6,6,-5.0,5.0,5ee1241,2026-07-23T22:41:25,1.0,601200,,,,,,DTSA+LS,N=D,C1,2191,25,1,True
ta43,30,20,600,DTSA,3,2218,601800,600000,167,20.565,,,,,600,0.5,6,6,-5.0,5.0,5ee1241,2026-07-23T22:41:25,1.0,601200,,,,,,DTSA-core,N=D,C1,2218,0,0,True
ta43,30,20,600,DTSA,3,2218,601800,600000,167,20.565,,,,,600,0.5,6,6,-5.0,5.0,5ee1241,2026-07-23T22:41:25,1.0,601200,,,,,,DTSA+LS,N=D,C1,2218,11,0,True
ta43,30,20,600,DTSA,4,2249,601800,600000,167,20.327,,,,,600,0.5,6,6,-5.0,5.0,5ee1241,2026-07-23T22:41:25,1.0,601200,,,,,,DTSA-core,N=D,C1,2249,0,0,True
ta43,30,20,600,DTSA,4,2249,601800,600000,167,20.327,,,,,600,0.5,6,6,-5.0,5.0,5ee1241,2026-07-23T22:41:25,1.0,601200,,,,,,DTSA+LS,N=D,C1,2249,6,0,True
ta43,30,20,600,DTSA,5,2164,601800,600000,167,20.426,,,,,600,0.5,6,6,-5.0,5.0,5ee1241,2026-07-23T22:41:25,1.0,601200,,,,,,DTSA-core,N=D,C1,2164,0,0,True
ta43,30,20,600,DTSA,5,2164,601800,600000,167,20.426,,,,,600,0.5,6,6,-5.0,5.0,5ee1241,2026-07-23T22:41:25,1.0,601200,,,,,,DTSA+LS,N=D,C1,2164,17,0,True
ta43,30,20,600,DTSA,6,2282,601800,600000,167,20.275,,,,,600,0.5,6,6,-5.0,5.0,5ee1241,2026-07-23T22:41:25,1.0,601200,,,,,,DTSA-core,N=D,C1,2282,0,0,True
ta43,30,20,600,DTSA,6,2282,601800,600000,167,20.275,,,,,600,0.5,6,6,-5.0,5.0,5ee1241,2026-07-23T22:41:25,1.0,601200,,,,,,DTSA+LS,N=D,C1,2282,7,0,True
ta43,30,20,600,DTSA,7,2251,601800,600000,167,20.68,,,,,600,0.5,6,6,-5.0,5.0,5ee1241,2026-07-23T22:41:45,1.0,601200,,,,,,DTSA-core,N=D,C1,2251,0,0,True
ta43,30,20,600,DTSA,7,2251,601800,600000,167,20.68,,,,,600,0.5,6,6,-5.0,5.0,5ee1241,2026-07-23T22:41:45,1.0,601200,,,,,,DTSA+LS,N=D,C1,2251,9,0,True
ta43,30,20,600,DTSA,8,2323,601800,600000,167,20.715,,,,,600,0.5,6,6,-5.0,5.0,5ee1241,2026-07-23T22:41:46,1.0,601200,,,,,,DTSA-core,N=D,C1,2323,0,0,True
ta43,30,20,600,DTSA,8,2323,601800,600000,167,20.715,,,,,600,0.5,6,6,-5.0,5.0,5ee1241,2026-07-23T22:41:46,1.0,601200,,,,,,DTSA+LS,N=D,C1,2323,13,0,True
ta43,30,20,600,DTSA,9,2306,601800,600000,167,20.933,,,,,600,0.5,6,6,-5.0,5.0,5ee1241,2026-07-23T22:41:46,1.0,601200,,,,,,DTSA-core,N=D,C1,2306,0,0,True
ta43,30,20,600,DTSA,9,2306,601800,600000,167,20.933,,,,,600,0.5,6,6,-5.0,5.0,5ee1241,2026-07-23T22:41:46,1.0,601200,,,,,,DTSA+LS,N=D,C1,2306,12,0,True
ta43,30,20,600,DTSA,10,2248,601800,600000,167,20.543,,,,,600,0.5,6,6,-5.0,5.0,5ee1241,2026-07-23T22:41:46,1.0,601200,,,,,,DTSA-core,N=D,C1,2248,0,0,True
ta43,30,20,600,DTSA,10,2248,601800,600000,167,20.543,,,,,600,0.5,6,6,-5.0,5.0,5ee1241,2026-07-23T22:41:46,1.0,601200,,,,,,DTSA+LS,N=D,C1,2248,7,0,True
ta43,30,20,600,DTSA,11,2285,601800,600000,167,20.285,,,,,600,0.5,6,6,-5.0,5.0,5ee1241,2026-07-23T22:41:46,1.0,601200,,,,,,DTSA-core,N=D,C1,2285,0,0,True
ta43,30,20,600,DTSA,11,2283,601800,600000,167,20.285,,,,,600,0.5,6,6,-5.0,5.0,5ee1241,2026-07-23T22:41:46,1.0,601200,,,,,,DTSA+LS,N=D,C1,2285,10,1,True
ta43,30,20,600,DTSA,12,2212,601800,600000,167,20.772,,,,,600,0.5,6,6,-5.0,5.0,5ee1241,2026-07-23T22:41:46,1.0,601200,,,,,,DTSA-core,N=D,C1,2212,0,0,True
ta43,30,20,600,DTSA,12,2212,601800,600000,167,20.772,,,,,600,0.5,6,6,-5.0,5.0,5ee1241,2026-07-23T22:41:46,1.0,601200,,,,,,DTSA+LS,N=D,C1,2212,10,0,True
ta43,30,20,600,DTSA,13,2214,601800,600000,167,21.028,,,,,600,0.5,6,6,-5.0,5.0,5ee1241,2026-07-23T22:41:47,1.0,601200,,,,,,DTSA-core,N=D,C1,2214,0,0,True
ta43,30,20,600,DTSA,13,2214,601800,600000,167,21.028,,,,,600,0.5,6,6,-5.0,5.0,5ee1241,2026-07-23T22:41:47,1.0,601200,,,,,,DTSA+LS,N=D,C1,2214,11,0,True
ta43,30,20,600,DTSA,14,2218,601800,600000,167,19.747,,,,,600,0.5,6,6,-5.0,5.0,5ee1241,2026-07-23T22:42:05,1.0,601200,,,,,,DTSA-core,N=D,C1,2218,0,0,True
ta43,30,20,600,DTSA,14,2218,601800,600000,167,19.747,,,,,600,0.5,6,6,-5.0,5.0,5ee1241,2026-07-23T22:42:05,1.0,601200,,,,,,DTSA+LS,N=D,C1,2218,11,0,True
ta43,30,20,600,DTSA,15,2261,601800,600000,167,19.793,,,,,600,0.5,6,6,-5.0,5.0,5ee1241,2026-07-23T22:42:06,1.0,601200,,,,,,DTSA-core,N=D,C1,2261,0,0,True
ta43,30,20,600,DTSA,15,2261,601800,600000,167,19.793,,,,,600,0.5,6,6,-5.0,5.0,5ee1241,2026-07-23T22:42:06,1.0,601200,,,,,,DTSA+LS,N=D,C1,2261,7,0,True
ta43,30,20,600,DTSA,16,2226,601800,600000,167,19.909,,,,,600,0.5,6,6,-5.0,5.0,5ee1241,2026-07-23T22:42:06,1.0,601200,,,,,,DTSA-core,N=D,C1,2226,0,0,True
ta43,30,20,600,DTSA,16,2226,601800,600000,167,19.909,,,,,600,0.5,6,6,-5.0,5.0,5ee1241,2026-07-23T22:42:06,1.0,601200,,,,,,DTSA+LS,N=D,C1,2226,9,0,True
ta43,30,20,600,DTSA,17,2265,601800,600000,167,20.311,,,,,600,0.5,6,6,-5.0,5.0,5ee1241,2026-07-23T22:42:06,1.0,601200,,,,,,DTSA-core,N=D,C1,2265,0,0,True
ta43,30,20,600,DTSA,17,2265,601800,600000,167,20.311,,,,,600,0.5,6,6,-5.0,5.0,5ee1241,2026-07-23T22:42:06,1.0,601200,,,,,,DTSA+LS,N=D,C1,2265,18,0,True
ta43,30,20,600,DTSA,18,2269,601800,600000,167,19.731,,,,,600,0.5,6,6,-5.0,5.0,5ee1241,2026-07-23T22:42:06,1.0,601200,,,,,,DTSA-core,N=D,C1,2269,0,0,True
ta43,30,20,600,DTSA,18,2269,601800,600000,167,19.731,,,,,600,0.5,6,6,-5.0,5.0,5ee1241,2026-07-23T22:42:06,1.0,601200,,,,,,DTSA+LS,N=D,C1,2269,13,0,True
ta43,30,20,600,DTSA,19,2184,601800,600000,167,20.075,,,,,600,0.5,6,6,-5.0,5.0,5ee1241,2026-07-23T22:42:06,1.0,601200,,,,,,DTSA-core,N=D,C1,2184,0,0,True
ta43,30,20,600,DTSA,19,2184,601800,600000,167,20.075,,,,,600,0.5,6,6,-5.0,5.0,5ee1241,2026-07-23T22:42:06,1.0,601200,,,,,,DTSA+LS,N=D,C1,2184,7,0,True
ta44,30,20,600,DTSA,0,2339,601800,600000,167,20.96,,,,,600,0.5,6,6,-5.0,5.0,5ee1241,2026-07-23T22:42:27,1.0,601200,,,,,,DTSA-core,N=D,C1,2339,0,0,True
ta44,30,20,600,DTSA,0,2339,601800,600000,167,20.96,,,,,600,0.5,6,6,-5.0,5.0,5ee1241,2026-07-23T22:42:27,1.0,601200,,,,,,DTSA+LS,N=D,C1,2339,6,0,True
ta44,30,20,600,DTSA,1,2413,601800,600000,167,20.179,,,,,600,0.5,6,6,-5.0,5.0,5ee1241,2026-07-23T22:42:27,1.0,601200,,,,,,DTSA-core,N=D,C1,2413,0,0,True
ta44,30,20,600,DTSA,1,2413,601800,600000,167,20.179,,,,,600,0.5,6,6,-5.0,5.0,5ee1241,2026-07-23T22:42:27,1.0,601200,,,,,,DTSA+LS,N=D,C1,2413,6,0,True
ta44,30,20,600,DTSA,2,2337,601800,600000,167,20.044,,,,,600,0.5,6,6,-5.0,5.0,5ee1241,2026-07-23T22:42:26,1.0,601200,,,,,,DTSA-core,N=D,C1,2337,0,0,True
ta44,30,20,600,DTSA,2,2337,601800,600000,167,20.044,,,,,600,0.5,6,6,-5.0,5.0,5ee1241,2026-07-23T22:42:26,1.0,601200,,,,,,DTSA+LS,N=D,C1,2337,13,0,True
ta44,30,20,600,DTSA,3,2403,601800,600000,167,20.243,,,,,600,0.5,6,6,-5.0,5.0,5ee1241,2026-07-23T22:42:27,1.0,601200,,,,,,DTSA-core,N=D,C1,2403,0,0,True
ta44,30,20,600,DTSA,3,2403,601800,600000,167,20.243,,,,,600,0.5,6,6,-5.0,5.0,5ee1241,2026-07-23T22:42:27,1.0,601200,,,,,,DTSA+LS,N=D,C1,2403,18,0,True
ta44,30,20,600,DTSA,4,2392,601800,600000,167,20.107,,,,,600,0.5,6,6,-5.0,5.0,5ee1241,2026-07-23T22:42:26,1.0,601200,,,,,,DTSA-core,N=D,C1,2392,0,0,True
ta44,30,20,600,DTSA,4,2392,601800,600000,167,20.107,,,,,600,0.5,6,6,-5.0,5.0,5ee1241,2026-07-23T22:42:26,1.0,601200,,,,,,DTSA+LS,N=D,C1,2392,8,0,True
ta44,30,20,600,DTSA,5,2375,601800,600000,167,20.37,,,,,600,0.5,6,6,-5.0,5.0,5ee1241,2026-07-23T22:42:27,1.0,601200,,,,,,DTSA-core,N=D,C1,2375,0,0,True
ta44,30,20,600,DTSA,5,2375,601800,600000,167,20.37,,,,,600,0.5,6,6,-5.0,5.0,5ee1241,2026-07-23T22:42:27,1.0,601200,,,,,,DTSA+LS,N=D,C1,2375,7,0,True
ta44,30,20,600,DTSA,6,2451,601800,600000,167,19.809,,,,,600,0.5,6,6,-5.0,5.0,5ee1241,2026-07-23T22:42:26,1.0,601200,,,,,,DTSA-core,N=D,C1,2451,0,0,True
ta44,30,20,600,DTSA,6,2451,601800,600000,167,19.809,,,,,600,0.5,6,6,-5.0,5.0,5ee1241,2026-07-23T22:42:26,1.0,601200,,,,,,DTSA+LS,N=D,C1,2451,7,0,True
ta44,30,20,600,DTSA,7,2410,601800,600000,167,20.115,,,,,600,0.5,6,6,-5.0,5.0,5ee1241,2026-07-23T22:42:46,1.0,601200,,,,,,DTSA-core,N=D,C1,2410,0,0,True
ta44,30,20,600,DTSA,7,2410,601800,600000,167,20.115,,,,,600,0.5,6,6,-5.0,5.0,5ee1241,2026-07-23T22:42:46,1.0,601200,,,,,,DTSA+LS,N=D,C1,2410,8,0,True
ta44,30,20,600,DTSA,8,2367,601800,600000,167,19.593,,,,,600,0.5,6,6,-5.0,5.0,5ee1241,2026-07-23T22:42:46,1.0,601200,,,,,,DTSA-core,N=D,C1,2367,0,0,True
ta44,30,20,600,DTSA,8,2367,601800,600000,167,19.593,,,,,600,0.5,6,6,-5.0,5.0,5ee1241,2026-07-23T22:42:46,1.0,601200,,,,,,DTSA+LS,N=D,C1,2367,8,0,True
ta44,30,20,600,DTSA,9,2388,601800,600000,167,20.107,,,,,600,0.5,6,6,-5.0,5.0,5ee1241,2026-07-23T22:42:47,1.0,601200,,,,,,DTSA-core,N=D,C1,2388,0,0,True
ta44,30,20,600,DTSA,9,2388,601800,600000,167,20.107,,,,,600,0.5,6,6,-5.0,5.0,5ee1241,2026-07-23T22:42:47,1.0,601200,,,,,,DTSA+LS,N=D,C1,2388,6,0,True
ta44,30,20,600,DTSA,10,2438,601800,600000,167,19.767,,,,,600,0.5,6,6,-5.0,5.0,5ee1241,2026-07-23T22:42:46,1.0,601200,,,,,,DTSA-core,N=D,C1,2438,0,0,True
ta44,30,20,600,DTSA,10,2438,601800,600000,167,19.767,,,,,600,0.5,6,6,-5.0,5.0,5ee1241,2026-07-23T22:42:46,1.0,601200,,,,,,DTSA+LS,N=D,C1,2438,11,0,True
ta44,30,20,600,DTSA,11,2417,601800,600000,167,19.74,,,,,600,0.5,6,6,-5.0,5.0,5ee1241,2026-07-23T22:42:46,1.0,601200,,,,,,DTSA-core,N=D,C1,2417,0,0,True
ta44,30,20,600,DTSA,11,2417,601800,600000,167,19.74,,,,,600,0.5,6,6,-5.0,5.0,5ee1241,2026-07-23T22:42:46,1.0,601200,,,,,,DTSA+LS,N=D,C1,2417,10,0,True
ta44,30,20,600,DTSA,12,2432,601800,600000,167,19.78,,,,,600,0.5,6,6,-5.0,5.0,5ee1241,2026-07-23T22:42:47,1.0,601200,,,,,,DTSA-core,N=D,C1,2432,0,0,True
ta44,30,20,600,DTSA,12,2432,601800,600000,167,19.78,,,,,600,0.5,6,6,-5.0,5.0,5ee1241,2026-07-23T22:42:47,1.0,601200,,,,,,DTSA+LS,N=D,C1,2432,6,0,True
ta44,30,20,600,DTSA,13,2382,601800,600000,167,20.59,,,,,600,0.5,6,6,-5.0,5.0,5ee1241,2026-07-23T22:42:48,1.0,601200,,,,,,DTSA-core,N=D,C1,2382,0,0,True
ta44,30,20,600,DTSA,13,2367,601800,600000,167,20.59,,,,,600,0.5,6,6,-5.0,5.0,5ee1241,2026-07-23T22:42:48,1.0,601200,,,,,,DTSA+LS,N=D,C1,2382,12,2,True
ta44,30,20,600,DTSA,14,2332,601800,600000,167,19.82,,,,,600,0.5,6,6,-5.0,5.0,5ee1241,2026-07-23T22:43:06,1.0,601200,,,,,,DTSA-core,N=D,C1,2332,0,0,True
ta44,30,20,600,DTSA,14,2332,601800,600000,167,19.82,,,,,600,0.5,6,6,-5.0,5.0,5ee1241,2026-07-23T22:43:06,1.0,601200,,,,,,DTSA+LS,N=D,C1,2332,11,0,True
ta44,30,20,600,DTSA,15,2321,601800,600000,167,20.16,,,,,600,0.5,6,6,-5.0,5.0,5ee1241,2026-07-23T22:43:07,1.0,601200,,,,,,DTSA-core,N=D,C1,2321,0,0,True
ta44,30,20,600,DTSA,15,2321,601800,600000,167,20.16,,,,,600,0.5,6,6,-5.0,5.0,5ee1241,2026-07-23T22:43:07,1.0,601200,,,,,,DTSA+LS,N=D,C1,2321,10,0,True
ta44,30,20,600,DTSA,16,2452,601800,600000,167,19.551,,,,,600,0.5,6,6,-5.0,5.0,5ee1241,2026-07-23T22:43:06,1.0,601200,,,,,,DTSA-core,N=D,C1,2452,0,0,True
ta44,30,20,600,DTSA,16,2452,601800,600000,167,19.551,,,,,600,0.5,6,6,-5.0,5.0,5ee1241,2026-07-23T22:43:06,1.0,601200,,,,,,DTSA+LS,N=D,C1,2452,7,0,True
ta44,30,20,600,DTSA,17,2414,601800,600000,167,19.736,,,,,600,0.5,6,6,-5.0,5.0,5ee1241,2026-07-23T22:43:06,1.0,601200,,,,,,DTSA-core,N=D,C1,2414,0,0,True
ta44,30,20,600,DTSA,17,2414,601800,600000,167,19.736,,,,,600,0.5,6,6,-5.0,5.0,5ee1241,2026-07-23T22:43:06,1.0,601200,,,,,,DTSA+LS,N=D,C1,2414,11,0,True
ta44,30,20,600,DTSA,18,2346,601800,600000,167,19.992,,,,,600,0.5,6,6,-5.0,5.0,5ee1241,2026-07-23T22:43:07,1.0,601200,,,,,,DTSA-core,N=D,C1,2346,0,0,True
ta44,30,20,600,DTSA,18,2346,601800,600000,167,19.992,,,,,600,0.5,6,6,-5.0,5.0,5ee1241,2026-07-23T22:43:07,1.0,601200,,,,,,DTSA+LS,N=D,C1,2346,8,0,True
ta44,30,20,600,DTSA,19,2418,601800,600000,167,19.721,,,,,600,0.5,6,6,-5.0,5.0,5ee1241,2026-07-23T22:43:06,1.0,601200,,,,,,DTSA-core,N=D,C1,2418,0,0,True
ta44,30,20,600,DTSA,19,2418,601800,600000,167,19.721,,,,,600,0.5,6,6,-5.0,5.0,5ee1241,2026-07-23T22:43:06,1.0,601200,,,,,,DTSA+LS,N=D,C1,2418,12,0,True
ta45,30,20,600,DTSA,0,2310,601800,600000,167,20.816,,,,,600,0.5,6,6,-5.0,5.0,5ee1241,2026-07-23T22:43:27,1.0,601200,,,,,,DTSA-core,N=D,C1,2310,0,0,True
ta45,30,20,600,DTSA,0,2310,601800,600000,167,20.816,,,,,600,0.5,6,6,-5.0,5.0,5ee1241,2026-07-23T22:43:27,1.0,601200,,,,,,DTSA+LS,N=D,C1,2310,14,0,True
ta45,30,20,600,DTSA,1,2398,601800,600000,167,20.019,,,,,600,0.5,6,6,-5.0,5.0,5ee1241,2026-07-23T22:43:27,1.0,601200,,,,,,DTSA-core,N=D,C1,2398,0,0,True
ta45,30,20,600,DTSA,1,2398,601800,600000,167,20.019,,,,,600,0.5,6,6,-5.0,5.0,5ee1241,2026-07-23T22:43:27,1.0,601200,,,,,,DTSA+LS,N=D,C1,2398,11,0,True
ta45,30,20,600,DTSA,2,2456,601800,600000,167,19.557,,,,,600,0.5,6,6,-5.0,5.0,5ee1241,2026-07-23T22:43:26,1.0,601200,,,,,,DTSA-core,N=D,C1,2456,0,0,True
ta45,30,20,600,DTSA,2,2456,601800,600000,167,19.557,,,,,600,0.5,6,6,-5.0,5.0,5ee1241,2026-07-23T22:43:26,1.0,601200,,,,,,DTSA+LS,N=D,C1,2456,8,0,True
ta45,30,20,600,DTSA,3,2361,601800,600000,167,19.804,,,,,600,0.5,6,6,-5.0,5.0,5ee1241,2026-07-23T22:43:26,1.0,601200,,,,,,DTSA-core,N=D,C1,2361,0,0,True
ta45,30,20,600,DTSA,3,2361,601800,600000,167,19.804,,,,,600,0.5,6,6,-5.0,5.0,5ee1241,2026-07-23T22:43:26,1.0,601200,,,,,,DTSA+LS,N=D,C1,2361,14,0,True
ta45,30,20,600,DTSA,4,2360,601800,600000,167,19.74,,,,,600,0.5,6,6,-5.0,5.0,5ee1241,2026-07-23T22:43:26,1.0,601200,,,,,,DTSA-core,N=D,C1,2360,0,0,True
ta45,30,20,600,DTSA,4,2360,601800,600000,167,19.74,,,,,600,0.5,6,6,-5.0,5.0,5ee1241,2026-07-23T22:43:26,1.0,601200,,,,,,DTSA+LS,N=D,C1,2360,11,0,True
ta45,30,20,600,DTSA,5,2449,601800,600000,167,20.215,,,,,600,0.5,6,6,-5.0,5.0,5ee1241,2026-07-23T22:43:27,1.0,601200,,,,,,DTSA-core,N=D,C1,2449,0,0,True
ta45,30,20,600,DTSA,5,2449,601800,600000,167,20.215,,,,,600,0.5,6,6,-5.0,5.0,5ee1241,2026-07-23T22:43:27,1.0,601200,,,,,,DTSA+LS,N=D,C1,2449,6,0,True
ta45,30,20,600,DTSA,6,2359,601800,600000,167,20.04,,,,,600,0.5,6,6,-5.0,5.0,5ee1241,2026-07-23T22:43:27,1.0,601200,,,,,,DTSA-core,N=D,C1,2359,0,0,True
ta45,30,20,600,DTSA,6,2359,601800,600000,167,20.04,,,,,600,0.5,6,6,-5.0,5.0,5ee1241,2026-07-23T22:43:27,1.0,601200,,,,,,DTSA+LS,N=D,C1,2359,11,0,True
ta45,30,20,600,DTSA,7,2361,601800,600000,167,19.756,,,,,600,0.5,6,6,-5.0,5.0,5ee1241,2026-07-23T22:43:46,1.0,601200,,,,,,DTSA-core,N=D,C1,2361,0,0,True
ta45,30,20,600,DTSA,7,2361,601800,600000,167,19.756,,,,,600,0.5,6,6,-5.0,5.0,5ee1241,2026-07-23T22:43:46,1.0,601200,,,,,,DTSA+LS,N=D,C1,2361,8,0,True
ta45,30,20,600,DTSA,8,2406,601800,600000,167,19.697,,,,,600,0.5,6,6,-5.0,5.0,5ee1241,2026-07-23T22:43:46,1.0,601200,,,,,,DTSA-core,N=D,C1,2406,0,0,True
ta45,30,20,600,DTSA,8,2406,601800,600000,167,19.697,,,,,600,0.5,6,6,-5.0,5.0,5ee1241,2026-07-23T22:43:46,1.0,601200,,,,,,DTSA+LS,N=D,C1,2406,8,0,True
ta45,30,20,600,DTSA,9,2378,601800,600000,167,19.962,,,,,600,0.5,6,6,-5.0,5.0,5ee1241,2026-07-23T22:43:46,1.0,601200,,,,,,DTSA-core,N=D,C1,2378,0,0,True
ta45,30,20,600,DTSA,9,2378,601800,600000,167,19.962,,,,,600,0.5,6,6,-5.0,5.0,5ee1241,2026-07-23T22:43:46,1.0,601200,,,,,,DTSA+LS,N=D,C1,2378,7,0,True
ta45,30,20,600,DTSA,10,2375,601800,600000,167,19.704,,,,,600,0.5,6,6,-5.0,5.0,5ee1241,2026-07-23T22:43:46,1.0,601200,,,,,,DTSA-core,N=D,C1,2375,0,0,True
ta45,30,20,600,DTSA,10,2375,601800,600000,167,19.704,,,,,600,0.5,6,6,-5.0,5.0,5ee1241,2026-07-23T22:43:46,1.0,601200,,,,,,DTSA+LS,N=D,C1,2375,14,0,True
ta45,30,20,600,DTSA,11,2402,601800,600000,167,19.955,,,,,600,0.5,6,6,-5.0,5.0,5ee1241,2026-07-23T22:43:47,1.0,601200,,,,,,DTSA-core,N=D,C1,2402,0,0,True
ta45,30,20,600,DTSA,11,2402,601800,600000,167,19.955,,,,,600,0.5,6,6,-5.0,5.0,5ee1241,2026-07-23T22:43:47,1.0,601200,,,,,,DTSA+LS,N=D,C1,2402,9,0,True
ta45,30,20,600,DTSA,12,2449,601800,600000,167,19.904,,,,,600,0.5,6,6,-5.0,5.0,5ee1241,2026-07-23T22:43:47,1.0,601200,,,,,,DTSA-core,N=D,C1,2449,0,0,True
ta45,30,20,600,DTSA,12,2449,601800,600000,167,19.904,,,,,600,0.5,6,6,-5.0,5.0,5ee1241,2026-07-23T22:43:47,1.0,601200,,,,,,DTSA+LS,N=D,C1,2449,7,0,True
ta45,30,20,600,DTSA,13,2422,601800,600000,167,20.582,,,,,600,0.5,6,6,-5.0,5.0,5ee1241,2026-07-23T22:43:48,1.0,601200,,,,,,DTSA-core,N=D,C1,2422,0,0,True
ta45,30,20,600,DTSA,13,2422,601800,600000,167,20.582,,,,,600,0.5,6,6,-5.0,5.0,5ee1241,2026-07-23T22:43:48,1.0,601200,,,,,,DTSA+LS,N=D,C1,2422,12,0,True
ta45,30,20,600,DTSA,14,2335,601800,600000,167,19.51,,,,,600,0.5,6,6,-5.0,5.0,5ee1241,2026-07-23T22:44:06,1.0,601200,,,,,,DTSA-core,N=D,C1,2335,0,0,True
ta45,30,20,600,DTSA,14,2335,601800,600000,167,19.51,,,,,600,0.5,6,6,-5.0,5.0,5ee1241,2026-07-23T22:44:06,1.0,601200,,,,,,DTSA+LS,N=D,C1,2335,7,0,True
ta45,30,20,600,DTSA,15,2343,601800,600000,167,19.584,,,,,600,0.5,6,6,-5.0,5.0,5ee1241,2026-07-23T22:44:06,1.0,601200,,,,,,DTSA-core,N=D,C1,2343,0,0,True
ta45,30,20,600,DTSA,15,2343,601800,600000,167,19.584,,,,,600,0.5,6,6,-5.0,5.0,5ee1241,2026-07-23T22:44:06,1.0,601200,,,,,,DTSA+LS,N=D,C1,2343,11,0,True
ta45,30,20,600,DTSA,16,2352,601800,600000,167,19.64,,,,,600,0.5,6,6,-5.0,5.0,5ee1241,2026-07-23T22:44:06,1.0,601200,,,,,,DTSA-core,N=D,C1,2352,0,0,True
ta45,30,20,600,DTSA,16,2352,601800,600000,167,19.64,,,,,600,0.5,6,6,-5.0,5.0,5ee1241,2026-07-23T22:44:06,1.0,601200,,,,,,DTSA+LS,N=D,C1,2352,9,0,True
ta45,30,20,600,DTSA,17,2434,601800,600000,167,19.196,,,,,600,0.5,6,6,-5.0,5.0,5ee1241,2026-07-23T22:44:06,1.0,601200,,,,,,DTSA-core,N=D,C1,2434,0,0,True
ta45,30,20,600,DTSA,17,2434,601800,600000,167,19.196,,,,,600,0.5,6,6,-5.0,5.0,5ee1241,2026-07-23T22:44:06,1.0,601200,,,,,,DTSA+LS,N=D,C1,2434,9,0,True
ta45,30,20,600,DTSA,18,2383,601800,600000,167,19.733,,,,,600,0.5,6,6,-5.0,5.0,5ee1241,2026-07-23T22:44:06,1.0,601200,,,,,,DTSA-core,N=D,C1,2383,0,0,True
ta45,30,20,600,DTSA,18,2383,601800,600000,167,19.733,,,,,600,0.5,6,6,-5.0,5.0,5ee1241,2026-07-23T22:44:06,1.0,601200,,,,,,DTSA+LS,N=D,C1,2383,17,0,True
ta45,30,20,600,DTSA,19,2414,601800,600000,167,19.43,,,,,600,0.5,6,6,-5.0,5.0,5ee1241,2026-07-23T22:44:06,1.0,601200,,,,,,DTSA-core,N=D,C1,2414,0,0,True
ta45,30,20,600,DTSA,19,2414,601800,600000,167,19.43,,,,,600,0.5,6,6,-5.0,5.0,5ee1241,2026-07-23T22:44:06,1.0,601200,,,,,,DTSA+LS,N=D,C1,2414,5,0,True
ta51,50,15,750,DTSA,0,3219,752250,750000,167,36.193,,,,,750,0.5,6,6,-5.0,5.0,5ee1241,2026-07-23T22:44:43,1.0,751500,,,,,,DTSA-core,N=D,C1,3219,0,0,True
ta51,50,15,750,DTSA,0,3219,752250,750000,167,36.193,,,,,750,0.5,6,6,-5.0,5.0,5ee1241,2026-07-23T22:44:43,1.0,751500,,,,,,DTSA+LS,N=D,C1,3219,15,0,True
ta51,50,15,750,DTSA,1,3240,752250,750000,167,32.948,,,,,750,0.5,6,6,-5.0,5.0,5ee1241,2026-07-23T22:44:39,1.0,751500,,,,,,DTSA-core,N=D,C1,3240,0,0,True
ta51,50,15,750,DTSA,1,3240,752250,750000,167,32.948,,,,,750,0.5,6,6,-5.0,5.0,5ee1241,2026-07-23T22:44:39,1.0,751500,,,,,,DTSA+LS,N=D,C1,3240,12,0,True
ta51,50,15,750,DTSA,2,3234,752250,750000,167,33.262,,,,,750,0.5,6,6,-5.0,5.0,5ee1241,2026-07-23T22:44:40,1.0,751500,,,,,,DTSA-core,N=D,C1,3234,0,0,True
ta51,50,15,750,DTSA,2,3219,752250,750000,167,33.262,,,,,750,0.5,6,6,-5.0,5.0,5ee1241,2026-07-23T22:44:40,1.0,751500,,,,,,DTSA+LS,N=D,C1,3234,22,6,True
ta51,50,15,750,DTSA,3,3234,752250,750000,167,32.822,,,,,750,0.5,6,6,-5.0,5.0,5ee1241,2026-07-23T22:44:39,1.0,751500,,,,,,DTSA-core,N=D,C1,3234,0,0,True
ta51,50,15,750,DTSA,3,3234,752250,750000,167,32.822,,,,,750,0.5,6,6,-5.0,5.0,5ee1241,2026-07-23T22:44:39,1.0,751500,,,,,,DTSA+LS,N=D,C1,3234,8,0,True
ta51,50,15,750,DTSA,4,3298,752250,750000,167,32.866,,,,,750,0.5,6,6,-5.0,5.0,5ee1241,2026-07-23T22:44:39,1.0,751500,,,,,,DTSA-core,N=D,C1,3298,0,0,True
ta51,50,15,750,DTSA,4,3298,752250,750000,167,32.866,,,,,750,0.5,6,6,-5.0,5.0,5ee1241,2026-07-23T22:44:39,1.0,751500,,,,,,DTSA+LS,N=D,C1,3298,11,0,True
ta51,50,15,750,DTSA,5,3251,752250,750000,167,33.228,,,,,750,0.5,6,6,-5.0,5.0,5ee1241,2026-07-23T22:44:40,1.0,751500,,,,,,DTSA-core,N=D,C1,3251,0,0,True
ta51,50,15,750,DTSA,5,3251,752250,750000,167,33.228,,,,,750,0.5,6,6,-5.0,5.0,5ee1241,2026-07-23T22:44:40,1.0,751500,,,,,,DTSA+LS,N=D,C1,3251,5,0,True
ta51,50,15,750,DTSA,6,3294,752250,750000,167,32.632,,,,,750,0.5,6,6,-5.0,5.0,5ee1241,2026-07-23T22:44:39,1.0,751500,,,,,,DTSA-core,N=D,C1,3294,0,0,True
ta51,50,15,750,DTSA,6,3294,752250,750000,167,32.632,,,,,750,0.5,6,6,-5.0,5.0,5ee1241,2026-07-23T22:44:39,1.0,751500,,,,,,DTSA+LS,N=D,C1,3294,10,0,True
ta51,50,15,750,DTSA,7,3332,752250,750000,167,32.947,,,,,750,0.5,6,6,-5.0,5.0,5ee1241,2026-07-23T22:45:12,1.0,751500,,,,,,DTSA-core,N=D,C1,3332,0,0,True
ta51,50,15,750,DTSA,7,3332,752250,750000,167,32.947,,,,,750,0.5,6,6,-5.0,5.0,5ee1241,2026-07-23T22:45:12,1.0,751500,,,,,,DTSA+LS,N=D,C1,3332,7,0,True
ta51,50,15,750,DTSA,8,3281,752250,750000,167,37.024,,,,,750,0.5,6,6,-5.0,5.0,5ee1241,2026-07-23T22:45:16,1.0,751500,,,,,,DTSA-core,N=D,C1,3281,0,0,True
ta51,50,15,750,DTSA,8,3281,752250,750000,167,37.024,,,,,750,0.5,6,6,-5.0,5.0,5ee1241,2026-07-23T22:45:16,1.0,751500,,,,,,DTSA+LS,N=D,C1,3281,12,0,True
ta51,50,15,750,DTSA,9,3298,752250,750000,167,36.991,,,,,750,0.5,6,6,-5.0,5.0,5ee1241,2026-07-23T22:45:16,1.0,751500,,,,,,DTSA-core,N=D,C1,3298,0,0,True
ta51,50,15,750,DTSA,9,3298,752250,750000,167,36.991,,,,,750,0.5,6,6,-5.0,5.0,5ee1241,2026-07-23T22:45:16,1.0,751500,,,,,,DTSA+LS,N=D,C1,3298,7,0,True
ta51,50,15,750,DTSA,10,3342,752250,750000,167,32.597,,,,,750,0.5,6,6,-5.0,5.0,5ee1241,2026-07-23T22:45:12,1.0,751500,,,,,,DTSA-core,N=D,C1,3342,0,0,True
ta51,50,15,750,DTSA,10,3342,752250,750000,167,32.597,,,,,750,0.5,6,6,-5.0,5.0,5ee1241,2026-07-23T22:45:12,1.0,751500,,,,,,DTSA+LS,N=D,C1,3342,6,0,True
ta51,50,15,750,DTSA,11,3253,752250,750000,167,33.212,,,,,750,0.5,6,6,-5.0,5.0,5ee1241,2026-07-23T22:45:13,1.0,751500,,,,,,DTSA-core,N=D,C1,3253,0,0,True
ta51,50,15,750,DTSA,11,3253,752250,750000,167,33.212,,,,,750,0.5,6,6,-5.0,5.0,5ee1241,2026-07-23T22:45:13,1.0,751500,,,,,,DTSA+LS,N=D,C1,3253,6,0,True
ta51,50,15,750,DTSA,12,3318,752250,750000,167,36.51,,,,,750,0.5,6,6,-5.0,5.0,5ee1241,2026-07-23T22:45:16,1.0,751500,,,,,,DTSA-core,N=D,C1,3318,0,0,True
ta51,50,15,750,DTSA,12,3312,752250,750000,167,36.51,,,,,750,0.5,6,6,-5.0,5.0,5ee1241,2026-07-23T22:45:16,1.0,751500,,,,,,DTSA+LS,N=D,C1,3318,8,1,True
ta51,50,15,750,DTSA,13,3271,752250,750000,167,33.076,,,,,750,0.5,6,6,-5.0,5.0,5ee1241,2026-07-23T22:45:16,1.0,751500,,,,,,DTSA-core,N=D,C1,3271,0,0,True
ta51,50,15,750,DTSA,13,3222,752250,750000,167,33.076,,,,,750,0.5,6,6,-5.0,5.0,5ee1241,2026-07-23T22:45:16,1.0,751500,,,,,,DTSA+LS,N=D,C1,3271,63,20,True
ta51,50,15,750,DTSA,14,3274,752250,750000,167,32.12,,,,,750,0.5,6,6,-5.0,5.0,5ee1241,2026-07-23T22:45:44,1.0,751500,,,,,,DTSA-core,N=D,C1,3274,0,0,True
ta51,50,15,750,DTSA,14,3274,752250,750000,167,32.12,,,,,750,0.5,6,6,-5.0,5.0,5ee1241,2026-07-23T22:45:44,1.0,751500,,,,,,DTSA+LS,N=D,C1,3274,12,0,True
ta51,50,15,750,DTSA,15,3341,752250,750000,167,32.328,,,,,750,0.5,6,6,-5.0,5.0,5ee1241,2026-07-23T22:45:44,1.0,751500,,,,,,DTSA-core,N=D,C1,3341,0,0,True
ta51,50,15,750,DTSA,15,3341,752250,750000,167,32.328,,,,,750,0.5,6,6,-5.0,5.0,5ee1241,2026-07-23T22:45:44,1.0,751500,,,,,,DTSA+LS,N=D,C1,3341,7,0,True
ta51,50,15,750,DTSA,16,3301,752250,750000,167,35.749,,,,,750,0.5,6,6,-5.0,5.0,5ee1241,2026-07-23T22:45:49,1.0,751500,,,,,,DTSA-core,N=D,C1,3301,0,0,True
ta51,50,15,750,DTSA,16,3301,752250,750000,167,35.749,,,,,750,0.5,6,6,-5.0,5.0,5ee1241,2026-07-23T22:45:49,1.0,751500,,,,,,DTSA+LS,N=D,C1,3301,6,0,True
ta51,50,15,750,DTSA,17,3370,752250,750000,167,31.872,,,,,750,0.5,6,6,-5.0,5.0,5ee1241,2026-07-23T22:45:48,1.0,751500,,,,,,DTSA-core,N=D,C1,3370,0,0,True
ta51,50,15,750,DTSA,17,3370,752250,750000,167,31.872,,,,,750,0.5,6,6,-5.0,5.0,5ee1241,2026-07-23T22:45:48,1.0,751500,,,,,,DTSA+LS,N=D,C1,3370,6,0,True
ta51,50,15,750,DTSA,18,3254,752250,750000,167,32.204,,,,,750,0.5,6,6,-5.0,5.0,5ee1241,2026-07-23T22:45:49,1.0,751500,,,,,,DTSA-core,N=D,C1,3254,0,0,True
ta51,50,15,750,DTSA,18,3254,752250,750000,167,32.204,,,,,750,0.5,6,6,-5.0,5.0,5ee1241,2026-07-23T22:45:49,1.0,751500,,,,,,DTSA+LS,N=D,C1,3254,8,0,True
ta51,50,15,750,DTSA,19,3345,752250,750000,167,31.77,,,,,750,0.5,6,6,-5.0,5.0,5ee1241,2026-07-23T22:45:48,1.0,751500,,,,,,DTSA-core,N=D,C1,3345,0,0,True
ta51,50,15,750,DTSA,19,3345,752250,750000,167,31.77,,,,,750,0.5,6,6,-5.0,5.0,5ee1241,2026-07-23T22:45:48,1.0,751500,,,,,,DTSA+LS,N=D,C1,3345,6,0,True
ta52,50,15,750,DTSA,0,3184,752250,750000,167,33.783,,,,,750,0.5,6,6,-5.0,5.0,5ee1241,2026-07-23T22:46:23,1.0,751500,,,,,,DTSA-core,N=D,C1,3184,0,0,True
ta52,50,15,750,DTSA,0,3182,752250,750000,167,33.783,,,,,750,0.5,6,6,-5.0,5.0,5ee1241,2026-07-23T22:46:23,1.0,751500,,,,,,DTSA+LS,N=D,C1,3184,10,1,True
ta52,50,15,750,DTSA,1,3201,752250,750000,167,33.644,,,,,750,0.5,6,6,-5.0,5.0,5ee1241,2026-07-23T22:46:22,1.0,751500,,,,,,DTSA-core,N=D,C1,3201,0,0,True
ta52,50,15,750,DTSA,1,3201,752250,750000,167,33.644,,,,,750,0.5,6,6,-5.0,5.0,5ee1241,2026-07-23T22:46:22,1.0,751500,,,,,,DTSA+LS,N=D,C1,3201,6,0,True
ta52,50,15,750,DTSA,2,3212,752250,750000,167,33.357,,,,,750,0.5,6,6,-5.0,5.0,5ee1241,2026-07-23T22:46:22,1.0,751500,,,,,,DTSA-core,N=D,C1,3212,0,0,True
ta52,50,15,750,DTSA,2,3212,752250,750000,167,33.357,,,,,750,0.5,6,6,-5.0,5.0,5ee1241,2026-07-23T22:46:22,1.0,751500,,,,,,DTSA+LS,N=D,C1,3212,8,0,True
ta52,50,15,750,DTSA,3,3345,752250,750000,167,33.124,,,,,750,0.5,6,6,-5.0,5.0,5ee1241,2026-07-23T22:46:22,1.0,751500,,,,,,DTSA-core,N=D,C1,3345,0,0,True
ta52,50,15,750,DTSA,3,3345,752250,750000,167,33.124,,,,,750,0.5,6,6,-5.0,5.0,5ee1241,2026-07-23T22:46:22,1.0,751500,,,,,,DTSA+LS,N=D,C1,3345,11,0,True
ta52,50,15,750,DTSA,4,3236,752250,750000,167,32.806,,,,,750,0.5,6,6,-5.0,5.0,5ee1241,2026-07-23T22:46:22,1.0,751500,,,,,,DTSA-core,N=D,C1,3236,0,0,True
ta52,50,15,750,DTSA,4,3236,752250,750000,167,32.806,,,,,750,0.5,6,6,-5.0,5.0,5ee1241,2026-07-23T22:46:22,1.0,751500,,,,,,DTSA+LS,N=D,C1,3236,4,0,True
ta52,50,15,750,DTSA,5,3154,752250,750000,167,33.513,,,,,750,0.5,6,6,-5.0,5.0,5ee1241,2026-07-23T22:46:22,1.0,751500,,,,,,DTSA-core,N=D,C1,3154,0,0,True
ta52,50,15,750,DTSA,5,3148,752250,750000,167,33.513,,,,,750,0.5,6,6,-5.0,5.0,5ee1241,2026-07-23T22:46:22,1.0,751500,,,,,,DTSA+LS,N=D,C1,3154,10,2,True
ta52,50,15,750,DTSA,6,3269,752250,750000,167,33.495,,,,,750,0.5,6,6,-5.0,5.0,5ee1241,2026-07-23T22:46:22,1.0,751500,,,,,,DTSA-core,N=D,C1,3269,0,0,True
ta52,50,15,750,DTSA,6,3269,752250,750000,167,33.495,,,,,750,0.5,6,6,-5.0,5.0,5ee1241,2026-07-23T22:46:22,1.0,751500,,,,,,DTSA+LS,N=D,C1,3269,13,0,True
ta52,50,15,750,DTSA,7,3211,752250,750000,167,33.627,,,,,750,0.5,6,6,-5.0,5.0,5ee1241,2026-07-23T22:46:55,1.0,751500,,,,,,DTSA-core,N=D,C1,3211,0,0,True
ta52,50,15,750,DTSA,7,3211,752250,750000,167,33.627,,,,,750,0.5,6,6,-5.0,5.0,5ee1241,2026-07-23T22:46:55,1.0,751500,,,,,,DTSA+LS,N=D,C1,3211,6,0,True
ta52,50,15,750,DTSA,8,3279,752250,750000,167,33.154,,,,,750,0.5,6,6,-5.0,5.0,5ee1241,2026-07-23T22:46:55,1.0,751500,,,,,,DTSA-core,N=D,C1,3279,0,0,True
ta52,50,15,750,DTSA,8,3279,752250,750000,167,33.154,,,,,750,0.5,6,6,-5.0,5.0,5ee1241,2026-07-23T22:46:55,1.0,751500,,,,,,DTSA+LS,N=D,C1,3279,7,0,True
ta52,50,15,750,DTSA,9,3243,752250,750000,167,33.773,,,,,750,0.5,6,6,-5.0,5.0,5ee1241,2026-07-23T22:46:56,1.0,751500,,,,,,DTSA-core,N=D,C1,3243,0,0,True
ta52,50,15,750,DTSA,9,3243,752250,750000,167,33.773,,,,,750,0.5,6,6,-5.0,5.0,5ee1241,2026-07-23T22:46:56,1.0,751500,,,,,,DTSA+LS,N=D,C1,3243,6,0,True
ta52,50,15,750,DTSA,10,3269,752250,750000,167,33.92,,,,,750,0.5,6,6,-5.0,5.0,5ee1241,2026-07-23T22:46:56,1.0,751500,,,,,,DTSA-core,N=D,C1,3269,0,0,True
ta52,50,15,750,DTSA,10,3269,752250,750000,167,33.92,,,,,750,0.5,6,6,-5.0,5.0,5ee1241,2026-07-23T22:46:56,1.0,751500,,,,,,DTSA+LS,N=D,C1,3269,4,0,True
ta52,50,15,750,DTSA,11,3241,752250,750000,167,36.854,,,,,750,0.5,6,6,-5.0,5.0,5ee1241,2026-07-23T22:46:59,1.0,751500,,,,,,DTSA-core,N=D,C1,3241,0,0,True
ta52,50,15,750,DTSA,11,3208,752250,750000,167,36.854,,,,,750,0.5,6,6,-5.0,5.0,5ee1241,2026-07-23T22:46:59,1.0,751500,,,,,,DTSA+LS,N=D,C1,3241,56,15,True
ta52,50,15,750,DTSA,12,3202,752250,750000,167,33.209,,,,,750,0.5,6,6,-5.0,5.0,5ee1241,2026-07-23T22:46:56,1.0,751500,,,,,,DTSA-core,N=D,C1,3202,0,0,True
ta52,50,15,750,DTSA,12,3202,752250,750000,167,33.209,,,,,750,0.5,6,6,-5.0,5.0,5ee1241,2026-07-23T22:46:56,1.0,751500,,,,,,DTSA+LS,N=D,C1,3202,7,0,True
ta52,50,15,750,DTSA,13,3231,752250,750000,167,33.571,,,,,750,0.5,6,6,-5.0,5.0,5ee1241,2026-07-23T22:46:56,1.0,751500,,,,,,DTSA-core,N=D,C1,3231,0,0,True
ta52,50,15,750,DTSA,13,3231,752250,750000,167,33.571,,,,,750,0.5,6,6,-5.0,5.0,5ee1241,2026-07-23T22:46:56,1.0,751500,,,,,,DTSA+LS,N=D,C1,3231,4,0,True
ta52,50,15,750,DTSA,14,3265,752250,750000,167,32.983,,,,,750,0.5,6,6,-5.0,5.0,5ee1241,2026-07-23T22:47:28,1.0,751500,,,,,,DTSA-core,N=D,C1,3265,0,0,True
ta52,50,15,750,DTSA,14,3265,752250,750000,167,32.983,,,,,750,0.5,6,6,-5.0,5.0,5ee1241,2026-07-23T22:47:28,1.0,751500,,,,,,DTSA+LS,N=D,C1,3265,8,0,True
ta52,50,15,750,DTSA,15,3197,752250,750000,167,32.73,,,,,750,0.5,6,6,-5.0,5.0,5ee1241,2026-07-23T22:47:28,1.0,751500,,,,,,DTSA-core,N=D,C1,3197,0,0,True
ta52,50,15,750,DTSA,15,3197,752250,750000,167,32.73,,,,,750,0.5,6,6,-5.0,5.0,5ee1241,2026-07-23T22:47:28,1.0,751500,,,,,,DTSA+LS,N=D,C1,3197,4,0,True
ta52,50,15,750,DTSA,16,3249,752250,750000,167,32.757,,,,,750,0.5,6,6,-5.0,5.0,5ee1241,2026-07-23T22:47:28,1.0,751500,,,,,,DTSA-core,N=D,C1,3249,0,0,True
ta52,50,15,750,DTSA,16,3249,752250,750000,167,32.757,,,,,750,0.5,6,6,-5.0,5.0,5ee1241,2026-07-23T22:47:28,1.0,751500,,,,,,DTSA+LS,N=D,C1,3249,4,0,True
ta52,50,15,750,DTSA,17,3311,752250,750000,167,32.691,,,,,750,0.5,6,6,-5.0,5.0,5ee1241,2026-07-23T22:47:29,1.0,751500,,,,,,DTSA-core,N=D,C1,3311,0,0,True
ta52,50,15,750,DTSA,17,3311,752250,750000,167,32.691,,,,,750,0.5,6,6,-5.0,5.0,5ee1241,2026-07-23T22:47:29,1.0,751500,,,,,,DTSA+LS,N=D,C1,3311,6,0,True
ta52,50,15,750,DTSA,18,3272,752250,750000,167,35.93,,,,,750,0.5,6,6,-5.0,5.0,5ee1241,2026-07-23T22:47:32,1.0,751500,,,,,,DTSA-core,N=D,C1,3272,0,0,True
ta52,50,15,750,DTSA,18,3272,752250,750000,167,35.93,,,,,750,0.5,6,6,-5.0,5.0,5ee1241,2026-07-23T22:47:32,1.0,751500,,,,,,DTSA+LS,N=D,C1,3272,6,0,True
ta52,50,15,750,DTSA,19,3240,752250,750000,167,33.035,,,,,750,0.5,6,6,-5.0,5.0,5ee1241,2026-07-23T22:47:29,1.0,751500,,,,,,DTSA-core,N=D,C1,3240,0,0,True
ta52,50,15,750,DTSA,19,3240,752250,750000,167,33.035,,,,,750,0.5,6,6,-5.0,5.0,5ee1241,2026-07-23T22:47:29,1.0,751500,,,,,,DTSA+LS,N=D,C1,3240,4,0,True
ta53,50,15,750,DTSA,0,2970,752250,750000,167,32.977,,,,,750,0.5,6,6,-5.0,5.0,5ee1241,2026-07-23T22:48:05,1.0,751500,,,,,,DTSA-core,N=D,C1,2970,0,0,True
ta53,50,15,750,DTSA,0,2970,752250,750000,167,32.977,,,,,750,0.5,6,6,-5.0,5.0,5ee1241,2026-07-23T22:48:05,1.0,751500,,,,,,DTSA+LS,N=D,C1,2970,9,0,True
ta53,50,15,750,DTSA,1,3022,752250,750000,167,32.58,,,,,750,0.5,6,6,-5.0,5.0,5ee1241,2026-07-23T22:48:05,1.0,751500,,,,,,DTSA-core,N=D,C1,3022,0,0,True
ta53,50,15,750,DTSA,1,3022,752250,750000,167,32.58,,,,,750,0.5,6,6,-5.0,5.0,5ee1241,2026-07-23T22:48:05,1.0,751500,,,,,,DTSA+LS,N=D,C1,3022,4,0,True
ta53,50,15,750,DTSA,2,3084,752250,750000,167,32.859,,,,,750,0.5,6,6,-5.0,5.0,5ee1241,2026-07-23T22:48:05,1.0,751500,,,,,,DTSA-core,N=D,C1,3084,0,0,True
ta53,50,15,750,DTSA,2,3084,752250,750000,167,32.859,,,,,750,0.5,6,6,-5.0,5.0,5ee1241,2026-07-23T22:48:05,1.0,751500,,,,,,DTSA+LS,N=D,C1,3084,9,0,True
ta53,50,15,750,DTSA,3,2967,752250,750000,167,32.879,,,,,750,0.5,6,6,-5.0,5.0,5ee1241,2026-07-23T22:48:05,1.0,751500,,,,,,DTSA-core,N=D,C1,2967,0,0,True
ta53,50,15,750,DTSA,3,2966,752250,750000,167,32.879,,,,,750,0.5,6,6,-5.0,5.0,5ee1241,2026-07-23T22:48:05,1.0,751500,,,,,,DTSA+LS,N=D,C1,2967,20,1,True
ta53,50,15,750,DTSA,4,2939,752250,750000,167,33.035,,,,,750,0.5,6,6,-5.0,5.0,5ee1241,2026-07-23T22:48:05,1.0,751500,,,,,,DTSA-core,N=D,C1,2939,0,0,True
ta53,50,15,750,DTSA,4,2939,752250,750000,167,33.035,,,,,750,0.5,6,6,-5.0,5.0,5ee1241,2026-07-23T22:48:05,1.0,751500,,,,,,DTSA+LS,N=D,C1,2939,6,0,True
ta53,50,15,750,DTSA,5,2958,752250,750000,167,33.412,,,,,750,0.5,6,6,-5.0,5.0,5ee1241,2026-07-23T22:48:06,1.0,751500,,,,,,DTSA-core,N=D,C1,2958,0,0,True
ta53,50,15,750,DTSA,5,2958,752250,750000,167,33.412,,,,,750,0.5,6,6,-5.0,5.0,5ee1241,2026-07-23T22:48:06,1.0,751500,,,,,,DTSA+LS,N=D,C1,2958,6,0,True
ta53,50,15,750,DTSA,6,2970,752250,750000,167,32.897,,,,,750,0.5,6,6,-5.0,5.0,5ee1241,2026-07-23T22:48:05,1.0,751500,,,,,,DTSA-core,N=D,C1,2970,0,0,True
ta53,50,15,750,DTSA,6,2962,752250,750000,167,32.897,,,,,750,0.5,6,6,-5.0,5.0,5ee1241,2026-07-23T22:48:05,1.0,751500,,,,,,DTSA+LS,N=D,C1,2970,27,3,True
ta53,50,15,750,DTSA,7,2933,752250,750000,167,32.779,,,,,750,0.5,6,6,-5.0,5.0,5ee1241,2026-07-23T22:48:38,1.0,751500,,,,,,DTSA-core,N=D,C1,2933,0,0,True
ta53,50,15,750,DTSA,7,2929,752250,750000,167,32.779,,,,,750,0.5,6,6,-5.0,5.0,5ee1241,2026-07-23T22:48:38,1.0,751500,,,,,,DTSA+LS,N=D,C1,2933,8,1,True
ta53,50,15,750,DTSA,8,2968,752250,750000,167,32.672,,,,,750,0.5,6,6,-5.0,5.0,5ee1241,2026-07-23T22:48:38,1.0,751500,,,,,,DTSA-core,N=D,C1,2968,0,0,True
ta53,50,15,750,DTSA,8,2968,752250,750000,167,32.672,,,,,750,0.5,6,6,-5.0,5.0,5ee1241,2026-07-23T22:48:38,1.0,751500,,,,,,DTSA+LS,N=D,C1,2968,10,0,True
ta53,50,15,750,DTSA,9,2969,752250,750000,167,32.435,,,,,750,0.5,6,6,-5.0,5.0,5ee1241,2026-07-23T22:48:38,1.0,751500,,,,,,DTSA-core,N=D,C1,2969,0,0,True
ta53,50,15,750,DTSA,9,2969,752250,750000,167,32.435,,,,,750,0.5,6,6,-5.0,5.0,5ee1241,2026-07-23T22:48:38,1.0,751500,,,,,,DTSA+LS,N=D,C1,2969,10,0,True
ta53,50,15,750,DTSA,10,2948,752250,750000,167,33.073,,,,,750,0.5,6,6,-5.0,5.0,5ee1241,2026-07-23T22:48:38,1.0,751500,,,,,,DTSA-core,N=D,C1,2948,0,0,True
ta53,50,15,750,DTSA,10,2948,752250,750000,167,33.073,,,,,750,0.5,6,6,-5.0,5.0,5ee1241,2026-07-23T22:48:38,1.0,751500,,,,,,DTSA+LS,N=D,C1,2948,10,0,True
ta53,50,15,750,DTSA,11,2948,752250,750000,167,33.249,,,,,750,0.5,6,6,-5.0,5.0,5ee1241,2026-07-23T22:48:38,1.0,751500,,,,,,DTSA-core,N=D,C1,2948,0,0,True
ta53,50,15,750,DTSA,11,2948,752250,750000,167,33.249,,,,,750,0.5,6,6,-5.0,5.0,5ee1241,2026-07-23T22:48:38,1.0,751500,,,,,,DTSA+LS,N=D,C1,2948,16,0,True
ta53,50,15,750,DTSA,12,3015,752250,750000,167,32.514,,,,,750,0.5,6,6,-5.0,5.0,5ee1241,2026-07-23T22:48:38,1.0,751500,,,,,,DTSA-core,N=D,C1,3015,0,0,True
ta53,50,15,750,DTSA,12,3015,752250,750000,167,32.514,,,,,750,0.5,6,6,-5.0,5.0,5ee1241,2026-07-23T22:48:38,1.0,751500,,,,,,DTSA+LS,N=D,C1,3015,6,0,True
ta53,50,15,750,DTSA,13,2969,752250,750000,167,33.04,,,,,750,0.5,6,6,-5.0,5.0,5ee1241,2026-07-23T22:48:39,1.0,751500,,,,,,DTSA-core,N=D,C1,2969,0,0,True
ta53,50,15,750,DTSA,13,2969,752250,750000,167,33.04,,,,,750,0.5,6,6,-5.0,5.0,5ee1241,2026-07-23T22:48:39,1.0,751500,,,,,,DTSA+LS,N=D,C1,2969,10,0,True
ta53,50,15,750,DTSA,14,2962,752250,750000,167,32.139,,,,,750,0.5,6,6,-5.0,5.0,5ee1241,2026-07-23T22:49:10,1.0,751500,,,,,,DTSA-core,N=D,C1,2962,0,0,True
ta53,50,15,750,DTSA,14,2962,752250,750000,167,32.139,,,,,750,0.5,6,6,-5.0,5.0,5ee1241,2026-07-23T22:49:10,1.0,751500,,,,,,DTSA+LS,N=D,C1,2962,6,0,True
ta53,50,15,750,DTSA,15,2961,752250,750000,167,32.112,,,,,750,0.5,6,6,-5.0,5.0,5ee1241,2026-07-23T22:49:10,1.0,751500,,,,,,DTSA-core,N=D,C1,2961,0,0,True
ta53,50,15,750,DTSA,15,2961,752250,750000,167,32.112,,,,,750,0.5,6,6,-5.0,5.0,5ee1241,2026-07-23T22:49:10,1.0,751500,,,,,,DTSA+LS,N=D,C1,2961,6,0,True
ta53,50,15,750,DTSA,16,2984,752250,750000,167,32.154,,,,,750,0.5,6,6,-5.0,5.0,5ee1241,2026-07-23T22:49:10,1.0,751500,,,,,,DTSA-core,N=D,C1,2984,0,0,True
ta53,50,15,750,DTSA,16,2984,752250,750000,167,32.154,,,,,750,0.5,6,6,-5.0,5.0,5ee1241,2026-07-23T22:49:10,1.0,751500,,,,,,DTSA+LS,N=D,C1,2984,6,0,True
ta53,50,15,750,DTSA,17,2957,752250,750000,167,32.146,,,,,750,0.5,6,6,-5.0,5.0,5ee1241,2026-07-23T22:49:10,1.0,751500,,,,,,DTSA-core,N=D,C1,2957,0,0,True
ta53,50,15,750,DTSA,17,2957,752250,750000,167,32.146,,,,,750,0.5,6,6,-5.0,5.0,5ee1241,2026-07-23T22:49:10,1.0,751500,,,,,,DTSA+LS,N=D,C1,2957,8,0,True
ta53,50,15,750,DTSA,18,2994,752250,750000,167,32.256,,,,,750,0.5,6,6,-5.0,5.0,5ee1241,2026-07-23T22:49:10,1.0,751500,,,,,,DTSA-core,N=D,C1,2994,0,0,True
ta53,50,15,750,DTSA,18,2994,752250,750000,167,32.256,,,,,750,0.5,6,6,-5.0,5.0,5ee1241,2026-07-23T22:49:10,1.0,751500,,,,,,DTSA+LS,N=D,C1,2994,10,0,True
ta53,50,15,750,DTSA,19,2913,752250,750000,167,31.948,,,,,750,0.5,6,6,-5.0,5.0,5ee1241,2026-07-23T22:49:10,1.0,751500,,,,,,DTSA-core,N=D,C1,2913,0,0,True
ta53,50,15,750,DTSA,19,2913,752250,750000,167,31.948,,,,,750,0.5,6,6,-5.0,5.0,5ee1241,2026-07-23T22:49:10,1.0,751500,,,,,,DTSA+LS,N=D,C1,2913,11,0,True
ta54,50,15,750,DTSA,0,3152,752250,750000,167,36.937,,,,,750,0.5,6,6,-5.0,5.0,5ee1241,2026-07-23T22:49:47,1.0,751500,,,,,,DTSA-core,N=D,C1,3152,0,0,True
ta54,50,15,750,DTSA,0,3124,752250,750000,167,36.937,,,,,750,0.5,6,6,-5.0,5.0,5ee1241,2026-07-23T22:49:47,1.0,751500,,,,,,DTSA+LS,N=D,C1,3152,60,14,True
ta54,50,15,750,DTSA,1,3140,752250,750000,167,36.75,,,,,750,0.5,6,6,-5.0,5.0,5ee1241,2026-07-23T22:49:47,1.0,751500,,,,,,DTSA-core,N=D,C1,3140,0,0,True
ta54,50,15,750,DTSA,1,3123,752250,750000,167,36.75,,,,,750,0.5,6,6,-5.0,5.0,5ee1241,2026-07-23T22:49:47,1.0,751500,,,,,,DTSA+LS,N=D,C1,3140,25,7,True
ta54,50,15,750,DTSA,2,3196,752250,750000,167,36.452,,,,,750,0.5,6,6,-5.0,5.0,5ee1241,2026-07-23T22:49:47,1.0,751500,,,,,,DTSA-core,N=D,C1,3196,0,0,True
ta54,50,15,750,DTSA,2,3196,752250,750000,167,36.452,,,,,750,0.5,6,6,-5.0,5.0,5ee1241,2026-07-23T22:49:47,1.0,751500,,,,,,DTSA+LS,N=D,C1,3196,15,0,True
ta54,50,15,750,DTSA,3,3095,752250,750000,167,33.423,,,,,750,0.5,6,6,-5.0,5.0,5ee1241,2026-07-23T22:49:44,1.0,751500,,,,,,DTSA-core,N=D,C1,3095,0,0,True
ta54,50,15,750,DTSA,3,3095,752250,750000,167,33.423,,,,,750,0.5,6,6,-5.0,5.0,5ee1241,2026-07-23T22:49:44,1.0,751500,,,,,,DTSA+LS,N=D,C1,3095,12,0,True
ta54,50,15,750,DTSA,4,3321,752250,750000,167,36.417,,,,,750,0.5,6,6,-5.0,5.0,5ee1241,2026-07-23T22:49:47,1.0,751500,,,,,,DTSA-core,N=D,C1,3321,0,0,True
ta54,50,15,750,DTSA,4,3321,752250,750000,167,36.417,,,,,750,0.5,6,6,-5.0,5.0,5ee1241,2026-07-23T22:49:47,1.0,751500,,,,,,DTSA+LS,N=D,C1,3321,4,0,True
ta54,50,15,750,DTSA,5,3059,752250,750000,167,36.581,,,,,750,0.5,6,6,-5.0,5.0,5ee1241,2026-07-23T22:49:47,1.0,751500,,,,,,DTSA-core,N=D,C1,3059,0,0,True
ta54,50,15,750,DTSA,5,3059,752250,750000,167,36.581,,,,,750,0.5,6,6,-5.0,5.0,5ee1241,2026-07-23T22:49:47,1.0,751500,,,,,,DTSA+LS,N=D,C1,3059,4,0,True
ta54,50,15,750,DTSA,6,3105,752250,750000,167,36.718,,,,,750,0.5,6,6,-5.0,5.0,5ee1241,2026-07-23T22:49:47,1.0,751500,,,,,,DTSA-core,N=D,C1,3105,0,0,True
ta54,50,15,750,DTSA,6,3105,752250,750000,167,36.718,,,,,750,0.5,6,6,-5.0,5.0,5ee1241,2026-07-23T22:49:47,1.0,751500,,,,,,DTSA+LS,N=D,C1,3105,8,0,True
ta54,50,15,750,DTSA,7,3068,752250,750000,167,34.303,,,,,750,0.5,6,6,-5.0,5.0,5ee1241,2026-07-23T22:50:18,1.0,751500,,,,,,DTSA-core,N=D,C1,3068,0,0,True
ta54,50,15,750,DTSA,7,3068,752250,750000,167,34.303,,,,,750,0.5,6,6,-5.0,5.0,5ee1241,2026-07-23T22:50:18,1.0,751500,,,,,,DTSA+LS,N=D,C1,3068,3,0,True
ta54,50,15,750,DTSA,8,3087,752250,750000,167,34.179,,,,,750,0.5,6,6,-5.0,5.0,5ee1241,2026-07-23T22:50:21,1.0,751500,,,,,,DTSA-core,N=D,C1,3087,0,0,True
ta54,50,15,750,DTSA,8,3087,752250,750000,167,34.179,,,,,750,0.5,6,6,-5.0,5.0,5ee1241,2026-07-23T22:50:21,1.0,751500,,,,,,DTSA+LS,N=D,C1,3087,6,0,True
ta54,50,15,750,DTSA,9,3032,752250,750000,167,37.215,,,,,750,0.5,6,6,-5.0,5.0,5ee1241,2026-07-23T22:50:24,1.0,751500,,,,,,DTSA-core,N=D,C1,3032,0,0,True
ta54,50,15,750,DTSA,9,3030,752250,750000,167,37.215,,,,,750,0.5,6,6,-5.0,5.0,5ee1241,2026-07-23T22:50:24,1.0,751500,,,,,,DTSA+LS,N=D,C1,3032,14,1,True
ta54,50,15,750,DTSA,10,3129,752250,750000,167,33.682,,,,,750,0.5,6,6,-5.0,5.0,5ee1241,2026-07-23T22:50:21,1.0,751500,,,,,,DTSA-core,N=D,C1,3129,0,0,True
ta54,50,15,750,DTSA,10,3129,752250,750000,167,33.682,,,,,750,0.5,6,6,-5.0,5.0,5ee1241,2026-07-23T22:50:21,1.0,751500,,,,,,DTSA+LS,N=D,C1,3129,15,0,True
ta54,50,15,750,DTSA,11,2992,752250,750000,167,34.041,,,,,750,0.5,6,6,-5.0,5.0,5ee1241,2026-07-23T22:50:21,1.0,751500,,,,,,DTSA-core,N=D,C1,2992,0,0,True
ta54,50,15,750,DTSA,11,2989,752250,750000,167,34.041,,,,,750,0.5,6,6,-5.0,5.0,5ee1241,2026-07-23T22:50:21,1.0,751500,,,,,,DTSA+LS,N=D,C1,2992,10,2,True
ta54,50,15,750,DTSA,12,3141,752250,750000,167,37.028,,,,,750,0.5,6,6,-5.0,5.0,5ee1241,2026-07-23T22:50:24,1.0,751500,,,,,,DTSA-core,N=D,C1,3141,0,0,True
ta54,50,15,750,DTSA,12,3141,752250,750000,167,37.028,,,,,750,0.5,6,6,-5.0,5.0,5ee1241,2026-07-23T22:50:24,1.0,751500,,,,,,DTSA+LS,N=D,C1,3141,8,0,True
ta54,50,15,750,DTSA,13,3071,752250,750000,167,34.109,,,,,750,0.5,6,6,-5.0,5.0,5ee1241,2026-07-23T22:50:22,1.0,751500,,,,,,DTSA-core,N=D,C1,3071,0,0,True
ta54,50,15,750,DTSA,13,3071,752250,750000,167,34.109,,,,,750,0.5,6,6,-5.0,5.0,5ee1241,2026-07-23T22:50:22,1.0,751500,,,,,,DTSA+LS,N=D,C1,3071,12,0,True
ta54,50,15,750,DTSA,14,3170,752250,750000,167,36.291,,,,,750,0.5,6,6,-5.0,5.0,5ee1241,2026-07-23T22:50:55,1.0,751500,,,,,,DTSA-core,N=D,C1,3170,0,0,True
ta54,50,15,750,DTSA,14,3162,752250,750000,167,36.291,,,,,750,0.5,6,6,-5.0,5.0,5ee1241,2026-07-23T22:50:55,1.0,751500,,,,,,DTSA+LS,N=D,C1,3170,21,3,True
ta54,50,15,750,DTSA,15,3066,752250,750000,167,32.694,,,,,750,0.5,6,6,-5.0,5.0,5ee1241,2026-07-23T22:50:54,1.0,751500,,,,,,DTSA-core,N=D,C1,3066,0,0,True
ta54,50,15,750,DTSA,15,3066,752250,750000,167,32.694,,,,,750,0.5,6,6,-5.0,5.0,5ee1241,2026-07-23T22:50:54,1.0,751500,,,,,,DTSA+LS,N=D,C1,3066,8,0,True
ta54,50,15,750,DTSA,16,3192,752250,750000,167,35.695,,,,,750,0.5,6,6,-5.0,5.0,5ee1241,2026-07-23T22:50:57,1.0,751500,,,,,,DTSA-core,N=D,C1,3192,0,0,True
ta54,50,15,750,DTSA,16,3192,752250,750000,167,35.695,,,,,750,0.5,6,6,-5.0,5.0,5ee1241,2026-07-23T22:50:57,1.0,751500,,,,,,DTSA+LS,N=D,C1,3192,6,0,True
ta54,50,15,750,DTSA,17,3070,752250,750000,167,33.033,,,,,750,0.5,6,6,-5.0,5.0,5ee1241,2026-07-23T22:50:54,1.0,751500,,,,,,DTSA-core,N=D,C1,3070,0,0,True
ta54,50,15,750,DTSA,17,3070,752250,750000,167,33.033,,,,,750,0.5,6,6,-5.0,5.0,5ee1241,2026-07-23T22:50:54,1.0,751500,,,,,,DTSA+LS,N=D,C1,3070,6,0,True
ta54,50,15,750,DTSA,18,3272,752250,750000,167,35.595,,,,,750,0.5,6,6,-5.0,5.0,5ee1241,2026-07-23T22:50:57,1.0,751500,,,,,,DTSA-core,N=D,C1,3272,0,0,True
ta54,50,15,750,DTSA,18,3272,752250,750000,167,35.595,,,,,750,0.5,6,6,-5.0,5.0,5ee1241,2026-07-23T22:50:57,1.0,751500,,,,,,DTSA+LS,N=D,C1,3272,4,0,True
ta54,50,15,750,DTSA,19,3170,752250,750000,167,35.802,,,,,750,0.5,6,6,-5.0,5.0,5ee1241,2026-07-23T22:51:00,1.0,751500,,,,,,DTSA-core,N=D,C1,3170,0,0,True
ta54,50,15,750,DTSA,19,3170,752250,750000,167,35.802,,,,,750,0.5,6,6,-5.0,5.0,5ee1241,2026-07-23T22:51:00,1.0,751500,,,,,,DTSA+LS,N=D,C1,3170,13,0,True
ta55,50,15,750,DTSA,0,3234,752250,750000,167,36.555,,,,,750,0.5,6,6,-5.0,5.0,5ee1241,2026-07-23T22:51:37,1.0,751500,,,,,,DTSA-core,N=D,C1,3234,0,0,True
ta55,50,15,750,DTSA,0,3234,752250,750000,167,36.555,,,,,750,0.5,6,6,-5.0,5.0,5ee1241,2026-07-23T22:51:37,1.0,751500,,,,,,DTSA+LS,N=D,C1,3234,8,0,True
ta55,50,15,750,DTSA,1,3180,752250,750000,167,36.743,,,,,750,0.5,6,6,-5.0,5.0,5ee1241,2026-07-23T22:51:37,1.0,751500,,,,,,DTSA-core,N=D,C1,3180,0,0,True
ta55,50,15,750,DTSA,1,3180,752250,750000,167,36.743,,,,,750,0.5,6,6,-5.0,5.0,5ee1241,2026-07-23T22:51:37,1.0,751500,,,,,,DTSA+LS,N=D,C1,3180,11,0,True
ta55,50,15,750,DTSA,2,3202,752250,750000,167,36.464,,,,,750,0.5,6,6,-5.0,5.0,5ee1241,2026-07-23T22:51:37,1.0,751500,,,,,,DTSA-core,N=D,C1,3202,0,0,True
ta55,50,15,750,DTSA,2,3202,752250,750000,167,36.464,,,,,750,0.5,6,6,-5.0,5.0,5ee1241,2026-07-23T22:51:37,1.0,751500,,,,,,DTSA+LS,N=D,C1,3202,13,0,True
ta55,50,15,750,DTSA,3,3274,752250,750000,167,36.526,,,,,750,0.5,6,6,-5.0,5.0,5ee1241,2026-07-23T22:51:37,1.0,751500,,,,,,DTSA-core,N=D,C1,3274,0,0,True
ta55,50,15,750,DTSA,3,3274,752250,750000,167,36.526,,,,,750,0.5,6,6,-5.0,5.0,5ee1241,2026-07-23T22:51:37,1.0,751500,,,,,,DTSA+LS,N=D,C1,3274,6,0,True
ta55,50,15,750,DTSA,4,3230,752250,750000,167,36.506,,,,,750,0.5,6,6,-5.0,5.0,5ee1241,2026-07-23T22:51:37,1.0,751500,,,,,,DTSA-core,N=D,C1,3230,0,0,True
ta55,50,15,750,DTSA,4,3230,752250,750000,167,36.506,,,,,750,0.5,6,6,-5.0,5.0,5ee1241,2026-07-23T22:51:37,1.0,751500,,,,,,DTSA+LS,N=D,C1,3230,21,0,True
ta55,50,15,750,DTSA,5,3190,752250,750000,167,36.528,,,,,750,0.5,6,6,-5.0,5.0,5ee1241,2026-07-23T22:51:37,1.0,751500,,,,,,DTSA-core,N=D,C1,3190,0,0,True
ta55,50,15,750,DTSA,5,3190,752250,750000,167,36.528,,,,,750,0.5,6,6,-5.0,5.0,5ee1241,2026-07-23T22:51:37,1.0,751500,,,,,,DTSA+LS,N=D,C1,3190,6,0,True
ta55,50,15,750,DTSA,6,3293,752250,750000,167,36.042,,,,,750,0.5,6,6,-5.0,5.0,5ee1241,2026-07-23T22:51:36,1.0,751500,,,,,,DTSA-core,N=D,C1,3293,0,0,True
ta55,50,15,750,DTSA,6,3293,752250,750000,167,36.042,,,,,750,0.5,6,6,-5.0,5.0,5ee1241,2026-07-23T22:51:36,1.0,751500,,,,,,DTSA+LS,N=D,C1,3293,11,0,True
ta55,50,15,750,DTSA,7,3122,752250,750000,167,36.899,,,,,750,0.5,6,6,-5.0,5.0,5ee1241,2026-07-23T22:52:13,1.0,751500,,,,,,DTSA-core,N=D,C1,3122,0,0,True
ta55,50,15,750,DTSA,7,3119,752250,750000,167,36.899,,,,,750,0.5,6,6,-5.0,5.0,5ee1241,2026-07-23T22:52:13,1.0,751500,,,,,,DTSA+LS,N=D,C1,3122,20,2,True
ta55,50,15,750,DTSA,8,3206,752250,750000,167,36.86,,,,,750,0.5,6,6,-5.0,5.0,5ee1241,2026-07-23T22:52:13,1.0,751500,,,,,,DTSA-core,N=D,C1,3206,0,0,True
ta55,50,15,750,DTSA,8,3206,752250,750000,167,36.86,,,,,750,0.5,6,6,-5.0,5.0,5ee1241,2026-07-23T22:52:13,1.0,751500,,,,,,DTSA+LS,N=D,C1,3206,10,0,True
ta55,50,15,750,DTSA,9,3162,752250,750000,167,36.86,,,,,750,0.5,6,6,-5.0,5.0,5ee1241,2026-07-23T22:52:14,1.0,751500,,,,,,DTSA-core,N=D,C1,3162,0,0,True
ta55,50,15,750,DTSA,9,3162,752250,750000,167,36.86,,,,,750,0.5,6,6,-5.0,5.0,5ee1241,2026-07-23T22:52:14,1.0,751500,,,,,,DTSA+LS,N=D,C1,3162,7,0,True
ta55,50,15,750,DTSA,10,3313,752250,750000,167,36.942,,,,,750,0.5,6,6,-5.0,5.0,5ee1241,2026-07-23T22:52:14,1.0,751500,,,,,,DTSA-core,N=D,C1,3313,0,0,True
ta55,50,15,750,DTSA,10,3313,752250,750000,167,36.942,,,,,750,0.5,6,6,-5.0,5.0,5ee1241,2026-07-23T22:52:14,1.0,751500,,,,,,DTSA+LS,N=D,C1,3313,10,0,True
ta55,50,15,750,DTSA,11,3205,752250,750000,167,36.623,,,,,750,0.5,6,6,-5.0,5.0,5ee1241,2026-07-23T22:52:13,1.0,751500,,,,,,DTSA-core,N=D,C1,3205,0,0,True
ta55,50,15,750,DTSA,11,3200,752250,750000,167,36.623,,,,,750,0.5,6,6,-5.0,5.0,5ee1241,2026-07-23T22:52:13,1.0,751500,,,,,,DTSA+LS,N=D,C1,3205,24,2,True
ta55,50,15,750,DTSA,12,3132,752250,750000,167,36.882,,,,,750,0.5,6,6,-5.0,5.0,5ee1241,2026-07-23T22:52:14,1.0,751500,,,,,,DTSA-core,N=D,C1,3132,0,0,True
ta55,50,15,750,DTSA,12,3132,752250,750000,167,36.882,,,,,750,0.5,6,6,-5.0,5.0,5ee1241,2026-07-23T22:52:14,1.0,751500,,,,,,DTSA+LS,N=D,C1,3132,8,0,True
ta55,50,15,750,DTSA,13,3237,752250,750000,167,36.614,,,,,750,0.5,6,6,-5.0,5.0,5ee1241,2026-07-23T22:52:13,1.0,751500,,,,,,DTSA-core,N=D,C1,3237,0,0,True
ta55,50,15,750,DTSA,13,3228,752250,750000,167,36.614,,,,,750,0.5,6,6,-5.0,5.0,5ee1241,2026-07-23T22:52:13,1.0,751500,,,,,,DTSA+LS,N=D,C1,3237,20,4,True
ta55,50,15,750,DTSA,14,3393,752250,750000,167,35.462,,,,,750,0.5,6,6,-5.0,5.0,5ee1241,2026-07-23T22:52:49,1.0,751500,,,,,,DTSA-core,N=D,C1,3393,0,0,True
ta55,50,15,750,DTSA,14,3393,752250,750000,167,35.462,,,,,750,0.5,6,6,-5.0,5.0,5ee1241,2026-07-23T22:52:49,1.0,751500,,,,,,DTSA+LS,N=D,C1,3393,8,0,True
ta55,50,15,750,DTSA,15,3195,752250,750000,167,35.879,,,,,750,0.5,6,6,-5.0,5.0,5ee1241,2026-07-23T22:52:49,1.0,751500,,,,,,DTSA-core,N=D,C1,3195,0,0,True
ta55,50,15,750,DTSA,15,3173,752250,750000,167,35.879,,,,,750,0.5,6,6,-5.0,5.0,5ee1241,2026-07-23T22:52:49,1.0,751500,,,,,,DTSA+LS,N=D,C1,3195,43,11,True
ta55,50,15,750,DTSA,16,3220,752250,750000,167,35.98,,,,,750,0.5,6,6,-5.0,5.0,5ee1241,2026-07-23T22:52:49,1.0,751500,,,,,,DTSA-core,N=D,C1,3220,0,0,True
ta55,50,15,750,DTSA,16,3208,752250,750000,167,35.98,,,,,750,0.5,6,6,-5.0,5.0,5ee1241,2026-07-23T22:52:49,1.0,751500,,,,,,DTSA+LS,N=D,C1,3220,46,7,True
ta55,50,15,750,DTSA,17,3144,752250,750000,167,35.836,,,,,750,0.5,6,6,-5.0,5.0,5ee1241,2026-07-23T22:52:49,1.0,751500,,,,,,DTSA-core,N=D,C1,3144,0,0,True
ta55,50,15,750,DTSA,17,3144,752250,750000,167,35.836,,,,,750,0.5,6,6,-5.0,5.0,5ee1241,2026-07-23T22:52:49,1.0,751500,,,,,,DTSA+LS,N=D,C1,3144,6,0,True
ta55,50,15,750,DTSA,18,3339,752250,750000,167,35.686,,,,,750,0.5,6,6,-5.0,5.0,5ee1241,2026-07-23T22:52:49,1.0,751500,,,,,,DTSA-core,N=D,C1,3339,0,0,True
ta55,50,15,750,DTSA,18,3339,752250,750000,167,35.686,,,,,750,0.5,6,6,-5.0,5.0,5ee1241,2026-07-23T22:52:49,1.0,751500,,,,,,DTSA+LS,N=D,C1,3339,6,0,True
ta55,50,15,750,DTSA,19,3157,752250,750000,167,36.028,,,,,750,0.5,6,6,-5.0,5.0,5ee1241,2026-07-23T22:52:50,1.0,751500,,,,,,DTSA-core,N=D,C1,3157,0,0,True
ta55,50,15,750,DTSA,19,3157,752250,750000,167,36.028,,,,,750,0.5,6,6,-5.0,5.0,5ee1241,2026-07-23T22:52:50,1.0,751500,,,,,,DTSA+LS,N=D,C1,3157,16,0,True
ta61,50,20,1000,DTSA,0,3398,1003000,1000000,167,57.803,,,,,1000,0.5,6,6,-5.0,5.0,5ee1241,2026-07-23T22:53:47,1.0,1002000,,,,,,DTSA-core,N=D,C1,3398,0,0,True
ta61,50,20,1000,DTSA,0,3398,1003000,1000000,167,57.803,,,,,1000,0.5,6,6,-5.0,5.0,5ee1241,2026-07-23T22:53:47,1.0,1002000,,,,,,DTSA+LS,N=D,C1,3398,8,0,True
ta61,50,20,1000,DTSA,1,3390,1003000,1000000,167,56.035,,,,,1000,0.5,6,6,-5.0,5.0,5ee1241,2026-07-23T22:53:46,1.0,1002000,,,,,,DTSA-core,N=D,C1,3390,0,0,True
ta61,50,20,1000,DTSA,1,3390,1003000,1000000,167,56.035,,,,,1000,0.5,6,6,-5.0,5.0,5ee1241,2026-07-23T22:53:46,1.0,1002000,,,,,,DTSA+LS,N=D,C1,3390,16,0,True
ta61,50,20,1000,DTSA,2,3384,1003000,1000000,167,55.871,,,,,1000,0.5,6,6,-5.0,5.0,5ee1241,2026-07-23T22:53:46,1.0,1002000,,,,,,DTSA-core,N=D,C1,3384,0,0,True
ta61,50,20,1000,DTSA,2,3384,1003000,1000000,167,55.871,,,,,1000,0.5,6,6,-5.0,5.0,5ee1241,2026-07-23T22:53:46,1.0,1002000,,,,,,DTSA+LS,N=D,C1,3384,15,0,True
ta61,50,20,1000,DTSA,3,3296,1003000,1000000,167,57.007,,,,,1000,0.5,6,6,-5.0,5.0,5ee1241,2026-07-23T22:53:47,1.0,1002000,,,,,,DTSA-core,N=D,C1,3296,0,0,True
ta61,50,20,1000,DTSA,3,3296,1003000,1000000,167,57.007,,,,,1000,0.5,6,6,-5.0,5.0,5ee1241,2026-07-23T22:53:47,1.0,1002000,,,,,,DTSA+LS,N=D,C1,3296,6,0,True
ta61,50,20,1000,DTSA,4,3308,1003000,1000000,167,55.896,,,,,1000,0.5,6,6,-5.0,5.0,5ee1241,2026-07-23T22:53:46,1.0,1002000,,,,,,DTSA-core,N=D,C1,3308,0,0,True
ta61,50,20,1000,DTSA,4,3295,1003000,1000000,167,55.896,,,,,1000,0.5,6,6,-5.0,5.0,5ee1241,2026-07-23T22:53:46,1.0,1002000,,,,,,DTSA+LS,N=D,C1,3308,17,4,True
ta61,50,20,1000,DTSA,5,3413,1003000,1000000,167,55.171,,,,,1000,0.5,6,6,-5.0,5.0,5ee1241,2026-07-23T22:53:45,1.0,1002000,,,,,,DTSA-core,N=D,C1,3413,0,0,True
ta61,50,20,1000,DTSA,5,3413,1003000,1000000,167,55.171,,,,,1000,0.5,6,6,-5.0,5.0,5ee1241,2026-07-23T22:53:45,1.0,1002000,,,,,,DTSA+LS,N=D,C1,3413,8,0,True
ta61,50,20,1000,DTSA,6,3334,1003000,1000000,167,54.998,,,,,1000,0.5,6,6,-5.0,5.0,5ee1241,2026-07-23T22:53:45,1.0,1002000,,,,,,DTSA-core,N=D,C1,3334,0,0,True
ta61,50,20,1000,DTSA,6,3334,1003000,1000000,167,54.998,,,,,1000,0.5,6,6,-5.0,5.0,5ee1241,2026-07-23T22:53:45,1.0,1002000,,,,,,DTSA+LS,N=D,C1,3334,6,0,True
ta61,50,20,1000,DTSA,7,3332,1003000,1000000,167,55.782,,,,,1000,0.5,6,6,-5.0,5.0,5ee1241,2026-07-23T22:54:41,1.0,1002000,,,,,,DTSA-core,N=D,C1,3332,0,0,True
ta61,50,20,1000,DTSA,7,3332,1003000,1000000,167,55.782,,,,,1000,0.5,6,6,-5.0,5.0,5ee1241,2026-07-23T22:54:41,1.0,1002000,,,,,,DTSA+LS,N=D,C1,3332,10,0,True
ta61,50,20,1000,DTSA,8,3342,1003000,1000000,167,56.212,,,,,1000,0.5,6,6,-5.0,5.0,5ee1241,2026-07-23T22:54:41,1.0,1002000,,,,,,DTSA-core,N=D,C1,3342,0,0,True
ta61,50,20,1000,DTSA,8,3342,1003000,1000000,167,56.212,,,,,1000,0.5,6,6,-5.0,5.0,5ee1241,2026-07-23T22:54:41,1.0,1002000,,,,,,DTSA+LS,N=D,C1,3342,5,0,True
ta61,50,20,1000,DTSA,9,3425,1003000,1000000,167,56.229,,,,,1000,0.5,6,6,-5.0,5.0,5ee1241,2026-07-23T22:54:42,1.0,1002000,,,,,,DTSA-core,N=D,C1,3425,0,0,True
ta61,50,20,1000,DTSA,9,3425,1003000,1000000,167,56.229,,,,,1000,0.5,6,6,-5.0,5.0,5ee1241,2026-07-23T22:54:42,1.0,1002000,,,,,,DTSA+LS,N=D,C1,3425,6,0,True
ta61,50,20,1000,DTSA,10,3449,1003000,1000000,167,55.726,,,,,1000,0.5,6,6,-5.0,5.0,5ee1241,2026-07-23T22:54:41,1.0,1002000,,,,,,DTSA-core,N=D,C1,3449,0,0,True
ta61,50,20,1000,DTSA,10,3449,1003000,1000000,167,55.726,,,,,1000,0.5,6,6,-5.0,5.0,5ee1241,2026-07-23T22:54:41,1.0,1002000,,,,,,DTSA+LS,N=D,C1,3449,6,0,True
ta61,50,20,1000,DTSA,11,3353,1003000,1000000,167,56.231,,,,,1000,0.5,6,6,-5.0,5.0,5ee1241,2026-07-23T22:54:42,1.0,1002000,,,,,,DTSA-core,N=D,C1,3353,0,0,True
ta61,50,20,1000,DTSA,11,3353,1003000,1000000,167,56.231,,,,,1000,0.5,6,6,-5.0,5.0,5ee1241,2026-07-23T22:54:42,1.0,1002000,,,,,,DTSA+LS,N=D,C1,3353,11,0,True
ta61,50,20,1000,DTSA,12,3423,1003000,1000000,167,56.54,,,,,1000,0.5,6,6,-5.0,5.0,5ee1241,2026-07-23T22:54:43,1.0,1002000,,,,,,DTSA-core,N=D,C1,3423,0,0,True
ta61,50,20,1000,DTSA,12,3423,1003000,1000000,167,56.54,,,,,1000,0.5,6,6,-5.0,5.0,5ee1241,2026-07-23T22:54:43,1.0,1002000,,,,,,DTSA+LS,N=D,C1,3423,9,0,True
ta61,50,20,1000,DTSA,13,3272,1003000,1000000,167,58.381,,,,,1000,0.5,6,6,-5.0,5.0,5ee1241,2026-07-23T22:54:46,1.0,1002000,,,,,,DTSA-core,N=D,C1,3272,0,0,True
ta61,50,20,1000,DTSA,13,3272,1003000,1000000,167,58.381,,,,,1000,0.5,6,6,-5.0,5.0,5ee1241,2026-07-23T22:54:46,1.0,1002000,,,,,,DTSA+LS,N=D,C1,3272,9,0,True
ta61,50,20,1000,DTSA,14,3341,1003000,1000000,167,54.828,,,,,1000,0.5,6,6,-5.0,5.0,5ee1241,2026-07-23T22:55:35,1.0,1002000,,,,,,DTSA-core,N=D,C1,3341,0,0,True
ta61,50,20,1000,DTSA,14,3341,1003000,1000000,167,54.828,,,,,1000,0.5,6,6,-5.0,5.0,5ee1241,2026-07-23T22:55:35,1.0,1002000,,,,,,DTSA+LS,N=D,C1,3341,12,0,True
ta61,50,20,1000,DTSA,15,3344,1003000,1000000,167,54.729,,,,,1000,0.5,6,6,-5.0,5.0,5ee1241,2026-07-23T22:55:36,1.0,1002000,,,,,,DTSA-core,N=D,C1,3344,0,0,True
ta61,50,20,1000,DTSA,15,3344,1003000,1000000,167,54.729,,,,,1000,0.5,6,6,-5.0,5.0,5ee1241,2026-07-23T22:55:36,1.0,1002000,,,,,,DTSA+LS,N=D,C1,3344,13,0,True
ta61,50,20,1000,DTSA,16,3338,1003000,1000000,167,54.97,,,,,1000,0.5,6,6,-5.0,5.0,5ee1241,2026-07-23T22:55:36,1.0,1002000,,,,,,DTSA-core,N=D,C1,3338,0,0,True
ta61,50,20,1000,DTSA,16,3335,1003000,1000000,167,54.97,,,,,1000,0.5,6,6,-5.0,5.0,5ee1241,2026-07-23T22:55:36,1.0,1002000,,,,,,DTSA+LS,N=D,C1,3338,20,1,True
ta61,50,20,1000,DTSA,17,3357,1003000,1000000,167,54.654,,,,,1000,0.5,6,6,-5.0,5.0,5ee1241,2026-07-23T22:55:37,1.0,1002000,,,,,,DTSA-core,N=D,C1,3357,0,0,True
ta61,50,20,1000,DTSA,17,3322,1003000,1000000,167,54.654,,,,,1000,0.5,6,6,-5.0,5.0,5ee1241,2026-07-23T22:55:37,1.0,1002000,,,,,,DTSA+LS,N=D,C1,3357,51,11,True
ta61,50,20,1000,DTSA,18,3417,1003000,1000000,167,53.913,,,,,1000,0.5,6,6,-5.0,5.0,5ee1241,2026-07-23T22:55:36,1.0,1002000,,,,,,DTSA-core,N=D,C1,3417,0,0,True
ta61,50,20,1000,DTSA,18,3417,1003000,1000000,167,53.913,,,,,1000,0.5,6,6,-5.0,5.0,5ee1241,2026-07-23T22:55:36,1.0,1002000,,,,,,DTSA+LS,N=D,C1,3417,10,0,True
ta61,50,20,1000,DTSA,19,3441,1003000,1000000,167,54.668,,,,,1000,0.5,6,6,-5.0,5.0,5ee1241,2026-07-23T22:55:38,1.0,1002000,,,,,,DTSA-core,N=D,C1,3441,0,0,True
ta61,50,20,1000,DTSA,19,3441,1003000,1000000,167,54.668,,,,,1000,0.5,6,6,-5.0,5.0,5ee1241,2026-07-23T22:55:38,1.0,1002000,,,,,,DTSA+LS,N=D,C1,3441,17,0,True
ta62,50,20,1000,DTSA,0,3479,1003000,1000000,167,57.968,,,,,1000,0.5,6,6,-5.0,5.0,5ee1241,2026-07-23T22:56:36,1.0,1002000,,,,,,DTSA-core,N=D,C1,3479,0,0,True
ta62,50,20,1000,DTSA,0,3479,1003000,1000000,167,57.968,,,,,1000,0.5,6,6,-5.0,5.0,5ee1241,2026-07-23T22:56:36,1.0,1002000,,,,,,DTSA+LS,N=D,C1,3479,4,0,True
ta62,50,20,1000,DTSA,1,3465,1003000,1000000,167,56.059,,,,,1000,0.5,6,6,-5.0,5.0,5ee1241,2026-07-23T22:56:34,1.0,1002000,,,,,,DTSA-core,N=D,C1,3465,0,0,True
ta62,50,20,1000,DTSA,1,3461,1003000,1000000,167,56.059,,,,,1000,0.5,6,6,-5.0,5.0,5ee1241,2026-07-23T22:56:34,1.0,1002000,,,,,,DTSA+LS,N=D,C1,3465,20,2,True
ta62,50,20,1000,DTSA,2,3417,1003000,1000000,167,56.572,,,,,1000,0.5,6,6,-5.0,5.0,5ee1241,2026-07-23T22:56:35,1.0,1002000,,,,,,DTSA-core,N=D,C1,3417,0,0,True
ta62,50,20,1000,DTSA,2,3417,1003000,1000000,167,56.572,,,,,1000,0.5,6,6,-5.0,5.0,5ee1241,2026-07-23T22:56:35,1.0,1002000,,,,,,DTSA+LS,N=D,C1,3417,12,0,True
ta62,50,20,1000,DTSA,3,3383,1003000,1000000,167,56.6,,,,,1000,0.5,6,6,-5.0,5.0,5ee1241,2026-07-23T22:56:35,1.0,1002000,,,,,,DTSA-core,N=D,C1,3383,0,0,True
ta62,50,20,1000,DTSA,3,3372,1003000,1000000,167,56.6,,,,,1000,0.5,6,6,-5.0,5.0,5ee1241,2026-07-23T22:56:35,1.0,1002000,,,,,,DTSA+LS,N=D,C1,3383,14,3,True
ta62,50,20,1000,DTSA,4,3458,1003000,1000000,167,56.473,,,,,1000,0.5,6,6,-5.0,5.0,5ee1241,2026-07-23T22:56:35,1.0,1002000,,,,,,DTSA-core,N=D,C1,3458,0,0,True
ta62,50,20,1000,DTSA,4,3458,1003000,1000000,167,56.473,,,,,1000,0.5,6,6,-5.0,5.0,5ee1241,2026-07-23T22:56:35,1.0,1002000,,,,,,DTSA+LS,N=D,C1,3458,7,0,True
ta62,50,20,1000,DTSA,5,3451,1003000,1000000,167,56.385,,,,,1000,0.5,6,6,-5.0,5.0,5ee1241,2026-07-23T22:56:34,1.0,1002000,,,,,,DTSA-core,N=D,C1,3451,0,0,True
ta62,50,20,1000,DTSA,5,3451,1003000,1000000,167,56.385,,,,,1000,0.5,6,6,-5.0,5.0,5ee1241,2026-07-23T22:56:34,1.0,1002000,,,,,,DTSA+LS,N=D,C1,3451,6,0,True
ta62,50,20,1000,DTSA,6,3396,1003000,1000000,167,56.997,,,,,1000,0.5,6,6,-5.0,5.0,5ee1241,2026-07-23T22:56:35,1.0,1002000,,,,,,DTSA-core,N=D,C1,3396,0,0,True
ta62,50,20,1000,DTSA,6,3396,1003000,1000000,167,56.997,,,,,1000,0.5,6,6,-5.0,5.0,5ee1241,2026-07-23T22:56:35,1.0,1002000,,,,,,DTSA+LS,N=D,C1,3396,10,0,True
ta62,50,20,1000,DTSA,7,3485,1003000,1000000,167,56.81,,,,,1000,0.5,6,6,-5.0,5.0,5ee1241,2026-07-23T22:57:31,1.0,1002000,,,,,,DTSA-core,N=D,C1,3485,0,0,True
ta62,50,20,1000,DTSA,7,3485,1003000,1000000,167,56.81,,,,,1000,0.5,6,6,-5.0,5.0,5ee1241,2026-07-23T22:57:31,1.0,1002000,,,,,,DTSA+LS,N=D,C1,3485,14,0,True
ta62,50,20,1000,DTSA,8,3467,1003000,1000000,167,56.734,,,,,1000,0.5,6,6,-5.0,5.0,5ee1241,2026-07-23T22:57:31,1.0,1002000,,,,,,DTSA-core,N=D,C1,3467,0,0,True
ta62,50,20,1000,DTSA,8,3467,1003000,1000000,167,56.734,,,,,1000,0.5,6,6,-5.0,5.0,5ee1241,2026-07-23T22:57:31,1.0,1002000,,,,,,DTSA+LS,N=D,C1,3467,7,0,True
ta62,50,20,1000,DTSA,9,3434,1003000,1000000,167,56.594,,,,,1000,0.5,6,6,-5.0,5.0,5ee1241,2026-07-23T22:57:31,1.0,1002000,,,,,,DTSA-core,N=D,C1,3434,0,0,True
ta62,50,20,1000,DTSA,9,3434,1003000,1000000,167,56.594,,,,,1000,0.5,6,6,-5.0,5.0,5ee1241,2026-07-23T22:57:31,1.0,1002000,,,,,,DTSA+LS,N=D,C1,3434,13,0,True
ta62,50,20,1000,DTSA,10,3390,1003000,1000000,167,56.198,,,,,1000,0.5,6,6,-5.0,5.0,5ee1241,2026-07-23T22:57:31,1.0,1002000,,,,,,DTSA-core,N=D,C1,3390,0,0,True
ta62,50,20,1000,DTSA,10,3390,1003000,1000000,167,56.198,,,,,1000,0.5,6,6,-5.0,5.0,5ee1241,2026-07-23T22:57:31,1.0,1002000,,,,,,DTSA+LS,N=D,C1,3390,12,0,True
ta62,50,20,1000,DTSA,11,3425,1003000,1000000,167,56.227,,,,,1000,0.5,6,6,-5.0,5.0,5ee1241,2026-07-23T22:57:31,1.0,1002000,,,,,,DTSA-core,N=D,C1,3425,0,0,True
ta62,50,20,1000,DTSA,11,3425,1003000,1000000,167,56.227,,,,,1000,0.5,6,6,-5.0,5.0,5ee1241,2026-07-23T22:57:31,1.0,1002000,,,,,,DTSA+LS,N=D,C1,3425,10,0,True
ta62,50,20,1000,DTSA,12,3395,1003000,1000000,167,57.711,,,,,1000,0.5,6,6,-5.0,5.0,5ee1241,2026-07-23T22:57:33,1.0,1002000,,,,,,DTSA-core,N=D,C1,3395,0,0,True
ta62,50,20,1000,DTSA,12,3395,1003000,1000000,167,57.711,,,,,1000,0.5,6,6,-5.0,5.0,5ee1241,2026-07-23T22:57:33,1.0,1002000,,,,,,DTSA+LS,N=D,C1,3395,9,0,True
ta62,50,20,1000,DTSA,13,3447,1003000,1000000,167,58.796,,,,,1000,0.5,6,6,-5.0,5.0,5ee1241,2026-07-23T22:57:35,1.0,1002000,,,,,,DTSA-core,N=D,C1,3447,0,0,True
ta62,50,20,1000,DTSA,13,3447,1003000,1000000,167,58.796,,,,,1000,0.5,6,6,-5.0,5.0,5ee1241,2026-07-23T22:57:35,1.0,1002000,,,,,,DTSA+LS,N=D,C1,3447,11,0,True
ta62,50,20,1000,DTSA,14,3419,1003000,1000000,167,55.404,,,,,1000,0.5,6,6,-5.0,5.0,5ee1241,2026-07-23T22:58:26,1.0,1002000,,,,,,DTSA-core,N=D,C1,3419,0,0,True
ta62,50,20,1000,DTSA,14,3418,1003000,1000000,167,55.404,,,,,1000,0.5,6,6,-5.0,5.0,5ee1241,2026-07-23T22:58:26,1.0,1002000,,,,,,DTSA+LS,N=D,C1,3419,18,1,True
ta62,50,20,1000,DTSA,15,3447,1003000,1000000,167,55.11,,,,,1000,0.5,6,6,-5.0,5.0,5ee1241,2026-07-23T22:58:26,1.0,1002000,,,,,,DTSA-core,N=D,C1,3447,0,0,True
ta62,50,20,1000,DTSA,15,3447,1003000,1000000,167,55.11,,,,,1000,0.5,6,6,-5.0,5.0,5ee1241,2026-07-23T22:58:26,1.0,1002000,,,,,,DTSA+LS,N=D,C1,3447,10,0,True
ta62,50,20,1000,DTSA,16,3446,1003000,1000000,167,55.405,,,,,1000,0.5,6,6,-5.0,5.0,5ee1241,2026-07-23T22:58:26,1.0,1002000,,,,,,DTSA-core,N=D,C1,3446,0,0,True
ta62,50,20,1000,DTSA,16,3446,1003000,1000000,167,55.405,,,,,1000,0.5,6,6,-5.0,5.0,5ee1241,2026-07-23T22:58:26,1.0,1002000,,,,,,DTSA+LS,N=D,C1,3446,16,0,True
ta62,50,20,1000,DTSA,17,3411,1003000,1000000,167,55.664,,,,,1000,0.5,6,6,-5.0,5.0,5ee1241,2026-07-23T22:58:27,1.0,1002000,,,,,,DTSA-core,N=D,C1,3411,0,0,True
ta62,50,20,1000,DTSA,17,3411,1003000,1000000,167,55.664,,,,,1000,0.5,6,6,-5.0,5.0,5ee1241,2026-07-23T22:58:27,1.0,1002000,,,,,,DTSA+LS,N=D,C1,3411,18,0,True
ta62,50,20,1000,DTSA,18,3393,1003000,1000000,167,55.677,,,,,1000,0.5,6,6,-5.0,5.0,5ee1241,2026-07-23T22:58:27,1.0,1002000,,,,,,DTSA-core,N=D,C1,3393,0,0,True
ta62,50,20,1000,DTSA,18,3393,1003000,1000000,167,55.677,,,,,1000,0.5,6,6,-5.0,5.0,5ee1241,2026-07-23T22:58:27,1.0,1002000,,,,,,DTSA+LS,N=D,C1,3393,17,0,True
ta62,50,20,1000,DTSA,19,3526,1003000,1000000,167,55.543,,,,,1000,0.5,6,6,-5.0,5.0,5ee1241,2026-07-23T22:58:28,1.0,1002000,,,,,,DTSA-core,N=D,C1,3526,0,0,True
ta62,50,20,1000,DTSA,19,3523,1003000,1000000,167,55.543,,,,,1000,0.5,6,6,-5.0,5.0,5ee1241,2026-07-23T22:58:28,1.0,1002000,,,,,,DTSA+LS,N=D,C1,3526,19,1,True
ta63,50,20,1000,DTSA,0,3212,1003000,1000000,167,57.907,,,,,1000,0.5,6,6,-5.0,5.0,5ee1241,2026-07-23T22:59:26,1.0,1002000,,,,,,DTSA-core,N=D,C1,3212,0,0,True
ta63,50,20,1000,DTSA,0,3203,1003000,1000000,167,57.907,,,,,1000,0.5,6,6,-5.0,5.0,5ee1241,2026-07-23T22:59:26,1.0,1002000,,,,,,DTSA+LS,N=D,C1,3212,19,2,True
ta63,50,20,1000,DTSA,1,3290,1003000,1000000,167,55.156,,,,,1000,0.5,6,6,-5.0,5.0,5ee1241,2026-07-23T22:59:24,1.0,1002000,,,,,,DTSA-core,N=D,C1,3290,0,0,True
ta63,50,20,1000,DTSA,1,3290,1003000,1000000,167,55.156,,,,,1000,0.5,6,6,-5.0,5.0,5ee1241,2026-07-23T22:59:24,1.0,1002000,,,,,,DTSA+LS,N=D,C1,3290,12,0,True
ta63,50,20,1000,DTSA,2,3251,1003000,1000000,167,55.463,,,,,1000,0.5,6,6,-5.0,5.0,5ee1241,2026-07-23T22:59:24,1.0,1002000,,,,,,DTSA-core,N=D,C1,3251,0,0,True
ta63,50,20,1000,DTSA,2,3251,1003000,1000000,167,55.463,,,,,1000,0.5,6,6,-5.0,5.0,5ee1241,2026-07-23T22:59:24,1.0,1002000,,,,,,DTSA+LS,N=D,C1,3251,7,0,True
ta63,50,20,1000,DTSA,3,3191,1003000,1000000,167,55.924,,,,,1000,0.5,6,6,-5.0,5.0,5ee1241,2026-07-23T22:59:24,1.0,1002000,,,,,,DTSA-core,N=D,C1,3191,0,0,True
ta63,50,20,1000,DTSA,3,3173,1003000,1000000,167,55.924,,,,,1000,0.5,6,6,-5.0,5.0,5ee1241,2026-07-23T22:59:24,1.0,1002000,,,,,,DTSA+LS,N=D,C1,3191,66,13,True
ta63,50,20,1000,DTSA,4,3220,1003000,1000000,167,55.705,,,,,1000,0.5,6,6,-5.0,5.0,5ee1241,2026-07-23T22:59:24,1.0,1002000,,,,,,DTSA-core,N=D,C1,3220,0,0,True
ta63,50,20,1000,DTSA,4,3220,1003000,1000000,167,55.705,,,,,1000,0.5,6,6,-5.0,5.0,5ee1241,2026-07-23T22:59:24,1.0,1002000,,,,,,DTSA+LS,N=D,C1,3220,13,0,True
ta63,50,20,1000,DTSA,5,3184,1003000,1000000,167,55.886,,,,,1000,0.5,6,6,-5.0,5.0,5ee1241,2026-07-23T22:59:24,1.0,1002000,,,,,,DTSA-core,N=D,C1,3184,0,0,True
ta63,50,20,1000,DTSA,5,3184,1003000,1000000,167,55.886,,,,,1000,0.5,6,6,-5.0,5.0,5ee1241,2026-07-23T22:59:24,1.0,1002000,,,,,,DTSA+LS,N=D,C1,3184,9,0,True
ta63,50,20,1000,DTSA,6,3172,1003000,1000000,167,56.451,,,,,1000,0.5,6,6,-5.0,5.0,5ee1241,2026-07-23T22:59:25,1.0,1002000,,,,,,DTSA-core,N=D,C1,3172,0,0,True
ta63,50,20,1000,DTSA,6,3172,1003000,1000000,167,56.451,,,,,1000,0.5,6,6,-5.0,5.0,5ee1241,2026-07-23T22:59:25,1.0,1002000,,,,,,DTSA+LS,N=D,C1,3172,16,0,True
ta63,50,20,1000,DTSA,7,3166,1003000,1000000,167,55.552,,,,,1000,0.5,6,6,-5.0,5.0,5ee1241,2026-07-23T23:00:19,1.0,1002000,,,,,,DTSA-core,N=D,C1,3166,0,0,True
ta63,50,20,1000,DTSA,7,3157,1003000,1000000,167,55.552,,,,,1000,0.5,6,6,-5.0,5.0,5ee1241,2026-07-23T23:00:19,1.0,1002000,,,,,,DTSA+LS,N=D,C1,3166,25,4,True
ta63,50,20,1000,DTSA,8,3158,1003000,1000000,167,56.283,,,,,1000,0.5,6,6,-5.0,5.0,5ee1241,2026-07-23T23:00:20,1.0,1002000,,,,,,DTSA-core,N=D,C1,3158,0,0,True
ta63,50,20,1000,DTSA,8,3158,1003000,1000000,167,56.283,,,,,1000,0.5,6,6,-5.0,5.0,5ee1241,2026-07-23T23:00:20,1.0,1002000,,,,,,DTSA+LS,N=D,C1,3158,12,0,True
ta63,50,20,1000,DTSA,9,3196,1003000,1000000,167,56.321,,,,,1000,0.5,6,6,-5.0,5.0,5ee1241,2026-07-23T23:00:21,1.0,1002000,,,,,,DTSA-core,N=D,C1,3196,0,0,True
ta63,50,20,1000,DTSA,9,3196,1003000,1000000,167,56.321,,,,,1000,0.5,6,6,-5.0,5.0,5ee1241,2026-07-23T23:00:21,1.0,1002000,,,,,,DTSA+LS,N=D,C1,3196,15,0,True
ta63,50,20,1000,DTSA,10,3201,1003000,1000000,167,56.715,,,,,1000,0.5,6,6,-5.0,5.0,5ee1241,2026-07-23T23:00:21,1.0,1002000,,,,,,DTSA-core,N=D,C1,3201,0,0,True
ta63,50,20,1000,DTSA,10,3201,1003000,1000000,167,56.715,,,,,1000,0.5,6,6,-5.0,5.0,5ee1241,2026-07-23T23:00:21,1.0,1002000,,,,,,DTSA+LS,N=D,C1,3201,9,0,True
ta63,50,20,1000,DTSA,11,3178,1003000,1000000,167,56.396,,,,,1000,0.5,6,6,-5.0,5.0,5ee1241,2026-07-23T23:00:21,1.0,1002000,,,,,,DTSA-core,N=D,C1,3178,0,0,True
ta63,50,20,1000,DTSA,11,3178,1003000,1000000,167,56.396,,,,,1000,0.5,6,6,-5.0,5.0,5ee1241,2026-07-23T23:00:21,1.0,1002000,,,,,,DTSA+LS,N=D,C1,3178,10,0,True
ta63,50,20,1000,DTSA,12,3249,1003000,1000000,167,56.437,,,,,1000,0.5,6,6,-5.0,5.0,5ee1241,2026-07-23T23:00:21,1.0,1002000,,,,,,DTSA-core,N=D,C1,3249,0,0,True
ta63,50,20,1000,DTSA,12,3249,1003000,1000000,167,56.437,,,,,1000,0.5,6,6,-5.0,5.0,5ee1241,2026-07-23T23:00:21,1.0,1002000,,,,,,DTSA+LS,N=D,C1,3249,12,0,True
ta63,50,20,1000,DTSA,13,3188,1003000,1000000,167,57.785,,,,,1000,0.5,6,6,-5.0,5.0,5ee1241,2026-07-23T23:00:24,1.0,1002000,,,,,,DTSA-core,N=D,C1,3188,0,0,True
ta63,50,20,1000,DTSA,13,3188,1003000,1000000,167,57.785,,,,,1000,0.5,6,6,-5.0,5.0,5ee1241,2026-07-23T23:00:24,1.0,1002000,,,,,,DTSA+LS,N=D,C1,3188,6,0,True
ta63,50,20,1000,DTSA,14,3177,1003000,1000000,167,54.693,,,,,1000,0.5,6,6,-5.0,5.0,5ee1241,2026-07-23T23:01:14,1.0,1002000,,,,,,DTSA-core,N=D,C1,3177,0,0,True
ta63,50,20,1000,DTSA,14,3177,1003000,1000000,167,54.693,,,,,1000,0.5,6,6,-5.0,5.0,5ee1241,2026-07-23T23:01:14,1.0,1002000,,,,,,DTSA+LS,N=D,C1,3177,12,0,True
ta63,50,20,1000,DTSA,15,3208,1003000,1000000,167,54.118,,,,,1000,0.5,6,6,-5.0,5.0,5ee1241,2026-07-23T23:01:14,1.0,1002000,,,,,,DTSA-core,N=D,C1,3208,0,0,True
ta63,50,20,1000,DTSA,15,3208,1003000,1000000,167,54.118,,,,,1000,0.5,6,6,-5.0,5.0,5ee1241,2026-07-23T23:01:14,1.0,1002000,,,,,,DTSA+LS,N=D,C1,3208,12,0,True
ta63,50,20,1000,DTSA,16,3159,1003000,1000000,167,55.13,,,,,1000,0.5,6,6,-5.0,5.0,5ee1241,2026-07-23T23:01:16,1.0,1002000,,,,,,DTSA-core,N=D,C1,3159,0,0,True
ta63,50,20,1000,DTSA,16,3159,1003000,1000000,167,55.13,,,,,1000,0.5,6,6,-5.0,5.0,5ee1241,2026-07-23T23:01:16,1.0,1002000,,,,,,DTSA+LS,N=D,C1,3159,6,0,True
ta63,50,20,1000,DTSA,17,3238,1003000,1000000,167,54.219,,,,,1000,0.5,6,6,-5.0,5.0,5ee1241,2026-07-23T23:01:15,1.0,1002000,,,,,,DTSA-core,N=D,C1,3238,0,0,True
ta63,50,20,1000,DTSA,17,3214,1003000,1000000,167,54.219,,,,,1000,0.5,6,6,-5.0,5.0,5ee1241,2026-07-23T23:01:15,1.0,1002000,,,,,,DTSA+LS,N=D,C1,3238,39,10,True
ta63,50,20,1000,DTSA,18,3191,1003000,1000000,167,55.341,,,,,1000,0.5,6,6,-5.0,5.0,5ee1241,2026-07-23T23:01:16,1.0,1002000,,,,,,DTSA-core,N=D,C1,3191,0,0,True
ta63,50,20,1000,DTSA,18,3175,1003000,1000000,167,55.341,,,,,1000,0.5,6,6,-5.0,5.0,5ee1241,2026-07-23T23:01:16,1.0,1002000,,,,,,DTSA+LS,N=D,C1,3191,32,10,True
ta63,50,20,1000,DTSA,19,3213,1003000,1000000,167,55.181,,,,,1000,0.5,6,6,-5.0,5.0,5ee1241,2026-07-23T23:01:17,1.0,1002000,,,,,,DTSA-core,N=D,C1,3213,0,0,True
ta63,50,20,1000,DTSA,19,3213,1003000,1000000,167,55.181,,,,,1000,0.5,6,6,-5.0,5.0,5ee1241,2026-07-23T23:01:17,1.0,1002000,,,,,,DTSA+LS,N=D,C1,3213,10,0,True
ta64,50,20,1000,DTSA,0,3239,1003000,1000000,167,58.375,,,,,1000,0.5,6,6,-5.0,5.0,5ee1241,2026-07-23T23:02:15,1.0,1002000,,,,,,DTSA-core,N=D,C1,3239,0,0,True
ta64,50,20,1000,DTSA,0,3239,1003000,1000000,167,58.375,,,,,1000,0.5,6,6,-5.0,5.0,5ee1241,2026-07-23T23:02:15,1.0,1002000,,,,,,DTSA+LS,N=D,C1,3239,12,0,True
ta64,50,20,1000,DTSA,1,3233,1003000,1000000,167,55.718,,,,,1000,0.5,6,6,-5.0,5.0,5ee1241,2026-07-23T23:02:12,1.0,1002000,,,,,,DTSA-core,N=D,C1,3233,0,0,True
ta64,50,20,1000,DTSA,1,3220,1003000,1000000,167,55.718,,,,,1000,0.5,6,6,-5.0,5.0,5ee1241,2026-07-23T23:02:12,1.0,1002000,,,,,,DTSA+LS,N=D,C1,3233,25,5,True
ta64,50,20,1000,DTSA,2,3222,1003000,1000000,167,56.36,,,,,1000,0.5,6,6,-5.0,5.0,5ee1241,2026-07-23T23:02:13,1.0,1002000,,,,,,DTSA-core,N=D,C1,3222,0,0,True
ta64,50,20,1000,DTSA,2,3222,1003000,1000000,167,56.36,,,,,1000,0.5,6,6,-5.0,5.0,5ee1241,2026-07-23T23:02:13,1.0,1002000,,,,,,DTSA+LS,N=D,C1,3222,8,0,True
ta64,50,20,1000,DTSA,3,3251,1003000,1000000,167,55.988,,,,,1000,0.5,6,6,-5.0,5.0,5ee1241,2026-07-23T23:02:13,1.0,1002000,,,,,,DTSA-core,N=D,C1,3251,0,0,True
ta64,50,20,1000,DTSA,3,3204,1003000,1000000,167,55.988,,,,,1000,0.5,6,6,-5.0,5.0,5ee1241,2026-07-23T23:02:13,1.0,1002000,,,,,,DTSA+LS,N=D,C1,3251,68,17,True
ta64,50,20,1000,DTSA,4,3239,1003000,1000000,167,56.145,,,,,1000,0.5,6,6,-5.0,5.0,5ee1241,2026-07-23T23:02:13,1.0,1002000,,,,,,DTSA-core,N=D,C1,3239,0,0,True
ta64,50,20,1000,DTSA,4,3239,1003000,1000000,167,56.145,,,,,1000,0.5,6,6,-5.0,5.0,5ee1241,2026-07-23T23:02:13,1.0,1002000,,,,,,DTSA+LS,N=D,C1,3239,21,0,True
ta64,50,20,1000,DTSA,5,3230,1003000,1000000,167,56.512,,,,,1000,0.5,6,6,-5.0,5.0,5ee1241,2026-07-23T23:02:13,1.0,1002000,,,,,,DTSA-core,N=D,C1,3230,0,0,True
ta64,50,20,1000,DTSA,5,3230,1003000,1000000,167,56.512,,,,,1000,0.5,6,6,-5.0,5.0,5ee1241,2026-07-23T23:02:13,1.0,1002000,,,,,,DTSA+LS,N=D,C1,3230,17,0,True
ta64,50,20,1000,DTSA,6,3244,1003000,1000000,167,57.346,,,,,1000,0.5,6,6,-5.0,5.0,5ee1241,2026-07-23T23:02:14,1.0,1002000,,,,,,DTSA-core,N=D,C1,3244,0,0,True
ta64,50,20,1000,DTSA,6,3244,1003000,1000000,167,57.346,,,,,1000,0.5,6,6,-5.0,5.0,5ee1241,2026-07-23T23:02:14,1.0,1002000,,,,,,DTSA+LS,N=D,C1,3244,11,0,True
ta64,50,20,1000,DTSA,7,3229,1003000,1000000,167,56.343,,,,,1000,0.5,6,6,-5.0,5.0,5ee1241,2026-07-23T23:03:09,1.0,1002000,,,,,,DTSA-core,N=D,C1,3229,0,0,True
ta64,50,20,1000,DTSA,7,3195,1003000,1000000,167,56.343,,,,,1000,0.5,6,6,-5.0,5.0,5ee1241,2026-07-23T23:03:09,1.0,1002000,,,,,,DTSA+LS,N=D,C1,3229,84,12,True
ta64,50,20,1000,DTSA,8,3223,1003000,1000000,167,57.012,,,,,1000,0.5,6,6,-5.0,5.0,5ee1241,2026-07-23T23:03:10,1.0,1002000,,,,,,DTSA-core,N=D,C1,3223,0,0,True
ta64,50,20,1000,DTSA,8,3223,1003000,1000000,167,57.012,,,,,1000,0.5,6,6,-5.0,5.0,5ee1241,2026-07-23T23:03:10,1.0,1002000,,,,,,DTSA+LS,N=D,C1,3223,15,0,True
ta64,50,20,1000,DTSA,9,3244,1003000,1000000,167,56.616,,,,,1000,0.5,6,6,-5.0,5.0,5ee1241,2026-07-23T23:03:09,1.0,1002000,,,,,,DTSA-core,N=D,C1,3244,0,0,True
ta64,50,20,1000,DTSA,9,3244,1003000,1000000,167,56.616,,,,,1000,0.5,6,6,-5.0,5.0,5ee1241,2026-07-23T23:03:09,1.0,1002000,,,,,,DTSA+LS,N=D,C1,3244,12,0,True
ta64,50,20,1000,DTSA,10,3228,1003000,1000000,167,56.157,,,,,1000,0.5,6,6,-5.0,5.0,5ee1241,2026-07-23T23:03:09,1.0,1002000,,,,,,DTSA-core,N=D,C1,3228,0,0,True
ta64,50,20,1000,DTSA,10,3228,1003000,1000000,167,56.157,,,,,1000,0.5,6,6,-5.0,5.0,5ee1241,2026-07-23T23:03:09,1.0,1002000,,,,,,DTSA+LS,N=D,C1,3228,6,0,True
ta64,50,20,1000,DTSA,11,3194,1003000,1000000,167,56.26,,,,,1000,0.5,6,6,-5.0,5.0,5ee1241,2026-07-23T23:03:09,1.0,1002000,,,,,,DTSA-core,N=D,C1,3194,0,0,True
ta64,50,20,1000,DTSA,11,3193,1003000,1000000,167,56.26,,,,,1000,0.5,6,6,-5.0,5.0,5ee1241,2026-07-23T23:03:09,1.0,1002000,,,,,,DTSA+LS,N=D,C1,3194,14,1,True
ta64,50,20,1000,DTSA,12,3210,1003000,1000000,167,57.334,,,,,1000,0.5,6,6,-5.0,5.0,5ee1241,2026-07-23T23:03:11,1.0,1002000,,,,,,DTSA-core,N=D,C1,3210,0,0,True
ta64,50,20,1000,DTSA,12,3192,1003000,1000000,167,57.334,,,,,1000,0.5,6,6,-5.0,5.0,5ee1241,2026-07-23T23:03:11,1.0,1002000,,,,,,DTSA+LS,N=D,C1,3210,44,5,True
ta64,50,20,1000,DTSA,13,3134,1003000,1000000,167,58.779,,,,,1000,0.5,6,6,-5.0,5.0,5ee1241,2026-07-23T23:03:14,1.0,1002000,,,,,,DTSA-core,N=D,C1,3134,0,0,True
ta64,50,20,1000,DTSA,13,3112,1003000,1000000,167,58.779,,,,,1000,0.5,6,6,-5.0,5.0,5ee1241,2026-07-23T23:03:14,1.0,1002000,,,,,,DTSA+LS,N=D,C1,3134,42,10,True
ta64,50,20,1000,DTSA,14,3261,1003000,1000000,167,54.464,,,,,1000,0.5,6,6,-5.0,5.0,5ee1241,2026-07-23T23:04:03,1.0,1002000,,,,,,DTSA-core,N=D,C1,3261,0,0,True
ta64,50,20,1000,DTSA,14,3261,1003000,1000000,167,54.464,,,,,1000,0.5,6,6,-5.0,5.0,5ee1241,2026-07-23T23:04:03,1.0,1002000,,,,,,DTSA+LS,N=D,C1,3261,17,0,True
ta64,50,20,1000,DTSA,15,3236,1003000,1000000,167,55.26,,,,,1000,0.5,6,6,-5.0,5.0,5ee1241,2026-07-23T23:04:05,1.0,1002000,,,,,,DTSA-core,N=D,C1,3236,0,0,True
ta64,50,20,1000,DTSA,15,3228,1003000,1000000,167,55.26,,,,,1000,0.5,6,6,-5.0,5.0,5ee1241,2026-07-23T23:04:05,1.0,1002000,,,,,,DTSA+LS,N=D,C1,3236,38,5,True
ta64,50,20,1000,DTSA,16,3223,1003000,1000000,167,55.082,,,,,1000,0.5,6,6,-5.0,5.0,5ee1241,2026-07-23T23:04:05,1.0,1002000,,,,,,DTSA-core,N=D,C1,3223,0,0,True
ta64,50,20,1000,DTSA,16,3216,1003000,1000000,167,55.082,,,,,1000,0.5,6,6,-5.0,5.0,5ee1241,2026-07-23T23:04:05,1.0,1002000,,,,,,DTSA+LS,N=D,C1,3223,32,2,True
ta64,50,20,1000,DTSA,17,3251,1003000,1000000,167,55.507,,,,,1000,0.5,6,6,-5.0,5.0,5ee1241,2026-07-23T23:04:05,1.0,1002000,,,,,,DTSA-core,N=D,C1,3251,0,0,True
ta64,50,20,1000,DTSA,17,3250,1003000,1000000,167,55.507,,,,,1000,0.5,6,6,-5.0,5.0,5ee1241,2026-07-23T23:04:05,1.0,1002000,,,,,,DTSA+LS,N=D,C1,3251,14,1,True
ta64,50,20,1000,DTSA,18,3230,1003000,1000000,167,55.263,,,,,1000,0.5,6,6,-5.0,5.0,5ee1241,2026-07-23T23:04:05,1.0,1002000,,,,,,DTSA-core,N=D,C1,3230,0,0,True
ta64,50,20,1000,DTSA,18,3230,1003000,1000000,167,55.263,,,,,1000,0.5,6,6,-5.0,5.0,5ee1241,2026-07-23T23:04:05,1.0,1002000,,,,,,DTSA+LS,N=D,C1,3230,11,0,True
ta64,50,20,1000,DTSA,19,3268,1003000,1000000,167,55.089,,,,,1000,0.5,6,6,-5.0,5.0,5ee1241,2026-07-23T23:04:07,1.0,1002000,,,,,,DTSA-core,N=D,C1,3268,0,0,True
ta64,50,20,1000,DTSA,19,3268,1003000,1000000,167,55.089,,,,,1000,0.5,6,6,-5.0,5.0,5ee1241,2026-07-23T23:04:07,1.0,1002000,,,,,,DTSA+LS,N=D,C1,3268,8,0,True
ta65,50,20,1000,DTSA,0,3246,1003000,1000000,167,58.91,,,,,1000,0.5,6,6,-5.0,5.0,5ee1241,2026-07-23T23:05:05,1.0,1002000,,,,,,DTSA-core,N=D,C1,3246,0,0,True
ta65,50,20,1000,DTSA,0,3244,1003000,1000000,167,58.91,,,,,1000,0.5,6,6,-5.0,5.0,5ee1241,2026-07-23T23:05:05,1.0,1002000,,,,,,DTSA+LS,N=D,C1,3246,15,2,True
ta65,50,20,1000,DTSA,1,3279,1003000,1000000,167,56.481,,,,,1000,0.5,6,6,-5.0,5.0,5ee1241,2026-07-23T23:05:03,1.0,1002000,,,,,,DTSA-core,N=D,C1,3279,0,0,True
ta65,50,20,1000,DTSA,1,3279,1003000,1000000,167,56.481,,,,,1000,0.5,6,6,-5.0,5.0,5ee1241,2026-07-23T23:05:03,1.0,1002000,,,,,,DTSA+LS,N=D,C1,3279,11,0,True
ta65,50,20,1000,DTSA,2,3370,1003000,1000000,167,56.044,,,,,1000,0.5,6,6,-5.0,5.0,5ee1241,2026-07-23T23:05:03,1.0,1002000,,,,,,DTSA-core,N=D,C1,3370,0,0,True
ta65,50,20,1000,DTSA,2,3370,1003000,1000000,167,56.044,,,,,1000,0.5,6,6,-5.0,5.0,5ee1241,2026-07-23T23:05:03,1.0,1002000,,,,,,DTSA+LS,N=D,C1,3370,6,0,True
ta65,50,20,1000,DTSA,3,3269,1003000,1000000,167,57.255,,,,,1000,0.5,6,6,-5.0,5.0,5ee1241,2026-07-23T23:05:04,1.0,1002000,,,,,,DTSA-core,N=D,C1,3269,0,0,True
ta65,50,20,1000,DTSA,3,3248,1003000,1000000,167,57.255,,,,,1000,0.5,6,6,-5.0,5.0,5ee1241,2026-07-23T23:05:04,1.0,1002000,,,,,,DTSA+LS,N=D,C1,3269,47,7,True
ta65,50,20,1000,DTSA,4,3375,1003000,1000000,167,56.285,,,,,1000,0.5,6,6,-5.0,5.0,5ee1241,2026-07-23T23:05:03,1.0,1002000,,,,,,DTSA-core,N=D,C1,3375,0,0,True
ta65,50,20,1000,DTSA,4,3375,1003000,1000000,167,56.285,,,,,1000,0.5,6,6,-5.0,5.0,5ee1241,2026-07-23T23:05:03,1.0,1002000,,,,,,DTSA+LS,N=D,C1,3375,7,0,True
ta65,50,20,1000,DTSA,5,3286,1003000,1000000,167,56.902,,,,,1000,0.5,6,6,-5.0,5.0,5ee1241,2026-07-23T23:05:03,1.0,1002000,,,,,,DTSA-core,N=D,C1,3286,0,0,True
ta65,50,20,1000,DTSA,5,3277,1003000,1000000,167,56.902,,,,,1000,0.5,6,6,-5.0,5.0,5ee1241,2026-07-23T23:05:03,1.0,1002000,,,,,,DTSA+LS,N=D,C1,3286,27,3,True
ta65,50,20,1000,DTSA,6,3302,1003000,1000000,167,57.418,,,,,1000,0.5,6,6,-5.0,5.0,5ee1241,2026-07-23T23:05:04,1.0,1002000,,,,,,DTSA-core,N=D,C1,3302,0,0,True
ta65,50,20,1000,DTSA,6,3302,1003000,1000000,167,57.418,,,,,1000,0.5,6,6,-5.0,5.0,5ee1241,2026-07-23T23:05:04,1.0,1002000,,,,,,DTSA+LS,N=D,C1,3302,7,0,True
ta65,50,20,1000,DTSA,7,3365,1003000,1000000,167,57.382,,,,,1000,0.5,6,6,-5.0,5.0,5ee1241,2026-07-23T23:06:00,1.0,1002000,,,,,,DTSA-core,N=D,C1,3365,0,0,True
ta65,50,20,1000,DTSA,7,3365,1003000,1000000,167,57.382,,,,,1000,0.5,6,6,-5.0,5.0,5ee1241,2026-07-23T23:06:00,1.0,1002000,,,,,,DTSA+LS,N=D,C1,3365,9,0,True
ta65,50,20,1000,DTSA,8,3367,1003000,1000000,167,56.811,,,,,1000,0.5,6,6,-5.0,5.0,5ee1241,2026-07-23T23:06:00,1.0,1002000,,,,,,DTSA-core,N=D,C1,3367,0,0,True
ta65,50,20,1000,DTSA,8,3367,1003000,1000000,167,56.811,,,,,1000,0.5,6,6,-5.0,5.0,5ee1241,2026-07-23T23:06:00,1.0,1002000,,,,,,DTSA+LS,N=D,C1,3367,16,0,True
ta65,50,20,1000,DTSA,9,3336,1003000,1000000,167,56.822,,,,,1000,0.5,6,6,-5.0,5.0,5ee1241,2026-07-23T23:06:00,1.0,1002000,,,,,,DTSA-core,N=D,C1,3336,0,0,True
ta65,50,20,1000,DTSA,9,3336,1003000,1000000,167,56.822,,,,,1000,0.5,6,6,-5.0,5.0,5ee1241,2026-07-23T23:06:00,1.0,1002000,,,,,,DTSA+LS,N=D,C1,3336,15,0,True
ta65,50,20,1000,DTSA,10,3269,1003000,1000000,167,57.821,,,,,1000,0.5,6,6,-5.0,5.0,5ee1241,2026-07-23T23:06:01,1.0,1002000,,,,,,DTSA-core,N=D,C1,3269,0,0,True
ta65,50,20,1000,DTSA,10,3269,1003000,1000000,167,57.821,,,,,1000,0.5,6,6,-5.0,5.0,5ee1241,2026-07-23T23:06:01,1.0,1002000,,,,,,DTSA+LS,N=D,C1,3269,10,0,True
ta65,50,20,1000,DTSA,11,3295,1003000,1000000,167,57.951,,,,,1000,0.5,6,6,-5.0,5.0,5ee1241,2026-07-23T23:06:02,1.0,1002000,,,,,,DTSA-core,N=D,C1,3295,0,0,True
ta65,50,20,1000,DTSA,11,3278,1003000,1000000,167,57.951,,,,,1000,0.5,6,6,-5.0,5.0,5ee1241,2026-07-23T23:06:02,1.0,1002000,,,,,,DTSA+LS,N=D,C1,3295,45,6,True
ta65,50,20,1000,DTSA,12,3290,1003000,1000000,167,58.361,,,,,1000,0.5,6,6,-5.0,5.0,5ee1241,2026-07-23T23:06:02,1.0,1002000,,,,,,DTSA-core,N=D,C1,3290,0,0,True
ta65,50,20,1000,DTSA,12,3290,1003000,1000000,167,58.361,,,,,1000,0.5,6,6,-5.0,5.0,5ee1241,2026-07-23T23:06:02,1.0,1002000,,,,,,DTSA+LS,N=D,C1,3290,11,0,True
ta65,50,20,1000,DTSA,13,3369,1003000,1000000,167,59.57,,,,,1000,0.5,6,6,-5.0,5.0,5ee1241,2026-07-23T23:06:05,1.0,1002000,,,,,,DTSA-core,N=D,C1,3369,0,0,True
ta65,50,20,1000,DTSA,13,3369,1003000,1000000,167,59.57,,,,,1000,0.5,6,6,-5.0,5.0,5ee1241,2026-07-23T23:06:05,1.0,1002000,,,,,,DTSA+LS,N=D,C1,3369,10,0,True
ta65,50,20,1000,DTSA,14,3374,1003000,1000000,167,54.874,,,,,1000,0.5,6,6,-5.0,5.0,5ee1241,2026-07-23T23:06:55,1.0,1002000,,,,,,DTSA-core,N=D,C1,3374,0,0,True
ta65,50,20,1000,DTSA,14,3374,1003000,1000000,167,54.874,,,,,1000,0.5,6,6,-5.0,5.0,5ee1241,2026-07-23T23:06:55,1.0,1002000,,,,,,DTSA+LS,N=D,C1,3374,11,0,True
ta65,50,20,1000,DTSA,15,3337,1003000,1000000,167,54.421,,,,,1000,0.5,6,6,-5.0,5.0,5ee1241,2026-07-23T23:06:54,1.0,1002000,,,,,,DTSA-core,N=D,C1,3337,0,0,True
ta65,50,20,1000,DTSA,15,3337,1003000,1000000,167,54.421,,,,,1000,0.5,6,6,-5.0,5.0,5ee1241,2026-07-23T23:06:54,1.0,1002000,,,,,,DTSA+LS,N=D,C1,3337,6,0,True
ta65,50,20,1000,DTSA,16,3341,1003000,1000000,167,54.584,,,,,1000,0.5,6,6,-5.0,5.0,5ee1241,2026-07-23T23:06:55,1.0,1002000,,,,,,DTSA-core,N=D,C1,3341,0,0,True
ta65,50,20,1000,DTSA,16,3341,1003000,1000000,167,54.584,,,,,1000,0.5,6,6,-5.0,5.0,5ee1241,2026-07-23T23:06:55,1.0,1002000,,,,,,DTSA+LS,N=D,C1,3341,14,0,True
ta65,50,20,1000,DTSA,17,3309,1003000,1000000,167,54.7,,,,,1000,0.5,6,6,-5.0,5.0,5ee1241,2026-07-23T23:06:56,1.0,1002000,,,,,,DTSA-core,N=D,C1,3309,0,0,True
ta65,50,20,1000,DTSA,17,3309,1003000,1000000,167,54.7,,,,,1000,0.5,6,6,-5.0,5.0,5ee1241,2026-07-23T23:06:56,1.0,1002000,,,,,,DTSA+LS,N=D,C1,3309,19,0,True
ta65,50,20,1000,DTSA,18,3304,1003000,1000000,167,55.22,,,,,1000,0.5,6,6,-5.0,5.0,5ee1241,2026-07-23T23:06:57,1.0,1002000,,,,,,DTSA-core,N=D,C1,3304,0,0,True
ta65,50,20,1000,DTSA,18,3304,1003000,1000000,167,55.22,,,,,1000,0.5,6,6,-5.0,5.0,5ee1241,2026-07-23T23:06:57,1.0,1002000,,,,,,DTSA+LS,N=D,C1,3304,12,0,True
ta65,50,20,1000,DTSA,19,3330,1003000,1000000,167,55.447,,,,,1000,0.5,6,6,-5.0,5.0,5ee1241,2026-07-23T23:06:58,1.0,1002000,,,,,,DTSA-core,N=D,C1,3330,0,0,True
ta65,50,20,1000,DTSA,19,3319,1003000,1000000,167,55.447,,,,,1000,0.5,6,6,-5.0,5.0,5ee1241,2026-07-23T23:06:58,1.0,1002000,,,,,,DTSA+LS,N=D,C1,3330,24,5,True
ta71,100,20,2000,DTSA,0,6228,2006000,2000000,167,244.719,,,,,2000,0.5,6,6,-5.0,5.0,5ee1241,2026-07-23T23:11:03,1.0,2004000,,,,,,DTSA-core,N=D,C1,6228,0,0,True
ta71,100,20,2000,DTSA,0,6228,2006000,2000000,167,244.719,,,,,2000,0.5,6,6,-5.0,5.0,5ee1241,2026-07-23T23:11:03,1.0,2004000,,,,,,DTSA+LS,N=D,C1,6228,10,0,True
ta71,100,20,2000,DTSA,1,6209,2006000,2000000,167,235.87,,,,,2000,0.5,6,6,-5.0,5.0,5ee1241,2026-07-23T23:10:54,1.0,2004000,,,,,,DTSA-core,N=D,C1,6209,0,0,True
ta71,100,20,2000,DTSA,1,6209,2006000,2000000,167,235.87,,,,,2000,0.5,6,6,-5.0,5.0,5ee1241,2026-07-23T23:10:54,1.0,2004000,,,,,,DTSA+LS,N=D,C1,6209,8,0,True
ta71,100,20,2000,DTSA,2,6286,2006000,2000000,167,235.52,,,,,2000,0.5,6,6,-5.0,5.0,5ee1241,2026-07-23T23:10:54,1.0,2004000,,,,,,DTSA-core,N=D,C1,6286,0,0,True
ta71,100,20,2000,DTSA,2,6277,2006000,2000000,167,235.52,,,,,2000,0.5,6,6,-5.0,5.0,5ee1241,2026-07-23T23:10:54,1.0,2004000,,,,,,DTSA+LS,N=D,C1,6286,18,4,True
ta71,100,20,2000,DTSA,3,6359,2006000,2000000,167,236.596,,,,,2000,0.5,6,6,-5.0,5.0,5ee1241,2026-07-23T23:10:55,1.0,2004000,,,,,,DTSA-core,N=D,C1,6359,0,0,True
ta71,100,20,2000,DTSA,3,6359,2006000,2000000,167,236.596,,,,,2000,0.5,6,6,-5.0,5.0,5ee1241,2026-07-23T23:10:55,1.0,2004000,,,,,,DTSA+LS,N=D,C1,6359,9,0,True
ta71,100,20,2000,DTSA,4,6255,2006000,2000000,167,239.431,,,,,2000,0.5,6,6,-5.0,5.0,5ee1241,2026-07-23T23:10:57,1.0,2004000,,,,,,DTSA-core,N=D,C1,6255,0,0,True
ta71,100,20,2000,DTSA,4,6254,2006000,2000000,167,239.431,,,,,2000,0.5,6,6,-5.0,5.0,5ee1241,2026-07-23T23:10:57,1.0,2004000,,,,,,DTSA+LS,N=D,C1,6255,15,1,True
ta71,100,20,2000,DTSA,5,6270,2006000,2000000,167,235.21,,,,,2000,0.5,6,6,-5.0,5.0,5ee1241,2026-07-23T23:10:53,1.0,2004000,,,,,,DTSA-core,N=D,C1,6270,0,0,True
ta71,100,20,2000,DTSA,5,6270,2006000,2000000,167,235.21,,,,,2000,0.5,6,6,-5.0,5.0,5ee1241,2026-07-23T23:10:53,1.0,2004000,,,,,,DTSA+LS,N=D,C1,6270,10,0,True
ta71,100,20,2000,DTSA,6,6283,2006000,2000000,167,240.769,,,,,2000,0.5,6,6,-5.0,5.0,5ee1241,2026-07-23T23:10:59,1.0,2004000,,,,,,DTSA-core,N=D,C1,6283,0,0,True
ta71,100,20,2000,DTSA,6,6279,2006000,2000000,167,240.769,,,,,2000,0.5,6,6,-5.0,5.0,5ee1241,2026-07-23T23:10:59,1.0,2004000,,,,,,DTSA+LS,N=D,C1,6283,18,2,True
ta71,100,20,2000,DTSA,7,6253,2006000,2000000,167,235.976,,,,,2000,0.5,6,6,-5.0,5.0,5ee1241,2026-07-23T23:14:49,1.0,2004000,,,,,,DTSA-core,N=D,C1,6253,0,0,True
ta71,100,20,2000,DTSA,7,6253,2006000,2000000,167,235.976,,,,,2000,0.5,6,6,-5.0,5.0,5ee1241,2026-07-23T23:14:49,1.0,2004000,,,,,,DTSA+LS,N=D,C1,6253,6,0,True
ta71,100,20,2000,DTSA,8,6267,2006000,2000000,167,234.096,,,,,2000,0.5,6,6,-5.0,5.0,5ee1241,2026-07-23T23:14:48,1.0,2004000,,,,,,DTSA-core,N=D,C1,6267,0,0,True
ta71,100,20,2000,DTSA,8,6267,2006000,2000000,167,234.096,,,,,2000,0.5,6,6,-5.0,5.0,5ee1241,2026-07-23T23:14:48,1.0,2004000,,,,,,DTSA+LS,N=D,C1,6267,6,0,True
ta71,100,20,2000,DTSA,9,6318,2006000,2000000,167,235.375,,,,,2000,0.5,6,6,-5.0,5.0,5ee1241,2026-07-23T23:14:49,1.0,2004000,,,,,,DTSA-core,N=D,C1,6318,0,0,True
ta71,100,20,2000,DTSA,9,6318,2006000,2000000,167,235.375,,,,,2000,0.5,6,6,-5.0,5.0,5ee1241,2026-07-23T23:14:49,1.0,2004000,,,,,,DTSA+LS,N=D,C1,6318,12,0,True
ta71,100,20,2000,DTSA,10,6273,2006000,2000000,167,234.487,,,,,2000,0.5,6,6,-5.0,5.0,5ee1241,2026-07-23T23:14:49,1.0,2004000,,,,,,DTSA-core,N=D,C1,6273,0,0,True
ta71,100,20,2000,DTSA,10,6260,2006000,2000000,167,234.487,,,,,2000,0.5,6,6,-5.0,5.0,5ee1241,2026-07-23T23:14:49,1.0,2004000,,,,,,DTSA+LS,N=D,C1,6273,24,3,True
ta71,100,20,2000,DTSA,11,6183,2006000,2000000,167,239.728,,,,,2000,0.5,6,6,-5.0,5.0,5ee1241,2026-07-23T23:14:57,1.0,2004000,,,,,,DTSA-core,N=D,C1,6183,0,0,True
ta71,100,20,2000,DTSA,11,6176,2006000,2000000,167,239.728,,,,,2000,0.5,6,6,-5.0,5.0,5ee1241,2026-07-23T23:14:57,1.0,2004000,,,,,,DTSA+LS,N=D,C1,6183,21,6,True
ta71,100,20,2000,DTSA,12,6288,2006000,2000000,167,238.154,,,,,2000,0.5,6,6,-5.0,5.0,5ee1241,2026-07-23T23:14:57,1.0,2004000,,,,,,DTSA-core,N=D,C1,6288,0,0,True
ta71,100,20,2000,DTSA,12,6287,2006000,2000000,167,238.154,,,,,2000,0.5,6,6,-5.0,5.0,5ee1241,2026-07-23T23:14:57,1.0,2004000,,,,,,DTSA+LS,N=D,C1,6288,14,1,True
ta71,100,20,2000,DTSA,13,6220,2006000,2000000,167,243.26,,,,,2000,0.5,6,6,-5.0,5.0,5ee1241,2026-07-23T23:15:06,1.0,2004000,,,,,,DTSA-core,N=D,C1,6220,0,0,True
ta71,100,20,2000,DTSA,13,6220,2006000,2000000,167,243.26,,,,,2000,0.5,6,6,-5.0,5.0,5ee1241,2026-07-23T23:15:06,1.0,2004000,,,,,,DTSA+LS,N=D,C1,6220,6,0,True
ta71,100,20,2000,DTSA,14,6288,2006000,2000000,167,230.323,,,,,2000,0.5,6,6,-5.0,5.0,5ee1241,2026-07-23T23:18:38,1.0,2004000,,,,,,DTSA-core,N=D,C1,6288,0,0,True
ta71,100,20,2000,DTSA,14,6275,2006000,2000000,167,230.323,,,,,2000,0.5,6,6,-5.0,5.0,5ee1241,2026-07-23T23:18:38,1.0,2004000,,,,,,DTSA+LS,N=D,C1,6288,13,3,True
ta71,100,20,2000,DTSA,15,6218,2006000,2000000,167,231.026,,,,,2000,0.5,6,6,-5.0,5.0,5ee1241,2026-07-23T23:18:40,1.0,2004000,,,,,,DTSA-core,N=D,C1,6218,0,0,True
ta71,100,20,2000,DTSA,15,6218,2006000,2000000,167,231.026,,,,,2000,0.5,6,6,-5.0,5.0,5ee1241,2026-07-23T23:18:40,1.0,2004000,,,,,,DTSA+LS,N=D,C1,6218,10,0,True
ta71,100,20,2000,DTSA,16,6401,2006000,2000000,167,228.805,,,,,2000,0.5,6,6,-5.0,5.0,5ee1241,2026-07-23T23:18:38,1.0,2004000,,,,,,DTSA-core,N=D,C1,6401,0,0,True
ta71,100,20,2000,DTSA,16,6401,2006000,2000000,167,228.805,,,,,2000,0.5,6,6,-5.0,5.0,5ee1241,2026-07-23T23:18:38,1.0,2004000,,,,,,DTSA+LS,N=D,C1,6401,13,0,True
ta71,100,20,2000,DTSA,17,6259,2006000,2000000,167,229.799,,,,,2000,0.5,6,6,-5.0,5.0,5ee1241,2026-07-23T23:18:39,1.0,2004000,,,,,,DTSA-core,N=D,C1,6259,0,0,True
ta71,100,20,2000,DTSA,17,6259,2006000,2000000,167,229.799,,,,,2000,0.5,6,6,-5.0,5.0,5ee1241,2026-07-23T23:18:39,1.0,2004000,,,,,,DTSA+LS,N=D,C1,6259,7,0,True
ta71,100,20,2000,DTSA,18,6212,2006000,2000000,167,233.526,,,,,2000,0.5,6,6,-5.0,5.0,5ee1241,2026-07-23T23:18:51,1.0,2004000,,,,,,DTSA-core,N=D,C1,6212,0,0,True
ta71,100,20,2000,DTSA,18,6173,2006000,2000000,167,233.526,,,,,2000,0.5,6,6,-5.0,5.0,5ee1241,2026-07-23T23:18:51,1.0,2004000,,,,,,DTSA+LS,N=D,C1,6212,52,16,True
ta71,100,20,2000,DTSA,19,6306,2006000,2000000,167,231.229,,,,,2000,0.5,6,6,-5.0,5.0,5ee1241,2026-07-23T23:18:49,1.0,2004000,,,,,,DTSA-core,N=D,C1,6306,0,0,True
ta71,100,20,2000,DTSA,19,6298,2006000,2000000,167,231.229,,,,,2000,0.5,6,6,-5.0,5.0,5ee1241,2026-07-23T23:18:49,1.0,2004000,,,,,,DTSA+LS,N=D,C1,6306,14,2,True
ta72,100,20,2000,DTSA,0,5803,2006000,2000000,167,245.536,,,,,2000,0.5,6,6,-5.0,5.0,5ee1241,2026-07-23T23:22:56,1.0,2004000,,,,,,DTSA-core,N=D,C1,5803,0,0,True
ta72,100,20,2000,DTSA,0,5803,2006000,2000000,167,245.536,,,,,2000,0.5,6,6,-5.0,5.0,5ee1241,2026-07-23T23:22:56,1.0,2004000,,,,,,DTSA+LS,N=D,C1,5803,12,0,True
ta72,100,20,2000,DTSA,1,5783,2006000,2000000,167,236.204,,,,,2000,0.5,6,6,-5.0,5.0,5ee1241,2026-07-23T23:22:47,1.0,2004000,,,,,,DTSA-core,N=D,C1,5783,0,0,True
ta72,100,20,2000,DTSA,1,5783,2006000,2000000,167,236.204,,,,,2000,0.5,6,6,-5.0,5.0,5ee1241,2026-07-23T23:22:47,1.0,2004000,,,,,,DTSA+LS,N=D,C1,5783,21,0,True
ta72,100,20,2000,DTSA,2,5799,2006000,2000000,167,241.232,,,,,2000,0.5,6,6,-5.0,5.0,5ee1241,2026-07-23T23:22:52,1.0,2004000,,,,,,DTSA-core,N=D,C1,5799,0,0,True
ta72,100,20,2000,DTSA,2,5773,2006000,2000000,167,241.232,,,,,2000,0.5,6,6,-5.0,5.0,5ee1241,2026-07-23T23:22:52,1.0,2004000,,,,,,DTSA+LS,N=D,C1,5799,50,11,True
ta72,100,20,2000,DTSA,3,5722,2006000,2000000,167,237.157,,,,,2000,0.5,6,6,-5.0,5.0,5ee1241,2026-07-23T23:22:48,1.0,2004000,,,,,,DTSA-core,N=D,C1,5722,0,0,True
ta72,100,20,2000,DTSA,3,5722,2006000,2000000,167,237.157,,,,,2000,0.5,6,6,-5.0,5.0,5ee1241,2026-07-23T23:22:48,1.0,2004000,,,,,,DTSA+LS,N=D,C1,5722,13,0,True
ta72,100,20,2000,DTSA,4,5804,2006000,2000000,167,236.355,,,,,2000,0.5,6,6,-5.0,5.0,5ee1241,2026-07-23T23:22:47,1.0,2004000,,,,,,DTSA-core,N=D,C1,5804,0,0,True
ta72,100,20,2000,DTSA,4,5804,2006000,2000000,167,236.355,,,,,2000,0.5,6,6,-5.0,5.0,5ee1241,2026-07-23T23:22:47,1.0,2004000,,,,,,DTSA+LS,N=D,C1,5804,15,0,True
ta72,100,20,2000,DTSA,5,5765,2006000,2000000,167,239.485,,,,,2000,0.5,6,6,-5.0,5.0,5ee1241,2026-07-23T23:22:50,1.0,2004000,,,,,,DTSA-core,N=D,C1,5765,0,0,True
ta72,100,20,2000,DTSA,5,5765,2006000,2000000,167,239.485,,,,,2000,0.5,6,6,-5.0,5.0,5ee1241,2026-07-23T23:22:50,1.0,2004000,,,,,,DTSA+LS,N=D,C1,5765,22,0,True
ta72,100,20,2000,DTSA,6,5819,2006000,2000000,167,239.955,,,,,2000,0.5,6,6,-5.0,5.0,5ee1241,2026-07-23T23:22:51,1.0,2004000,,,,,,DTSA-core,N=D,C1,5819,0,0,True
ta72,100,20,2000,DTSA,6,5819,2006000,2000000,167,239.955,,,,,2000,0.5,6,6,-5.0,5.0,5ee1241,2026-07-23T23:22:51,1.0,2004000,,,,,,DTSA+LS,N=D,C1,5819,9,0,True
ta72,100,20,2000,DTSA,7,5769,2006000,2000000,167,233.063,,,,,2000,0.5,6,6,-5.0,5.0,5ee1241,2026-07-23T23:26:40,1.0,2004000,,,,,,DTSA-core,N=D,C1,5769,0,0,True
ta72,100,20,2000,DTSA,7,5769,2006000,2000000,167,233.063,,,,,2000,0.5,6,6,-5.0,5.0,5ee1241,2026-07-23T23:26:40,1.0,2004000,,,,,,DTSA+LS,N=D,C1,5769,13,0,True
ta72,100,20,2000,DTSA,8,5833,2006000,2000000,167,233.42,,,,,2000,0.5,6,6,-5.0,5.0,5ee1241,2026-07-23T23:26:41,1.0,2004000,,,,,,DTSA-core,N=D,C1,5833,0,0,True
ta72,100,20,2000,DTSA,8,5772,2006000,2000000,167,233.42,,,,,2000,0.5,6,6,-5.0,5.0,5ee1241,2026-07-23T23:26:41,1.0,2004000,,,,,,DTSA+LS,N=D,C1,5833,52,17,True
ta72,100,20,2000,DTSA,9,5682,2006000,2000000,167,233.155,,,,,2000,0.5,6,6,-5.0,5.0,5ee1241,2026-07-23T23:26:41,1.0,2004000,,,,,,DTSA-core,N=D,C1,5682,0,0,True
ta72,100,20,2000,DTSA,9,5682,2006000,2000000,167,233.155,,,,,2000,0.5,6,6,-5.0,5.0,5ee1241,2026-07-23T23:26:41,1.0,2004000,,,,,,DTSA+LS,N=D,C1,5682,8,0,True
ta72,100,20,2000,DTSA,10,5742,2006000,2000000,167,235.791,,,,,2000,0.5,6,6,-5.0,5.0,5ee1241,2026-07-23T23:26:46,1.0,2004000,,,,,,DTSA-core,N=D,C1,5742,0,0,True
ta72,100,20,2000,DTSA,10,5720,2006000,2000000,167,235.791,,,,,2000,0.5,6,6,-5.0,5.0,5ee1241,2026-07-23T23:26:46,1.0,2004000,,,,,,DTSA+LS,N=D,C1,5742,36,10,True
ta72,100,20,2000,DTSA,11,5786,2006000,2000000,167,238.772,,,,,2000,0.5,6,6,-5.0,5.0,5ee1241,2026-07-23T23:26:50,1.0,2004000,,,,,,DTSA-core,N=D,C1,5786,0,0,True
ta72,100,20,2000,DTSA,11,5786,2006000,2000000,167,238.772,,,,,2000,0.5,6,6,-5.0,5.0,5ee1241,2026-07-23T23:26:50,1.0,2004000,,,,,,DTSA+LS,N=D,C1,5786,10,0,True
ta72,100,20,2000,DTSA,12,5756,2006000,2000000,167,234.462,,,,,2000,0.5,6,6,-5.0,5.0,5ee1241,2026-07-23T23:26:47,1.0,2004000,,,,,,DTSA-core,N=D,C1,5756,0,0,True
ta72,100,20,2000,DTSA,12,5755,2006000,2000000,167,234.462,,,,,2000,0.5,6,6,-5.0,5.0,5ee1241,2026-07-23T23:26:47,1.0,2004000,,,,,,DTSA+LS,N=D,C1,5756,24,1,True
ta72,100,20,2000,DTSA,13,5757,2006000,2000000,167,242.999,,,,,2000,0.5,6,6,-5.0,5.0,5ee1241,2026-07-23T23:26:59,1.0,2004000,,,,,,DTSA-core,N=D,C1,5757,0,0,True
ta72,100,20,2000,DTSA,13,5757,2006000,2000000,167,242.999,,,,,2000,0.5,6,6,-5.0,5.0,5ee1241,2026-07-23T23:26:59,1.0,2004000,,,,,,DTSA+LS,N=D,C1,5757,9,0,True
ta72,100,20,2000,DTSA,14,5812,2006000,2000000,167,228.488,,,,,2000,0.5,6,6,-5.0,5.0,5ee1241,2026-07-23T23:30:29,1.0,2004000,,,,,,DTSA-core,N=D,C1,5812,0,0,True
ta72,100,20,2000,DTSA,14,5801,2006000,2000000,167,228.488,,,,,2000,0.5,6,6,-5.0,5.0,5ee1241,2026-07-23T23:30:29,1.0,2004000,,,,,,DTSA+LS,N=D,C1,5812,25,7,True
ta72,100,20,2000,DTSA,15,5754,2006000,2000000,167,228.787,,,,,2000,0.5,6,6,-5.0,5.0,5ee1241,2026-07-23T23:30:30,1.0,2004000,,,,,,DTSA-core,N=D,C1,5754,0,0,True
ta72,100,20,2000,DTSA,15,5754,2006000,2000000,167,228.787,,,,,2000,0.5,6,6,-5.0,5.0,5ee1241,2026-07-23T23:30:30,1.0,2004000,,,,,,DTSA+LS,N=D,C1,5754,15,0,True
ta72,100,20,2000,DTSA,16,5779,2006000,2000000,167,230.028,,,,,2000,0.5,6,6,-5.0,5.0,5ee1241,2026-07-23T23:30:31,1.0,2004000,,,,,,DTSA-core,N=D,C1,5779,0,0,True
ta72,100,20,2000,DTSA,16,5779,2006000,2000000,167,230.028,,,,,2000,0.5,6,6,-5.0,5.0,5ee1241,2026-07-23T23:30:31,1.0,2004000,,,,,,DTSA+LS,N=D,C1,5779,12,0,True
ta72,100,20,2000,DTSA,17,5724,2006000,2000000,167,229.331,,,,,2000,0.5,6,6,-5.0,5.0,5ee1241,2026-07-23T23:30:36,1.0,2004000,,,,,,DTSA-core,N=D,C1,5724,0,0,True
ta72,100,20,2000,DTSA,17,5724,2006000,2000000,167,229.331,,,,,2000,0.5,6,6,-5.0,5.0,5ee1241,2026-07-23T23:30:36,1.0,2004000,,,,,,DTSA+LS,N=D,C1,5724,12,0,True
ta72,100,20,2000,DTSA,18,5749,2006000,2000000,167,229.072,,,,,2000,0.5,6,6,-5.0,5.0,5ee1241,2026-07-23T23:30:36,1.0,2004000,,,,,,DTSA-core,N=D,C1,5749,0,0,True
ta72,100,20,2000,DTSA,18,5749,2006000,2000000,167,229.072,,,,,2000,0.5,6,6,-5.0,5.0,5ee1241,2026-07-23T23:30:36,1.0,2004000,,,,,,DTSA+LS,N=D,C1,5749,10,0,True
ta72,100,20,2000,DTSA,19,5720,2006000,2000000,167,231.869,,,,,2000,0.5,6,6,-5.0,5.0,5ee1241,2026-07-23T23:30:42,1.0,2004000,,,,,,DTSA-core,N=D,C1,5720,0,0,True
ta72,100,20,2000,DTSA,19,5720,2006000,2000000,167,231.869,,,,,2000,0.5,6,6,-5.0,5.0,5ee1241,2026-07-23T23:30:42,1.0,2004000,,,,,,DTSA+LS,N=D,C1,5720,10,0,True
ta73,100,20,2000,DTSA,0,6320,2006000,2000000,167,242.469,,,,,2000,0.5,6,6,-5.0,5.0,5ee1241,2026-07-23T23:34:44,1.0,2004000,,,,,,DTSA-core,N=D,C1,6320,0,0,True
ta73,100,20,2000,DTSA,0,6300,2006000,2000000,167,242.469,,,,,2000,0.5,6,6,-5.0,5.0,5ee1241,2026-07-23T23:34:44,1.0,2004000,,,,,,DTSA+LS,N=D,C1,6320,27,6,True
ta73,100,20,2000,DTSA,1,6247,2006000,2000000,167,233.99,,,,,2000,0.5,6,6,-5.0,5.0,5ee1241,2026-07-23T23:34:36,1.0,2004000,,,,,,DTSA-core,N=D,C1,6247,0,0,True
ta73,100,20,2000,DTSA,1,6247,2006000,2000000,167,233.99,,,,,2000,0.5,6,6,-5.0,5.0,5ee1241,2026-07-23T23:34:36,1.0,2004000,,,,,,DTSA+LS,N=D,C1,6247,14,0,True
ta73,100,20,2000,DTSA,2,6475,2006000,2000000,167,234.158,,,,,2000,0.5,6,6,-5.0,5.0,5ee1241,2026-07-23T23:34:36,1.0,2004000,,,,,,DTSA-core,N=D,C1,6475,0,0,True
ta73,100,20,2000,DTSA,2,6475,2006000,2000000,167,234.158,,,,,2000,0.5,6,6,-5.0,5.0,5ee1241,2026-07-23T23:34:36,1.0,2004000,,,,,,DTSA+LS,N=D,C1,6475,10,0,True
ta73,100,20,2000,DTSA,3,6272,2006000,2000000,167,232.498,,,,,2000,0.5,6,6,-5.0,5.0,5ee1241,2026-07-23T23:34:34,1.0,2004000,,,,,,DTSA-core,N=D,C1,6272,0,0,True
ta73,100,20,2000,DTSA,3,6271,2006000,2000000,167,232.498,,,,,2000,0.5,6,6,-5.0,5.0,5ee1241,2026-07-23T23:34:34,1.0,2004000,,,,,,DTSA+LS,N=D,C1,6272,11,1,True
ta73,100,20,2000,DTSA,4,6329,2006000,2000000,167,234.692,,,,,2000,0.5,6,6,-5.0,5.0,5ee1241,2026-07-23T23:34:36,1.0,2004000,,,,,,DTSA-core,N=D,C1,6329,0,0,True
ta73,100,20,2000,DTSA,4,6328,2006000,2000000,167,234.692,,,,,2000,0.5,6,6,-5.0,5.0,5ee1241,2026-07-23T23:34:36,1.0,2004000,,,,,,DTSA+LS,N=D,C1,6329,17,1,True
ta73,100,20,2000,DTSA,5,6237,2006000,2000000,167,233.405,,,,,2000,0.5,6,6,-5.0,5.0,5ee1241,2026-07-23T23:34:35,1.0,2004000,,,,,,DTSA-core,N=D,C1,6237,0,0,True
ta73,100,20,2000,DTSA,5,6209,2006000,2000000,167,233.405,,,,,2000,0.5,6,6,-5.0,5.0,5ee1241,2026-07-23T23:34:35,1.0,2004000,,,,,,DTSA+LS,N=D,C1,6237,43,10,True
ta73,100,20,2000,DTSA,6,6459,2006000,2000000,167,234.771,,,,,2000,0.5,6,6,-5.0,5.0,5ee1241,2026-07-23T23:34:36,1.0,2004000,,,,,,DTSA-core,N=D,C1,6459,0,0,True
ta73,100,20,2000,DTSA,6,6457,2006000,2000000,167,234.771,,,,,2000,0.5,6,6,-5.0,5.0,5ee1241,2026-07-23T23:34:36,1.0,2004000,,,,,,DTSA+LS,N=D,C1,6459,12,1,True
ta73,100,20,2000,DTSA,7,6433,2006000,2000000,167,232.896,,,,,2000,0.5,6,6,-5.0,5.0,5ee1241,2026-07-23T23:38:27,1.0,2004000,,,,,,DTSA-core,N=D,C1,6433,0,0,True
ta73,100,20,2000,DTSA,7,6433,2006000,2000000,167,232.896,,,,,2000,0.5,6,6,-5.0,5.0,5ee1241,2026-07-23T23:38:27,1.0,2004000,,,,,,DTSA+LS,N=D,C1,6433,8,0,True
ta73,100,20,2000,DTSA,8,6186,2006000,2000000,167,236.281,,,,,2000,0.5,6,6,-5.0,5.0,5ee1241,2026-07-23T23:38:31,1.0,2004000,,,,,,DTSA-core,N=D,C1,6186,0,0,True
ta73,100,20,2000,DTSA,8,6186,2006000,2000000,167,236.281,,,,,2000,0.5,6,6,-5.0,5.0,5ee1241,2026-07-23T23:38:31,1.0,2004000,,,,,,DTSA+LS,N=D,C1,6186,6,0,True
ta73,100,20,2000,DTSA,9,6147,2006000,2000000,167,234.902,,,,,2000,0.5,6,6,-5.0,5.0,5ee1241,2026-07-23T23:38:31,1.0,2004000,,,,,,DTSA-core,N=D,C1,6147,0,0,True
ta73,100,20,2000,DTSA,9,6147,2006000,2000000,167,234.902,,,,,2000,0.5,6,6,-5.0,5.0,5ee1241,2026-07-23T23:38:31,1.0,2004000,,,,,,DTSA+LS,N=D,C1,6147,6,0,True
ta73,100,20,2000,DTSA,10,6194,2006000,2000000,167,235.487,,,,,2000,0.5,6,6,-5.0,5.0,5ee1241,2026-07-23T23:38:31,1.0,2004000,,,,,,DTSA-core,N=D,C1,6194,0,0,True
ta73,100,20,2000,DTSA,10,6194,2006000,2000000,167,235.487,,,,,2000,0.5,6,6,-5.0,5.0,5ee1241,2026-07-23T23:38:31,1.0,2004000,,,,,,DTSA+LS,N=D,C1,6194,14,0,True
ta73,100,20,2000,DTSA,11,6164,2006000,2000000,167,237.193,,,,,2000,0.5,6,6,-5.0,5.0,5ee1241,2026-07-23T23:38:34,1.0,2004000,,,,,,DTSA-core,N=D,C1,6164,0,0,True
ta73,100,20,2000,DTSA,11,6161,2006000,2000000,167,237.193,,,,,2000,0.5,6,6,-5.0,5.0,5ee1241,2026-07-23T23:38:34,1.0,2004000,,,,,,DTSA+LS,N=D,C1,6164,19,3,True
ta73,100,20,2000,DTSA,12,6256,2006000,2000000,167,238.933,,,,,2000,0.5,6,6,-5.0,5.0,5ee1241,2026-07-23T23:38:35,1.0,2004000,,,,,,DTSA-core,N=D,C1,6256,0,0,True
ta73,100,20,2000,DTSA,12,6253,2006000,2000000,167,238.933,,,,,2000,0.5,6,6,-5.0,5.0,5ee1241,2026-07-23T23:38:35,1.0,2004000,,,,,,DTSA+LS,N=D,C1,6256,8,1,True
ta73,100,20,2000,DTSA,13,6354,2006000,2000000,167,243.783,,,,,2000,0.5,6,6,-5.0,5.0,5ee1241,2026-07-23T23:38:48,1.0,2004000,,,,,,DTSA-core,N=D,C1,6354,0,0,True
ta73,100,20,2000,DTSA,13,6354,2006000,2000000,167,243.783,,,,,2000,0.5,6,6,-5.0,5.0,5ee1241,2026-07-23T23:38:48,1.0,2004000,,,,,,DTSA+LS,N=D,C1,6354,5,0,True
ta73,100,20,2000,DTSA,14,6153,2006000,2000000,167,230.026,,,,,2000,0.5,6,6,-5.0,5.0,5ee1241,2026-07-23T23:42:17,1.0,2004000,,,,,,DTSA-core,N=D,C1,6153,0,0,True
ta73,100,20,2000,DTSA,14,6153,2006000,2000000,167,230.026,,,,,2000,0.5,6,6,-5.0,5.0,5ee1241,2026-07-23T23:42:17,1.0,2004000,,,,,,DTSA+LS,N=D,C1,6153,16,0,True
ta73,100,20,2000,DTSA,15,6305,2006000,2000000,167,227.379,,,,,2000,0.5,6,6,-5.0,5.0,5ee1241,2026-07-23T23:42:18,1.0,2004000,,,,,,DTSA-core,N=D,C1,6305,0,0,True
ta73,100,20,2000,DTSA,15,6299,2006000,2000000,167,227.379,,,,,2000,0.5,6,6,-5.0,5.0,5ee1241,2026-07-23T23:42:18,1.0,2004000,,,,,,DTSA+LS,N=D,C1,6305,20,5,True
ta73,100,20,2000,DTSA,16,6216,2006000,2000000,167,229.54,,,,,2000,0.5,6,6,-5.0,5.0,5ee1241,2026-07-23T23:42:21,1.0,2004000,,,,,,DTSA-core,N=D,C1,6216,0,0,True
ta73,100,20,2000,DTSA,16,6216,2006000,2000000,167,229.54,,,,,2000,0.5,6,6,-5.0,5.0,5ee1241,2026-07-23T23:42:21,1.0,2004000,,,,,,DTSA+LS,N=D,C1,6216,6,0,True
ta73,100,20,2000,DTSA,17,6192,2006000,2000000,167,228.544,,,,,2000,0.5,6,6,-5.0,5.0,5ee1241,2026-07-23T23:42:20,1.0,2004000,,,,,,DTSA-core,N=D,C1,6192,0,0,True
ta73,100,20,2000,DTSA,17,6192,2006000,2000000,167,228.544,,,,,2000,0.5,6,6,-5.0,5.0,5ee1241,2026-07-23T23:42:20,1.0,2004000,,,,,,DTSA+LS,N=D,C1,6192,5,0,True
ta73,100,20,2000,DTSA,18,6140,2006000,2000000,167,230.18,,,,,2000,0.5,6,6,-5.0,5.0,5ee1241,2026-07-23T23:42:24,1.0,2004000,,,,,,DTSA-core,N=D,C1,6140,0,0,True
ta73,100,20,2000,DTSA,18,6140,2006000,2000000,167,230.18,,,,,2000,0.5,6,6,-5.0,5.0,5ee1241,2026-07-23T23:42:24,1.0,2004000,,,,,,DTSA+LS,N=D,C1,6140,8,0,True
ta73,100,20,2000,DTSA,19,6394,2006000,2000000,167,231.092,,,,,2000,0.5,6,6,-5.0,5.0,5ee1241,2026-07-23T23:42:27,1.0,2004000,,,,,,DTSA-core,N=D,C1,6394,0,0,True
ta73,100,20,2000,DTSA,19,6394,2006000,2000000,167,231.092,,,,,2000,0.5,6,6,-5.0,5.0,5ee1241,2026-07-23T23:42:27,1.0,2004000,,,,,,DTSA+LS,N=D,C1,6394,8,0,True
ta74,100,20,2000,DTSA,0,5814,2006000,2000000,167,244.23,,,,,2000,0.5,6,6,-5.0,5.0,5ee1241,2026-07-23T23:46:31,1.0,2004000,,,,,,DTSA-core,N=D,C1,5814,0,0,True
ta74,100,20,2000,DTSA,0,5814,2006000,2000000,167,244.23,,,,,2000,0.5,6,6,-5.0,5.0,5ee1241,2026-07-23T23:46:31,1.0,2004000,,,,,,DTSA+LS,N=D,C1,5814,4,0,True
ta74,100,20,2000,DTSA,1,5863,2006000,2000000,167,233.939,,,,,2000,0.5,6,6,-5.0,5.0,5ee1241,2026-07-23T23:46:21,1.0,2004000,,,,,,DTSA-core,N=D,C1,5863,0,0,True
ta74,100,20,2000,DTSA,1,5844,2006000,2000000,167,233.939,,,,,2000,0.5,6,6,-5.0,5.0,5ee1241,2026-07-23T23:46:21,1.0,2004000,,,,,,DTSA+LS,N=D,C1,5863,36,8,True
ta74,100,20,2000,DTSA,2,5814,2006000,2000000,167,234.599,,,,,2000,0.5,6,6,-5.0,5.0,5ee1241,2026-07-23T23:46:21,1.0,2004000,,,,,,DTSA-core,N=D,C1,5814,0,0,True
ta74,100,20,2000,DTSA,2,5814,2006000,2000000,167,234.599,,,,,2000,0.5,6,6,-5.0,5.0,5ee1241,2026-07-23T23:46:21,1.0,2004000,,,,,,DTSA+LS,N=D,C1,5814,7,0,True
ta74,100,20,2000,DTSA,3,5859,2006000,2000000,167,233.417,,,,,2000,0.5,6,6,-5.0,5.0,5ee1241,2026-07-23T23:46:20,1.0,2004000,,,,,,DTSA-core,N=D,C1,5859,0,0,True
ta74,100,20,2000,DTSA,3,5849,2006000,2000000,167,233.417,,,,,2000,0.5,6,6,-5.0,5.0,5ee1241,2026-07-23T23:46:20,1.0,2004000,,,,,,DTSA+LS,N=D,C1,5859,21,5,True
ta74,100,20,2000,DTSA,4,5898,2006000,2000000,167,232.921,,,,,2000,0.5,6,6,-5.0,5.0,5ee1241,2026-07-23T23:46:20,1.0,2004000,,,,,,DTSA-core,N=D,C1,5898,0,0,True
ta74,100,20,2000,DTSA,4,5898,2006000,2000000,167,232.921,,,,,2000,0.5,6,6,-5.0,5.0,5ee1241,2026-07-23T23:46:20,1.0,2004000,,,,,,DTSA+LS,N=D,C1,5898,17,0,True
ta74,100,20,2000,DTSA,5,5769,2006000,2000000,167,238.15,,,,,2000,0.5,6,6,-5.0,5.0,5ee1241,2026-07-23T23:46:25,1.0,2004000,,,,,,DTSA-core,N=D,C1,5769,0,0,True
ta74,100,20,2000,DTSA,5,5769,2006000,2000000,167,238.15,,,,,2000,0.5,6,6,-5.0,5.0,5ee1241,2026-07-23T23:46:25,1.0,2004000,,,,,,DTSA+LS,N=D,C1,5769,9,0,True
ta74,100,20,2000,DTSA,6,5944,2006000,2000000,167,237.146,,,,,2000,0.5,6,6,-5.0,5.0,5ee1241,2026-07-23T23:46:24,1.0,2004000,,,,,,DTSA-core,N=D,C1,5944,0,0,True
ta74,100,20,2000,DTSA,6,5944,2006000,2000000,167,237.146,,,,,2000,0.5,6,6,-5.0,5.0,5ee1241,2026-07-23T23:46:24,1.0,2004000,,,,,,DTSA+LS,N=D,C1,5944,19,0,True
ta74,100,20,2000,DTSA,7,5811,2006000,2000000,167,233.957,,,,,2000,0.5,6,6,-5.0,5.0,5ee1241,2026-07-23T23:50:14,1.0,2004000,,,,,,DTSA-core,N=D,C1,5811,0,0,True
ta74,100,20,2000,DTSA,7,5811,2006000,2000000,167,233.957,,,,,2000,0.5,6,6,-5.0,5.0,5ee1241,2026-07-23T23:50:14,1.0,2004000,,,,,,DTSA+LS,N=D,C1,5811,15,0,True
ta74,100,20,2000,DTSA,8,5829,2006000,2000000,167,236.019,,,,,2000,0.5,6,6,-5.0,5.0,5ee1241,2026-07-23T23:50:16,1.0,2004000,,,,,,DTSA-core,N=D,C1,5829,0,0,True
ta74,100,20,2000,DTSA,8,5829,2006000,2000000,167,236.019,,,,,2000,0.5,6,6,-5.0,5.0,5ee1241,2026-07-23T23:50:16,1.0,2004000,,,,,,DTSA+LS,N=D,C1,5829,6,0,True
ta74,100,20,2000,DTSA,9,5940,2006000,2000000,167,232.909,,,,,2000,0.5,6,6,-5.0,5.0,5ee1241,2026-07-23T23:50:14,1.0,2004000,,,,,,DTSA-core,N=D,C1,5940,0,0,True
ta74,100,20,2000,DTSA,9,5940,2006000,2000000,167,232.909,,,,,2000,0.5,6,6,-5.0,5.0,5ee1241,2026-07-23T23:50:14,1.0,2004000,,,,,,DTSA+LS,N=D,C1,5940,12,0,True
ta74,100,20,2000,DTSA,10,5939,2006000,2000000,167,235.308,,,,,2000,0.5,6,6,-5.0,5.0,5ee1241,2026-07-23T23:50:17,1.0,2004000,,,,,,DTSA-core,N=D,C1,5939,0,0,True
ta74,100,20,2000,DTSA,10,5936,2006000,2000000,167,235.308,,,,,2000,0.5,6,6,-5.0,5.0,5ee1241,2026-07-23T23:50:17,1.0,2004000,,,,,,DTSA+LS,N=D,C1,5939,20,2,True
ta74,100,20,2000,DTSA,11,5901,2006000,2000000,167,236.88,,,,,2000,0.5,6,6,-5.0,5.0,5ee1241,2026-07-23T23:50:21,1.0,2004000,,,,,,DTSA-core,N=D,C1,5901,0,0,True
ta74,100,20,2000,DTSA,11,5901,2006000,2000000,167,236.88,,,,,2000,0.5,6,6,-5.0,5.0,5ee1241,2026-07-23T23:50:21,1.0,2004000,,,,,,DTSA+LS,N=D,C1,5901,8,0,True
ta74,100,20,2000,DTSA,12,5801,2006000,2000000,167,236.043,,,,,2000,0.5,6,6,-5.0,5.0,5ee1241,2026-07-23T23:50:21,1.0,2004000,,,,,,DTSA-core,N=D,C1,5801,0,0,True
ta74,100,20,2000,DTSA,12,5781,2006000,2000000,167,236.043,,,,,2000,0.5,6,6,-5.0,5.0,5ee1241,2026-07-23T23:50:21,1.0,2004000,,,,,,DTSA+LS,N=D,C1,5801,25,10,True
ta74,100,20,2000,DTSA,13,5936,2006000,2000000,167,244.959,,,,,2000,0.5,6,6,-5.0,5.0,5ee1241,2026-07-23T23:50:36,1.0,2004000,,,,,,DTSA-core,N=D,C1,5936,0,0,True
ta74,100,20,2000,DTSA,13,5936,2006000,2000000,167,244.959,,,,,2000,0.5,6,6,-5.0,5.0,5ee1241,2026-07-23T23:50:36,1.0,2004000,,,,,,DTSA+LS,N=D,C1,5936,7,0,True
ta74,100,20,2000,DTSA,14,5891,2006000,2000000,167,229.403,,,,,2000,0.5,6,6,-5.0,5.0,5ee1241,2026-07-23T23:54:03,1.0,2004000,,,,,,DTSA-core,N=D,C1,5891,0,0,True
ta74,100,20,2000,DTSA,14,5888,2006000,2000000,167,229.403,,,,,2000,0.5,6,6,-5.0,5.0,5ee1241,2026-07-23T23:54:03,1.0,2004000,,,,,,DTSA+LS,N=D,C1,5891,10,1,True
ta74,100,20,2000,DTSA,15,5851,2006000,2000000,167,229.521,,,,,2000,0.5,6,6,-5.0,5.0,5ee1241,2026-07-23T23:54:03,1.0,2004000,,,,,,DTSA-core,N=D,C1,5851,0,0,True
ta74,100,20,2000,DTSA,15,5851,2006000,2000000,167,229.521,,,,,2000,0.5,6,6,-5.0,5.0,5ee1241,2026-07-23T23:54:03,1.0,2004000,,,,,,DTSA+LS,N=D,C1,5851,6,0,True
ta74,100,20,2000,DTSA,16,5872,2006000,2000000,167,230.758,,,,,2000,0.5,6,6,-5.0,5.0,5ee1241,2026-07-23T23:54:07,1.0,2004000,,,,,,DTSA-core,N=D,C1,5872,0,0,True
ta74,100,20,2000,DTSA,16,5872,2006000,2000000,167,230.758,,,,,2000,0.5,6,6,-5.0,5.0,5ee1241,2026-07-23T23:54:07,1.0,2004000,,,,,,DTSA+LS,N=D,C1,5872,12,0,True
ta74,100,20,2000,DTSA,17,5961,2006000,2000000,167,229.13,,,,,2000,0.5,6,6,-5.0,5.0,5ee1241,2026-07-23T23:54:06,1.0,2004000,,,,,,DTSA-core,N=D,C1,5961,0,0,True
ta74,100,20,2000,DTSA,17,5958,2006000,2000000,167,229.13,,,,,2000,0.5,6,6,-5.0,5.0,5ee1241,2026-07-23T23:54:06,1.0,2004000,,,,,,DTSA+LS,N=D,C1,5961,19,2,True
ta74,100,20,2000,DTSA,18,5832,2006000,2000000,167,232.253,,,,,2000,0.5,6,6,-5.0,5.0,5ee1241,2026-07-23T23:54:13,1.0,2004000,,,,,,DTSA-core,N=D,C1,5832,0,0,True
ta74,100,20,2000,DTSA,18,5832,2006000,2000000,167,232.253,,,,,2000,0.5,6,6,-5.0,5.0,5ee1241,2026-07-23T23:54:13,1.0,2004000,,,,,,DTSA+LS,N=D,C1,5832,8,0,True
ta74,100,20,2000,DTSA,19,5841,2006000,2000000,167,230.567,,,,,2000,0.5,6,6,-5.0,5.0,5ee1241,2026-07-23T23:54:12,1.0,2004000,,,,,,DTSA-core,N=D,C1,5841,0,0,True
ta74,100,20,2000,DTSA,19,5841,2006000,2000000,167,230.567,,,,,2000,0.5,6,6,-5.0,5.0,5ee1241,2026-07-23T23:54:12,1.0,2004000,,,,,,DTSA+LS,N=D,C1,5841,10,0,True
ta75,100,20,2000,DTSA,0,6152,2006000,2000000,167,246.152,,,,,2000,0.5,6,6,-5.0,5.0,5ee1241,2026-07-23T23:58:19,1.0,2004000,,,,,,DTSA-core,N=D,C1,6152,0,0,True
ta75,100,20,2000,DTSA,0,6152,2006000,2000000,167,246.152,,,,,2000,0.5,6,6,-5.0,5.0,5ee1241,2026-07-23T23:58:19,1.0,2004000,,,,,,DTSA+LS,N=D,C1,6152,4,0,True
ta75,100,20,2000,DTSA,1,6115,2006000,2000000,167,238.033,,,,,2000,0.5,6,6,-5.0,5.0,5ee1241,2026-07-23T23:58:11,1.0,2004000,,,,,,DTSA-core,N=D,C1,6115,0,0,True
ta75,100,20,2000,DTSA,1,6115,2006000,2000000,167,238.033,,,,,2000,0.5,6,6,-5.0,5.0,5ee1241,2026-07-23T23:58:11,1.0,2004000,,,,,,DTSA+LS,N=D,C1,6115,6,0,True
ta75,100,20,2000,DTSA,2,6128,2006000,2000000,167,238.635,,,,,2000,0.5,6,6,-5.0,5.0,5ee1241,2026-07-23T23:58:12,1.0,2004000,,,,,,DTSA-core,N=D,C1,6128,0,0,True
ta75,100,20,2000,DTSA,2,6128,2006000,2000000,167,238.635,,,,,2000,0.5,6,6,-5.0,5.0,5ee1241,2026-07-23T23:58:12,1.0,2004000,,,,,,DTSA+LS,N=D,C1,6128,11,0,True
ta75,100,20,2000,DTSA,3,6141,2006000,2000000,167,236.879,,,,,2000,0.5,6,6,-5.0,5.0,5ee1241,2026-07-23T23:58:10,1.0,2004000,,,,,,DTSA-core,N=D,C1,6141,0,0,True
ta75,100,20,2000,DTSA,3,6141,2006000,2000000,167,236.879,,,,,2000,0.5,6,6,-5.0,5.0,5ee1241,2026-07-23T23:58:10,1.0,2004000,,,,,,DTSA+LS,N=D,C1,6141,13,0,True
ta75,100,20,2000,DTSA,4,6123,2006000,2000000,167,238.029,,,,,2000,0.5,6,6,-5.0,5.0,5ee1241,2026-07-23T23:58:11,1.0,2004000,,,,,,DTSA-core,N=D,C1,6123,0,0,True
ta75,100,20,2000,DTSA,4,6123,2006000,2000000,167,238.029,,,,,2000,0.5,6,6,-5.0,5.0,5ee1241,2026-07-23T23:58:11,1.0,2004000,,,,,,DTSA+LS,N=D,C1,6123,10,0,True
ta75,100,20,2000,DTSA,5,6311,2006000,2000000,167,240.392,,,,,2000,0.5,6,6,-5.0,5.0,5ee1241,2026-07-23T23:58:14,1.0,2004000,,,,,,DTSA-core,N=D,C1,6311,0,0,True
ta75,100,20,2000,DTSA,5,6311,2006000,2000000,167,240.392,,,,,2000,0.5,6,6,-5.0,5.0,5ee1241,2026-07-23T23:58:14,1.0,2004000,,,,,,DTSA+LS,N=D,C1,6311,10,0,True
ta75,100,20,2000,DTSA,6,6132,2006000,2000000,167,240.051,,,,,2000,0.5,6,6,-5.0,5.0,5ee1241,2026-07-23T23:58:13,1.0,2004000,,,,,,DTSA-core,N=D,C1,6132,0,0,True
ta75,100,20,2000,DTSA,6,6132,2006000,2000000,167,240.051,,,,,2000,0.5,6,6,-5.0,5.0,5ee1241,2026-07-23T23:58:13,1.0,2004000,,,,,,DTSA+LS,N=D,C1,6132,6,0,True
ta75,100,20,2000,DTSA,7,6195,2006000,2000000,167,237.638,,,,,2000,0.5,6,6,-5.0,5.0,5ee1241,2026-07-24T00:02:08,1.0,2004000,,,,,,DTSA-core,N=D,C1,6195,0,0,True
ta75,100,20,2000,DTSA,7,6195,2006000,2000000,167,237.638,,,,,2000,0.5,6,6,-5.0,5.0,5ee1241,2026-07-24T00:02:08,1.0,2004000,,,,,,DTSA+LS,N=D,C1,6195,6,0,True
ta75,100,20,2000,DTSA,8,6194,2006000,2000000,167,237.531,,,,,2000,0.5,6,6,-5.0,5.0,5ee1241,2026-07-24T00:02:09,1.0,2004000,,,,,,DTSA-core,N=D,C1,6194,0,0,True
ta75,100,20,2000,DTSA,8,6177,2006000,2000000,167,237.531,,,,,2000,0.5,6,6,-5.0,5.0,5ee1241,2026-07-24T00:02:09,1.0,2004000,,,,,,DTSA+LS,N=D,C1,6194,38,6,True
ta75,100,20,2000,DTSA,9,6093,2006000,2000000,167,237.044,,,,,2000,0.5,6,6,-5.0,5.0,5ee1241,2026-07-24T00:02:08,1.0,2004000,,,,,,DTSA-core,N=D,C1,6093,0,0,True
ta75,100,20,2000,DTSA,9,6093,2006000,2000000,167,237.044,,,,,2000,0.5,6,6,-5.0,5.0,5ee1241,2026-07-24T00:02:08,1.0,2004000,,,,,,DTSA+LS,N=D,C1,6093,11,0,True
ta75,100,20,2000,DTSA,10,6149,2006000,2000000,167,238.464,,,,,2000,0.5,6,6,-5.0,5.0,5ee1241,2026-07-24T00:02:10,1.0,2004000,,,,,,DTSA-core,N=D,C1,6149,0,0,True
ta75,100,20,2000,DTSA,10,6149,2006000,2000000,167,238.464,,,,,2000,0.5,6,6,-5.0,5.0,5ee1241,2026-07-24T00:02:10,1.0,2004000,,,,,,DTSA+LS,N=D,C1,6149,8,0,True
ta75,100,20,2000,DTSA,11,6080,2006000,2000000,167,242.207,,,,,2000,0.5,6,6,-5.0,5.0,5ee1241,2026-07-24T00:02:16,1.0,2004000,,,,,,DTSA-core,N=D,C1,6080,0,0,True
ta75,100,20,2000,DTSA,11,6080,2006000,2000000,167,242.207,,,,,2000,0.5,6,6,-5.0,5.0,5ee1241,2026-07-24T00:02:16,1.0,2004000,,,,,,DTSA+LS,N=D,C1,6080,8,0,True
ta75,100,20,2000,DTSA,12,6165,2006000,2000000,167,239.261,,,,,2000,0.5,6,6,-5.0,5.0,5ee1241,2026-07-24T00:02:13,1.0,2004000,,,,,,DTSA-core,N=D,C1,6165,0,0,True
ta75,100,20,2000,DTSA,12,6165,2006000,2000000,167,239.261,,,,,2000,0.5,6,6,-5.0,5.0,5ee1241,2026-07-24T00:02:13,1.0,2004000,,,,,,DTSA+LS,N=D,C1,6165,8,0,True
ta75,100,20,2000,DTSA,13,6169,2006000,2000000,167,245.823,,,,,2000,0.5,6,6,-5.0,5.0,5ee1241,2026-07-24T00:02:25,1.0,2004000,,,,,,DTSA-core,N=D,C1,6169,0,0,True
ta75,100,20,2000,DTSA,13,6169,2006000,2000000,167,245.823,,,,,2000,0.5,6,6,-5.0,5.0,5ee1241,2026-07-24T00:02:25,1.0,2004000,,,,,,DTSA+LS,N=D,C1,6169,13,0,True
ta75,100,20,2000,DTSA,14,6189,2006000,2000000,167,232.681,,,,,2000,0.5,6,6,-5.0,5.0,5ee1241,2026-07-24T00:06:01,1.0,2004000,,,,,,DTSA-core,N=D,C1,6189,0,0,True
ta75,100,20,2000,DTSA,14,6189,2006000,2000000,167,232.681,,,,,2000,0.5,6,6,-5.0,5.0,5ee1241,2026-07-24T00:06:01,1.0,2004000,,,,,,DTSA+LS,N=D,C1,6189,16,0,True
ta75,100,20,2000,DTSA,15,6303,2006000,2000000,167,231.915,,,,,2000,0.5,6,6,-5.0,5.0,5ee1241,2026-07-24T00:06:00,1.0,2004000,,,,,,DTSA-core,N=D,C1,6303,0,0,True
ta75,100,20,2000,DTSA,15,6286,2006000,2000000,167,231.915,,,,,2000,0.5,6,6,-5.0,5.0,5ee1241,2026-07-24T00:06:00,1.0,2004000,,,,,,DTSA+LS,N=D,C1,6303,34,9,True
ta75,100,20,2000,DTSA,16,6123,2006000,2000000,167,229.359,,,,,2000,0.5,6,6,-5.0,5.0,5ee1241,2026-07-24T00:05:58,1.0,2004000,,,,,,DTSA-core,N=D,C1,6123,0,0,True
ta75,100,20,2000,DTSA,16,6123,2006000,2000000,167,229.359,,,,,2000,0.5,6,6,-5.0,5.0,5ee1241,2026-07-24T00:05:58,1.0,2004000,,,,,,DTSA+LS,N=D,C1,6123,10,0,True
ta75,100,20,2000,DTSA,17,6140,2006000,2000000,167,230.901,,,,,2000,0.5,6,6,-5.0,5.0,5ee1241,2026-07-24T00:06:01,1.0,2004000,,,,,,DTSA-core,N=D,C1,6140,0,0,True
ta75,100,20,2000,DTSA,17,6124,2006000,2000000,167,230.901,,,,,2000,0.5,6,6,-5.0,5.0,5ee1241,2026-07-24T00:06:01,1.0,2004000,,,,,,DTSA+LS,N=D,C1,6140,24,8,True
ta75,100,20,2000,DTSA,18,6245,2006000,2000000,167,231.348,,,,,2000,0.5,6,6,-5.0,5.0,5ee1241,2026-07-24T00:06:04,1.0,2004000,,,,,,DTSA-core,N=D,C1,6245,0,0,True
ta75,100,20,2000,DTSA,18,6245,2006000,2000000,167,231.348,,,,,2000,0.5,6,6,-5.0,5.0,5ee1241,2026-07-24T00:06:04,1.0,2004000,,,,,,DTSA+LS,N=D,C1,6245,7,0,True
ta75,100,20,2000,DTSA,19,6197,2006000,2000000,167,232.546,,,,,2000,0.5,6,6,-5.0,5.0,5ee1241,2026-07-24T00:06:08,1.0,2004000,,,,,,DTSA-core,N=D,C1,6197,0,0,True
ta75,100,20,2000,DTSA,19,6197,2006000,2000000,167,232.546,,,,,2000,0.5,6,6,-5.0,5.0,5ee1241,2026-07-24T00:06:08,1.0,2004000,,,,,,DTSA+LS,N=D,C1,6197,8,0,True
