instance,n,m,D,algorithm,seed,cmax,fes_used,max_fes,iters,wall_s,st_sense,operator_space,branch_granularity,strict_fe_cap,N,ST,L,U,dmin,dmax,git_sha,timestamp,fe_per_seed,n_seeds,branch_A_swap,branch_B_sym_shift,branch_C_eq3,branch_D_eq4,branch_E_eq_perdim,config,n_setting,sampler,pre_local_search_cmax,local_search_evals,local_search_moves,seeded_with_mwkr
ta01,15,15,225,DTSA,0,1388,225160,225000,938,6.991,,,,,40,0.5,6,6,-5.0,5.0,5ee1241,2026-07-24T10:07:36,1.0,225120,,,,,,DTSA-core,N=40,C3,1388,0,0,True
ta01,15,15,225,DTSA,0,1388,225160,225000,938,6.991,,,,,40,0.5,6,6,-5.0,5.0,5ee1241,2026-07-24T10:07:36,1.0,225120,,,,,,DTSA+LS,N=40,C3,1388,8,0,True
ta01,15,15,225,DTSA,1,1362,225160,225000,938,7.059,,,,,40,0.5,6,6,-5.0,5.0,5ee1241,2026-07-24T10:07:36,1.0,225120,,,,,,DTSA-core,N=40,C3,1362,0,0,True
ta01,15,15,225,DTSA,1,1362,225160,225000,938,7.059,,,,,40,0.5,6,6,-5.0,5.0,5ee1241,2026-07-24T10:07:36,1.0,225120,,,,,,DTSA+LS,N=40,C3,1362,5,0,True
ta01,15,15,225,DTSA,2,1363,225160,225000,938,7.099,,,,,40,0.5,6,6,-5.0,5.0,5ee1241,2026-07-24T10:07:37,1.0,225120,,,,,,DTSA-core,N=40,C3,1363,0,0,True
ta01,15,15,225,DTSA,2,1363,225160,225000,938,7.099,,,,,40,0.5,6,6,-5.0,5.0,5ee1241,2026-07-24T10:07:37,1.0,225120,,,,,,DTSA+LS,N=40,C3,1363,4,0,True
ta01,15,15,225,DTSA,3,1418,225160,225000,938,6.918,,,,,40,0.5,6,6,-5.0,5.0,5ee1241,2026-07-24T10:07:36,1.0,225120,,,,,,DTSA-core,N=40,C3,1418,0,0,True
ta01,15,15,225,DTSA,3,1418,225160,225000,938,6.918,,,,,40,0.5,6,6,-5.0,5.0,5ee1241,2026-07-24T10:07:36,1.0,225120,,,,,,DTSA+LS,N=40,C3,1418,6,0,True
ta01,15,15,225,DTSA,4,1435,225160,225000,938,6.888,,,,,40,0.5,6,6,-5.0,5.0,5ee1241,2026-07-24T10:07:36,1.0,225120,,,,,,DTSA-core,N=40,C3,1435,0,0,True
ta01,15,15,225,DTSA,4,1435,225160,225000,938,6.888,,,,,40,0.5,6,6,-5.0,5.0,5ee1241,2026-07-24T10:07:36,1.0,225120,,,,,,DTSA+LS,N=40,C3,1435,6,0,True
ta01,15,15,225,DTSA,5,1384,225160,225000,938,6.993,,,,,40,0.5,6,6,-5.0,5.0,5ee1241,2026-07-24T10:07:36,1.0,225120,,,,,,DTSA-core,N=40,C3,1384,0,0,True
ta01,15,15,225,DTSA,5,1384,225160,225000,938,6.993,,,,,40,0.5,6,6,-5.0,5.0,5ee1241,2026-07-24T10:07:36,1.0,225120,,,,,,DTSA+LS,N=40,C3,1384,5,0,True
ta01,15,15,225,DTSA,6,1416,225160,225000,938,11.587,,,,,40,0.5,6,6,-5.0,5.0,5ee1241,2026-07-24T10:07:48,1.0,225120,,,,,,DTSA-core,N=40,C3,1416,0,0,True
ta01,15,15,225,DTSA,6,1416,225160,225000,938,11.587,,,,,40,0.5,6,6,-5.0,5.0,5ee1241,2026-07-24T10:07:48,1.0,225120,,,,,,DTSA+LS,N=40,C3,1416,3,0,True
ta01,15,15,225,DTSA,7,1398,225160,225000,938,11.625,,,,,40,0.5,6,6,-5.0,5.0,5ee1241,2026-07-24T10:07:48,1.0,225120,,,,,,DTSA-core,N=40,C3,1398,0,0,True
ta01,15,15,225,DTSA,7,1398,225160,225000,938,11.625,,,,,40,0.5,6,6,-5.0,5.0,5ee1241,2026-07-24T10:07:48,1.0,225120,,,,,,DTSA+LS,N=40,C3,1398,4,0,True
ta01,15,15,225,DTSA,8,1416,225160,225000,938,11.653,,,,,40,0.5,6,6,-5.0,5.0,5ee1241,2026-07-24T10:07:48,1.0,225120,,,,,,DTSA-core,N=40,C3,1416,0,0,True
ta01,15,15,225,DTSA,8,1416,225160,225000,938,11.653,,,,,40,0.5,6,6,-5.0,5.0,5ee1241,2026-07-24T10:07:48,1.0,225120,,,,,,DTSA+LS,N=40,C3,1416,8,0,True
ta01,15,15,225,DTSA,9,1363,225160,225000,938,11.673,,,,,40,0.5,6,6,-5.0,5.0,5ee1241,2026-07-24T10:07:48,1.0,225120,,,,,,DTSA-core,N=40,C3,1363,0,0,True
ta01,15,15,225,DTSA,9,1363,225160,225000,938,11.673,,,,,40,0.5,6,6,-5.0,5.0,5ee1241,2026-07-24T10:07:48,1.0,225120,,,,,,DTSA+LS,N=40,C3,1363,4,0,True
ta01,15,15,225,DTSA,10,1423,225160,225000,938,11.55,,,,,40,0.5,6,6,-5.0,5.0,5ee1241,2026-07-24T10:07:48,1.0,225120,,,,,,DTSA-core,N=40,C3,1423,0,0,True
ta01,15,15,225,DTSA,10,1423,225160,225000,938,11.55,,,,,40,0.5,6,6,-5.0,5.0,5ee1241,2026-07-24T10:07:48,1.0,225120,,,,,,DTSA+LS,N=40,C3,1423,6,0,True
ta01,15,15,225,DTSA,11,1431,225160,225000,938,11.716,,,,,40,0.5,6,6,-5.0,5.0,5ee1241,2026-07-24T10:07:48,1.0,225120,,,,,,DTSA-core,N=40,C3,1431,0,0,True
ta01,15,15,225,DTSA,11,1431,225160,225000,938,11.716,,,,,40,0.5,6,6,-5.0,5.0,5ee1241,2026-07-24T10:07:48,1.0,225120,,,,,,DTSA+LS,N=40,C3,1431,4,0,True
ta01,15,15,225,DTSA,12,1374,225160,225000,938,11.597,,,,,40,0.5,6,6,-5.0,5.0,5ee1241,2026-07-24T10:08:00,1.0,225120,,,,,,DTSA-core,N=40,C3,1374,0,0,True
ta01,15,15,225,DTSA,12,1374,225160,225000,938,11.597,,,,,40,0.5,6,6,-5.0,5.0,5ee1241,2026-07-24T10:08:00,1.0,225120,,,,,,DTSA+LS,N=40,C3,1374,8,0,True
ta01,15,15,225,DTSA,13,1420,225160,225000,938,11.547,,,,,40,0.5,6,6,-5.0,5.0,5ee1241,2026-07-24T10:08:00,1.0,225120,,,,,,DTSA-core,N=40,C3,1420,0,0,True
ta01,15,15,225,DTSA,13,1420,225160,225000,938,11.547,,,,,40,0.5,6,6,-5.0,5.0,5ee1241,2026-07-24T10:08:00,1.0,225120,,,,,,DTSA+LS,N=40,C3,1420,6,0,True
ta01,15,15,225,DTSA,14,1431,225160,225000,938,11.681,,,,,40,0.5,6,6,-5.0,5.0,5ee1241,2026-07-24T10:08:00,1.0,225120,,,,,,DTSA-core,N=40,C3,1431,0,0,True
ta01,15,15,225,DTSA,14,1431,225160,225000,938,11.681,,,,,40,0.5,6,6,-5.0,5.0,5ee1241,2026-07-24T10:08:00,1.0,225120,,,,,,DTSA+LS,N=40,C3,1431,5,0,True
ta01,15,15,225,DTSA,15,1423,225160,225000,938,11.64,,,,,40,0.5,6,6,-5.0,5.0,5ee1241,2026-07-24T10:08:00,1.0,225120,,,,,,DTSA-core,N=40,C3,1423,0,0,True
ta01,15,15,225,DTSA,15,1423,225160,225000,938,11.64,,,,,40,0.5,6,6,-5.0,5.0,5ee1241,2026-07-24T10:08:00,1.0,225120,,,,,,DTSA+LS,N=40,C3,1423,5,0,True
ta01,15,15,225,DTSA,16,1416,225160,225000,938,11.655,,,,,40,0.5,6,6,-5.0,5.0,5ee1241,2026-07-24T10:08:00,1.0,225120,,,,,,DTSA-core,N=40,C3,1416,0,0,True
ta01,15,15,225,DTSA,16,1416,225160,225000,938,11.655,,,,,40,0.5,6,6,-5.0,5.0,5ee1241,2026-07-24T10:08:00,1.0,225120,,,,,,DTSA+LS,N=40,C3,1416,3,0,True
ta01,15,15,225,DTSA,17,1431,225160,225000,938,11.736,,,,,40,0.5,6,6,-5.0,5.0,5ee1241,2026-07-24T10:08:00,1.0,225120,,,,,,DTSA-core,N=40,C3,1431,0,0,True
ta01,15,15,225,DTSA,17,1431,225160,225000,938,11.736,,,,,40,0.5,6,6,-5.0,5.0,5ee1241,2026-07-24T10:08:00,1.0,225120,,,,,,DTSA+LS,N=40,C3,1431,6,0,True
ta01,15,15,225,DTSA,18,1416,225160,225000,938,10.873,,,,,40,0.5,6,6,-5.0,5.0,5ee1241,2026-07-24T10:08:10,1.0,225120,,,,,,DTSA-core,N=40,C3,1416,0,0,True
ta01,15,15,225,DTSA,18,1416,225160,225000,938,10.873,,,,,40,0.5,6,6,-5.0,5.0,5ee1241,2026-07-24T10:08:10,1.0,225120,,,,,,DTSA+LS,N=40,C3,1416,3,0,True
ta01,15,15,225,DTSA,19,1378,225160,225000,938,10.935,,,,,40,0.5,6,6,-5.0,5.0,5ee1241,2026-07-24T10:08:11,1.0,225120,,,,,,DTSA-core,N=40,C3,1378,0,0,True
ta01,15,15,225,DTSA,19,1378,225160,225000,938,10.935,,,,,40,0.5,6,6,-5.0,5.0,5ee1241,2026-07-24T10:08:11,1.0,225120,,,,,,DTSA+LS,N=40,C3,1378,7,0,True
ta02,15,15,225,DTSA,0,1354,225160,225000,938,11.614,,,,,40,0.5,6,6,-5.0,5.0,5ee1241,2026-07-24T10:08:22,1.0,225120,,,,,,DTSA-core,N=40,C3,1354,0,0,True
ta02,15,15,225,DTSA,0,1354,225160,225000,938,11.614,,,,,40,0.5,6,6,-5.0,5.0,5ee1241,2026-07-24T10:08:22,1.0,225120,,,,,,DTSA+LS,N=40,C3,1354,5,0,True
ta02,15,15,225,DTSA,1,1384,225160,225000,938,11.588,,,,,40,0.5,6,6,-5.0,5.0,5ee1241,2026-07-24T10:08:22,1.0,225120,,,,,,DTSA-core,N=40,C3,1384,0,0,True
ta02,15,15,225,DTSA,1,1384,225160,225000,938,11.588,,,,,40,0.5,6,6,-5.0,5.0,5ee1241,2026-07-24T10:08:22,1.0,225120,,,,,,DTSA+LS,N=40,C3,1384,6,0,True
ta02,15,15,225,DTSA,2,1391,225160,225000,938,11.575,,,,,40,0.5,6,6,-5.0,5.0,5ee1241,2026-07-24T10:08:22,1.0,225120,,,,,,DTSA-core,N=40,C3,1391,0,0,True
ta02,15,15,225,DTSA,2,1391,225160,225000,938,11.575,,,,,40,0.5,6,6,-5.0,5.0,5ee1241,2026-07-24T10:08:22,1.0,225120,,,,,,DTSA+LS,N=40,C3,1391,7,0,True
ta02,15,15,225,DTSA,3,1437,225160,225000,938,11.89,,,,,40,0.5,6,6,-5.0,5.0,5ee1241,2026-07-24T10:08:22,1.0,225120,,,,,,DTSA-core,N=40,C3,1437,0,0,True
ta02,15,15,225,DTSA,3,1437,225160,225000,938,11.89,,,,,40,0.5,6,6,-5.0,5.0,5ee1241,2026-07-24T10:08:22,1.0,225120,,,,,,DTSA+LS,N=40,C3,1437,7,0,True
ta02,15,15,225,DTSA,4,1384,225160,225000,938,11.468,,,,,40,0.5,6,6,-5.0,5.0,5ee1241,2026-07-24T10:08:22,1.0,225120,,,,,,DTSA-core,N=40,C3,1384,0,0,True
ta02,15,15,225,DTSA,4,1384,225160,225000,938,11.468,,,,,40,0.5,6,6,-5.0,5.0,5ee1241,2026-07-24T10:08:22,1.0,225120,,,,,,DTSA+LS,N=40,C3,1384,9,0,True
ta02,15,15,225,DTSA,5,1404,225160,225000,938,11.657,,,,,40,0.5,6,6,-5.0,5.0,5ee1241,2026-07-24T10:08:22,1.0,225120,,,,,,DTSA-core,N=40,C3,1404,0,0,True
ta02,15,15,225,DTSA,5,1404,225160,225000,938,11.657,,,,,40,0.5,6,6,-5.0,5.0,5ee1241,2026-07-24T10:08:22,1.0,225120,,,,,,DTSA+LS,N=40,C3,1404,7,0,True
ta02,15,15,225,DTSA,6,1357,225160,225000,938,11.541,,,,,40,0.5,6,6,-5.0,5.0,5ee1241,2026-07-24T10:08:34,1.0,225120,,,,,,DTSA-core,N=40,C3,1357,0,0,True
ta02,15,15,225,DTSA,6,1357,225160,225000,938,11.541,,,,,40,0.5,6,6,-5.0,5.0,5ee1241,2026-07-24T10:08:34,1.0,225120,,,,,,DTSA+LS,N=40,C3,1357,5,0,True
ta02,15,15,225,DTSA,7,1397,225160,225000,938,11.555,,,,,40,0.5,6,6,-5.0,5.0,5ee1241,2026-07-24T10:08:34,1.0,225120,,,,,,DTSA-core,N=40,C3,1397,0,0,True
ta02,15,15,225,DTSA,7,1397,225160,225000,938,11.555,,,,,40,0.5,6,6,-5.0,5.0,5ee1241,2026-07-24T10:08:34,1.0,225120,,,,,,DTSA+LS,N=40,C3,1397,5,0,True
ta02,15,15,225,DTSA,8,1351,225160,225000,938,11.531,,,,,40,0.5,6,6,-5.0,5.0,5ee1241,2026-07-24T10:08:34,1.0,225120,,,,,,DTSA-core,N=40,C3,1351,0,0,True
ta02,15,15,225,DTSA,8,1351,225160,225000,938,11.531,,,,,40,0.5,6,6,-5.0,5.0,5ee1241,2026-07-24T10:08:34,1.0,225120,,,,,,DTSA+LS,N=40,C3,1351,5,0,True
ta02,15,15,225,DTSA,9,1419,225160,225000,938,11.74,,,,,40,0.5,6,6,-5.0,5.0,5ee1241,2026-07-24T10:08:34,1.0,225120,,,,,,DTSA-core,N=40,C3,1419,0,0,True
ta02,15,15,225,DTSA,9,1419,225160,225000,938,11.74,,,,,40,0.5,6,6,-5.0,5.0,5ee1241,2026-07-24T10:08:34,1.0,225120,,,,,,DTSA+LS,N=40,C3,1419,4,0,True
ta02,15,15,225,DTSA,10,1411,225160,225000,938,11.499,,,,,40,0.5,6,6,-5.0,5.0,5ee1241,2026-07-24T10:08:34,1.0,225120,,,,,,DTSA-core,N=40,C3,1411,0,0,True
ta02,15,15,225,DTSA,10,1411,225160,225000,938,11.499,,,,,40,0.5,6,6,-5.0,5.0,5ee1241,2026-07-24T10:08:34,1.0,225120,,,,,,DTSA+LS,N=40,C3,1411,8,0,True
ta02,15,15,225,DTSA,11,1435,225160,225000,938,11.875,,,,,40,0.5,6,6,-5.0,5.0,5ee1241,2026-07-24T10:08:34,1.0,225120,,,,,,DTSA-core,N=40,C3,1435,0,0,True
ta02,15,15,225,DTSA,11,1435,225160,225000,938,11.875,,,,,40,0.5,6,6,-5.0,5.0,5ee1241,2026-07-24T10:08:34,1.0,225120,,,,,,DTSA+LS,N=40,C3,1435,6,0,True
ta02,15,15,225,DTSA,12,1320,225160,225000,938,11.544,,,,,40,0.5,6,6,-5.0,5.0,5ee1241,2026-07-24T10:08:45,1.0,225120,,,,,,DTSA-core,N=40,C3,1320,0,0,True
ta02,15,15,225,DTSA,12,1320,225160,225000,938,11.544,,,,,40,0.5,6,6,-5.0,5.0,5ee1241,2026-07-24T10:08:45,1.0,225120,,,,,,DTSA+LS,N=40,C3,1320,5,0,True
ta02,15,15,225,DTSA,13,1401,225160,225000,938,11.584,,,,,40,0.5,6,6,-5.0,5.0,5ee1241,2026-07-24T10:08:45,1.0,225120,,,,,,DTSA-core,N=40,C3,1401,0,0,True
ta02,15,15,225,DTSA,13,1401,225160,225000,938,11.584,,,,,40,0.5,6,6,-5.0,5.0,5ee1241,2026-07-24T10:08:45,1.0,225120,,,,,,DTSA+LS,N=40,C3,1401,4,0,True
ta02,15,15,225,DTSA,14,1385,225160,225000,938,11.532,,,,,40,0.5,6,6,-5.0,5.0,5ee1241,2026-07-24T10:08:45,1.0,225120,,,,,,DTSA-core,N=40,C3,1385,0,0,True
ta02,15,15,225,DTSA,14,1385,225160,225000,938,11.532,,,,,40,0.5,6,6,-5.0,5.0,5ee1241,2026-07-24T10:08:45,1.0,225120,,,,,,DTSA+LS,N=40,C3,1385,9,0,True
ta02,15,15,225,DTSA,15,1338,225160,225000,938,11.544,,,,,40,0.5,6,6,-5.0,5.0,5ee1241,2026-07-24T10:08:45,1.0,225120,,,,,,DTSA-core,N=40,C3,1338,0,0,True
ta02,15,15,225,DTSA,15,1338,225160,225000,938,11.544,,,,,40,0.5,6,6,-5.0,5.0,5ee1241,2026-07-24T10:08:45,1.0,225120,,,,,,DTSA+LS,N=40,C3,1338,5,0,True
ta02,15,15,225,DTSA,16,1429,225160,225000,938,11.467,,,,,40,0.5,6,6,-5.0,5.0,5ee1241,2026-07-24T10:08:45,1.0,225120,,,,,,DTSA-core,N=40,C3,1429,0,0,True
ta02,15,15,225,DTSA,16,1429,225160,225000,938,11.467,,,,,40,0.5,6,6,-5.0,5.0,5ee1241,2026-07-24T10:08:45,1.0,225120,,,,,,DTSA+LS,N=40,C3,1429,10,0,True
ta02,15,15,225,DTSA,17,1360,225160,225000,938,11.643,,,,,40,0.5,6,6,-5.0,5.0,5ee1241,2026-07-24T10:08:46,1.0,225120,,,,,,DTSA-core,N=40,C3,1360,0,0,True
ta02,15,15,225,DTSA,17,1360,225160,225000,938,11.643,,,,,40,0.5,6,6,-5.0,5.0,5ee1241,2026-07-24T10:08:46,1.0,225120,,,,,,DTSA+LS,N=40,C3,1360,6,0,True
ta02,15,15,225,DTSA,18,1405,225160,225000,938,10.921,,,,,40,0.5,6,6,-5.0,5.0,5ee1241,2026-07-24T10:08:56,1.0,225120,,,,,,DTSA-core,N=40,C3,1405,0,0,True
ta02,15,15,225,DTSA,18,1405,225160,225000,938,10.921,,,,,40,0.5,6,6,-5.0,5.0,5ee1241,2026-07-24T10:08:56,1.0,225120,,,,,,DTSA+LS,N=40,C3,1405,4,0,True
ta02,15,15,225,DTSA,19,1397,225160,225000,938,11.023,,,,,40,0.5,6,6,-5.0,5.0,5ee1241,2026-07-24T10:08:56,1.0,225120,,,,,,DTSA-core,N=40,C3,1397,0,0,True
ta02,15,15,225,DTSA,19,1397,225160,225000,938,11.023,,,,,40,0.5,6,6,-5.0,5.0,5ee1241,2026-07-24T10:08:56,1.0,225120,,,,,,DTSA+LS,N=40,C3,1397,6,0,True
ta03,15,15,225,DTSA,0,1391,225160,225000,938,11.637,,,,,40,0.5,6,6,-5.0,5.0,5ee1241,2026-07-24T10:09:08,1.0,225120,,,,,,DTSA-core,N=40,C3,1391,0,0,True
ta03,15,15,225,DTSA,0,1391,225160,225000,938,11.637,,,,,40,0.5,6,6,-5.0,5.0,5ee1241,2026-07-24T10:09:08,1.0,225120,,,,,,DTSA+LS,N=40,C3,1391,8,0,True
ta03,15,15,225,DTSA,1,1341,225160,225000,938,11.7,,,,,40,0.5,6,6,-5.0,5.0,5ee1241,2026-07-24T10:09:08,1.0,225120,,,,,,DTSA-core,N=40,C3,1341,0,0,True
ta03,15,15,225,DTSA,1,1341,225160,225000,938,11.7,,,,,40,0.5,6,6,-5.0,5.0,5ee1241,2026-07-24T10:09:08,1.0,225120,,,,,,DTSA+LS,N=40,C3,1341,8,0,True
ta03,15,15,225,DTSA,2,1395,225160,225000,938,11.67,,,,,40,0.5,6,6,-5.0,5.0,5ee1241,2026-07-24T10:09:08,1.0,225120,,,,,,DTSA-core,N=40,C3,1395,0,0,True
ta03,15,15,225,DTSA,2,1395,225160,225000,938,11.67,,,,,40,0.5,6,6,-5.0,5.0,5ee1241,2026-07-24T10:09:08,1.0,225120,,,,,,DTSA+LS,N=40,C3,1395,9,0,True
ta03,15,15,225,DTSA,3,1341,225160,225000,938,11.993,,,,,40,0.5,6,6,-5.0,5.0,5ee1241,2026-07-24T10:09:08,1.0,225120,,,,,,DTSA-core,N=40,C3,1341,0,0,True
ta03,15,15,225,DTSA,3,1341,225160,225000,938,11.993,,,,,40,0.5,6,6,-5.0,5.0,5ee1241,2026-07-24T10:09:08,1.0,225120,,,,,,DTSA+LS,N=40,C3,1341,7,0,True
ta03,15,15,225,DTSA,4,1394,225160,225000,938,11.652,,,,,40,0.5,6,6,-5.0,5.0,5ee1241,2026-07-24T10:09:08,1.0,225120,,,,,,DTSA-core,N=40,C3,1394,0,0,True
ta03,15,15,225,DTSA,4,1394,225160,225000,938,11.652,,,,,40,0.5,6,6,-5.0,5.0,5ee1241,2026-07-24T10:09:08,1.0,225120,,,,,,DTSA+LS,N=40,C3,1394,7,0,True
ta03,15,15,225,DTSA,5,1296,225160,225000,938,11.705,,,,,40,0.5,6,6,-5.0,5.0,5ee1241,2026-07-24T10:09:08,1.0,225120,,,,,,DTSA-core,N=40,C3,1296,0,0,True
ta03,15,15,225,DTSA,5,1296,225160,225000,938,11.705,,,,,40,0.5,6,6,-5.0,5.0,5ee1241,2026-07-24T10:09:08,1.0,225120,,,,,,DTSA+LS,N=40,C3,1296,8,0,True
ta03,15,15,225,DTSA,6,1462,225160,225000,938,11.553,,,,,40,0.5,6,6,-5.0,5.0,5ee1241,2026-07-24T10:09:20,1.0,225120,,,,,,DTSA-core,N=40,C3,1462,0,0,True
ta03,15,15,225,DTSA,6,1462,225160,225000,938,11.553,,,,,40,0.5,6,6,-5.0,5.0,5ee1241,2026-07-24T10:09:20,1.0,225120,,,,,,DTSA+LS,N=40,C3,1462,6,0,True
ta03,15,15,225,DTSA,7,1373,225160,225000,938,11.542,,,,,40,0.5,6,6,-5.0,5.0,5ee1241,2026-07-24T10:09:20,1.0,225120,,,,,,DTSA-core,N=40,C3,1373,0,0,True
ta03,15,15,225,DTSA,7,1373,225160,225000,938,11.542,,,,,40,0.5,6,6,-5.0,5.0,5ee1241,2026-07-24T10:09:20,1.0,225120,,,,,,DTSA+LS,N=40,C3,1373,6,0,True
ta03,15,15,225,DTSA,8,1314,225160,225000,938,11.592,,,,,40,0.5,6,6,-5.0,5.0,5ee1241,2026-07-24T10:09:20,1.0,225120,,,,,,DTSA-core,N=40,C3,1314,0,0,True
ta03,15,15,225,DTSA,8,1314,225160,225000,938,11.592,,,,,40,0.5,6,6,-5.0,5.0,5ee1241,2026-07-24T10:09:20,1.0,225120,,,,,,DTSA+LS,N=40,C3,1314,9,0,True
ta03,15,15,225,DTSA,9,1332,225160,225000,938,11.544,,,,,40,0.5,6,6,-5.0,5.0,5ee1241,2026-07-24T10:09:20,1.0,225120,,,,,,DTSA-core,N=40,C3,1332,0,0,True
ta03,15,15,225,DTSA,9,1332,225160,225000,938,11.544,,,,,40,0.5,6,6,-5.0,5.0,5ee1241,2026-07-24T10:09:20,1.0,225120,,,,,,DTSA+LS,N=40,C3,1332,8,0,True
ta03,15,15,225,DTSA,10,1369,225160,225000,938,11.551,,,,,40,0.5,6,6,-5.0,5.0,5ee1241,2026-07-24T10:09:20,1.0,225120,,,,,,DTSA-core,N=40,C3,1369,0,0,True
ta03,15,15,225,DTSA,10,1369,225160,225000,938,11.551,,,,,40,0.5,6,6,-5.0,5.0,5ee1241,2026-07-24T10:09:20,1.0,225120,,,,,,DTSA+LS,N=40,C3,1369,7,0,True
ta03,15,15,225,DTSA,11,1379,225160,225000,938,11.916,,,,,40,0.5,6,6,-5.0,5.0,5ee1241,2026-07-24T10:09:20,1.0,225120,,,,,,DTSA-core,N=40,C3,1379,0,0,True
ta03,15,15,225,DTSA,11,1379,225160,225000,938,11.916,,,,,40,0.5,6,6,-5.0,5.0,5ee1241,2026-07-24T10:09:20,1.0,225120,,,,,,DTSA+LS,N=40,C3,1379,7,0,True
ta03,15,15,225,DTSA,12,1359,225160,225000,938,11.651,,,,,40,0.5,6,6,-5.0,5.0,5ee1241,2026-07-24T10:09:31,1.0,225120,,,,,,DTSA-core,N=40,C3,1359,0,0,True
ta03,15,15,225,DTSA,12,1359,225160,225000,938,11.651,,,,,40,0.5,6,6,-5.0,5.0,5ee1241,2026-07-24T10:09:31,1.0,225120,,,,,,DTSA+LS,N=40,C3,1359,5,0,True
ta03,15,15,225,DTSA,13,1392,225160,225000,938,11.545,,,,,40,0.5,6,6,-5.0,5.0,5ee1241,2026-07-24T10:09:31,1.0,225120,,,,,,DTSA-core,N=40,C3,1392,0,0,True
ta03,15,15,225,DTSA,13,1392,225160,225000,938,11.545,,,,,40,0.5,6,6,-5.0,5.0,5ee1241,2026-07-24T10:09:31,1.0,225120,,,,,,DTSA+LS,N=40,C3,1392,7,0,True
ta03,15,15,225,DTSA,14,1352,225160,225000,938,11.544,,,,,40,0.5,6,6,-5.0,5.0,5ee1241,2026-07-24T10:09:31,1.0,225120,,,,,,DTSA-core,N=40,C3,1352,0,0,True
ta03,15,15,225,DTSA,14,1352,225160,225000,938,11.544,,,,,40,0.5,6,6,-5.0,5.0,5ee1241,2026-07-24T10:09:31,1.0,225120,,,,,,DTSA+LS,N=40,C3,1352,6,0,True
ta03,15,15,225,DTSA,15,1396,225160,225000,938,11.623,,,,,40,0.5,6,6,-5.0,5.0,5ee1241,2026-07-24T10:09:31,1.0,225120,,,,,,DTSA-core,N=40,C3,1396,0,0,True
ta03,15,15,225,DTSA,15,1396,225160,225000,938,11.623,,,,,40,0.5,6,6,-5.0,5.0,5ee1241,2026-07-24T10:09:31,1.0,225120,,,,,,DTSA+LS,N=40,C3,1396,8,0,True
ta03,15,15,225,DTSA,16,1384,225160,225000,938,11.6,,,,,40,0.5,6,6,-5.0,5.0,5ee1241,2026-07-24T10:09:31,1.0,225120,,,,,,DTSA-core,N=40,C3,1384,0,0,True
ta03,15,15,225,DTSA,16,1384,225160,225000,938,11.6,,,,,40,0.5,6,6,-5.0,5.0,5ee1241,2026-07-24T10:09:31,1.0,225120,,,,,,DTSA+LS,N=40,C3,1384,11,0,True
ta03,15,15,225,DTSA,17,1422,225160,225000,938,11.967,,,,,40,0.5,6,6,-5.0,5.0,5ee1241,2026-07-24T10:09:32,1.0,225120,,,,,,DTSA-core,N=40,C3,1422,0,0,True
ta03,15,15,225,DTSA,17,1414,225160,225000,938,11.967,,,,,40,0.5,6,6,-5.0,5.0,5ee1241,2026-07-24T10:09:32,1.0,225120,,,,,,DTSA+LS,N=40,C3,1422,18,2,True
ta03,15,15,225,DTSA,18,1407,225160,225000,938,11.097,,,,,40,0.5,6,6,-5.0,5.0,5ee1241,2026-07-24T10:09:42,1.0,225120,,,,,,DTSA-core,N=40,C3,1407,0,0,True
ta03,15,15,225,DTSA,18,1407,225160,225000,938,11.097,,,,,40,0.5,6,6,-5.0,5.0,5ee1241,2026-07-24T10:09:42,1.0,225120,,,,,,DTSA+LS,N=40,C3,1407,11,0,True
ta03,15,15,225,DTSA,19,1355,225160,225000,938,11.037,,,,,40,0.5,6,6,-5.0,5.0,5ee1241,2026-07-24T10:09:42,1.0,225120,,,,,,DTSA-core,N=40,C3,1355,0,0,True
ta03,15,15,225,DTSA,19,1355,225160,225000,938,11.037,,,,,40,0.5,6,6,-5.0,5.0,5ee1241,2026-07-24T10:09:42,1.0,225120,,,,,,DTSA+LS,N=40,C3,1355,10,0,True
ta04,15,15,225,DTSA,0,1324,225160,225000,938,11.522,,,,,40,0.5,6,6,-5.0,5.0,5ee1241,2026-07-24T10:09:54,1.0,225120,,,,,,DTSA-core,N=40,C3,1324,0,0,True
ta04,15,15,225,DTSA,0,1324,225160,225000,938,11.522,,,,,40,0.5,6,6,-5.0,5.0,5ee1241,2026-07-24T10:09:54,1.0,225120,,,,,,DTSA+LS,N=40,C3,1324,7,0,True
ta04,15,15,225,DTSA,1,1355,225160,225000,938,11.54,,,,,40,0.5,6,6,-5.0,5.0,5ee1241,2026-07-24T10:09:54,1.0,225120,,,,,,DTSA-core,N=40,C3,1355,0,0,True
ta04,15,15,225,DTSA,1,1355,225160,225000,938,11.54,,,,,40,0.5,6,6,-5.0,5.0,5ee1241,2026-07-24T10:09:54,1.0,225120,,,,,,DTSA+LS,N=40,C3,1355,6,0,True
ta04,15,15,225,DTSA,2,1359,225160,225000,938,11.578,,,,,40,0.5,6,6,-5.0,5.0,5ee1241,2026-07-24T10:09:54,1.0,225120,,,,,,DTSA-core,N=40,C3,1359,0,0,True
ta04,15,15,225,DTSA,2,1359,225160,225000,938,11.578,,,,,40,0.5,6,6,-5.0,5.0,5ee1241,2026-07-24T10:09:54,1.0,225120,,,,,,DTSA+LS,N=40,C3,1359,8,0,True
ta04,15,15,225,DTSA,3,1434,225160,225000,938,11.645,,,,,40,0.5,6,6,-5.0,5.0,5ee1241,2026-07-24T10:09:54,1.0,225120,,,,,,DTSA-core,N=40,C3,1434,0,0,True
ta04,15,15,225,DTSA,3,1434,225160,225000,938,11.645,,,,,40,0.5,6,6,-5.0,5.0,5ee1241,2026-07-24T10:09:54,1.0,225120,,,,,,DTSA+LS,N=40,C3,1434,8,0,True
ta04,15,15,225,DTSA,4,1327,225160,225000,938,11.576,,,,,40,0.5,6,6,-5.0,5.0,5ee1241,2026-07-24T10:09:54,1.0,225120,,,,,,DTSA-core,N=40,C3,1327,0,0,True
ta04,15,15,225,DTSA,4,1327,225160,225000,938,11.576,,,,,40,0.5,6,6,-5.0,5.0,5ee1241,2026-07-24T10:09:54,1.0,225120,,,,,,DTSA+LS,N=40,C3,1327,6,0,True
ta04,15,15,225,DTSA,5,1390,225160,225000,938,11.484,,,,,40,0.5,6,6,-5.0,5.0,5ee1241,2026-07-24T10:09:54,1.0,225120,,,,,,DTSA-core,N=40,C3,1390,0,0,True
ta04,15,15,225,DTSA,5,1390,225160,225000,938,11.484,,,,,40,0.5,6,6,-5.0,5.0,5ee1241,2026-07-24T10:09:54,1.0,225120,,,,,,DTSA+LS,N=40,C3,1390,10,0,True
ta04,15,15,225,DTSA,6,1338,225160,225000,938,11.565,,,,,40,0.5,6,6,-5.0,5.0,5ee1241,2026-07-24T10:10:06,1.0,225120,,,,,,DTSA-core,N=40,C3,1338,0,0,True
ta04,15,15,225,DTSA,6,1338,225160,225000,938,11.565,,,,,40,0.5,6,6,-5.0,5.0,5ee1241,2026-07-24T10:10:06,1.0,225120,,,,,,DTSA+LS,N=40,C3,1338,8,0,True
ta04,15,15,225,DTSA,7,1357,225160,225000,938,11.618,,,,,40,0.5,6,6,-5.0,5.0,5ee1241,2026-07-24T10:10:06,1.0,225120,,,,,,DTSA-core,N=40,C3,1357,0,0,True
ta04,15,15,225,DTSA,7,1357,225160,225000,938,11.618,,,,,40,0.5,6,6,-5.0,5.0,5ee1241,2026-07-24T10:10:06,1.0,225120,,,,,,DTSA+LS,N=40,C3,1357,7,0,True
ta04,15,15,225,DTSA,8,1338,225160,225000,938,11.635,,,,,40,0.5,6,6,-5.0,5.0,5ee1241,2026-07-24T10:10:06,1.0,225120,,,,,,DTSA-core,N=40,C3,1338,0,0,True
ta04,15,15,225,DTSA,8,1338,225160,225000,938,11.635,,,,,40,0.5,6,6,-5.0,5.0,5ee1241,2026-07-24T10:10:06,1.0,225120,,,,,,DTSA+LS,N=40,C3,1338,8,0,True
ta04,15,15,225,DTSA,9,1359,225160,225000,938,11.662,,,,,40,0.5,6,6,-5.0,5.0,5ee1241,2026-07-24T10:10:06,1.0,225120,,,,,,DTSA-core,N=40,C3,1359,0,0,True
ta04,15,15,225,DTSA,9,1359,225160,225000,938,11.662,,,,,40,0.5,6,6,-5.0,5.0,5ee1241,2026-07-24T10:10:06,1.0,225120,,,,,,DTSA+LS,N=40,C3,1359,7,0,True
ta04,15,15,225,DTSA,10,1326,225160,225000,938,11.673,,,,,40,0.5,6,6,-5.0,5.0,5ee1241,2026-07-24T10:10:06,1.0,225120,,,,,,DTSA-core,N=40,C3,1326,0,0,True
ta04,15,15,225,DTSA,10,1326,225160,225000,938,11.673,,,,,40,0.5,6,6,-5.0,5.0,5ee1241,2026-07-24T10:10:06,1.0,225120,,,,,,DTSA+LS,N=40,C3,1326,4,0,True
ta04,15,15,225,DTSA,11,1323,225160,225000,938,11.791,,,,,40,0.5,6,6,-5.0,5.0,5ee1241,2026-07-24T10:10:06,1.0,225120,,,,,,DTSA-core,N=40,C3,1323,0,0,True
ta04,15,15,225,DTSA,11,1323,225160,225000,938,11.791,,,,,40,0.5,6,6,-5.0,5.0,5ee1241,2026-07-24T10:10:06,1.0,225120,,,,,,DTSA+LS,N=40,C3,1323,7,0,True
ta04,15,15,225,DTSA,12,1423,225160,225000,938,11.672,,,,,40,0.5,6,6,-5.0,5.0,5ee1241,2026-07-24T10:10:17,1.0,225120,,,,,,DTSA-core,N=40,C3,1423,0,0,True
ta04,15,15,225,DTSA,12,1423,225160,225000,938,11.672,,,,,40,0.5,6,6,-5.0,5.0,5ee1241,2026-07-24T10:10:17,1.0,225120,,,,,,DTSA+LS,N=40,C3,1423,7,0,True
ta04,15,15,225,DTSA,13,1342,225160,225000,938,11.521,,,,,40,0.5,6,6,-5.0,5.0,5ee1241,2026-07-24T10:10:17,1.0,225120,,,,,,DTSA-core,N=40,C3,1342,0,0,True
ta04,15,15,225,DTSA,13,1342,225160,225000,938,11.521,,,,,40,0.5,6,6,-5.0,5.0,5ee1241,2026-07-24T10:10:17,1.0,225120,,,,,,DTSA+LS,N=40,C3,1342,8,0,True
ta04,15,15,225,DTSA,14,1396,225160,225000,938,11.383,,,,,40,0.5,6,6,-5.0,5.0,5ee1241,2026-07-24T10:10:17,1.0,225120,,,,,,DTSA-core,N=40,C3,1396,0,0,True
ta04,15,15,225,DTSA,14,1396,225160,225000,938,11.383,,,,,40,0.5,6,6,-5.0,5.0,5ee1241,2026-07-24T10:10:17,1.0,225120,,,,,,DTSA+LS,N=40,C3,1396,9,0,True
ta04,15,15,225,DTSA,15,1468,225160,225000,938,11.445,,,,,40,0.5,6,6,-5.0,5.0,5ee1241,2026-07-24T10:10:17,1.0,225120,,,,,,DTSA-core,N=40,C3,1468,0,0,True
ta04,15,15,225,DTSA,15,1468,225160,225000,938,11.445,,,,,40,0.5,6,6,-5.0,5.0,5ee1241,2026-07-24T10:10:17,1.0,225120,,,,,,DTSA+LS,N=40,C3,1468,7,0,True
ta04,15,15,225,DTSA,16,1471,225160,225000,938,11.649,,,,,40,0.5,6,6,-5.0,5.0,5ee1241,2026-07-24T10:10:17,1.0,225120,,,,,,DTSA-core,N=40,C3,1471,0,0,True
ta04,15,15,225,DTSA,16,1471,225160,225000,938,11.649,,,,,40,0.5,6,6,-5.0,5.0,5ee1241,2026-07-24T10:10:17,1.0,225120,,,,,,DTSA+LS,N=40,C3,1471,6,0,True
ta04,15,15,225,DTSA,17,1311,225160,225000,938,11.658,,,,,40,0.5,6,6,-5.0,5.0,5ee1241,2026-07-24T10:10:18,1.0,225120,,,,,,DTSA-core,N=40,C3,1311,0,0,True
ta04,15,15,225,DTSA,17,1311,225160,225000,938,11.658,,,,,40,0.5,6,6,-5.0,5.0,5ee1241,2026-07-24T10:10:18,1.0,225120,,,,,,DTSA+LS,N=40,C3,1311,7,0,True
ta04,15,15,225,DTSA,18,1390,225160,225000,938,10.97,,,,,40,0.5,6,6,-5.0,5.0,5ee1241,2026-07-24T10:10:28,1.0,225120,,,,,,DTSA-core,N=40,C3,1390,0,0,True
ta04,15,15,225,DTSA,18,1390,225160,225000,938,10.97,,,,,40,0.5,6,6,-5.0,5.0,5ee1241,2026-07-24T10:10:28,1.0,225120,,,,,,DTSA+LS,N=40,C3,1390,4,0,True
ta04,15,15,225,DTSA,19,1373,225160,225000,938,10.782,,,,,40,0.5,6,6,-5.0,5.0,5ee1241,2026-07-24T10:10:28,1.0,225120,,,,,,DTSA-core,N=40,C3,1373,0,0,True
ta04,15,15,225,DTSA,19,1373,225160,225000,938,10.782,,,,,40,0.5,6,6,-5.0,5.0,5ee1241,2026-07-24T10:10:28,1.0,225120,,,,,,DTSA+LS,N=40,C3,1373,6,0,True
ta05,15,15,225,DTSA,0,1450,225160,225000,938,11.513,,,,,40,0.5,6,6,-5.0,5.0,5ee1241,2026-07-24T10:10:40,1.0,225120,,,,,,DTSA-core,N=40,C3,1450,0,0,True
ta05,15,15,225,DTSA,0,1450,225160,225000,938,11.513,,,,,40,0.5,6,6,-5.0,5.0,5ee1241,2026-07-24T10:10:40,1.0,225120,,,,,,DTSA+LS,N=40,C3,1450,9,0,True
ta05,15,15,225,DTSA,1,1363,225160,225000,938,11.438,,,,,40,0.5,6,6,-5.0,5.0,5ee1241,2026-07-24T10:10:40,1.0,225120,,,,,,DTSA-core,N=40,C3,1363,0,0,True
ta05,15,15,225,DTSA,1,1363,225160,225000,938,11.438,,,,,40,0.5,6,6,-5.0,5.0,5ee1241,2026-07-24T10:10:40,1.0,225120,,,,,,DTSA+LS,N=40,C3,1363,7,0,True
ta05,15,15,225,DTSA,2,1344,225160,225000,938,11.551,,,,,40,0.5,6,6,-5.0,5.0,5ee1241,2026-07-24T10:10:40,1.0,225120,,,,,,DTSA-core,N=40,C3,1344,0,0,True
ta05,15,15,225,DTSA,2,1344,225160,225000,938,11.551,,,,,40,0.5,6,6,-5.0,5.0,5ee1241,2026-07-24T10:10:40,1.0,225120,,,,,,DTSA+LS,N=40,C3,1344,9,0,True
ta05,15,15,225,DTSA,3,1396,225160,225000,938,11.564,,,,,40,0.5,6,6,-5.0,5.0,5ee1241,2026-07-24T10:10:40,1.0,225120,,,,,,DTSA-core,N=40,C3,1396,0,0,True
ta05,15,15,225,DTSA,3,1396,225160,225000,938,11.564,,,,,40,0.5,6,6,-5.0,5.0,5ee1241,2026-07-24T10:10:40,1.0,225120,,,,,,DTSA+LS,N=40,C3,1396,7,0,True
ta05,15,15,225,DTSA,4,1409,225160,225000,938,11.53,,,,,40,0.5,6,6,-5.0,5.0,5ee1241,2026-07-24T10:10:40,1.0,225120,,,,,,DTSA-core,N=40,C3,1409,0,0,True
ta05,15,15,225,DTSA,4,1409,225160,225000,938,11.53,,,,,40,0.5,6,6,-5.0,5.0,5ee1241,2026-07-24T10:10:40,1.0,225120,,,,,,DTSA+LS,N=40,C3,1409,6,0,True
ta05,15,15,225,DTSA,5,1379,225160,225000,938,11.488,,,,,40,0.5,6,6,-5.0,5.0,5ee1241,2026-07-24T10:10:40,1.0,225120,,,,,,DTSA-core,N=40,C3,1379,0,0,True
ta05,15,15,225,DTSA,5,1379,225160,225000,938,11.488,,,,,40,0.5,6,6,-5.0,5.0,5ee1241,2026-07-24T10:10:40,1.0,225120,,,,,,DTSA+LS,N=40,C3,1379,4,0,True
ta05,15,15,225,DTSA,6,1394,225160,225000,938,11.519,,,,,40,0.5,6,6,-5.0,5.0,5ee1241,2026-07-24T10:10:51,1.0,225120,,,,,,DTSA-core,N=40,C3,1394,0,0,True
ta05,15,15,225,DTSA,6,1394,225160,225000,938,11.519,,,,,40,0.5,6,6,-5.0,5.0,5ee1241,2026-07-24T10:10:51,1.0,225120,,,,,,DTSA+LS,N=40,C3,1394,7,0,True
ta05,15,15,225,DTSA,7,1344,225160,225000,938,11.474,,,,,40,0.5,6,6,-5.0,5.0,5ee1241,2026-07-24T10:10:51,1.0,225120,,,,,,DTSA-core,N=40,C3,1344,0,0,True
ta05,15,15,225,DTSA,7,1344,225160,225000,938,11.474,,,,,40,0.5,6,6,-5.0,5.0,5ee1241,2026-07-24T10:10:51,1.0,225120,,,,,,DTSA+LS,N=40,C3,1344,5,0,True
ta05,15,15,225,DTSA,8,1408,225160,225000,938,11.46,,,,,40,0.5,6,6,-5.0,5.0,5ee1241,2026-07-24T10:10:51,1.0,225120,,,,,,DTSA-core,N=40,C3,1408,0,0,True
ta05,15,15,225,DTSA,8,1408,225160,225000,938,11.46,,,,,40,0.5,6,6,-5.0,5.0,5ee1241,2026-07-24T10:10:51,1.0,225120,,,,,,DTSA+LS,N=40,C3,1408,10,0,True
ta05,15,15,225,DTSA,9,1414,225160,225000,938,11.533,,,,,40,0.5,6,6,-5.0,5.0,5ee1241,2026-07-24T10:10:51,1.0,225120,,,,,,DTSA-core,N=40,C3,1414,0,0,True
ta05,15,15,225,DTSA,9,1414,225160,225000,938,11.533,,,,,40,0.5,6,6,-5.0,5.0,5ee1241,2026-07-24T10:10:51,1.0,225120,,,,,,DTSA+LS,N=40,C3,1414,5,0,True
ta05,15,15,225,DTSA,10,1345,225160,225000,938,11.491,,,,,40,0.5,6,6,-5.0,5.0,5ee1241,2026-07-24T10:10:51,1.0,225120,,,,,,DTSA-core,N=40,C3,1345,0,0,True
ta05,15,15,225,DTSA,10,1345,225160,225000,938,11.491,,,,,40,0.5,6,6,-5.0,5.0,5ee1241,2026-07-24T10:10:51,1.0,225120,,,,,,DTSA+LS,N=40,C3,1345,9,0,True
ta05,15,15,225,DTSA,11,1369,225160,225000,938,11.667,,,,,40,0.5,6,6,-5.0,5.0,5ee1241,2026-07-24T10:10:51,1.0,225120,,,,,,DTSA-core,N=40,C3,1369,0,0,True
ta05,15,15,225,DTSA,11,1369,225160,225000,938,11.667,,,,,40,0.5,6,6,-5.0,5.0,5ee1241,2026-07-24T10:10:51,1.0,225120,,,,,,DTSA+LS,N=40,C3,1369,6,0,True
ta05,15,15,225,DTSA,12,1397,225160,225000,938,11.446,,,,,40,0.5,6,6,-5.0,5.0,5ee1241,2026-07-24T10:11:03,1.0,225120,,,,,,DTSA-core,N=40,C3,1397,0,0,True
ta05,15,15,225,DTSA,12,1397,225160,225000,938,11.446,,,,,40,0.5,6,6,-5.0,5.0,5ee1241,2026-07-24T10:11:03,1.0,225120,,,,,,DTSA+LS,N=40,C3,1397,5,0,True
ta05,15,15,225,DTSA,13,1357,225160,225000,938,11.487,,,,,40,0.5,6,6,-5.0,5.0,5ee1241,2026-07-24T10:11:03,1.0,225120,,,,,,DTSA-core,N=40,C3,1357,0,0,True
ta05,15,15,225,DTSA,13,1357,225160,225000,938,11.487,,,,,40,0.5,6,6,-5.0,5.0,5ee1241,2026-07-24T10:11:03,1.0,225120,,,,,,DTSA+LS,N=40,C3,1357,7,0,True
ta05,15,15,225,DTSA,14,1376,225160,225000,938,11.424,,,,,40,0.5,6,6,-5.0,5.0,5ee1241,2026-07-24T10:11:03,1.0,225120,,,,,,DTSA-core,N=40,C3,1376,0,0,True
ta05,15,15,225,DTSA,14,1376,225160,225000,938,11.424,,,,,40,0.5,6,6,-5.0,5.0,5ee1241,2026-07-24T10:11:03,1.0,225120,,,,,,DTSA+LS,N=40,C3,1376,10,0,True
ta05,15,15,225,DTSA,15,1398,225160,225000,938,11.377,,,,,40,0.5,6,6,-5.0,5.0,5ee1241,2026-07-24T10:11:03,1.0,225120,,,,,,DTSA-core,N=40,C3,1398,0,0,True
ta05,15,15,225,DTSA,15,1398,225160,225000,938,11.377,,,,,40,0.5,6,6,-5.0,5.0,5ee1241,2026-07-24T10:11:03,1.0,225120,,,,,,DTSA+LS,N=40,C3,1398,4,0,True
ta05,15,15,225,DTSA,16,1342,225160,225000,938,11.372,,,,,40,0.5,6,6,-5.0,5.0,5ee1241,2026-07-24T10:11:03,1.0,225120,,,,,,DTSA-core,N=40,C3,1342,0,0,True
ta05,15,15,225,DTSA,16,1342,225160,225000,938,11.372,,,,,40,0.5,6,6,-5.0,5.0,5ee1241,2026-07-24T10:11:03,1.0,225120,,,,,,DTSA+LS,N=40,C3,1342,6,0,True
ta05,15,15,225,DTSA,17,1410,225160,225000,938,11.515,,,,,40,0.5,6,6,-5.0,5.0,5ee1241,2026-07-24T10:11:03,1.0,225120,,,,,,DTSA-core,N=40,C3,1410,0,0,True
ta05,15,15,225,DTSA,17,1410,225160,225000,938,11.515,,,,,40,0.5,6,6,-5.0,5.0,5ee1241,2026-07-24T10:11:03,1.0,225120,,,,,,DTSA+LS,N=40,C3,1410,5,0,True
ta05,15,15,225,DTSA,18,1390,225160,225000,938,10.768,,,,,40,0.5,6,6,-5.0,5.0,5ee1241,2026-07-24T10:11:13,1.0,225120,,,,,,DTSA-core,N=40,C3,1390,0,0,True
ta05,15,15,225,DTSA,18,1390,225160,225000,938,10.768,,,,,40,0.5,6,6,-5.0,5.0,5ee1241,2026-07-24T10:11:13,1.0,225120,,,,,,DTSA+LS,N=40,C3,1390,8,0,True
ta05,15,15,225,DTSA,19,1431,225160,225000,938,10.852,,,,,40,0.5,6,6,-5.0,5.0,5ee1241,2026-07-24T10:11:13,1.0,225120,,,,,,DTSA-core,N=40,C3,1431,0,0,True
ta05,15,15,225,DTSA,19,1431,225160,225000,938,10.852,,,,,40,0.5,6,6,-5.0,5.0,5ee1241,2026-07-24T10:11:13,1.0,225120,,,,,,DTSA+LS,N=40,C3,1431,7,0,True
ta11,20,15,300,DTSA,0,1558,300040,300000,1250,16.752,,,,,40,0.5,6,6,-5.0,5.0,5ee1241,2026-07-24T10:11:30,1.0,300000,,,,,,DTSA-core,N=40,C3,1558,0,0,True
ta11,20,15,300,DTSA,0,1558,300040,300000,1250,16.752,,,,,40,0.5,6,6,-5.0,5.0,5ee1241,2026-07-24T10:11:30,1.0,300000,,,,,,DTSA+LS,N=40,C3,1558,8,0,True
ta11,20,15,300,DTSA,1,1649,300040,300000,1250,16.497,,,,,40,0.5,6,6,-5.0,5.0,5ee1241,2026-07-24T10:11:30,1.0,300000,,,,,,DTSA-core,N=40,C3,1649,0,0,True
ta11,20,15,300,DTSA,1,1649,300040,300000,1250,16.497,,,,,40,0.5,6,6,-5.0,5.0,5ee1241,2026-07-24T10:11:30,1.0,300000,,,,,,DTSA+LS,N=40,C3,1649,8,0,True
ta11,20,15,300,DTSA,2,1564,300040,300000,1250,16.656,,,,,40,0.5,6,6,-5.0,5.0,5ee1241,2026-07-24T10:11:30,1.0,300000,,,,,,DTSA-core,N=40,C3,1564,0,0,True
ta11,20,15,300,DTSA,2,1564,300040,300000,1250,16.656,,,,,40,0.5,6,6,-5.0,5.0,5ee1241,2026-07-24T10:11:30,1.0,300000,,,,,,DTSA+LS,N=40,C3,1564,13,0,True
ta11,20,15,300,DTSA,3,1555,300040,300000,1250,16.703,,,,,40,0.5,6,6,-5.0,5.0,5ee1241,2026-07-24T10:11:30,1.0,300000,,,,,,DTSA-core,N=40,C3,1555,0,0,True
ta11,20,15,300,DTSA,3,1555,300040,300000,1250,16.703,,,,,40,0.5,6,6,-5.0,5.0,5ee1241,2026-07-24T10:11:30,1.0,300000,,,,,,DTSA+LS,N=40,C3,1555,5,0,True
ta11,20,15,300,DTSA,4,1557,300040,300000,1250,16.594,,,,,40,0.5,6,6,-5.0,5.0,5ee1241,2026-07-24T10:11:30,1.0,300000,,,,,,DTSA-core,N=40,C3,1557,0,0,True
ta11,20,15,300,DTSA,4,1557,300040,300000,1250,16.594,,,,,40,0.5,6,6,-5.0,5.0,5ee1241,2026-07-24T10:11:30,1.0,300000,,,,,,DTSA+LS,N=40,C3,1557,7,0,True
ta11,20,15,300,DTSA,5,1644,300040,300000,1250,16.802,,,,,40,0.5,6,6,-5.0,5.0,5ee1241,2026-07-24T10:11:30,1.0,300000,,,,,,DTSA-core,N=40,C3,1644,0,0,True
ta11,20,15,300,DTSA,5,1644,300040,300000,1250,16.802,,,,,40,0.5,6,6,-5.0,5.0,5ee1241,2026-07-24T10:11:30,1.0,300000,,,,,,DTSA+LS,N=40,C3,1644,8,0,True
ta11,20,15,300,DTSA,6,1612,300040,300000,1250,16.401,,,,,40,0.5,6,6,-5.0,5.0,5ee1241,2026-07-24T10:11:46,1.0,300000,,,,,,DTSA-core,N=40,C3,1612,0,0,True
ta11,20,15,300,DTSA,6,1612,300040,300000,1250,16.401,,,,,40,0.5,6,6,-5.0,5.0,5ee1241,2026-07-24T10:11:46,1.0,300000,,,,,,DTSA+LS,N=40,C3,1612,6,0,True
ta11,20,15,300,DTSA,7,1605,300040,300000,1250,16.455,,,,,40,0.5,6,6,-5.0,5.0,5ee1241,2026-07-24T10:11:47,1.0,300000,,,,,,DTSA-core,N=40,C3,1605,0,0,True
ta11,20,15,300,DTSA,7,1605,300040,300000,1250,16.455,,,,,40,0.5,6,6,-5.0,5.0,5ee1241,2026-07-24T10:11:47,1.0,300000,,,,,,DTSA+LS,N=40,C3,1605,7,0,True
ta11,20,15,300,DTSA,8,1633,300040,300000,1250,16.522,,,,,40,0.5,6,6,-5.0,5.0,5ee1241,2026-07-24T10:11:47,1.0,300000,,,,,,DTSA-core,N=40,C3,1633,0,0,True
ta11,20,15,300,DTSA,8,1633,300040,300000,1250,16.522,,,,,40,0.5,6,6,-5.0,5.0,5ee1241,2026-07-24T10:11:47,1.0,300000,,,,,,DTSA+LS,N=40,C3,1633,6,0,True
ta11,20,15,300,DTSA,9,1630,300040,300000,1250,16.478,,,,,40,0.5,6,6,-5.0,5.0,5ee1241,2026-07-24T10:11:47,1.0,300000,,,,,,DTSA-core,N=40,C3,1630,0,0,True
ta11,20,15,300,DTSA,9,1630,300040,300000,1250,16.478,,,,,40,0.5,6,6,-5.0,5.0,5ee1241,2026-07-24T10:11:47,1.0,300000,,,,,,DTSA+LS,N=40,C3,1630,6,0,True
ta11,20,15,300,DTSA,10,1566,300040,300000,1250,16.391,,,,,40,0.5,6,6,-5.0,5.0,5ee1241,2026-07-24T10:11:47,1.0,300000,,,,,,DTSA-core,N=40,C3,1566,0,0,True
ta11,20,15,300,DTSA,10,1566,300040,300000,1250,16.391,,,,,40,0.5,6,6,-5.0,5.0,5ee1241,2026-07-24T10:11:47,1.0,300000,,,,,,DTSA+LS,N=40,C3,1566,5,0,True
ta11,20,15,300,DTSA,11,1620,300040,300000,1250,16.47,,,,,40,0.5,6,6,-5.0,5.0,5ee1241,2026-07-24T10:11:47,1.0,300000,,,,,,DTSA-core,N=40,C3,1620,0,0,True
ta11,20,15,300,DTSA,11,1620,300040,300000,1250,16.47,,,,,40,0.5,6,6,-5.0,5.0,5ee1241,2026-07-24T10:11:47,1.0,300000,,,,,,DTSA+LS,N=40,C3,1620,6,0,True
ta11,20,15,300,DTSA,12,1573,300040,300000,1250,16.633,,,,,40,0.5,6,6,-5.0,5.0,5ee1241,2026-07-24T10:12:03,1.0,300000,,,,,,DTSA-core,N=40,C3,1573,0,0,True
ta11,20,15,300,DTSA,12,1573,300040,300000,1250,16.633,,,,,40,0.5,6,6,-5.0,5.0,5ee1241,2026-07-24T10:12:03,1.0,300000,,,,,,DTSA+LS,N=40,C3,1573,6,0,True
ta11,20,15,300,DTSA,13,1630,300040,300000,1250,16.498,,,,,40,0.5,6,6,-5.0,5.0,5ee1241,2026-07-24T10:12:03,1.0,300000,,,,,,DTSA-core,N=40,C3,1630,0,0,True
ta11,20,15,300,DTSA,13,1630,300040,300000,1250,16.498,,,,,40,0.5,6,6,-5.0,5.0,5ee1241,2026-07-24T10:12:03,1.0,300000,,,,,,DTSA+LS,N=40,C3,1630,8,0,True
ta11,20,15,300,DTSA,14,1560,300040,300000,1250,16.692,,,,,40,0.5,6,6,-5.0,5.0,5ee1241,2026-07-24T10:12:03,1.0,300000,,,,,,DTSA-core,N=40,C3,1560,0,0,True
ta11,20,15,300,DTSA,14,1560,300040,300000,1250,16.692,,,,,40,0.5,6,6,-5.0,5.0,5ee1241,2026-07-24T10:12:03,1.0,300000,,,,,,DTSA+LS,N=40,C3,1560,8,0,True
ta11,20,15,300,DTSA,15,1614,300040,300000,1250,16.644,,,,,40,0.5,6,6,-5.0,5.0,5ee1241,2026-07-24T10:12:03,1.0,300000,,,,,,DTSA-core,N=40,C3,1614,0,0,True
ta11,20,15,300,DTSA,15,1614,300040,300000,1250,16.644,,,,,40,0.5,6,6,-5.0,5.0,5ee1241,2026-07-24T10:12:03,1.0,300000,,,,,,DTSA+LS,N=40,C3,1614,6,0,True
ta11,20,15,300,DTSA,16,1585,300040,300000,1250,16.646,,,,,40,0.5,6,6,-5.0,5.0,5ee1241,2026-07-24T10:12:03,1.0,300000,,,,,,DTSA-core,N=40,C3,1585,0,0,True
ta11,20,15,300,DTSA,16,1585,300040,300000,1250,16.646,,,,,40,0.5,6,6,-5.0,5.0,5ee1241,2026-07-24T10:12:03,1.0,300000,,,,,,DTSA+LS,N=40,C3,1585,9,0,True
ta11,20,15,300,DTSA,17,1625,300040,300000,1250,16.628,,,,,40,0.5,6,6,-5.0,5.0,5ee1241,2026-07-24T10:12:04,1.0,300000,,,,,,DTSA-core,N=40,C3,1625,0,0,True
ta11,20,15,300,DTSA,17,1625,300040,300000,1250,16.628,,,,,40,0.5,6,6,-5.0,5.0,5ee1241,2026-07-24T10:12:04,1.0,300000,,,,,,DTSA+LS,N=40,C3,1625,10,0,True
ta11,20,15,300,DTSA,18,1530,300040,300000,1250,15.819,,,,,40,0.5,6,6,-5.0,5.0,5ee1241,2026-07-24T10:12:19,1.0,300000,,,,,,DTSA-core,N=40,C3,1530,0,0,True
ta11,20,15,300,DTSA,18,1530,300040,300000,1250,15.819,,,,,40,0.5,6,6,-5.0,5.0,5ee1241,2026-07-24T10:12:19,1.0,300000,,,,,,DTSA+LS,N=40,C3,1530,12,0,True
ta11,20,15,300,DTSA,19,1587,300040,300000,1250,15.635,,,,,40,0.5,6,6,-5.0,5.0,5ee1241,2026-07-24T10:12:19,1.0,300000,,,,,,DTSA-core,N=40,C3,1587,0,0,True
ta11,20,15,300,DTSA,19,1587,300040,300000,1250,15.635,,,,,40,0.5,6,6,-5.0,5.0,5ee1241,2026-07-24T10:12:19,1.0,300000,,,,,,DTSA+LS,N=40,C3,1587,9,0,True
ta12,20,15,300,DTSA,0,1529,300040,300000,1250,16.401,,,,,40,0.5,6,6,-5.0,5.0,5ee1241,2026-07-24T10:12:35,1.0,300000,,,,,,DTSA-core,N=40,C3,1529,0,0,True
ta12,20,15,300,DTSA,0,1529,300040,300000,1250,16.401,,,,,40,0.5,6,6,-5.0,5.0,5ee1241,2026-07-24T10:12:35,1.0,300000,,,,,,DTSA+LS,N=40,C3,1529,9,0,True
ta12,20,15,300,DTSA,1,1527,300040,300000,1250,16.581,,,,,40,0.5,6,6,-5.0,5.0,5ee1241,2026-07-24T10:12:36,1.0,300000,,,,,,DTSA-core,N=40,C3,1527,0,0,True
ta12,20,15,300,DTSA,1,1527,300040,300000,1250,16.581,,,,,40,0.5,6,6,-5.0,5.0,5ee1241,2026-07-24T10:12:36,1.0,300000,,,,,,DTSA+LS,N=40,C3,1527,9,0,True
ta12,20,15,300,DTSA,2,1600,300040,300000,1250,16.498,,,,,40,0.5,6,6,-5.0,5.0,5ee1241,2026-07-24T10:12:36,1.0,300000,,,,,,DTSA-core,N=40,C3,1600,0,0,True
ta12,20,15,300,DTSA,2,1600,300040,300000,1250,16.498,,,,,40,0.5,6,6,-5.0,5.0,5ee1241,2026-07-24T10:12:36,1.0,300000,,,,,,DTSA+LS,N=40,C3,1600,4,0,True
ta12,20,15,300,DTSA,3,1564,300040,300000,1250,16.448,,,,,40,0.5,6,6,-5.0,5.0,5ee1241,2026-07-24T10:12:35,1.0,300000,,,,,,DTSA-core,N=40,C3,1564,0,0,True
ta12,20,15,300,DTSA,3,1564,300040,300000,1250,16.448,,,,,40,0.5,6,6,-5.0,5.0,5ee1241,2026-07-24T10:12:35,1.0,300000,,,,,,DTSA+LS,N=40,C3,1564,4,0,True
ta12,20,15,300,DTSA,4,1641,300040,300000,1250,16.392,,,,,40,0.5,6,6,-5.0,5.0,5ee1241,2026-07-24T10:12:35,1.0,300000,,,,,,DTSA-core,N=40,C3,1641,0,0,True
ta12,20,15,300,DTSA,4,1641,300040,300000,1250,16.392,,,,,40,0.5,6,6,-5.0,5.0,5ee1241,2026-07-24T10:12:35,1.0,300000,,,,,,DTSA+LS,N=40,C3,1641,6,0,True
ta12,20,15,300,DTSA,5,1548,300040,300000,1250,16.411,,,,,40,0.5,6,6,-5.0,5.0,5ee1241,2026-07-24T10:12:35,1.0,300000,,,,,,DTSA-core,N=40,C3,1548,0,0,True
ta12,20,15,300,DTSA,5,1548,300040,300000,1250,16.411,,,,,40,0.5,6,6,-5.0,5.0,5ee1241,2026-07-24T10:12:35,1.0,300000,,,,,,DTSA+LS,N=40,C3,1548,7,0,True
ta12,20,15,300,DTSA,6,1642,300040,300000,1250,16.35,,,,,40,0.5,6,6,-5.0,5.0,5ee1241,2026-07-24T10:12:52,1.0,300000,,,,,,DTSA-core,N=40,C3,1642,0,0,True
ta12,20,15,300,DTSA,6,1642,300040,300000,1250,16.35,,,,,40,0.5,6,6,-5.0,5.0,5ee1241,2026-07-24T10:12:52,1.0,300000,,,,,,DTSA+LS,N=40,C3,1642,7,0,True
ta12,20,15,300,DTSA,7,1559,300040,300000,1250,16.419,,,,,40,0.5,6,6,-5.0,5.0,5ee1241,2026-07-24T10:12:52,1.0,300000,,,,,,DTSA-core,N=40,C3,1559,0,0,True
ta12,20,15,300,DTSA,7,1559,300040,300000,1250,16.419,,,,,40,0.5,6,6,-5.0,5.0,5ee1241,2026-07-24T10:12:52,1.0,300000,,,,,,DTSA+LS,N=40,C3,1559,5,0,True
ta12,20,15,300,DTSA,8,1522,300040,300000,1250,16.429,,,,,40,0.5,6,6,-5.0,5.0,5ee1241,2026-07-24T10:12:52,1.0,300000,,,,,,DTSA-core,N=40,C3,1522,0,0,True
ta12,20,15,300,DTSA,8,1522,300040,300000,1250,16.429,,,,,40,0.5,6,6,-5.0,5.0,5ee1241,2026-07-24T10:12:52,1.0,300000,,,,,,DTSA+LS,N=40,C3,1522,9,0,True
ta12,20,15,300,DTSA,9,1534,300040,300000,1250,16.46,,,,,40,0.5,6,6,-5.0,5.0,5ee1241,2026-07-24T10:12:52,1.0,300000,,,,,,DTSA-core,N=40,C3,1534,0,0,True
ta12,20,15,300,DTSA,9,1534,300040,300000,1250,16.46,,,,,40,0.5,6,6,-5.0,5.0,5ee1241,2026-07-24T10:12:52,1.0,300000,,,,,,DTSA+LS,N=40,C3,1534,7,0,True
ta12,20,15,300,DTSA,10,1511,300040,300000,1250,16.461,,,,,40,0.5,6,6,-5.0,5.0,5ee1241,2026-07-24T10:12:52,1.0,300000,,,,,,DTSA-core,N=40,C3,1511,0,0,True
ta12,20,15,300,DTSA,10,1511,300040,300000,1250,16.461,,,,,40,0.5,6,6,-5.0,5.0,5ee1241,2026-07-24T10:12:52,1.0,300000,,,,,,DTSA+LS,N=40,C3,1511,6,0,True
ta12,20,15,300,DTSA,11,1529,300040,300000,1250,16.425,,,,,40,0.5,6,6,-5.0,5.0,5ee1241,2026-07-24T10:12:52,1.0,300000,,,,,,DTSA-core,N=40,C3,1529,0,0,True
ta12,20,15,300,DTSA,11,1529,300040,300000,1250,16.425,,,,,40,0.5,6,6,-5.0,5.0,5ee1241,2026-07-24T10:12:52,1.0,300000,,,,,,DTSA+LS,N=40,C3,1529,5,0,True
ta12,20,15,300,DTSA,12,1533,300040,300000,1250,16.69,,,,,40,0.5,6,6,-5.0,5.0,5ee1241,2026-07-24T10:13:09,1.0,300000,,,,,,DTSA-core,N=40,C3,1533,0,0,True
ta12,20,15,300,DTSA,12,1533,300040,300000,1250,16.69,,,,,40,0.5,6,6,-5.0,5.0,5ee1241,2026-07-24T10:13:09,1.0,300000,,,,,,DTSA+LS,N=40,C3,1533,4,0,True
ta12,20,15,300,DTSA,13,1496,300040,300000,1250,16.616,,,,,40,0.5,6,6,-5.0,5.0,5ee1241,2026-07-24T10:13:09,1.0,300000,,,,,,DTSA-core,N=40,C3,1496,0,0,True
ta12,20,15,300,DTSA,13,1496,300040,300000,1250,16.616,,,,,40,0.5,6,6,-5.0,5.0,5ee1241,2026-07-24T10:13:09,1.0,300000,,,,,,DTSA+LS,N=40,C3,1496,11,0,True
ta12,20,15,300,DTSA,14,1586,300040,300000,1250,16.59,,,,,40,0.5,6,6,-5.0,5.0,5ee1241,2026-07-24T10:13:09,1.0,300000,,,,,,DTSA-core,N=40,C3,1586,0,0,True
ta12,20,15,300,DTSA,14,1586,300040,300000,1250,16.59,,,,,40,0.5,6,6,-5.0,5.0,5ee1241,2026-07-24T10:13:09,1.0,300000,,,,,,DTSA+LS,N=40,C3,1586,4,0,True
ta12,20,15,300,DTSA,15,1601,300040,300000,1250,16.657,,,,,40,0.5,6,6,-5.0,5.0,5ee1241,2026-07-24T10:13:09,1.0,300000,,,,,,DTSA-core,N=40,C3,1601,0,0,True
ta12,20,15,300,DTSA,15,1601,300040,300000,1250,16.657,,,,,40,0.5,6,6,-5.0,5.0,5ee1241,2026-07-24T10:13:09,1.0,300000,,,,,,DTSA+LS,N=40,C3,1601,7,0,True
ta12,20,15,300,DTSA,16,1534,300040,300000,1250,16.54,,,,,40,0.5,6,6,-5.0,5.0,5ee1241,2026-07-24T10:13:09,1.0,300000,,,,,,DTSA-core,N=40,C3,1534,0,0,True
ta12,20,15,300,DTSA,16,1534,300040,300000,1250,16.54,,,,,40,0.5,6,6,-5.0,5.0,5ee1241,2026-07-24T10:13:09,1.0,300000,,,,,,DTSA+LS,N=40,C3,1534,5,0,True
ta12,20,15,300,DTSA,17,1616,300040,300000,1250,16.555,,,,,40,0.5,6,6,-5.0,5.0,5ee1241,2026-07-24T10:13:09,1.0,300000,,,,,,DTSA-core,N=40,C3,1616,0,0,True
ta12,20,15,300,DTSA,17,1616,300040,300000,1250,16.555,,,,,40,0.5,6,6,-5.0,5.0,5ee1241,2026-07-24T10:13:09,1.0,300000,,,,,,DTSA+LS,N=40,C3,1616,10,0,True
ta12,20,15,300,DTSA,18,1584,300040,300000,1250,15.715,,,,,40,0.5,6,6,-5.0,5.0,5ee1241,2026-07-24T10:13:24,1.0,300000,,,,,,DTSA-core,N=40,C3,1584,0,0,True
ta12,20,15,300,DTSA,18,1584,300040,300000,1250,15.715,,,,,40,0.5,6,6,-5.0,5.0,5ee1241,2026-07-24T10:13:24,1.0,300000,,,,,,DTSA+LS,N=40,C3,1584,7,0,True
ta12,20,15,300,DTSA,19,1581,300040,300000,1250,15.656,,,,,40,0.5,6,6,-5.0,5.0,5ee1241,2026-07-24T10:13:24,1.0,300000,,,,,,DTSA-core,N=40,C3,1581,0,0,True
ta12,20,15,300,DTSA,19,1581,300040,300000,1250,15.656,,,,,40,0.5,6,6,-5.0,5.0,5ee1241,2026-07-24T10:13:24,1.0,300000,,,,,,DTSA+LS,N=40,C3,1581,9,0,True
ta13,20,15,300,DTSA,0,1556,300040,300000,1250,16.704,,,,,40,0.5,6,6,-5.0,5.0,5ee1241,2026-07-24T10:13:41,1.0,300000,,,,,,DTSA-core,N=40,C3,1556,0,0,True
ta13,20,15,300,DTSA,0,1556,300040,300000,1250,16.704,,,,,40,0.5,6,6,-5.0,5.0,5ee1241,2026-07-24T10:13:41,1.0,300000,,,,,,DTSA+LS,N=40,C3,1556,9,0,True
ta13,20,15,300,DTSA,1,1634,300040,300000,1250,16.433,,,,,40,0.5,6,6,-5.0,5.0,5ee1241,2026-07-24T10:13:41,1.0,300000,,,,,,DTSA-core,N=40,C3,1634,0,0,True
ta13,20,15,300,DTSA,1,1634,300040,300000,1250,16.433,,,,,40,0.5,6,6,-5.0,5.0,5ee1241,2026-07-24T10:13:41,1.0,300000,,,,,,DTSA+LS,N=40,C3,1634,8,0,True
ta13,20,15,300,DTSA,2,1629,300040,300000,1250,16.589,,,,,40,0.5,6,6,-5.0,5.0,5ee1241,2026-07-24T10:13:41,1.0,300000,,,,,,DTSA-core,N=40,C3,1629,0,0,True
ta13,20,15,300,DTSA,2,1629,300040,300000,1250,16.589,,,,,40,0.5,6,6,-5.0,5.0,5ee1241,2026-07-24T10:13:41,1.0,300000,,,,,,DTSA+LS,N=40,C3,1629,6,0,True
ta13,20,15,300,DTSA,3,1571,300040,300000,1250,16.718,,,,,40,0.5,6,6,-5.0,5.0,5ee1241,2026-07-24T10:13:41,1.0,300000,,,,,,DTSA-core,N=40,C3,1571,0,0,True
ta13,20,15,300,DTSA,3,1571,300040,300000,1250,16.718,,,,,40,0.5,6,6,-5.0,5.0,5ee1241,2026-07-24T10:13:41,1.0,300000,,,,,,DTSA+LS,N=40,C3,1571,8,0,True
ta13,20,15,300,DTSA,4,1605,300040,300000,1250,16.551,,,,,40,0.5,6,6,-5.0,5.0,5ee1241,2026-07-24T10:13:41,1.0,300000,,,,,,DTSA-core,N=40,C3,1605,0,0,True
ta13,20,15,300,DTSA,4,1605,300040,300000,1250,16.551,,,,,40,0.5,6,6,-5.0,5.0,5ee1241,2026-07-24T10:13:41,1.0,300000,,,,,,DTSA+LS,N=40,C3,1605,8,0,True
ta13,20,15,300,DTSA,5,1614,300040,300000,1250,16.619,,,,,40,0.5,6,6,-5.0,5.0,5ee1241,2026-07-24T10:13:41,1.0,300000,,,,,,DTSA-core,N=40,C3,1614,0,0,True
ta13,20,15,300,DTSA,5,1614,300040,300000,1250,16.619,,,,,40,0.5,6,6,-5.0,5.0,5ee1241,2026-07-24T10:13:41,1.0,300000,,,,,,DTSA+LS,N=40,C3,1614,6,0,True
ta13,20,15,300,DTSA,6,1561,300040,300000,1250,16.596,,,,,40,0.5,6,6,-5.0,5.0,5ee1241,2026-07-24T10:13:57,1.0,300000,,,,,,DTSA-core,N=40,C3,1561,0,0,True
ta13,20,15,300,DTSA,6,1561,300040,300000,1250,16.596,,,,,40,0.5,6,6,-5.0,5.0,5ee1241,2026-07-24T10:13:57,1.0,300000,,,,,,DTSA+LS,N=40,C3,1561,8,0,True
ta13,20,15,300,DTSA,7,1613,300040,300000,1250,16.549,,,,,40,0.5,6,6,-5.0,5.0,5ee1241,2026-07-24T10:13:57,1.0,300000,,,,,,DTSA-core,N=40,C3,1613,0,0,True
ta13,20,15,300,DTSA,7,1613,300040,300000,1250,16.549,,,,,40,0.5,6,6,-5.0,5.0,5ee1241,2026-07-24T10:13:57,1.0,300000,,,,,,DTSA+LS,N=40,C3,1613,10,0,True
ta13,20,15,300,DTSA,8,1582,300040,300000,1250,16.616,,,,,40,0.5,6,6,-5.0,5.0,5ee1241,2026-07-24T10:13:58,1.0,300000,,,,,,DTSA-core,N=40,C3,1582,0,0,True
ta13,20,15,300,DTSA,8,1582,300040,300000,1250,16.616,,,,,40,0.5,6,6,-5.0,5.0,5ee1241,2026-07-24T10:13:58,1.0,300000,,,,,,DTSA+LS,N=40,C3,1582,9,0,True
ta13,20,15,300,DTSA,9,1618,300040,300000,1250,16.613,,,,,40,0.5,6,6,-5.0,5.0,5ee1241,2026-07-24T10:13:58,1.0,300000,,,,,,DTSA-core,N=40,C3,1618,0,0,True
ta13,20,15,300,DTSA,9,1618,300040,300000,1250,16.613,,,,,40,0.5,6,6,-5.0,5.0,5ee1241,2026-07-24T10:13:58,1.0,300000,,,,,,DTSA+LS,N=40,C3,1618,7,0,True
ta13,20,15,300,DTSA,10,1562,300040,300000,1250,16.66,,,,,40,0.5,6,6,-5.0,5.0,5ee1241,2026-07-24T10:13:58,1.0,300000,,,,,,DTSA-core,N=40,C3,1562,0,0,True
ta13,20,15,300,DTSA,10,1562,300040,300000,1250,16.66,,,,,40,0.5,6,6,-5.0,5.0,5ee1241,2026-07-24T10:13:58,1.0,300000,,,,,,DTSA+LS,N=40,C3,1562,7,0,True
ta13,20,15,300,DTSA,11,1588,300040,300000,1250,16.596,,,,,40,0.5,6,6,-5.0,5.0,5ee1241,2026-07-24T10:13:58,1.0,300000,,,,,,DTSA-core,N=40,C3,1588,0,0,True
ta13,20,15,300,DTSA,11,1588,300040,300000,1250,16.596,,,,,40,0.5,6,6,-5.0,5.0,5ee1241,2026-07-24T10:13:58,1.0,300000,,,,,,DTSA+LS,N=40,C3,1588,8,0,True
ta13,20,15,300,DTSA,12,1598,300040,300000,1250,16.55,,,,,40,0.5,6,6,-5.0,5.0,5ee1241,2026-07-24T10:14:14,1.0,300000,,,,,,DTSA-core,N=40,C3,1598,0,0,True
ta13,20,15,300,DTSA,12,1598,300040,300000,1250,16.55,,,,,40,0.5,6,6,-5.0,5.0,5ee1241,2026-07-24T10:14:14,1.0,300000,,,,,,DTSA+LS,N=40,C3,1598,7,0,True
ta13,20,15,300,DTSA,13,1557,300040,300000,1250,16.603,,,,,40,0.5,6,6,-5.0,5.0,5ee1241,2026-07-24T10:14:14,1.0,300000,,,,,,DTSA-core,N=40,C3,1557,0,0,True
ta13,20,15,300,DTSA,13,1557,300040,300000,1250,16.603,,,,,40,0.5,6,6,-5.0,5.0,5ee1241,2026-07-24T10:14:14,1.0,300000,,,,,,DTSA+LS,N=40,C3,1557,7,0,True
ta13,20,15,300,DTSA,14,1533,300040,300000,1250,16.666,,,,,40,0.5,6,6,-5.0,5.0,5ee1241,2026-07-24T10:14:14,1.0,300000,,,,,,DTSA-core,N=40,C3,1533,0,0,True
ta13,20,15,300,DTSA,14,1533,300040,300000,1250,16.666,,,,,40,0.5,6,6,-5.0,5.0,5ee1241,2026-07-24T10:14:14,1.0,300000,,,,,,DTSA+LS,N=40,C3,1533,12,0,True
ta13,20,15,300,DTSA,15,1668,300040,300000,1250,16.423,,,,,40,0.5,6,6,-5.0,5.0,5ee1241,2026-07-24T10:14:14,1.0,300000,,,,,,DTSA-core,N=40,C3,1668,0,0,True
ta13,20,15,300,DTSA,15,1668,300040,300000,1250,16.423,,,,,40,0.5,6,6,-5.0,5.0,5ee1241,2026-07-24T10:14:14,1.0,300000,,,,,,DTSA+LS,N=40,C3,1668,8,0,True
ta13,20,15,300,DTSA,16,1619,300040,300000,1250,16.613,,,,,40,0.5,6,6,-5.0,5.0,5ee1241,2026-07-24T10:14:14,1.0,300000,,,,,,DTSA-core,N=40,C3,1619,0,0,True
ta13,20,15,300,DTSA,16,1619,300040,300000,1250,16.613,,,,,40,0.5,6,6,-5.0,5.0,5ee1241,2026-07-24T10:14:14,1.0,300000,,,,,,DTSA+LS,N=40,C3,1619,10,0,True
ta13,20,15,300,DTSA,17,1580,300040,300000,1250,16.585,,,,,40,0.5,6,6,-5.0,5.0,5ee1241,2026-07-24T10:14:14,1.0,300000,,,,,,DTSA-core,N=40,C3,1580,0,0,True
ta13,20,15,300,DTSA,17,1580,300040,300000,1250,16.585,,,,,40,0.5,6,6,-5.0,5.0,5ee1241,2026-07-24T10:14:14,1.0,300000,,,,,,DTSA+LS,N=40,C3,1580,7,0,True
ta13,20,15,300,DTSA,18,1619,300040,300000,1250,15.681,,,,,40,0.5,6,6,-5.0,5.0,5ee1241,2026-07-24T10:14:30,1.0,300000,,,,,,DTSA-core,N=40,C3,1619,0,0,True
ta13,20,15,300,DTSA,18,1619,300040,300000,1250,15.681,,,,,40,0.5,6,6,-5.0,5.0,5ee1241,2026-07-24T10:14:30,1.0,300000,,,,,,DTSA+LS,N=40,C3,1619,7,0,True
ta13,20,15,300,DTSA,19,1574,300040,300000,1250,15.708,,,,,40,0.5,6,6,-5.0,5.0,5ee1241,2026-07-24T10:14:30,1.0,300000,,,,,,DTSA-core,N=40,C3,1574,0,0,True
ta13,20,15,300,DTSA,19,1574,300040,300000,1250,15.708,,,,,40,0.5,6,6,-5.0,5.0,5ee1241,2026-07-24T10:14:30,1.0,300000,,,,,,DTSA+LS,N=40,C3,1574,8,0,True
ta14,20,15,300,DTSA,0,1511,300040,300000,1250,16.468,,,,,40,0.5,6,6,-5.0,5.0,5ee1241,2026-07-24T10:14:46,1.0,300000,,,,,,DTSA-core,N=40,C3,1511,0,0,True
ta14,20,15,300,DTSA,0,1511,300040,300000,1250,16.468,,,,,40,0.5,6,6,-5.0,5.0,5ee1241,2026-07-24T10:14:46,1.0,300000,,,,,,DTSA+LS,N=40,C3,1511,8,0,True
ta14,20,15,300,DTSA,1,1512,300040,300000,1250,16.657,,,,,40,0.5,6,6,-5.0,5.0,5ee1241,2026-07-24T10:14:47,1.0,300000,,,,,,DTSA-core,N=40,C3,1512,0,0,True
ta14,20,15,300,DTSA,1,1512,300040,300000,1250,16.657,,,,,40,0.5,6,6,-5.0,5.0,5ee1241,2026-07-24T10:14:47,1.0,300000,,,,,,DTSA+LS,N=40,C3,1512,4,0,True
ta14,20,15,300,DTSA,2,1631,300040,300000,1250,16.909,,,,,40,0.5,6,6,-5.0,5.0,5ee1241,2026-07-24T10:14:47,1.0,300000,,,,,,DTSA-core,N=40,C3,1631,0,0,True
ta14,20,15,300,DTSA,2,1631,300040,300000,1250,16.909,,,,,40,0.5,6,6,-5.0,5.0,5ee1241,2026-07-24T10:14:47,1.0,300000,,,,,,DTSA+LS,N=40,C3,1631,6,0,True
ta14,20,15,300,DTSA,3,1529,300040,300000,1250,16.994,,,,,40,0.5,6,6,-5.0,5.0,5ee1241,2026-07-24T10:14:47,1.0,300000,,,,,,DTSA-core,N=40,C3,1529,0,0,True
ta14,20,15,300,DTSA,3,1529,300040,300000,1250,16.994,,,,,40,0.5,6,6,-5.0,5.0,5ee1241,2026-07-24T10:14:47,1.0,300000,,,,,,DTSA+LS,N=40,C3,1529,8,0,True
ta14,20,15,300,DTSA,4,1465,300040,300000,1250,16.603,,,,,40,0.5,6,6,-5.0,5.0,5ee1241,2026-07-24T10:14:46,1.0,300000,,,,,,DTSA-core,N=40,C3,1465,0,0,True
ta14,20,15,300,DTSA,4,1465,300040,300000,1250,16.603,,,,,40,0.5,6,6,-5.0,5.0,5ee1241,2026-07-24T10:14:46,1.0,300000,,,,,,DTSA+LS,N=40,C3,1465,6,0,True
ta14,20,15,300,DTSA,5,1596,300040,300000,1250,16.461,,,,,40,0.5,6,6,-5.0,5.0,5ee1241,2026-07-24T10:14:46,1.0,300000,,,,,,DTSA-core,N=40,C3,1596,0,0,True
ta14,20,15,300,DTSA,5,1596,300040,300000,1250,16.461,,,,,40,0.5,6,6,-5.0,5.0,5ee1241,2026-07-24T10:14:46,1.0,300000,,,,,,DTSA+LS,N=40,C3,1596,7,0,True
ta14,20,15,300,DTSA,6,1590,300040,300000,1250,17.079,,,,,40,0.5,6,6,-5.0,5.0,5ee1241,2026-07-24T10:15:03,1.0,300000,,,,,,DTSA-core,N=40,C3,1590,0,0,True
ta14,20,15,300,DTSA,6,1590,300040,300000,1250,17.079,,,,,40,0.5,6,6,-5.0,5.0,5ee1241,2026-07-24T10:15:03,1.0,300000,,,,,,DTSA+LS,N=40,C3,1590,8,0,True
ta14,20,15,300,DTSA,7,1546,300040,300000,1250,16.612,,,,,40,0.5,6,6,-5.0,5.0,5ee1241,2026-07-24T10:15:03,1.0,300000,,,,,,DTSA-core,N=40,C3,1546,0,0,True
ta14,20,15,300,DTSA,7,1546,300040,300000,1250,16.612,,,,,40,0.5,6,6,-5.0,5.0,5ee1241,2026-07-24T10:15:03,1.0,300000,,,,,,DTSA+LS,N=40,C3,1546,6,0,True
ta14,20,15,300,DTSA,8,1458,300040,300000,1250,16.767,,,,,40,0.5,6,6,-5.0,5.0,5ee1241,2026-07-24T10:15:03,1.0,300000,,,,,,DTSA-core,N=40,C3,1458,0,0,True
ta14,20,15,300,DTSA,8,1458,300040,300000,1250,16.767,,,,,40,0.5,6,6,-5.0,5.0,5ee1241,2026-07-24T10:15:03,1.0,300000,,,,,,DTSA+LS,N=40,C3,1458,10,0,True
ta14,20,15,300,DTSA,9,1563,300040,300000,1250,16.709,,,,,40,0.5,6,6,-5.0,5.0,5ee1241,2026-07-24T10:15:03,1.0,300000,,,,,,DTSA-core,N=40,C3,1563,0,0,True
ta14,20,15,300,DTSA,9,1563,300040,300000,1250,16.709,,,,,40,0.5,6,6,-5.0,5.0,5ee1241,2026-07-24T10:15:03,1.0,300000,,,,,,DTSA+LS,N=40,C3,1563,13,0,True
ta14,20,15,300,DTSA,10,1528,300040,300000,1250,17.092,,,,,40,0.5,6,6,-5.0,5.0,5ee1241,2026-07-24T10:15:04,1.0,300000,,,,,,DTSA-core,N=40,C3,1528,0,0,True
ta14,20,15,300,DTSA,10,1528,300040,300000,1250,17.092,,,,,40,0.5,6,6,-5.0,5.0,5ee1241,2026-07-24T10:15:04,1.0,300000,,,,,,DTSA+LS,N=40,C3,1528,5,0,True
ta14,20,15,300,DTSA,11,1535,300040,300000,1250,16.683,,,,,40,0.5,6,6,-5.0,5.0,5ee1241,2026-07-24T10:15:04,1.0,300000,,,,,,DTSA-core,N=40,C3,1535,0,0,True
ta14,20,15,300,DTSA,11,1535,300040,300000,1250,16.683,,,,,40,0.5,6,6,-5.0,5.0,5ee1241,2026-07-24T10:15:04,1.0,300000,,,,,,DTSA+LS,N=40,C3,1535,4,0,True
ta14,20,15,300,DTSA,12,1591,300040,300000,1250,16.492,,,,,40,0.5,6,6,-5.0,5.0,5ee1241,2026-07-24T10:15:20,1.0,300000,,,,,,DTSA-core,N=40,C3,1591,0,0,True
ta14,20,15,300,DTSA,12,1591,300040,300000,1250,16.492,,,,,40,0.5,6,6,-5.0,5.0,5ee1241,2026-07-24T10:15:20,1.0,300000,,,,,,DTSA+LS,N=40,C3,1591,7,0,True
ta14,20,15,300,DTSA,13,1511,300040,300000,1250,16.524,,,,,40,0.5,6,6,-5.0,5.0,5ee1241,2026-07-24T10:15:20,1.0,300000,,,,,,DTSA-core,N=40,C3,1511,0,0,True
ta14,20,15,300,DTSA,13,1511,300040,300000,1250,16.524,,,,,40,0.5,6,6,-5.0,5.0,5ee1241,2026-07-24T10:15:20,1.0,300000,,,,,,DTSA+LS,N=40,C3,1511,4,0,True
ta14,20,15,300,DTSA,14,1543,300040,300000,1250,16.998,,,,,40,0.5,6,6,-5.0,5.0,5ee1241,2026-07-24T10:15:20,1.0,300000,,,,,,DTSA-core,N=40,C3,1543,0,0,True
ta14,20,15,300,DTSA,14,1543,300040,300000,1250,16.998,,,,,40,0.5,6,6,-5.0,5.0,5ee1241,2026-07-24T10:15:20,1.0,300000,,,,,,DTSA+LS,N=40,C3,1543,7,0,True
ta14,20,15,300,DTSA,15,1600,300040,300000,1250,16.371,,,,,40,0.5,6,6,-5.0,5.0,5ee1241,2026-07-24T10:15:20,1.0,300000,,,,,,DTSA-core,N=40,C3,1600,0,0,True
ta14,20,15,300,DTSA,15,1600,300040,300000,1250,16.371,,,,,40,0.5,6,6,-5.0,5.0,5ee1241,2026-07-24T10:15:20,1.0,300000,,,,,,DTSA+LS,N=40,C3,1600,4,0,True
ta14,20,15,300,DTSA,16,1526,300040,300000,1250,16.973,,,,,40,0.5,6,6,-5.0,5.0,5ee1241,2026-07-24T10:15:21,1.0,300000,,,,,,DTSA-core,N=40,C3,1526,0,0,True
ta14,20,15,300,DTSA,16,1526,300040,300000,1250,16.973,,,,,40,0.5,6,6,-5.0,5.0,5ee1241,2026-07-24T10:15:21,1.0,300000,,,,,,DTSA+LS,N=40,C3,1526,7,0,True
ta14,20,15,300,DTSA,17,1495,300040,300000,1250,16.492,,,,,40,0.5,6,6,-5.0,5.0,5ee1241,2026-07-24T10:15:20,1.0,300000,,,,,,DTSA-core,N=40,C3,1495,0,0,True
ta14,20,15,300,DTSA,17,1495,300040,300000,1250,16.492,,,,,40,0.5,6,6,-5.0,5.0,5ee1241,2026-07-24T10:15:20,1.0,300000,,,,,,DTSA+LS,N=40,C3,1495,8,0,True
ta14,20,15,300,DTSA,18,1652,300040,300000,1250,15.779,,,,,40,0.5,6,6,-5.0,5.0,5ee1241,2026-07-24T10:15:35,1.0,300000,,,,,,DTSA-core,N=40,C3,1652,0,0,True
ta14,20,15,300,DTSA,18,1652,300040,300000,1250,15.779,,,,,40,0.5,6,6,-5.0,5.0,5ee1241,2026-07-24T10:15:35,1.0,300000,,,,,,DTSA+LS,N=40,C3,1652,8,0,True
ta14,20,15,300,DTSA,19,1550,300040,300000,1250,15.756,,,,,40,0.5,6,6,-5.0,5.0,5ee1241,2026-07-24T10:15:36,1.0,300000,,,,,,DTSA-core,N=40,C3,1550,0,0,True
ta14,20,15,300,DTSA,19,1550,300040,300000,1250,15.756,,,,,40,0.5,6,6,-5.0,5.0,5ee1241,2026-07-24T10:15:36,1.0,300000,,,,,,DTSA+LS,N=40,C3,1550,10,0,True
ta15,20,15,300,DTSA,0,1672,300040,300000,1250,16.556,,,,,40,0.5,6,6,-5.0,5.0,5ee1241,2026-07-24T10:15:52,1.0,300000,,,,,,DTSA-core,N=40,C3,1672,0,0,True
ta15,20,15,300,DTSA,0,1672,300040,300000,1250,16.556,,,,,40,0.5,6,6,-5.0,5.0,5ee1241,2026-07-24T10:15:52,1.0,300000,,,,,,DTSA+LS,N=40,C3,1672,10,0,True
ta15,20,15,300,DTSA,1,1605,300040,300000,1250,16.187,,,,,40,0.5,6,6,-5.0,5.0,5ee1241,2026-07-24T10:15:52,1.0,300000,,,,,,DTSA-core,N=40,C3,1605,0,0,True
ta15,20,15,300,DTSA,1,1605,300040,300000,1250,16.187,,,,,40,0.5,6,6,-5.0,5.0,5ee1241,2026-07-24T10:15:52,1.0,300000,,,,,,DTSA+LS,N=40,C3,1605,6,0,True
ta15,20,15,300,DTSA,2,1579,300040,300000,1250,16.212,,,,,40,0.5,6,6,-5.0,5.0,5ee1241,2026-07-24T10:15:52,1.0,300000,,,,,,DTSA-core,N=40,C3,1579,0,0,True
ta15,20,15,300,DTSA,2,1579,300040,300000,1250,16.212,,,,,40,0.5,6,6,-5.0,5.0,5ee1241,2026-07-24T10:15:52,1.0,300000,,,,,,DTSA+LS,N=40,C3,1579,6,0,True
ta15,20,15,300,DTSA,3,1566,300040,300000,1250,16.2,,,,,40,0.5,6,6,-5.0,5.0,5ee1241,2026-07-24T10:15:52,1.0,300000,,,,,,DTSA-core,N=40,C3,1566,0,0,True
ta15,20,15,300,DTSA,3,1566,300040,300000,1250,16.2,,,,,40,0.5,6,6,-5.0,5.0,5ee1241,2026-07-24T10:15:52,1.0,300000,,,,,,DTSA+LS,N=40,C3,1566,7,0,True
ta15,20,15,300,DTSA,4,1593,300040,300000,1250,16.055,,,,,40,0.5,6,6,-5.0,5.0,5ee1241,2026-07-24T10:15:52,1.0,300000,,,,,,DTSA-core,N=40,C3,1593,0,0,True
ta15,20,15,300,DTSA,4,1593,300040,300000,1250,16.055,,,,,40,0.5,6,6,-5.0,5.0,5ee1241,2026-07-24T10:15:52,1.0,300000,,,,,,DTSA+LS,N=40,C3,1593,8,0,True
ta15,20,15,300,DTSA,5,1581,300040,300000,1250,16.313,,,,,40,0.5,6,6,-5.0,5.0,5ee1241,2026-07-24T10:15:52,1.0,300000,,,,,,DTSA-core,N=40,C3,1581,0,0,True
ta15,20,15,300,DTSA,5,1574,300040,300000,1250,16.313,,,,,40,0.5,6,6,-5.0,5.0,5ee1241,2026-07-24T10:15:52,1.0,300000,,,,,,DTSA+LS,N=40,C3,1581,17,2,True
ta15,20,15,300,DTSA,6,1574,300040,300000,1250,16.071,,,,,40,0.5,6,6,-5.0,5.0,5ee1241,2026-07-24T10:16:08,1.0,300000,,,,,,DTSA-core,N=40,C3,1574,0,0,True
ta15,20,15,300,DTSA,6,1574,300040,300000,1250,16.071,,,,,40,0.5,6,6,-5.0,5.0,5ee1241,2026-07-24T10:16:08,1.0,300000,,,,,,DTSA+LS,N=40,C3,1574,10,0,True
ta15,20,15,300,DTSA,7,1577,300040,300000,1250,16.339,,,,,40,0.5,6,6,-5.0,5.0,5ee1241,2026-07-24T10:16:08,1.0,300000,,,,,,DTSA-core,N=40,C3,1577,0,0,True
ta15,20,15,300,DTSA,7,1577,300040,300000,1250,16.339,,,,,40,0.5,6,6,-5.0,5.0,5ee1241,2026-07-24T10:16:08,1.0,300000,,,,,,DTSA+LS,N=40,C3,1577,8,0,True
ta15,20,15,300,DTSA,8,1565,300040,300000,1250,16.181,,,,,40,0.5,6,6,-5.0,5.0,5ee1241,2026-07-24T10:16:08,1.0,300000,,,,,,DTSA-core,N=40,C3,1565,0,0,True
ta15,20,15,300,DTSA,8,1565,300040,300000,1250,16.181,,,,,40,0.5,6,6,-5.0,5.0,5ee1241,2026-07-24T10:16:08,1.0,300000,,,,,,DTSA+LS,N=40,C3,1565,9,0,True
ta15,20,15,300,DTSA,9,1604,300040,300000,1250,16.171,,,,,40,0.5,6,6,-5.0,5.0,5ee1241,2026-07-24T10:16:08,1.0,300000,,,,,,DTSA-core,N=40,C3,1604,0,0,True
ta15,20,15,300,DTSA,9,1604,300040,300000,1250,16.171,,,,,40,0.5,6,6,-5.0,5.0,5ee1241,2026-07-24T10:16:08,1.0,300000,,,,,,DTSA+LS,N=40,C3,1604,7,0,True
ta15,20,15,300,DTSA,10,1523,300040,300000,1250,16.287,,,,,40,0.5,6,6,-5.0,5.0,5ee1241,2026-07-24T10:16:08,1.0,300000,,,,,,DTSA-core,N=40,C3,1523,0,0,True
ta15,20,15,300,DTSA,10,1523,300040,300000,1250,16.287,,,,,40,0.5,6,6,-5.0,5.0,5ee1241,2026-07-24T10:16:08,1.0,300000,,,,,,DTSA+LS,N=40,C3,1523,13,0,True
ta15,20,15,300,DTSA,11,1607,300040,300000,1250,16.31,,,,,40,0.5,6,6,-5.0,5.0,5ee1241,2026-07-24T10:16:09,1.0,300000,,,,,,DTSA-core,N=40,C3,1607,0,0,True
ta15,20,15,300,DTSA,11,1607,300040,300000,1250,16.31,,,,,40,0.5,6,6,-5.0,5.0,5ee1241,2026-07-24T10:16:09,1.0,300000,,,,,,DTSA+LS,N=40,C3,1607,9,0,True
ta15,20,15,300,DTSA,12,1613,300040,300000,1250,16.549,,,,,40,0.5,6,6,-5.0,5.0,5ee1241,2026-07-24T10:16:24,1.0,300000,,,,,,DTSA-core,N=40,C3,1613,0,0,True
ta15,20,15,300,DTSA,12,1613,300040,300000,1250,16.549,,,,,40,0.5,6,6,-5.0,5.0,5ee1241,2026-07-24T10:16:24,1.0,300000,,,,,,DTSA+LS,N=40,C3,1613,10,0,True
ta15,20,15,300,DTSA,13,1587,300040,300000,1250,16.237,,,,,40,0.5,6,6,-5.0,5.0,5ee1241,2026-07-24T10:16:24,1.0,300000,,,,,,DTSA-core,N=40,C3,1587,0,0,True
ta15,20,15,300,DTSA,13,1587,300040,300000,1250,16.237,,,,,40,0.5,6,6,-5.0,5.0,5ee1241,2026-07-24T10:16:24,1.0,300000,,,,,,DTSA+LS,N=40,C3,1587,10,0,True
ta15,20,15,300,DTSA,14,1633,300040,300000,1250,16.199,,,,,40,0.5,6,6,-5.0,5.0,5ee1241,2026-07-24T10:16:24,1.0,300000,,,,,,DTSA-core,N=40,C3,1633,0,0,True
ta15,20,15,300,DTSA,14,1633,300040,300000,1250,16.199,,,,,40,0.5,6,6,-5.0,5.0,5ee1241,2026-07-24T10:16:24,1.0,300000,,,,,,DTSA+LS,N=40,C3,1633,8,0,True
ta15,20,15,300,DTSA,15,1594,300040,300000,1250,16.197,,,,,40,0.5,6,6,-5.0,5.0,5ee1241,2026-07-24T10:16:24,1.0,300000,,,,,,DTSA-core,N=40,C3,1594,0,0,True
ta15,20,15,300,DTSA,15,1594,300040,300000,1250,16.197,,,,,40,0.5,6,6,-5.0,5.0,5ee1241,2026-07-24T10:16:24,1.0,300000,,,,,,DTSA+LS,N=40,C3,1594,7,0,True
ta15,20,15,300,DTSA,16,1536,300040,300000,1250,16.2,,,,,40,0.5,6,6,-5.0,5.0,5ee1241,2026-07-24T10:16:25,1.0,300000,,,,,,DTSA-core,N=40,C3,1536,0,0,True
ta15,20,15,300,DTSA,16,1536,300040,300000,1250,16.2,,,,,40,0.5,6,6,-5.0,5.0,5ee1241,2026-07-24T10:16:25,1.0,300000,,,,,,DTSA+LS,N=40,C3,1536,12,0,True
ta15,20,15,300,DTSA,17,1672,300040,300000,1250,16.124,,,,,40,0.5,6,6,-5.0,5.0,5ee1241,2026-07-24T10:16:25,1.0,300000,,,,,,DTSA-core,N=40,C3,1672,0,0,True
ta15,20,15,300,DTSA,17,1672,300040,300000,1250,16.124,,,,,40,0.5,6,6,-5.0,5.0,5ee1241,2026-07-24T10:16:25,1.0,300000,,,,,,DTSA+LS,N=40,C3,1672,11,0,True
ta15,20,15,300,DTSA,18,1548,300040,300000,1250,15.539,,,,,40,0.5,6,6,-5.0,5.0,5ee1241,2026-07-24T10:16:40,1.0,300000,,,,,,DTSA-core,N=40,C3,1548,0,0,True
ta15,20,15,300,DTSA,18,1548,300040,300000,1250,15.539,,,,,40,0.5,6,6,-5.0,5.0,5ee1241,2026-07-24T10:16:40,1.0,300000,,,,,,DTSA+LS,N=40,C3,1548,6,0,True
ta15,20,15,300,DTSA,19,1603,300040,300000,1250,15.645,,,,,40,0.5,6,6,-5.0,5.0,5ee1241,2026-07-24T10:16:40,1.0,300000,,,,,,DTSA-core,N=40,C3,1603,0,0,True
ta15,20,15,300,DTSA,19,1603,300040,300000,1250,15.645,,,,,40,0.5,6,6,-5.0,5.0,5ee1241,2026-07-24T10:16:40,1.0,300000,,,,,,DTSA+LS,N=40,C3,1603,6,0,True
ta21,20,20,400,DTSA,0,1992,400120,400000,1667,23.865,,,,,40,0.5,6,6,-5.0,5.0,5ee1241,2026-07-24T10:17:04,1.0,400080,,,,,,DTSA-core,N=40,C3,1992,0,0,True
ta21,20,20,400,DTSA,0,1992,400120,400000,1667,23.865,,,,,40,0.5,6,6,-5.0,5.0,5ee1241,2026-07-24T10:17:04,1.0,400080,,,,,,DTSA+LS,N=40,C3,1992,9,0,True
ta21,20,20,400,DTSA,1,1940,400120,400000,1667,23.783,,,,,40,0.5,6,6,-5.0,5.0,5ee1241,2026-07-24T10:17:04,1.0,400080,,,,,,DTSA-core,N=40,C3,1940,0,0,True
ta21,20,20,400,DTSA,1,1940,400120,400000,1667,23.783,,,,,40,0.5,6,6,-5.0,5.0,5ee1241,2026-07-24T10:17:04,1.0,400080,,,,,,DTSA+LS,N=40,C3,1940,13,0,True
ta21,20,20,400,DTSA,2,1950,400120,400000,1667,23.908,,,,,40,0.5,6,6,-5.0,5.0,5ee1241,2026-07-24T10:17:04,1.0,400080,,,,,,DTSA-core,N=40,C3,1950,0,0,True
ta21,20,20,400,DTSA,2,1950,400120,400000,1667,23.908,,,,,40,0.5,6,6,-5.0,5.0,5ee1241,2026-07-24T10:17:04,1.0,400080,,,,,,DTSA+LS,N=40,C3,1950,14,0,True
ta21,20,20,400,DTSA,3,1964,400120,400000,1667,23.847,,,,,40,0.5,6,6,-5.0,5.0,5ee1241,2026-07-24T10:17:04,1.0,400080,,,,,,DTSA-core,N=40,C3,1964,0,0,True
ta21,20,20,400,DTSA,3,1964,400120,400000,1667,23.847,,,,,40,0.5,6,6,-5.0,5.0,5ee1241,2026-07-24T10:17:04,1.0,400080,,,,,,DTSA+LS,N=40,C3,1964,7,0,True
ta21,20,20,400,DTSA,4,1967,400120,400000,1667,23.863,,,,,40,0.5,6,6,-5.0,5.0,5ee1241,2026-07-24T10:17:04,1.0,400080,,,,,,DTSA-core,N=40,C3,1967,0,0,True
ta21,20,20,400,DTSA,4,1967,400120,400000,1667,23.863,,,,,40,0.5,6,6,-5.0,5.0,5ee1241,2026-07-24T10:17:04,1.0,400080,,,,,,DTSA+LS,N=40,C3,1967,8,0,True
ta21,20,20,400,DTSA,5,1993,400120,400000,1667,24.016,,,,,40,0.5,6,6,-5.0,5.0,5ee1241,2026-07-24T10:17:04,1.0,400080,,,,,,DTSA-core,N=40,C3,1993,0,0,True
ta21,20,20,400,DTSA,5,1993,400120,400000,1667,24.016,,,,,40,0.5,6,6,-5.0,5.0,5ee1241,2026-07-24T10:17:04,1.0,400080,,,,,,DTSA+LS,N=40,C3,1993,8,0,True
ta21,20,20,400,DTSA,6,1937,400120,400000,1667,23.706,,,,,40,0.5,6,6,-5.0,5.0,5ee1241,2026-07-24T10:17:28,1.0,400080,,,,,,DTSA-core,N=40,C3,1937,0,0,True
ta21,20,20,400,DTSA,6,1937,400120,400000,1667,23.706,,,,,40,0.5,6,6,-5.0,5.0,5ee1241,2026-07-24T10:17:28,1.0,400080,,,,,,DTSA+LS,N=40,C3,1937,8,0,True
ta21,20,20,400,DTSA,7,1940,400120,400000,1667,24.057,,,,,40,0.5,6,6,-5.0,5.0,5ee1241,2026-07-24T10:17:28,1.0,400080,,,,,,DTSA-core,N=40,C3,1940,0,0,True
ta21,20,20,400,DTSA,7,1940,400120,400000,1667,24.057,,,,,40,0.5,6,6,-5.0,5.0,5ee1241,2026-07-24T10:17:28,1.0,400080,,,,,,DTSA+LS,N=40,C3,1940,7,0,True
ta21,20,20,400,DTSA,8,1868,400120,400000,1667,24.103,,,,,40,0.5,6,6,-5.0,5.0,5ee1241,2026-07-24T10:17:28,1.0,400080,,,,,,DTSA-core,N=40,C3,1868,0,0,True
ta21,20,20,400,DTSA,8,1868,400120,400000,1667,24.103,,,,,40,0.5,6,6,-5.0,5.0,5ee1241,2026-07-24T10:17:28,1.0,400080,,,,,,DTSA+LS,N=40,C3,1868,9,0,True
ta21,20,20,400,DTSA,9,1869,400120,400000,1667,23.925,,,,,40,0.5,6,6,-5.0,5.0,5ee1241,2026-07-24T10:17:28,1.0,400080,,,,,,DTSA-core,N=40,C3,1869,0,0,True
ta21,20,20,400,DTSA,9,1869,400120,400000,1667,23.925,,,,,40,0.5,6,6,-5.0,5.0,5ee1241,2026-07-24T10:17:28,1.0,400080,,,,,,DTSA+LS,N=40,C3,1869,8,0,True
ta21,20,20,400,DTSA,10,1947,400120,400000,1667,23.805,,,,,40,0.5,6,6,-5.0,5.0,5ee1241,2026-07-24T10:17:28,1.0,400080,,,,,,DTSA-core,N=40,C3,1947,0,0,True
ta21,20,20,400,DTSA,10,1947,400120,400000,1667,23.805,,,,,40,0.5,6,6,-5.0,5.0,5ee1241,2026-07-24T10:17:28,1.0,400080,,,,,,DTSA+LS,N=40,C3,1947,10,0,True
ta21,20,20,400,DTSA,11,1981,400120,400000,1667,23.612,,,,,40,0.5,6,6,-5.0,5.0,5ee1241,2026-07-24T10:17:28,1.0,400080,,,,,,DTSA-core,N=40,C3,1981,0,0,True
ta21,20,20,400,DTSA,11,1981,400120,400000,1667,23.612,,,,,40,0.5,6,6,-5.0,5.0,5ee1241,2026-07-24T10:17:28,1.0,400080,,,,,,DTSA+LS,N=40,C3,1981,12,0,True
ta21,20,20,400,DTSA,12,2036,400120,400000,1667,23.782,,,,,40,0.5,6,6,-5.0,5.0,5ee1241,2026-07-24T10:17:51,1.0,400080,,,,,,DTSA-core,N=40,C3,2036,0,0,True
ta21,20,20,400,DTSA,12,2036,400120,400000,1667,23.782,,,,,40,0.5,6,6,-5.0,5.0,5ee1241,2026-07-24T10:17:51,1.0,400080,,,,,,DTSA+LS,N=40,C3,2036,11,0,True
ta21,20,20,400,DTSA,13,1876,400120,400000,1667,23.776,,,,,40,0.5,6,6,-5.0,5.0,5ee1241,2026-07-24T10:17:52,1.0,400080,,,,,,DTSA-core,N=40,C3,1876,0,0,True
ta21,20,20,400,DTSA,13,1876,400120,400000,1667,23.776,,,,,40,0.5,6,6,-5.0,5.0,5ee1241,2026-07-24T10:17:52,1.0,400080,,,,,,DTSA+LS,N=40,C3,1876,10,0,True
ta21,20,20,400,DTSA,14,1942,400120,400000,1667,23.761,,,,,40,0.5,6,6,-5.0,5.0,5ee1241,2026-07-24T10:17:52,1.0,400080,,,,,,DTSA-core,N=40,C3,1942,0,0,True
ta21,20,20,400,DTSA,14,1940,400120,400000,1667,23.761,,,,,40,0.5,6,6,-5.0,5.0,5ee1241,2026-07-24T10:17:52,1.0,400080,,,,,,DTSA+LS,N=40,C3,1942,20,2,True
ta21,20,20,400,DTSA,15,1993,400120,400000,1667,24.162,,,,,40,0.5,6,6,-5.0,5.0,5ee1241,2026-07-24T10:17:52,1.0,400080,,,,,,DTSA-core,N=40,C3,1993,0,0,True
ta21,20,20,400,DTSA,15,1993,400120,400000,1667,24.162,,,,,40,0.5,6,6,-5.0,5.0,5ee1241,2026-07-24T10:17:52,1.0,400080,,,,,,DTSA+LS,N=40,C3,1993,5,0,True
ta21,20,20,400,DTSA,16,1987,400120,400000,1667,23.799,,,,,40,0.5,6,6,-5.0,5.0,5ee1241,2026-07-24T10:17:52,1.0,400080,,,,,,DTSA-core,N=40,C3,1987,0,0,True
ta21,20,20,400,DTSA,16,1987,400120,400000,1667,23.799,,,,,40,0.5,6,6,-5.0,5.0,5ee1241,2026-07-24T10:17:52,1.0,400080,,,,,,DTSA+LS,N=40,C3,1987,10,0,True
ta21,20,20,400,DTSA,17,1945,400120,400000,1667,24.062,,,,,40,0.5,6,6,-5.0,5.0,5ee1241,2026-07-24T10:17:52,1.0,400080,,,,,,DTSA-core,N=40,C3,1945,0,0,True
ta21,20,20,400,DTSA,17,1945,400120,400000,1667,24.062,,,,,40,0.5,6,6,-5.0,5.0,5ee1241,2026-07-24T10:17:52,1.0,400080,,,,,,DTSA+LS,N=40,C3,1945,7,0,True
ta21,20,20,400,DTSA,18,1963,400120,400000,1667,22.693,,,,,40,0.5,6,6,-5.0,5.0,5ee1241,2026-07-24T10:18:14,1.0,400080,,,,,,DTSA-core,N=40,C3,1963,0,0,True
ta21,20,20,400,DTSA,18,1963,400120,400000,1667,22.693,,,,,40,0.5,6,6,-5.0,5.0,5ee1241,2026-07-24T10:18:14,1.0,400080,,,,,,DTSA+LS,N=40,C3,1963,12,0,True
ta21,20,20,400,DTSA,19,1925,400120,400000,1667,22.747,,,,,40,0.5,6,6,-5.0,5.0,5ee1241,2026-07-24T10:18:14,1.0,400080,,,,,,DTSA-core,N=40,C3,1925,0,0,True
ta21,20,20,400,DTSA,19,1925,400120,400000,1667,22.747,,,,,40,0.5,6,6,-5.0,5.0,5ee1241,2026-07-24T10:18:14,1.0,400080,,,,,,DTSA+LS,N=40,C3,1925,7,0,True
ta22,20,20,400,DTSA,0,1873,400120,400000,1667,23.625,,,,,40,0.5,6,6,-5.0,5.0,5ee1241,2026-07-24T10:18:38,1.0,400080,,,,,,DTSA-core,N=40,C3,1873,0,0,True
ta22,20,20,400,DTSA,0,1873,400120,400000,1667,23.625,,,,,40,0.5,6,6,-5.0,5.0,5ee1241,2026-07-24T10:18:38,1.0,400080,,,,,,DTSA+LS,N=40,C3,1873,7,0,True
ta22,20,20,400,DTSA,1,1819,400120,400000,1667,24.011,,,,,40,0.5,6,6,-5.0,5.0,5ee1241,2026-07-24T10:18:38,1.0,400080,,,,,,DTSA-core,N=40,C3,1819,0,0,True
ta22,20,20,400,DTSA,1,1819,400120,400000,1667,24.011,,,,,40,0.5,6,6,-5.0,5.0,5ee1241,2026-07-24T10:18:38,1.0,400080,,,,,,DTSA+LS,N=40,C3,1819,8,0,True
ta22,20,20,400,DTSA,2,1878,400120,400000,1667,23.862,,,,,40,0.5,6,6,-5.0,5.0,5ee1241,2026-07-24T10:18:38,1.0,400080,,,,,,DTSA-core,N=40,C3,1878,0,0,True
ta22,20,20,400,DTSA,2,1878,400120,400000,1667,23.862,,,,,40,0.5,6,6,-5.0,5.0,5ee1241,2026-07-24T10:18:38,1.0,400080,,,,,,DTSA+LS,N=40,C3,1878,13,0,True
ta22,20,20,400,DTSA,3,1861,400120,400000,1667,24.13,,,,,40,0.5,6,6,-5.0,5.0,5ee1241,2026-07-24T10:18:39,1.0,400080,,,,,,DTSA-core,N=40,C3,1861,0,0,True
ta22,20,20,400,DTSA,3,1861,400120,400000,1667,24.13,,,,,40,0.5,6,6,-5.0,5.0,5ee1241,2026-07-24T10:18:39,1.0,400080,,,,,,DTSA+LS,N=40,C3,1861,6,0,True
ta22,20,20,400,DTSA,4,1824,400120,400000,1667,23.746,,,,,40,0.5,6,6,-5.0,5.0,5ee1241,2026-07-24T10:18:38,1.0,400080,,,,,,DTSA-core,N=40,C3,1824,0,0,True
ta22,20,20,400,DTSA,4,1818,400120,400000,1667,23.746,,,,,40,0.5,6,6,-5.0,5.0,5ee1241,2026-07-24T10:18:38,1.0,400080,,,,,,DTSA+LS,N=40,C3,1824,19,1,True
ta22,20,20,400,DTSA,5,1841,400120,400000,1667,23.698,,,,,40,0.5,6,6,-5.0,5.0,5ee1241,2026-07-24T10:18:38,1.0,400080,,,,,,DTSA-core,N=40,C3,1841,0,0,True
ta22,20,20,400,DTSA,5,1841,400120,400000,1667,23.698,,,,,40,0.5,6,6,-5.0,5.0,5ee1241,2026-07-24T10:18:38,1.0,400080,,,,,,DTSA+LS,N=40,C3,1841,7,0,True
ta22,20,20,400,DTSA,6,1886,400120,400000,1667,23.497,,,,,40,0.5,6,6,-5.0,5.0,5ee1241,2026-07-24T10:19:02,1.0,400080,,,,,,DTSA-core,N=40,C3,1886,0,0,True
ta22,20,20,400,DTSA,6,1886,400120,400000,1667,23.497,,,,,40,0.5,6,6,-5.0,5.0,5ee1241,2026-07-24T10:19:02,1.0,400080,,,,,,DTSA+LS,N=40,C3,1886,6,0,True
ta22,20,20,400,DTSA,7,1801,400120,400000,1667,23.897,,,,,40,0.5,6,6,-5.0,5.0,5ee1241,2026-07-24T10:19:02,1.0,400080,,,,,,DTSA-core,N=40,C3,1801,0,0,True
ta22,20,20,400,DTSA,7,1801,400120,400000,1667,23.897,,,,,40,0.5,6,6,-5.0,5.0,5ee1241,2026-07-24T10:19:02,1.0,400080,,,,,,DTSA+LS,N=40,C3,1801,5,0,True
ta22,20,20,400,DTSA,8,1803,400120,400000,1667,23.777,,,,,40,0.5,6,6,-5.0,5.0,5ee1241,2026-07-24T10:19:02,1.0,400080,,,,,,DTSA-core,N=40,C3,1803,0,0,True
ta22,20,20,400,DTSA,8,1803,400120,400000,1667,23.777,,,,,40,0.5,6,6,-5.0,5.0,5ee1241,2026-07-24T10:19:02,1.0,400080,,,,,,DTSA+LS,N=40,C3,1803,9,0,True
ta22,20,20,400,DTSA,9,1971,400120,400000,1667,23.887,,,,,40,0.5,6,6,-5.0,5.0,5ee1241,2026-07-24T10:19:02,1.0,400080,,,,,,DTSA-core,N=40,C3,1971,0,0,True
ta22,20,20,400,DTSA,9,1971,400120,400000,1667,23.887,,,,,40,0.5,6,6,-5.0,5.0,5ee1241,2026-07-24T10:19:02,1.0,400080,,,,,,DTSA+LS,N=40,C3,1971,10,0,True
ta22,20,20,400,DTSA,10,1857,400120,400000,1667,23.892,,,,,40,0.5,6,6,-5.0,5.0,5ee1241,2026-07-24T10:19:02,1.0,400080,,,,,,DTSA-core,N=40,C3,1857,0,0,True
ta22,20,20,400,DTSA,10,1857,400120,400000,1667,23.892,,,,,40,0.5,6,6,-5.0,5.0,5ee1241,2026-07-24T10:19:02,1.0,400080,,,,,,DTSA+LS,N=40,C3,1857,10,0,True
ta22,20,20,400,DTSA,11,1857,400120,400000,1667,23.914,,,,,40,0.5,6,6,-5.0,5.0,5ee1241,2026-07-24T10:19:03,1.0,400080,,,,,,DTSA-core,N=40,C3,1857,0,0,True
ta22,20,20,400,DTSA,11,1857,400120,400000,1667,23.914,,,,,40,0.5,6,6,-5.0,5.0,5ee1241,2026-07-24T10:19:03,1.0,400080,,,,,,DTSA+LS,N=40,C3,1857,12,0,True
ta22,20,20,400,DTSA,12,1872,400120,400000,1667,23.575,,,,,40,0.5,6,6,-5.0,5.0,5ee1241,2026-07-24T10:19:25,1.0,400080,,,,,,DTSA-core,N=40,C3,1872,0,0,True
ta22,20,20,400,DTSA,12,1872,400120,400000,1667,23.575,,,,,40,0.5,6,6,-5.0,5.0,5ee1241,2026-07-24T10:19:25,1.0,400080,,,,,,DTSA+LS,N=40,C3,1872,7,0,True
ta22,20,20,400,DTSA,13,1892,400120,400000,1667,23.636,,,,,40,0.5,6,6,-5.0,5.0,5ee1241,2026-07-24T10:19:26,1.0,400080,,,,,,DTSA-core,N=40,C3,1892,0,0,True
ta22,20,20,400,DTSA,13,1892,400120,400000,1667,23.636,,,,,40,0.5,6,6,-5.0,5.0,5ee1241,2026-07-24T10:19:26,1.0,400080,,,,,,DTSA+LS,N=40,C3,1892,8,0,True
ta22,20,20,400,DTSA,14,1868,400120,400000,1667,23.606,,,,,40,0.5,6,6,-5.0,5.0,5ee1241,2026-07-24T10:19:26,1.0,400080,,,,,,DTSA-core,N=40,C3,1868,0,0,True
ta22,20,20,400,DTSA,14,1868,400120,400000,1667,23.606,,,,,40,0.5,6,6,-5.0,5.0,5ee1241,2026-07-24T10:19:26,1.0,400080,,,,,,DTSA+LS,N=40,C3,1868,13,0,True
ta22,20,20,400,DTSA,15,1851,400120,400000,1667,23.741,,,,,40,0.5,6,6,-5.0,5.0,5ee1241,2026-07-24T10:19:26,1.0,400080,,,,,,DTSA-core,N=40,C3,1851,0,0,True
ta22,20,20,400,DTSA,15,1851,400120,400000,1667,23.741,,,,,40,0.5,6,6,-5.0,5.0,5ee1241,2026-07-24T10:19:26,1.0,400080,,,,,,DTSA+LS,N=40,C3,1851,8,0,True
ta22,20,20,400,DTSA,16,1822,400120,400000,1667,23.972,,,,,40,0.5,6,6,-5.0,5.0,5ee1241,2026-07-24T10:19:26,1.0,400080,,,,,,DTSA-core,N=40,C3,1822,0,0,True
ta22,20,20,400,DTSA,16,1822,400120,400000,1667,23.972,,,,,40,0.5,6,6,-5.0,5.0,5ee1241,2026-07-24T10:19:26,1.0,400080,,,,,,DTSA+LS,N=40,C3,1822,6,0,True
ta22,20,20,400,DTSA,17,1838,400120,400000,1667,23.999,,,,,40,0.5,6,6,-5.0,5.0,5ee1241,2026-07-24T10:19:27,1.0,400080,,,,,,DTSA-core,N=40,C3,1838,0,0,True
ta22,20,20,400,DTSA,17,1838,400120,400000,1667,23.999,,,,,40,0.5,6,6,-5.0,5.0,5ee1241,2026-07-24T10:19:27,1.0,400080,,,,,,DTSA+LS,N=40,C3,1838,11,0,True
ta22,20,20,400,DTSA,18,1908,400120,400000,1667,22.633,,,,,40,0.5,6,6,-5.0,5.0,5ee1241,2026-07-24T10:19:48,1.0,400080,,,,,,DTSA-core,N=40,C3,1908,0,0,True
ta22,20,20,400,DTSA,18,1908,400120,400000,1667,22.633,,,,,40,0.5,6,6,-5.0,5.0,5ee1241,2026-07-24T10:19:48,1.0,400080,,,,,,DTSA+LS,N=40,C3,1908,10,0,True
ta22,20,20,400,DTSA,19,1822,400120,400000,1667,22.533,,,,,40,0.5,6,6,-5.0,5.0,5ee1241,2026-07-24T10:19:48,1.0,400080,,,,,,DTSA-core,N=40,C3,1822,0,0,True
ta22,20,20,400,DTSA,19,1822,400120,400000,1667,22.533,,,,,40,0.5,6,6,-5.0,5.0,5ee1241,2026-07-24T10:19:48,1.0,400080,,,,,,DTSA+LS,N=40,C3,1822,8,0,True
ta23,20,20,400,DTSA,0,1791,400120,400000,1667,23.513,,,,,40,0.5,6,6,-5.0,5.0,5ee1241,2026-07-24T10:20:12,1.0,400080,,,,,,DTSA-core,N=40,C3,1791,0,0,True
ta23,20,20,400,DTSA,0,1791,400120,400000,1667,23.513,,,,,40,0.5,6,6,-5.0,5.0,5ee1241,2026-07-24T10:20:12,1.0,400080,,,,,,DTSA+LS,N=40,C3,1791,8,0,True
ta23,20,20,400,DTSA,1,1801,400120,400000,1667,23.646,,,,,40,0.5,6,6,-5.0,5.0,5ee1241,2026-07-24T10:20:12,1.0,400080,,,,,,DTSA-core,N=40,C3,1801,0,0,True
ta23,20,20,400,DTSA,1,1801,400120,400000,1667,23.646,,,,,40,0.5,6,6,-5.0,5.0,5ee1241,2026-07-24T10:20:12,1.0,400080,,,,,,DTSA+LS,N=40,C3,1801,9,0,True
ta23,20,20,400,DTSA,2,1830,400120,400000,1667,23.567,,,,,40,0.5,6,6,-5.0,5.0,5ee1241,2026-07-24T10:20:12,1.0,400080,,,,,,DTSA-core,N=40,C3,1830,0,0,True
ta23,20,20,400,DTSA,2,1830,400120,400000,1667,23.567,,,,,40,0.5,6,6,-5.0,5.0,5ee1241,2026-07-24T10:20:12,1.0,400080,,,,,,DTSA+LS,N=40,C3,1830,4,0,True
ta23,20,20,400,DTSA,3,1791,400120,400000,1667,23.577,,,,,40,0.5,6,6,-5.0,5.0,5ee1241,2026-07-24T10:20:12,1.0,400080,,,,,,DTSA-core,N=40,C3,1791,0,0,True
ta23,20,20,400,DTSA,3,1791,400120,400000,1667,23.577,,,,,40,0.5,6,6,-5.0,5.0,5ee1241,2026-07-24T10:20:12,1.0,400080,,,,,,DTSA+LS,N=40,C3,1791,10,0,True
ta23,20,20,400,DTSA,4,1823,400120,400000,1667,23.538,,,,,40,0.5,6,6,-5.0,5.0,5ee1241,2026-07-24T10:20:12,1.0,400080,,,,,,DTSA-core,N=40,C3,1823,0,0,True
ta23,20,20,400,DTSA,4,1823,400120,400000,1667,23.538,,,,,40,0.5,6,6,-5.0,5.0,5ee1241,2026-07-24T10:20:12,1.0,400080,,,,,,DTSA+LS,N=40,C3,1823,12,0,True
ta23,20,20,400,DTSA,5,1740,400120,400000,1667,23.57,,,,,40,0.5,6,6,-5.0,5.0,5ee1241,2026-07-24T10:20:12,1.0,400080,,,,,,DTSA-core,N=40,C3,1740,0,0,True
ta23,20,20,400,DTSA,5,1740,400120,400000,1667,23.57,,,,,40,0.5,6,6,-5.0,5.0,5ee1241,2026-07-24T10:20:12,1.0,400080,,,,,,DTSA+LS,N=40,C3,1740,7,0,True
ta23,20,20,400,DTSA,6,1763,400120,400000,1667,23.599,,,,,40,0.5,6,6,-5.0,5.0,5ee1241,2026-07-24T10:20:35,1.0,400080,,,,,,DTSA-core,N=40,C3,1763,0,0,True
ta23,20,20,400,DTSA,6,1763,400120,400000,1667,23.599,,,,,40,0.5,6,6,-5.0,5.0,5ee1241,2026-07-24T10:20:35,1.0,400080,,,,,,DTSA+LS,N=40,C3,1763,7,0,True
ta23,20,20,400,DTSA,7,1788,400120,400000,1667,23.501,,,,,40,0.5,6,6,-5.0,5.0,5ee1241,2026-07-24T10:20:35,1.0,400080,,,,,,DTSA-core,N=40,C3,1788,0,0,True
ta23,20,20,400,DTSA,7,1788,400120,400000,1667,23.501,,,,,40,0.5,6,6,-5.0,5.0,5ee1241,2026-07-24T10:20:35,1.0,400080,,,,,,DTSA+LS,N=40,C3,1788,9,0,True
ta23,20,20,400,DTSA,8,1738,400120,400000,1667,23.952,,,,,40,0.5,6,6,-5.0,5.0,5ee1241,2026-07-24T10:20:36,1.0,400080,,,,,,DTSA-core,N=40,C3,1738,0,0,True
ta23,20,20,400,DTSA,8,1738,400120,400000,1667,23.952,,,,,40,0.5,6,6,-5.0,5.0,5ee1241,2026-07-24T10:20:36,1.0,400080,,,,,,DTSA+LS,N=40,C3,1738,13,0,True
ta23,20,20,400,DTSA,9,1797,400120,400000,1667,23.642,,,,,40,0.5,6,6,-5.0,5.0,5ee1241,2026-07-24T10:20:36,1.0,400080,,,,,,DTSA-core,N=40,C3,1797,0,0,True
ta23,20,20,400,DTSA,9,1797,400120,400000,1667,23.642,,,,,40,0.5,6,6,-5.0,5.0,5ee1241,2026-07-24T10:20:36,1.0,400080,,,,,,DTSA+LS,N=40,C3,1797,10,0,True
ta23,20,20,400,DTSA,10,1773,400120,400000,1667,23.757,,,,,40,0.5,6,6,-5.0,5.0,5ee1241,2026-07-24T10:20:36,1.0,400080,,,,,,DTSA-core,N=40,C3,1773,0,0,True
ta23,20,20,400,DTSA,10,1773,400120,400000,1667,23.757,,,,,40,0.5,6,6,-5.0,5.0,5ee1241,2026-07-24T10:20:36,1.0,400080,,,,,,DTSA+LS,N=40,C3,1773,9,0,True
ta23,20,20,400,DTSA,11,1759,400120,400000,1667,24.011,,,,,40,0.5,6,6,-5.0,5.0,5ee1241,2026-07-24T10:20:36,1.0,400080,,,,,,DTSA-core,N=40,C3,1759,0,0,True
ta23,20,20,400,DTSA,11,1759,400120,400000,1667,24.011,,,,,40,0.5,6,6,-5.0,5.0,5ee1241,2026-07-24T10:20:36,1.0,400080,,,,,,DTSA+LS,N=40,C3,1759,9,0,True
ta23,20,20,400,DTSA,12,1779,400120,400000,1667,23.562,,,,,40,0.5,6,6,-5.0,5.0,5ee1241,2026-07-24T10:20:59,1.0,400080,,,,,,DTSA-core,N=40,C3,1779,0,0,True
ta23,20,20,400,DTSA,12,1779,400120,400000,1667,23.562,,,,,40,0.5,6,6,-5.0,5.0,5ee1241,2026-07-24T10:20:59,1.0,400080,,,,,,DTSA+LS,N=40,C3,1779,9,0,True
ta23,20,20,400,DTSA,13,1767,400120,400000,1667,23.715,,,,,40,0.5,6,6,-5.0,5.0,5ee1241,2026-07-24T10:20:59,1.0,400080,,,,,,DTSA-core,N=40,C3,1767,0,0,True
ta23,20,20,400,DTSA,13,1767,400120,400000,1667,23.715,,,,,40,0.5,6,6,-5.0,5.0,5ee1241,2026-07-24T10:20:59,1.0,400080,,,,,,DTSA+LS,N=40,C3,1767,10,0,True
ta23,20,20,400,DTSA,14,1813,400120,400000,1667,23.57,,,,,40,0.5,6,6,-5.0,5.0,5ee1241,2026-07-24T10:20:59,1.0,400080,,,,,,DTSA-core,N=40,C3,1813,0,0,True
ta23,20,20,400,DTSA,14,1813,400120,400000,1667,23.57,,,,,40,0.5,6,6,-5.0,5.0,5ee1241,2026-07-24T10:20:59,1.0,400080,,,,,,DTSA+LS,N=40,C3,1813,9,0,True
ta23,20,20,400,DTSA,15,1809,400120,400000,1667,23.737,,,,,40,0.5,6,6,-5.0,5.0,5ee1241,2026-07-24T10:20:59,1.0,400080,,,,,,DTSA-core,N=40,C3,1809,0,0,True
ta23,20,20,400,DTSA,15,1809,400120,400000,1667,23.737,,,,,40,0.5,6,6,-5.0,5.0,5ee1241,2026-07-24T10:20:59,1.0,400080,,,,,,DTSA+LS,N=40,C3,1809,12,0,True
ta23,20,20,400,DTSA,16,1840,400120,400000,1667,23.738,,,,,40,0.5,6,6,-5.0,5.0,5ee1241,2026-07-24T10:21:00,1.0,400080,,,,,,DTSA-core,N=40,C3,1840,0,0,True
ta23,20,20,400,DTSA,16,1840,400120,400000,1667,23.738,,,,,40,0.5,6,6,-5.0,5.0,5ee1241,2026-07-24T10:21:00,1.0,400080,,,,,,DTSA+LS,N=40,C3,1840,13,0,True
ta23,20,20,400,DTSA,17,1922,400120,400000,1667,23.464,,,,,40,0.5,6,6,-5.0,5.0,5ee1241,2026-07-24T10:21:00,1.0,400080,,,,,,DTSA-core,N=40,C3,1922,0,0,True
ta23,20,20,400,DTSA,17,1922,400120,400000,1667,23.464,,,,,40,0.5,6,6,-5.0,5.0,5ee1241,2026-07-24T10:21:00,1.0,400080,,,,,,DTSA+LS,N=40,C3,1922,11,0,True
ta23,20,20,400,DTSA,18,1776,400120,400000,1667,22.489,,,,,40,0.5,6,6,-5.0,5.0,5ee1241,2026-07-24T10:21:22,1.0,400080,,,,,,DTSA-core,N=40,C3,1776,0,0,True
ta23,20,20,400,DTSA,18,1776,400120,400000,1667,22.489,,,,,40,0.5,6,6,-5.0,5.0,5ee1241,2026-07-24T10:21:22,1.0,400080,,,,,,DTSA+LS,N=40,C3,1776,12,0,True
ta23,20,20,400,DTSA,19,1846,400120,400000,1667,22.488,,,,,40,0.5,6,6,-5.0,5.0,5ee1241,2026-07-24T10:21:22,1.0,400080,,,,,,DTSA-core,N=40,C3,1846,0,0,True
ta23,20,20,400,DTSA,19,1846,400120,400000,1667,22.488,,,,,40,0.5,6,6,-5.0,5.0,5ee1241,2026-07-24T10:21:22,1.0,400080,,,,,,DTSA+LS,N=40,C3,1846,6,0,True
ta24,20,20,400,DTSA,0,1883,400120,400000,1667,23.736,,,,,40,0.5,6,6,-5.0,5.0,5ee1241,2026-07-24T10:21:45,1.0,400080,,,,,,DTSA-core,N=40,C3,1883,0,0,True
ta24,20,20,400,DTSA,0,1883,400120,400000,1667,23.736,,,,,40,0.5,6,6,-5.0,5.0,5ee1241,2026-07-24T10:21:45,1.0,400080,,,,,,DTSA+LS,N=40,C3,1883,7,0,True
ta24,20,20,400,DTSA,1,1832,400120,400000,1667,24.121,,,,,40,0.5,6,6,-5.0,5.0,5ee1241,2026-07-24T10:21:46,1.0,400080,,,,,,DTSA-core,N=40,C3,1832,0,0,True
ta24,20,20,400,DTSA,1,1832,400120,400000,1667,24.121,,,,,40,0.5,6,6,-5.0,5.0,5ee1241,2026-07-24T10:21:46,1.0,400080,,,,,,DTSA+LS,N=40,C3,1832,10,0,True
ta24,20,20,400,DTSA,2,1847,400120,400000,1667,23.909,,,,,40,0.5,6,6,-5.0,5.0,5ee1241,2026-07-24T10:21:46,1.0,400080,,,,,,DTSA-core,N=40,C3,1847,0,0,True
ta24,20,20,400,DTSA,2,1847,400120,400000,1667,23.909,,,,,40,0.5,6,6,-5.0,5.0,5ee1241,2026-07-24T10:21:46,1.0,400080,,,,,,DTSA+LS,N=40,C3,1847,6,0,True
ta24,20,20,400,DTSA,3,1926,400120,400000,1667,23.985,,,,,40,0.5,6,6,-5.0,5.0,5ee1241,2026-07-24T10:21:46,1.0,400080,,,,,,DTSA-core,N=40,C3,1926,0,0,True
ta24,20,20,400,DTSA,3,1926,400120,400000,1667,23.985,,,,,40,0.5,6,6,-5.0,5.0,5ee1241,2026-07-24T10:21:46,1.0,400080,,,,,,DTSA+LS,N=40,C3,1926,6,0,True
ta24,20,20,400,DTSA,4,1892,400120,400000,1667,23.775,,,,,40,0.5,6,6,-5.0,5.0,5ee1241,2026-07-24T10:21:46,1.0,400080,,,,,,DTSA-core,N=40,C3,1892,0,0,True
ta24,20,20,400,DTSA,4,1892,400120,400000,1667,23.775,,,,,40,0.5,6,6,-5.0,5.0,5ee1241,2026-07-24T10:21:46,1.0,400080,,,,,,DTSA+LS,N=40,C3,1892,6,0,True
ta24,20,20,400,DTSA,5,1912,400120,400000,1667,23.746,,,,,40,0.5,6,6,-5.0,5.0,5ee1241,2026-07-24T10:21:46,1.0,400080,,,,,,DTSA-core,N=40,C3,1912,0,0,True
ta24,20,20,400,DTSA,5,1912,400120,400000,1667,23.746,,,,,40,0.5,6,6,-5.0,5.0,5ee1241,2026-07-24T10:21:46,1.0,400080,,,,,,DTSA+LS,N=40,C3,1912,6,0,True
ta24,20,20,400,DTSA,6,1916,400120,400000,1667,23.757,,,,,40,0.5,6,6,-5.0,5.0,5ee1241,2026-07-24T10:22:09,1.0,400080,,,,,,DTSA-core,N=40,C3,1916,0,0,True
ta24,20,20,400,DTSA,6,1916,400120,400000,1667,23.757,,,,,40,0.5,6,6,-5.0,5.0,5ee1241,2026-07-24T10:22:09,1.0,400080,,,,,,DTSA+LS,N=40,C3,1916,8,0,True
ta24,20,20,400,DTSA,7,1873,400120,400000,1667,23.755,,,,,40,0.5,6,6,-5.0,5.0,5ee1241,2026-07-24T10:22:09,1.0,400080,,,,,,DTSA-core,N=40,C3,1873,0,0,True
ta24,20,20,400,DTSA,7,1873,400120,400000,1667,23.755,,,,,40,0.5,6,6,-5.0,5.0,5ee1241,2026-07-24T10:22:09,1.0,400080,,,,,,DTSA+LS,N=40,C3,1873,9,0,True
ta24,20,20,400,DTSA,8,1864,400120,400000,1667,23.724,,,,,40,0.5,6,6,-5.0,5.0,5ee1241,2026-07-24T10:22:09,1.0,400080,,,,,,DTSA-core,N=40,C3,1864,0,0,True
ta24,20,20,400,DTSA,8,1864,400120,400000,1667,23.724,,,,,40,0.5,6,6,-5.0,5.0,5ee1241,2026-07-24T10:22:09,1.0,400080,,,,,,DTSA+LS,N=40,C3,1864,8,0,True
ta24,20,20,400,DTSA,9,1889,400120,400000,1667,23.82,,,,,40,0.5,6,6,-5.0,5.0,5ee1241,2026-07-24T10:22:10,1.0,400080,,,,,,DTSA-core,N=40,C3,1889,0,0,True
ta24,20,20,400,DTSA,9,1889,400120,400000,1667,23.82,,,,,40,0.5,6,6,-5.0,5.0,5ee1241,2026-07-24T10:22:10,1.0,400080,,,,,,DTSA+LS,N=40,C3,1889,14,0,True
ta24,20,20,400,DTSA,10,1820,400120,400000,1667,23.995,,,,,40,0.5,6,6,-5.0,5.0,5ee1241,2026-07-24T10:22:10,1.0,400080,,,,,,DTSA-core,N=40,C3,1820,0,0,True
ta24,20,20,400,DTSA,10,1820,400120,400000,1667,23.995,,,,,40,0.5,6,6,-5.0,5.0,5ee1241,2026-07-24T10:22:10,1.0,400080,,,,,,DTSA+LS,N=40,C3,1820,9,0,True
ta24,20,20,400,DTSA,11,1881,400120,400000,1667,23.915,,,,,40,0.5,6,6,-5.0,5.0,5ee1241,2026-07-24T10:22:10,1.0,400080,,,,,,DTSA-core,N=40,C3,1881,0,0,True
ta24,20,20,400,DTSA,11,1881,400120,400000,1667,23.915,,,,,40,0.5,6,6,-5.0,5.0,5ee1241,2026-07-24T10:22:10,1.0,400080,,,,,,DTSA+LS,N=40,C3,1881,10,0,True
ta24,20,20,400,DTSA,12,1959,400120,400000,1667,23.544,,,,,40,0.5,6,6,-5.0,5.0,5ee1241,2026-07-24T10:22:33,1.0,400080,,,,,,DTSA-core,N=40,C3,1959,0,0,True
ta24,20,20,400,DTSA,12,1959,400120,400000,1667,23.544,,,,,40,0.5,6,6,-5.0,5.0,5ee1241,2026-07-24T10:22:33,1.0,400080,,,,,,DTSA+LS,N=40,C3,1959,5,0,True
ta24,20,20,400,DTSA,13,1898,400120,400000,1667,23.624,,,,,40,0.5,6,6,-5.0,5.0,5ee1241,2026-07-24T10:22:33,1.0,400080,,,,,,DTSA-core,N=40,C3,1898,0,0,True
ta24,20,20,400,DTSA,13,1898,400120,400000,1667,23.624,,,,,40,0.5,6,6,-5.0,5.0,5ee1241,2026-07-24T10:22:33,1.0,400080,,,,,,DTSA+LS,N=40,C3,1898,13,0,True
ta24,20,20,400,DTSA,14,1913,400120,400000,1667,23.867,,,,,40,0.5,6,6,-5.0,5.0,5ee1241,2026-07-24T10:22:33,1.0,400080,,,,,,DTSA-core,N=40,C3,1913,0,0,True
ta24,20,20,400,DTSA,14,1913,400120,400000,1667,23.867,,,,,40,0.5,6,6,-5.0,5.0,5ee1241,2026-07-24T10:22:33,1.0,400080,,,,,,DTSA+LS,N=40,C3,1913,7,0,True
ta24,20,20,400,DTSA,15,1864,400120,400000,1667,23.866,,,,,40,0.5,6,6,-5.0,5.0,5ee1241,2026-07-24T10:22:33,1.0,400080,,,,,,DTSA-core,N=40,C3,1864,0,0,True
ta24,20,20,400,DTSA,15,1864,400120,400000,1667,23.866,,,,,40,0.5,6,6,-5.0,5.0,5ee1241,2026-07-24T10:22:33,1.0,400080,,,,,,DTSA+LS,N=40,C3,1864,7,0,True
ta24,20,20,400,DTSA,16,1963,400120,400000,1667,23.715,,,,,40,0.5,6,6,-5.0,5.0,5ee1241,2026-07-24T10:22:34,1.0,400080,,,,,,DTSA-core,N=40,C3,1963,0,0,True
ta24,20,20,400,DTSA,16,1963,400120,400000,1667,23.715,,,,,40,0.5,6,6,-5.0,5.0,5ee1241,2026-07-24T10:22:34,1.0,400080,,,,,,DTSA+LS,N=40,C3,1963,7,0,True
ta24,20,20,400,DTSA,17,1955,400120,400000,1667,23.768,,,,,40,0.5,6,6,-5.0,5.0,5ee1241,2026-07-24T10:22:34,1.0,400080,,,,,,DTSA-core,N=40,C3,1955,0,0,True
ta24,20,20,400,DTSA,17,1955,400120,400000,1667,23.768,,,,,40,0.5,6,6,-5.0,5.0,5ee1241,2026-07-24T10:22:34,1.0,400080,,,,,,DTSA+LS,N=40,C3,1955,8,0,True
ta24,20,20,400,DTSA,18,1830,400120,400000,1667,22.671,,,,,40,0.5,6,6,-5.0,5.0,5ee1241,2026-07-24T10:22:56,1.0,400080,,,,,,DTSA-core,N=40,C3,1830,0,0,True
ta24,20,20,400,DTSA,18,1830,400120,400000,1667,22.671,,,,,40,0.5,6,6,-5.0,5.0,5ee1241,2026-07-24T10:22:56,1.0,400080,,,,,,DTSA+LS,N=40,C3,1830,4,0,True
ta24,20,20,400,DTSA,19,1947,400120,400000,1667,22.536,,,,,40,0.5,6,6,-5.0,5.0,5ee1241,2026-07-24T10:22:56,1.0,400080,,,,,,DTSA-core,N=40,C3,1947,0,0,True
ta24,20,20,400,DTSA,19,1947,400120,400000,1667,22.536,,,,,40,0.5,6,6,-5.0,5.0,5ee1241,2026-07-24T10:22:56,1.0,400080,,,,,,DTSA+LS,N=40,C3,1947,6,0,True
ta25,20,20,400,DTSA,0,1894,400120,400000,1667,23.741,,,,,40,0.5,6,6,-5.0,5.0,5ee1241,2026-07-24T10:23:19,1.0,400080,,,,,,DTSA-core,N=40,C3,1894,0,0,True
ta25,20,20,400,DTSA,0,1894,400120,400000,1667,23.741,,,,,40,0.5,6,6,-5.0,5.0,5ee1241,2026-07-24T10:23:19,1.0,400080,,,,,,DTSA+LS,N=40,C3,1894,11,0,True
ta25,20,20,400,DTSA,1,1845,400120,400000,1667,23.93,,,,,40,0.5,6,6,-5.0,5.0,5ee1241,2026-07-24T10:23:20,1.0,400080,,,,,,DTSA-core,N=40,C3,1845,0,0,True
ta25,20,20,400,DTSA,1,1845,400120,400000,1667,23.93,,,,,40,0.5,6,6,-5.0,5.0,5ee1241,2026-07-24T10:23:20,1.0,400080,,,,,,DTSA+LS,N=40,C3,1845,9,0,True
ta25,20,20,400,DTSA,2,1876,400120,400000,1667,23.989,,,,,40,0.5,6,6,-5.0,5.0,5ee1241,2026-07-24T10:23:20,1.0,400080,,,,,,DTSA-core,N=40,C3,1876,0,0,True
ta25,20,20,400,DTSA,2,1876,400120,400000,1667,23.989,,,,,40,0.5,6,6,-5.0,5.0,5ee1241,2026-07-24T10:23:20,1.0,400080,,,,,,DTSA+LS,N=40,C3,1876,8,0,True
ta25,20,20,400,DTSA,3,1867,400120,400000,1667,24.762,,,,,40,0.5,6,6,-5.0,5.0,5ee1241,2026-07-24T10:23:20,1.0,400080,,,,,,DTSA-core,N=40,C3,1867,0,0,True
ta25,20,20,400,DTSA,3,1867,400120,400000,1667,24.762,,,,,40,0.5,6,6,-5.0,5.0,5ee1241,2026-07-24T10:23:20,1.0,400080,,,,,,DTSA+LS,N=40,C3,1867,6,0,True
ta25,20,20,400,DTSA,4,1833,400120,400000,1667,23.852,,,,,40,0.5,6,6,-5.0,5.0,5ee1241,2026-07-24T10:23:19,1.0,400080,,,,,,DTSA-core,N=40,C3,1833,0,0,True
ta25,20,20,400,DTSA,4,1833,400120,400000,1667,23.852,,,,,40,0.5,6,6,-5.0,5.0,5ee1241,2026-07-24T10:23:19,1.0,400080,,,,,,DTSA+LS,N=40,C3,1833,10,0,True
ta25,20,20,400,DTSA,5,1823,400120,400000,1667,23.984,,,,,40,0.5,6,6,-5.0,5.0,5ee1241,2026-07-24T10:23:20,1.0,400080,,,,,,DTSA-core,N=40,C3,1823,0,0,True
ta25,20,20,400,DTSA,5,1823,400120,400000,1667,23.984,,,,,40,0.5,6,6,-5.0,5.0,5ee1241,2026-07-24T10:23:20,1.0,400080,,,,,,DTSA+LS,N=40,C3,1823,11,0,True
ta25,20,20,400,DTSA,6,1831,400120,400000,1667,23.979,,,,,40,0.5,6,6,-5.0,5.0,5ee1241,2026-07-24T10:23:43,1.0,400080,,,,,,DTSA-core,N=40,C3,1831,0,0,True
ta25,20,20,400,DTSA,6,1831,400120,400000,1667,23.979,,,,,40,0.5,6,6,-5.0,5.0,5ee1241,2026-07-24T10:23:43,1.0,400080,,,,,,DTSA+LS,N=40,C3,1831,8,0,True
ta25,20,20,400,DTSA,7,1857,400120,400000,1667,24.096,,,,,40,0.5,6,6,-5.0,5.0,5ee1241,2026-07-24T10:23:44,1.0,400080,,,,,,DTSA-core,N=40,C3,1857,0,0,True
ta25,20,20,400,DTSA,7,1857,400120,400000,1667,24.096,,,,,40,0.5,6,6,-5.0,5.0,5ee1241,2026-07-24T10:23:44,1.0,400080,,,,,,DTSA+LS,N=40,C3,1857,11,0,True
ta25,20,20,400,DTSA,8,1821,400120,400000,1667,24.027,,,,,40,0.5,6,6,-5.0,5.0,5ee1241,2026-07-24T10:23:44,1.0,400080,,,,,,DTSA-core,N=40,C3,1821,0,0,True
ta25,20,20,400,DTSA,8,1821,400120,400000,1667,24.027,,,,,40,0.5,6,6,-5.0,5.0,5ee1241,2026-07-24T10:23:44,1.0,400080,,,,,,DTSA+LS,N=40,C3,1821,8,0,True
ta25,20,20,400,DTSA,9,1801,400120,400000,1667,23.9,,,,,40,0.5,6,6,-5.0,5.0,5ee1241,2026-07-24T10:23:44,1.0,400080,,,,,,DTSA-core,N=40,C3,1801,0,0,True
ta25,20,20,400,DTSA,9,1801,400120,400000,1667,23.9,,,,,40,0.5,6,6,-5.0,5.0,5ee1241,2026-07-24T10:23:44,1.0,400080,,,,,,DTSA+LS,N=40,C3,1801,9,0,True
ta25,20,20,400,DTSA,10,1983,400120,400000,1667,24.877,,,,,40,0.5,6,6,-5.0,5.0,5ee1241,2026-07-24T10:23:45,1.0,400080,,,,,,DTSA-core,N=40,C3,1983,0,0,True
ta25,20,20,400,DTSA,10,1983,400120,400000,1667,24.877,,,,,40,0.5,6,6,-5.0,5.0,5ee1241,2026-07-24T10:23:45,1.0,400080,,,,,,DTSA+LS,N=40,C3,1983,10,0,True
ta25,20,20,400,DTSA,11,1870,400120,400000,1667,24.018,,,,,40,0.5,6,6,-5.0,5.0,5ee1241,2026-07-24T10:23:44,1.0,400080,,,,,,DTSA-core,N=40,C3,1870,0,0,True
ta25,20,20,400,DTSA,11,1870,400120,400000,1667,24.018,,,,,40,0.5,6,6,-5.0,5.0,5ee1241,2026-07-24T10:23:44,1.0,400080,,,,,,DTSA+LS,N=40,C3,1870,9,0,True
ta25,20,20,400,DTSA,12,1838,400120,400000,1667,23.763,,,,,40,0.5,6,6,-5.0,5.0,5ee1241,2026-07-24T10:24:07,1.0,400080,,,,,,DTSA-core,N=40,C3,1838,0,0,True
ta25,20,20,400,DTSA,12,1838,400120,400000,1667,23.763,,,,,40,0.5,6,6,-5.0,5.0,5ee1241,2026-07-24T10:24:07,1.0,400080,,,,,,DTSA+LS,N=40,C3,1838,12,0,True
ta25,20,20,400,DTSA,13,1840,400120,400000,1667,23.784,,,,,40,0.5,6,6,-5.0,5.0,5ee1241,2026-07-24T10:24:07,1.0,400080,,,,,,DTSA-core,N=40,C3,1840,0,0,True
ta25,20,20,400,DTSA,13,1840,400120,400000,1667,23.784,,,,,40,0.5,6,6,-5.0,5.0,5ee1241,2026-07-24T10:24:07,1.0,400080,,,,,,DTSA+LS,N=40,C3,1840,9,0,True
ta25,20,20,400,DTSA,14,1855,400120,400000,1667,23.892,,,,,40,0.5,6,6,-5.0,5.0,5ee1241,2026-07-24T10:24:08,1.0,400080,,,,,,DTSA-core,N=40,C3,1855,0,0,True
ta25,20,20,400,DTSA,14,1855,400120,400000,1667,23.892,,,,,40,0.5,6,6,-5.0,5.0,5ee1241,2026-07-24T10:24:08,1.0,400080,,,,,,DTSA+LS,N=40,C3,1855,12,0,True
ta25,20,20,400,DTSA,15,1876,400120,400000,1667,24.11,,,,,40,0.5,6,6,-5.0,5.0,5ee1241,2026-07-24T10:24:08,1.0,400080,,,,,,DTSA-core,N=40,C3,1876,0,0,True
ta25,20,20,400,DTSA,15,1876,400120,400000,1667,24.11,,,,,40,0.5,6,6,-5.0,5.0,5ee1241,2026-07-24T10:24:08,1.0,400080,,,,,,DTSA+LS,N=40,C3,1876,9,0,True
ta25,20,20,400,DTSA,16,2026,400120,400000,1667,24.659,,,,,40,0.5,6,6,-5.0,5.0,5ee1241,2026-07-24T10:24:09,1.0,400080,,,,,,DTSA-core,N=40,C3,2026,0,0,True
ta25,20,20,400,DTSA,16,2026,400120,400000,1667,24.659,,,,,40,0.5,6,6,-5.0,5.0,5ee1241,2026-07-24T10:24:09,1.0,400080,,,,,,DTSA+LS,N=40,C3,2026,8,0,True
ta25,20,20,400,DTSA,17,1878,400120,400000,1667,23.911,,,,,40,0.5,6,6,-5.0,5.0,5ee1241,2026-07-24T10:24:08,1.0,400080,,,,,,DTSA-core,N=40,C3,1878,0,0,True
ta25,20,20,400,DTSA,17,1878,400120,400000,1667,23.911,,,,,40,0.5,6,6,-5.0,5.0,5ee1241,2026-07-24T10:24:08,1.0,400080,,,,,,DTSA+LS,N=40,C3,1878,11,0,True
ta25,20,20,400,DTSA,18,1939,400120,400000,1667,22.473,,,,,40,0.5,6,6,-5.0,5.0,5ee1241,2026-07-24T10:24:30,1.0,400080,,,,,,DTSA-core,N=40,C3,1939,0,0,True
ta25,20,20,400,DTSA,18,1939,400120,400000,1667,22.473,,,,,40,0.5,6,6,-5.0,5.0,5ee1241,2026-07-24T10:24:30,1.0,400080,,,,,,DTSA+LS,N=40,C3,1939,18,0,True
ta25,20,20,400,DTSA,19,1889,400120,400000,1667,22.733,,,,,40,0.5,6,6,-5.0,5.0,5ee1241,2026-07-24T10:24:30,1.0,400080,,,,,,DTSA-core,N=40,C3,1889,0,0,True
ta25,20,20,400,DTSA,19,1889,400120,400000,1667,22.733,,,,,40,0.5,6,6,-5.0,5.0,5ee1241,2026-07-24T10:24:30,1.0,400080,,,,,,DTSA+LS,N=40,C3,1889,9,0,True
ta31,30,15,450,DTSA,0,2076,450040,450000,1875,28.5,,,,,40,0.5,6,6,-5.0,5.0,5ee1241,2026-07-24T10:24:59,1.0,450000,,,,,,DTSA-core,N=40,C3,2076,0,0,True
ta31,30,15,450,DTSA,0,2076,450040,450000,1875,28.5,,,,,40,0.5,6,6,-5.0,5.0,5ee1241,2026-07-24T10:24:59,1.0,450000,,,,,,DTSA+LS,N=40,C3,2076,10,0,True
ta31,30,15,450,DTSA,1,2102,450040,450000,1875,28.252,,,,,40,0.5,6,6,-5.0,5.0,5ee1241,2026-07-24T10:24:58,1.0,450000,,,,,,DTSA-core,N=40,C3,2102,0,0,True
ta31,30,15,450,DTSA,1,2102,450040,450000,1875,28.252,,,,,40,0.5,6,6,-5.0,5.0,5ee1241,2026-07-24T10:24:58,1.0,450000,,,,,,DTSA+LS,N=40,C3,2102,13,0,True
ta31,30,15,450,DTSA,2,2072,450040,450000,1875,28.62,,,,,40,0.5,6,6,-5.0,5.0,5ee1241,2026-07-24T10:24:59,1.0,450000,,,,,,DTSA-core,N=40,C3,2072,0,0,True
ta31,30,15,450,DTSA,2,2072,450040,450000,1875,28.62,,,,,40,0.5,6,6,-5.0,5.0,5ee1241,2026-07-24T10:24:59,1.0,450000,,,,,,DTSA+LS,N=40,C3,2072,7,0,True
ta31,30,15,450,DTSA,3,2127,450040,450000,1875,29.361,,,,,40,0.5,6,6,-5.0,5.0,5ee1241,2026-07-24T10:25:00,1.0,450000,,,,,,DTSA-core,N=40,C3,2127,0,0,True
ta31,30,15,450,DTSA,3,2127,450040,450000,1875,29.361,,,,,40,0.5,6,6,-5.0,5.0,5ee1241,2026-07-24T10:25:00,1.0,450000,,,,,,DTSA+LS,N=40,C3,2127,4,0,True
ta31,30,15,450,DTSA,4,2063,450040,450000,1875,28.246,,,,,40,0.5,6,6,-5.0,5.0,5ee1241,2026-07-24T10:24:58,1.0,450000,,,,,,DTSA-core,N=40,C3,2063,0,0,True
ta31,30,15,450,DTSA,4,2063,450040,450000,1875,28.246,,,,,40,0.5,6,6,-5.0,5.0,5ee1241,2026-07-24T10:24:58,1.0,450000,,,,,,DTSA+LS,N=40,C3,2063,4,0,True
ta31,30,15,450,DTSA,5,2062,450040,450000,1875,28.242,,,,,40,0.5,6,6,-5.0,5.0,5ee1241,2026-07-24T10:24:58,1.0,450000,,,,,,DTSA-core,N=40,C3,2062,0,0,True
ta31,30,15,450,DTSA,5,2062,450040,450000,1875,28.242,,,,,40,0.5,6,6,-5.0,5.0,5ee1241,2026-07-24T10:24:58,1.0,450000,,,,,,DTSA+LS,N=40,C3,2062,8,0,True
ta31,30,15,450,DTSA,6,2139,450040,450000,1875,28.216,,,,,40,0.5,6,6,-5.0,5.0,5ee1241,2026-07-24T10:25:27,1.0,450000,,,,,,DTSA-core,N=40,C3,2139,0,0,True
ta31,30,15,450,DTSA,6,2139,450040,450000,1875,28.216,,,,,40,0.5,6,6,-5.0,5.0,5ee1241,2026-07-24T10:25:27,1.0,450000,,,,,,DTSA+LS,N=40,C3,2139,4,0,True
ta31,30,15,450,DTSA,7,2156,450040,450000,1875,28.133,,,,,40,0.5,6,6,-5.0,5.0,5ee1241,2026-07-24T10:25:27,1.0,450000,,,,,,DTSA-core,N=40,C3,2156,0,0,True
ta31,30,15,450,DTSA,7,2156,450040,450000,1875,28.133,,,,,40,0.5,6,6,-5.0,5.0,5ee1241,2026-07-24T10:25:27,1.0,450000,,,,,,DTSA+LS,N=40,C3,2156,11,0,True
ta31,30,15,450,DTSA,8,2078,450040,450000,1875,28.364,,,,,40,0.5,6,6,-5.0,5.0,5ee1241,2026-07-24T10:25:27,1.0,450000,,,,,,DTSA-core,N=40,C3,2078,0,0,True
ta31,30,15,450,DTSA,8,2078,450040,450000,1875,28.364,,,,,40,0.5,6,6,-5.0,5.0,5ee1241,2026-07-24T10:25:27,1.0,450000,,,,,,DTSA+LS,N=40,C3,2078,6,0,True
ta31,30,15,450,DTSA,9,2048,450040,450000,1875,28.11,,,,,40,0.5,6,6,-5.0,5.0,5ee1241,2026-07-24T10:25:27,1.0,450000,,,,,,DTSA-core,N=40,C3,2048,0,0,True
ta31,30,15,450,DTSA,9,2048,450040,450000,1875,28.11,,,,,40,0.5,6,6,-5.0,5.0,5ee1241,2026-07-24T10:25:27,1.0,450000,,,,,,DTSA+LS,N=40,C3,2048,6,0,True
ta31,30,15,450,DTSA,10,2174,450040,450000,1875,29.331,,,,,40,0.5,6,6,-5.0,5.0,5ee1241,2026-07-24T10:25:28,1.0,450000,,,,,,DTSA-core,N=40,C3,2174,0,0,True
ta31,30,15,450,DTSA,10,2174,450040,450000,1875,29.331,,,,,40,0.5,6,6,-5.0,5.0,5ee1241,2026-07-24T10:25:28,1.0,450000,,,,,,DTSA+LS,N=40,C3,2174,15,0,True
ta31,30,15,450,DTSA,11,2041,450040,450000,1875,28.414,,,,,40,0.5,6,6,-5.0,5.0,5ee1241,2026-07-24T10:25:28,1.0,450000,,,,,,DTSA-core,N=40,C3,2041,0,0,True
ta31,30,15,450,DTSA,11,2041,450040,450000,1875,28.414,,,,,40,0.5,6,6,-5.0,5.0,5ee1241,2026-07-24T10:25:28,1.0,450000,,,,,,DTSA+LS,N=40,C3,2041,10,0,True
ta31,30,15,450,DTSA,12,2201,450040,450000,1875,28.41,,,,,40,0.5,6,6,-5.0,5.0,5ee1241,2026-07-24T10:25:55,1.0,450000,,,,,,DTSA-core,N=40,C3,2201,0,0,True
ta31,30,15,450,DTSA,12,2201,450040,450000,1875,28.41,,,,,40,0.5,6,6,-5.0,5.0,5ee1241,2026-07-24T10:25:55,1.0,450000,,,,,,DTSA+LS,N=40,C3,2201,9,0,True
ta31,30,15,450,DTSA,13,2075,450040,450000,1875,28.479,,,,,40,0.5,6,6,-5.0,5.0,5ee1241,2026-07-24T10:25:55,1.0,450000,,,,,,DTSA-core,N=40,C3,2075,0,0,True
ta31,30,15,450,DTSA,13,2075,450040,450000,1875,28.479,,,,,40,0.5,6,6,-5.0,5.0,5ee1241,2026-07-24T10:25:55,1.0,450000,,,,,,DTSA+LS,N=40,C3,2075,14,0,True
ta31,30,15,450,DTSA,14,2107,450040,450000,1875,28.462,,,,,40,0.5,6,6,-5.0,5.0,5ee1241,2026-07-24T10:25:55,1.0,450000,,,,,,DTSA-core,N=40,C3,2107,0,0,True
ta31,30,15,450,DTSA,14,2107,450040,450000,1875,28.462,,,,,40,0.5,6,6,-5.0,5.0,5ee1241,2026-07-24T10:25:55,1.0,450000,,,,,,DTSA+LS,N=40,C3,2107,10,0,True
ta31,30,15,450,DTSA,15,2144,450040,450000,1875,28.316,,,,,40,0.5,6,6,-5.0,5.0,5ee1241,2026-07-24T10:25:55,1.0,450000,,,,,,DTSA-core,N=40,C3,2144,0,0,True
ta31,30,15,450,DTSA,15,2144,450040,450000,1875,28.316,,,,,40,0.5,6,6,-5.0,5.0,5ee1241,2026-07-24T10:25:55,1.0,450000,,,,,,DTSA+LS,N=40,C3,2144,11,0,True
ta31,30,15,450,DTSA,16,2104,450040,450000,1875,27.995,,,,,40,0.5,6,6,-5.0,5.0,5ee1241,2026-07-24T10:25:56,1.0,450000,,,,,,DTSA-core,N=40,C3,2104,0,0,True
ta31,30,15,450,DTSA,16,2104,450040,450000,1875,27.995,,,,,40,0.5,6,6,-5.0,5.0,5ee1241,2026-07-24T10:25:56,1.0,450000,,,,,,DTSA+LS,N=40,C3,2104,6,0,True
ta31,30,15,450,DTSA,17,2085,450040,450000,1875,28.545,,,,,40,0.5,6,6,-5.0,5.0,5ee1241,2026-07-24T10:25:57,1.0,450000,,,,,,DTSA-core,N=40,C3,2085,0,0,True
ta31,30,15,450,DTSA,17,2085,450040,450000,1875,28.545,,,,,40,0.5,6,6,-5.0,5.0,5ee1241,2026-07-24T10:25:57,1.0,450000,,,,,,DTSA+LS,N=40,C3,2085,4,0,True
ta31,30,15,450,DTSA,18,2152,450040,450000,1875,18.228,,,,,40,0.5,6,6,-5.0,5.0,5ee1241,2026-07-24T10:26:13,1.0,450000,,,,,,DTSA-core,N=40,C3,2152,0,0,True
ta31,30,15,450,DTSA,18,2152,450040,450000,1875,18.228,,,,,40,0.5,6,6,-5.0,5.0,5ee1241,2026-07-24T10:26:13,1.0,450000,,,,,,DTSA+LS,N=40,C3,2152,5,0,True
ta31,30,15,450,DTSA,19,2057,450040,450000,1875,18.321,,,,,40,0.5,6,6,-5.0,5.0,5ee1241,2026-07-24T10:26:14,1.0,450000,,,,,,DTSA-core,N=40,C3,2057,0,0,True
ta31,30,15,450,DTSA,19,2057,450040,450000,1875,18.321,,,,,40,0.5,6,6,-5.0,5.0,5ee1241,2026-07-24T10:26:14,1.0,450000,,,,,,DTSA+LS,N=40,C3,2057,4,0,True
ta32,30,15,450,DTSA,0,2245,450040,450000,1875,10.774,,,,,40,0.5,6,6,-5.0,5.0,5ee1241,2026-07-24T10:26:24,1.0,450000,,,,,,DTSA-core,N=40,C3,2245,0,0,True
ta32,30,15,450,DTSA,0,2245,450040,450000,1875,10.774,,,,,40,0.5,6,6,-5.0,5.0,5ee1241,2026-07-24T10:26:24,1.0,450000,,,,,,DTSA+LS,N=40,C3,2245,8,0,True
ta32,30,15,450,DTSA,1,2137,450040,450000,1875,10.917,,,,,40,0.5,6,6,-5.0,5.0,5ee1241,2026-07-24T10:26:25,1.0,450000,,,,,,DTSA-core,N=40,C3,2137,0,0,True
ta32,30,15,450,DTSA,1,2137,450040,450000,1875,10.917,,,,,40,0.5,6,6,-5.0,5.0,5ee1241,2026-07-24T10:26:25,1.0,450000,,,,,,DTSA+LS,N=40,C3,2137,4,0,True
ta32,30,15,450,DTSA,2,2140,450040,450000,1875,10.907,,,,,40,0.5,6,6,-5.0,5.0,5ee1241,2026-07-24T10:26:25,1.0,450000,,,,,,DTSA-core,N=40,C3,2140,0,0,True
ta32,30,15,450,DTSA,2,2140,450040,450000,1875,10.907,,,,,40,0.5,6,6,-5.0,5.0,5ee1241,2026-07-24T10:26:25,1.0,450000,,,,,,DTSA+LS,N=40,C3,2140,7,0,True
ta32,30,15,450,DTSA,3,2142,450040,450000,1875,10.838,,,,,40,0.5,6,6,-5.0,5.0,5ee1241,2026-07-24T10:26:24,1.0,450000,,,,,,DTSA-core,N=40,C3,2142,0,0,True
ta32,30,15,450,DTSA,3,2142,450040,450000,1875,10.838,,,,,40,0.5,6,6,-5.0,5.0,5ee1241,2026-07-24T10:26:24,1.0,450000,,,,,,DTSA+LS,N=40,C3,2142,8,0,True
ta32,30,15,450,DTSA,4,2146,450040,450000,1875,10.922,,,,,40,0.5,6,6,-5.0,5.0,5ee1241,2026-07-24T10:26:25,1.0,450000,,,,,,DTSA-core,N=40,C3,2146,0,0,True
ta32,30,15,450,DTSA,4,2146,450040,450000,1875,10.922,,,,,40,0.5,6,6,-5.0,5.0,5ee1241,2026-07-24T10:26:25,1.0,450000,,,,,,DTSA+LS,N=40,C3,2146,4,0,True
ta32,30,15,450,DTSA,5,2166,450040,450000,1875,10.941,,,,,40,0.5,6,6,-5.0,5.0,5ee1241,2026-07-24T10:26:25,1.0,450000,,,,,,DTSA-core,N=40,C3,2166,0,0,True
ta32,30,15,450,DTSA,5,2166,450040,450000,1875,10.941,,,,,40,0.5,6,6,-5.0,5.0,5ee1241,2026-07-24T10:26:25,1.0,450000,,,,,,DTSA+LS,N=40,C3,2166,6,0,True
ta32,30,15,450,DTSA,6,2206,450040,450000,1875,10.788,,,,,40,0.5,6,6,-5.0,5.0,5ee1241,2026-07-24T10:26:35,1.0,450000,,,,,,DTSA-core,N=40,C3,2206,0,0,True
ta32,30,15,450,DTSA,6,2206,450040,450000,1875,10.788,,,,,40,0.5,6,6,-5.0,5.0,5ee1241,2026-07-24T10:26:35,1.0,450000,,,,,,DTSA+LS,N=40,C3,2206,6,0,True
ta32,30,15,450,DTSA,7,2292,450040,450000,1875,10.498,,,,,40,0.5,6,6,-5.0,5.0,5ee1241,2026-07-24T10:26:35,1.0,450000,,,,,,DTSA-core,N=40,C3,2292,0,0,True
ta32,30,15,450,DTSA,7,2292,450040,450000,1875,10.498,,,,,40,0.5,6,6,-5.0,5.0,5ee1241,2026-07-24T10:26:35,1.0,450000,,,,,,DTSA+LS,N=40,C3,2292,4,0,True
ta32,30,15,450,DTSA,8,2136,450040,450000,1875,10.692,,,,,40,0.5,6,6,-5.0,5.0,5ee1241,2026-07-24T10:26:35,1.0,450000,,,,,,DTSA-core,N=40,C3,2136,0,0,True
ta32,30,15,450,DTSA,8,2136,450040,450000,1875,10.692,,,,,40,0.5,6,6,-5.0,5.0,5ee1241,2026-07-24T10:26:35,1.0,450000,,,,,,DTSA+LS,N=40,C3,2136,5,0,True
ta32,30,15,450,DTSA,9,2206,450040,450000,1875,10.687,,,,,40,0.5,6,6,-5.0,5.0,5ee1241,2026-07-24T10:26:35,1.0,450000,,,,,,DTSA-core,N=40,C3,2206,0,0,True
ta32,30,15,450,DTSA,9,2206,450040,450000,1875,10.687,,,,,40,0.5,6,6,-5.0,5.0,5ee1241,2026-07-24T10:26:35,1.0,450000,,,,,,DTSA+LS,N=40,C3,2206,6,0,True
ta32,30,15,450,DTSA,10,2152,450040,450000,1875,10.713,,,,,40,0.5,6,6,-5.0,5.0,5ee1241,2026-07-24T10:26:35,1.0,450000,,,,,,DTSA-core,N=40,C3,2152,0,0,True
ta32,30,15,450,DTSA,10,2152,450040,450000,1875,10.713,,,,,40,0.5,6,6,-5.0,5.0,5ee1241,2026-07-24T10:26:35,1.0,450000,,,,,,DTSA+LS,N=40,C3,2152,6,0,True
ta32,30,15,450,DTSA,11,2208,450040,450000,1875,10.612,,,,,40,0.5,6,6,-5.0,5.0,5ee1241,2026-07-24T10:26:35,1.0,450000,,,,,,DTSA-core,N=40,C3,2208,0,0,True
ta32,30,15,450,DTSA,11,2208,450040,450000,1875,10.612,,,,,40,0.5,6,6,-5.0,5.0,5ee1241,2026-07-24T10:26:35,1.0,450000,,,,,,DTSA+LS,N=40,C3,2208,6,0,True
ta32,30,15,450,DTSA,12,2175,450040,450000,1875,10.698,,,,,40,0.5,6,6,-5.0,5.0,5ee1241,2026-07-24T10:26:46,1.0,450000,,,,,,DTSA-core,N=40,C3,2175,0,0,True
ta32,30,15,450,DTSA,12,2175,450040,450000,1875,10.698,,,,,40,0.5,6,6,-5.0,5.0,5ee1241,2026-07-24T10:26:46,1.0,450000,,,,,,DTSA+LS,N=40,C3,2175,6,0,True
ta32,30,15,450,DTSA,13,2101,450040,450000,1875,10.69,,,,,40,0.5,6,6,-5.0,5.0,5ee1241,2026-07-24T10:26:46,1.0,450000,,,,,,DTSA-core,N=40,C3,2101,0,0,True
ta32,30,15,450,DTSA,13,2101,450040,450000,1875,10.69,,,,,40,0.5,6,6,-5.0,5.0,5ee1241,2026-07-24T10:26:46,1.0,450000,,,,,,DTSA+LS,N=40,C3,2101,4,0,True
ta32,30,15,450,DTSA,14,2227,450040,450000,1875,10.756,,,,,40,0.5,6,6,-5.0,5.0,5ee1241,2026-07-24T10:26:46,1.0,450000,,,,,,DTSA-core,N=40,C3,2227,0,0,True
ta32,30,15,450,DTSA,14,2227,450040,450000,1875,10.756,,,,,40,0.5,6,6,-5.0,5.0,5ee1241,2026-07-24T10:26:46,1.0,450000,,,,,,DTSA+LS,N=40,C3,2227,9,0,True
ta32,30,15,450,DTSA,15,2097,450040,450000,1875,10.719,,,,,40,0.5,6,6,-5.0,5.0,5ee1241,2026-07-24T10:26:46,1.0,450000,,,,,,DTSA-core,N=40,C3,2097,0,0,True
ta32,30,15,450,DTSA,15,2097,450040,450000,1875,10.719,,,,,40,0.5,6,6,-5.0,5.0,5ee1241,2026-07-24T10:26:46,1.0,450000,,,,,,DTSA+LS,N=40,C3,2097,4,0,True
ta32,30,15,450,DTSA,16,2192,450040,450000,1875,10.565,,,,,40,0.5,6,6,-5.0,5.0,5ee1241,2026-07-24T10:26:46,1.0,450000,,,,,,DTSA-core,N=40,C3,2192,0,0,True
ta32,30,15,450,DTSA,16,2192,450040,450000,1875,10.565,,,,,40,0.5,6,6,-5.0,5.0,5ee1241,2026-07-24T10:26:46,1.0,450000,,,,,,DTSA+LS,N=40,C3,2192,12,0,True
ta32,30,15,450,DTSA,17,2183,450040,450000,1875,10.53,,,,,40,0.5,6,6,-5.0,5.0,5ee1241,2026-07-24T10:26:46,1.0,450000,,,,,,DTSA-core,N=40,C3,2183,0,0,True
ta32,30,15,450,DTSA,17,2183,450040,450000,1875,10.53,,,,,40,0.5,6,6,-5.0,5.0,5ee1241,2026-07-24T10:26:46,1.0,450000,,,,,,DTSA+LS,N=40,C3,2183,4,0,True
ta32,30,15,450,DTSA,18,2131,450040,450000,1875,10.588,,,,,40,0.5,6,6,-5.0,5.0,5ee1241,2026-07-24T10:26:56,1.0,450000,,,,,,DTSA-core,N=40,C3,2131,0,0,True
ta32,30,15,450,DTSA,18,2131,450040,450000,1875,10.588,,,,,40,0.5,6,6,-5.0,5.0,5ee1241,2026-07-24T10:26:56,1.0,450000,,,,,,DTSA+LS,N=40,C3,2131,9,0,True
ta32,30,15,450,DTSA,19,2232,450040,450000,1875,10.605,,,,,40,0.5,6,6,-5.0,5.0,5ee1241,2026-07-24T10:26:56,1.0,450000,,,,,,DTSA-core,N=40,C3,2232,0,0,True
ta32,30,15,450,DTSA,19,2232,450040,450000,1875,10.605,,,,,40,0.5,6,6,-5.0,5.0,5ee1241,2026-07-24T10:26:56,1.0,450000,,,,,,DTSA+LS,N=40,C3,2232,12,0,True
ta33,30,15,450,DTSA,0,2163,450040,450000,1875,10.674,,,,,40,0.5,6,6,-5.0,5.0,5ee1241,2026-07-24T10:27:07,1.0,450000,,,,,,DTSA-core,N=40,C3,2163,0,0,True
ta33,30,15,450,DTSA,0,2163,450040,450000,1875,10.674,,,,,40,0.5,6,6,-5.0,5.0,5ee1241,2026-07-24T10:27:07,1.0,450000,,,,,,DTSA+LS,N=40,C3,2163,7,0,True
ta33,30,15,450,DTSA,1,2202,450040,450000,1875,10.445,,,,,40,0.5,6,6,-5.0,5.0,5ee1241,2026-07-24T10:27:07,1.0,450000,,,,,,DTSA-core,N=40,C3,2202,0,0,True
ta33,30,15,450,DTSA,1,2202,450040,450000,1875,10.445,,,,,40,0.5,6,6,-5.0,5.0,5ee1241,2026-07-24T10:27:07,1.0,450000,,,,,,DTSA+LS,N=40,C3,2202,4,0,True
ta33,30,15,450,DTSA,2,2179,450040,450000,1875,10.675,,,,,40,0.5,6,6,-5.0,5.0,5ee1241,2026-07-24T10:27:07,1.0,450000,,,,,,DTSA-core,N=40,C3,2179,0,0,True
ta33,30,15,450,DTSA,2,2179,450040,450000,1875,10.675,,,,,40,0.5,6,6,-5.0,5.0,5ee1241,2026-07-24T10:27:07,1.0,450000,,,,,,DTSA+LS,N=40,C3,2179,7,0,True
ta33,30,15,450,DTSA,3,2193,450040,450000,1875,10.634,,,,,40,0.5,6,6,-5.0,5.0,5ee1241,2026-07-24T10:27:07,1.0,450000,,,,,,DTSA-core,N=40,C3,2193,0,0,True
ta33,30,15,450,DTSA,3,2193,450040,450000,1875,10.634,,,,,40,0.5,6,6,-5.0,5.0,5ee1241,2026-07-24T10:27:07,1.0,450000,,,,,,DTSA+LS,N=40,C3,2193,4,0,True
ta33,30,15,450,DTSA,4,2160,450040,450000,1875,10.695,,,,,40,0.5,6,6,-5.0,5.0,5ee1241,2026-07-24T10:27:07,1.0,450000,,,,,,DTSA-core,N=40,C3,2160,0,0,True
ta33,30,15,450,DTSA,4,2160,450040,450000,1875,10.695,,,,,40,0.5,6,6,-5.0,5.0,5ee1241,2026-07-24T10:27:07,1.0,450000,,,,,,DTSA+LS,N=40,C3,2160,12,0,True
ta33,30,15,450,DTSA,5,2258,450040,450000,1875,10.543,,,,,40,0.5,6,6,-5.0,5.0,5ee1241,2026-07-24T10:27:07,1.0,450000,,,,,,DTSA-core,N=40,C3,2258,0,0,True
ta33,30,15,450,DTSA,5,2258,450040,450000,1875,10.543,,,,,40,0.5,6,6,-5.0,5.0,5ee1241,2026-07-24T10:27:07,1.0,450000,,,,,,DTSA+LS,N=40,C3,2258,6,0,True
ta33,30,15,450,DTSA,6,2278,450040,450000,1875,10.505,,,,,40,0.5,6,6,-5.0,5.0,5ee1241,2026-07-24T10:27:17,1.0,450000,,,,,,DTSA-core,N=40,C3,2278,0,0,True
ta33,30,15,450,DTSA,6,2278,450040,450000,1875,10.505,,,,,40,0.5,6,6,-5.0,5.0,5ee1241,2026-07-24T10:27:17,1.0,450000,,,,,,DTSA+LS,N=40,C3,2278,8,0,True
ta33,30,15,450,DTSA,7,2179,450040,450000,1875,10.64,,,,,40,0.5,6,6,-5.0,5.0,5ee1241,2026-07-24T10:27:18,1.0,450000,,,,,,DTSA-core,N=40,C3,2179,0,0,True
ta33,30,15,450,DTSA,7,2179,450040,450000,1875,10.64,,,,,40,0.5,6,6,-5.0,5.0,5ee1241,2026-07-24T10:27:18,1.0,450000,,,,,,DTSA+LS,N=40,C3,2179,4,0,True
ta33,30,15,450,DTSA,8,2220,450040,450000,1875,10.811,,,,,40,0.5,6,6,-5.0,5.0,5ee1241,2026-07-24T10:27:18,1.0,450000,,,,,,DTSA-core,N=40,C3,2220,0,0,True
ta33,30,15,450,DTSA,8,2220,450040,450000,1875,10.811,,,,,40,0.5,6,6,-5.0,5.0,5ee1241,2026-07-24T10:27:18,1.0,450000,,,,,,DTSA+LS,N=40,C3,2220,6,0,True
ta33,30,15,450,DTSA,9,2181,450040,450000,1875,10.834,,,,,40,0.5,6,6,-5.0,5.0,5ee1241,2026-07-24T10:27:18,1.0,450000,,,,,,DTSA-core,N=40,C3,2181,0,0,True
ta33,30,15,450,DTSA,9,2181,450040,450000,1875,10.834,,,,,40,0.5,6,6,-5.0,5.0,5ee1241,2026-07-24T10:27:18,1.0,450000,,,,,,DTSA+LS,N=40,C3,2181,4,0,True
ta33,30,15,450,DTSA,10,2259,450040,450000,1875,10.702,,,,,40,0.5,6,6,-5.0,5.0,5ee1241,2026-07-24T10:27:18,1.0,450000,,,,,,DTSA-core,N=40,C3,2259,0,0,True
ta33,30,15,450,DTSA,10,2259,450040,450000,1875,10.702,,,,,40,0.5,6,6,-5.0,5.0,5ee1241,2026-07-24T10:27:18,1.0,450000,,,,,,DTSA+LS,N=40,C3,2259,7,0,True
ta33,30,15,450,DTSA,11,2227,450040,450000,1875,10.566,,,,,40,0.5,6,6,-5.0,5.0,5ee1241,2026-07-24T10:27:18,1.0,450000,,,,,,DTSA-core,N=40,C3,2227,0,0,True
ta33,30,15,450,DTSA,11,2227,450040,450000,1875,10.566,,,,,40,0.5,6,6,-5.0,5.0,5ee1241,2026-07-24T10:27:18,1.0,450000,,,,,,DTSA+LS,N=40,C3,2227,9,0,True
ta33,30,15,450,DTSA,12,2218,450040,450000,1875,10.811,,,,,40,0.5,6,6,-5.0,5.0,5ee1241,2026-07-24T10:27:28,1.0,450000,,,,,,DTSA-core,N=40,C3,2218,0,0,True
ta33,30,15,450,DTSA,12,2218,450040,450000,1875,10.811,,,,,40,0.5,6,6,-5.0,5.0,5ee1241,2026-07-24T10:27:28,1.0,450000,,,,,,DTSA+LS,N=40,C3,2218,6,0,True
ta33,30,15,450,DTSA,13,2216,450040,450000,1875,10.648,,,,,40,0.5,6,6,-5.0,5.0,5ee1241,2026-07-24T10:27:28,1.0,450000,,,,,,DTSA-core,N=40,C3,2216,0,0,True
ta33,30,15,450,DTSA,13,2216,450040,450000,1875,10.648,,,,,40,0.5,6,6,-5.0,5.0,5ee1241,2026-07-24T10:27:28,1.0,450000,,,,,,DTSA+LS,N=40,C3,2216,6,0,True
ta33,30,15,450,DTSA,14,2152,450040,450000,1875,10.841,,,,,40,0.5,6,6,-5.0,5.0,5ee1241,2026-07-24T10:27:29,1.0,450000,,,,,,DTSA-core,N=40,C3,2152,0,0,True
ta33,30,15,450,DTSA,14,2152,450040,450000,1875,10.841,,,,,40,0.5,6,6,-5.0,5.0,5ee1241,2026-07-24T10:27:29,1.0,450000,,,,,,DTSA+LS,N=40,C3,2152,7,0,True
ta33,30,15,450,DTSA,15,2161,450040,450000,1875,10.745,,,,,40,0.5,6,6,-5.0,5.0,5ee1241,2026-07-24T10:27:29,1.0,450000,,,,,,DTSA-core,N=40,C3,2161,0,0,True
ta33,30,15,450,DTSA,15,2161,450040,450000,1875,10.745,,,,,40,0.5,6,6,-5.0,5.0,5ee1241,2026-07-24T10:27:29,1.0,450000,,,,,,DTSA+LS,N=40,C3,2161,8,0,True
ta33,30,15,450,DTSA,16,2189,450040,450000,1875,10.735,,,,,40,0.5,6,6,-5.0,5.0,5ee1241,2026-07-24T10:27:29,1.0,450000,,,,,,DTSA-core,N=40,C3,2189,0,0,True
ta33,30,15,450,DTSA,16,2189,450040,450000,1875,10.735,,,,,40,0.5,6,6,-5.0,5.0,5ee1241,2026-07-24T10:27:29,1.0,450000,,,,,,DTSA+LS,N=40,C3,2189,6,0,True
ta33,30,15,450,DTSA,17,2267,450040,450000,1875,10.639,,,,,40,0.5,6,6,-5.0,5.0,5ee1241,2026-07-24T10:27:29,1.0,450000,,,,,,DTSA-core,N=40,C3,2267,0,0,True
ta33,30,15,450,DTSA,17,2267,450040,450000,1875,10.639,,,,,40,0.5,6,6,-5.0,5.0,5ee1241,2026-07-24T10:27:29,1.0,450000,,,,,,DTSA+LS,N=40,C3,2267,8,0,True
ta33,30,15,450,DTSA,18,2097,450040,450000,1875,10.569,,,,,40,0.5,6,6,-5.0,5.0,5ee1241,2026-07-24T10:27:39,1.0,450000,,,,,,DTSA-core,N=40,C3,2097,0,0,True
ta33,30,15,450,DTSA,18,2097,450040,450000,1875,10.569,,,,,40,0.5,6,6,-5.0,5.0,5ee1241,2026-07-24T10:27:39,1.0,450000,,,,,,DTSA+LS,N=40,C3,2097,6,0,True
ta33,30,15,450,DTSA,19,2179,450040,450000,1875,10.585,,,,,40,0.5,6,6,-5.0,5.0,5ee1241,2026-07-24T10:27:39,1.0,450000,,,,,,DTSA-core,N=40,C3,2179,0,0,True
ta33,30,15,450,DTSA,19,2179,450040,450000,1875,10.585,,,,,40,0.5,6,6,-5.0,5.0,5ee1241,2026-07-24T10:27:39,1.0,450000,,,,,,DTSA+LS,N=40,C3,2179,4,0,True
ta34,30,15,450,DTSA,0,2150,450040,450000,1875,10.806,,,,,40,0.5,6,6,-5.0,5.0,5ee1241,2026-07-24T10:27:50,1.0,450000,,,,,,DTSA-core,N=40,C3,2150,0,0,True
ta34,30,15,450,DTSA,0,2150,450040,450000,1875,10.806,,,,,40,0.5,6,6,-5.0,5.0,5ee1241,2026-07-24T10:27:50,1.0,450000,,,,,,DTSA+LS,N=40,C3,2150,7,0,True
ta34,30,15,450,DTSA,1,2163,450040,450000,1875,10.863,,,,,40,0.5,6,6,-5.0,5.0,5ee1241,2026-07-24T10:27:50,1.0,450000,,,,,,DTSA-core,N=40,C3,2163,0,0,True
ta34,30,15,450,DTSA,1,2163,450040,450000,1875,10.863,,,,,40,0.5,6,6,-5.0,5.0,5ee1241,2026-07-24T10:27:50,1.0,450000,,,,,,DTSA+LS,N=40,C3,2163,4,0,True
ta34,30,15,450,DTSA,2,2154,450040,450000,1875,10.743,,,,,40,0.5,6,6,-5.0,5.0,5ee1241,2026-07-24T10:27:50,1.0,450000,,,,,,DTSA-core,N=40,C3,2154,0,0,True
ta34,30,15,450,DTSA,2,2154,450040,450000,1875,10.743,,,,,40,0.5,6,6,-5.0,5.0,5ee1241,2026-07-24T10:27:50,1.0,450000,,,,,,DTSA+LS,N=40,C3,2154,6,0,True
ta34,30,15,450,DTSA,3,2066,450040,450000,1875,10.809,,,,,40,0.5,6,6,-5.0,5.0,5ee1241,2026-07-24T10:27:50,1.0,450000,,,,,,DTSA-core,N=40,C3,2066,0,0,True
ta34,30,15,450,DTSA,3,2066,450040,450000,1875,10.809,,,,,40,0.5,6,6,-5.0,5.0,5ee1241,2026-07-24T10:27:50,1.0,450000,,,,,,DTSA+LS,N=40,C3,2066,5,0,True
ta34,30,15,450,DTSA,4,2133,450040,450000,1875,10.833,,,,,40,0.5,6,6,-5.0,5.0,5ee1241,2026-07-24T10:27:50,1.0,450000,,,,,,DTSA-core,N=40,C3,2133,0,0,True
ta34,30,15,450,DTSA,4,2133,450040,450000,1875,10.833,,,,,40,0.5,6,6,-5.0,5.0,5ee1241,2026-07-24T10:27:50,1.0,450000,,,,,,DTSA+LS,N=40,C3,2133,6,0,True
ta34,30,15,450,DTSA,5,2088,450040,450000,1875,10.799,,,,,40,0.5,6,6,-5.0,5.0,5ee1241,2026-07-24T10:27:50,1.0,450000,,,,,,DTSA-core,N=40,C3,2088,0,0,True
ta34,30,15,450,DTSA,5,2088,450040,450000,1875,10.799,,,,,40,0.5,6,6,-5.0,5.0,5ee1241,2026-07-24T10:27:50,1.0,450000,,,,,,DTSA+LS,N=40,C3,2088,6,0,True
ta34,30,15,450,DTSA,6,2154,450040,450000,1875,10.919,,,,,40,0.5,6,6,-5.0,5.0,5ee1241,2026-07-24T10:28:01,1.0,450000,,,,,,DTSA-core,N=40,C3,2154,0,0,True
ta34,30,15,450,DTSA,6,2154,450040,450000,1875,10.919,,,,,40,0.5,6,6,-5.0,5.0,5ee1241,2026-07-24T10:28:01,1.0,450000,,,,,,DTSA+LS,N=40,C3,2154,4,0,True
ta34,30,15,450,DTSA,7,2194,450040,450000,1875,10.733,,,,,40,0.5,6,6,-5.0,5.0,5ee1241,2026-07-24T10:28:01,1.0,450000,,,,,,DTSA-core,N=40,C3,2194,0,0,True
ta34,30,15,450,DTSA,7,2194,450040,450000,1875,10.733,,,,,40,0.5,6,6,-5.0,5.0,5ee1241,2026-07-24T10:28:01,1.0,450000,,,,,,DTSA+LS,N=40,C3,2194,7,0,True
ta34,30,15,450,DTSA,8,2172,450040,450000,1875,10.869,,,,,40,0.5,6,6,-5.0,5.0,5ee1241,2026-07-24T10:28:01,1.0,450000,,,,,,DTSA-core,N=40,C3,2172,0,0,True
ta34,30,15,450,DTSA,8,2172,450040,450000,1875,10.869,,,,,40,0.5,6,6,-5.0,5.0,5ee1241,2026-07-24T10:28:01,1.0,450000,,,,,,DTSA+LS,N=40,C3,2172,13,0,True
ta34,30,15,450,DTSA,9,2207,450040,450000,1875,10.842,,,,,40,0.5,6,6,-5.0,5.0,5ee1241,2026-07-24T10:28:01,1.0,450000,,,,,,DTSA-core,N=40,C3,2207,0,0,True
ta34,30,15,450,DTSA,9,2207,450040,450000,1875,10.842,,,,,40,0.5,6,6,-5.0,5.0,5ee1241,2026-07-24T10:28:01,1.0,450000,,,,,,DTSA+LS,N=40,C3,2207,5,0,True
ta34,30,15,450,DTSA,10,2154,450040,450000,1875,11.029,,,,,40,0.5,6,6,-5.0,5.0,5ee1241,2026-07-24T10:28:01,1.0,450000,,,,,,DTSA-core,N=40,C3,2154,0,0,True
ta34,30,15,450,DTSA,10,2154,450040,450000,1875,11.029,,,,,40,0.5,6,6,-5.0,5.0,5ee1241,2026-07-24T10:28:01,1.0,450000,,,,,,DTSA+LS,N=40,C3,2154,6,0,True
ta34,30,15,450,DTSA,11,2103,450040,450000,1875,11.03,,,,,40,0.5,6,6,-5.0,5.0,5ee1241,2026-07-24T10:28:01,1.0,450000,,,,,,DTSA-core,N=40,C3,2103,0,0,True
ta34,30,15,450,DTSA,11,2103,450040,450000,1875,11.03,,,,,40,0.5,6,6,-5.0,5.0,5ee1241,2026-07-24T10:28:01,1.0,450000,,,,,,DTSA+LS,N=40,C3,2103,10,0,True
ta34,30,15,450,DTSA,12,2185,450040,450000,1875,11.131,,,,,40,0.5,6,6,-5.0,5.0,5ee1241,2026-07-24T10:28:12,1.0,450000,,,,,,DTSA-core,N=40,C3,2185,0,0,True
ta34,30,15,450,DTSA,12,2185,450040,450000,1875,11.131,,,,,40,0.5,6,6,-5.0,5.0,5ee1241,2026-07-24T10:28:12,1.0,450000,,,,,,DTSA+LS,N=40,C3,2185,4,0,True
ta34,30,15,450,DTSA,13,2154,450040,450000,1875,10.972,,,,,40,0.5,6,6,-5.0,5.0,5ee1241,2026-07-24T10:28:12,1.0,450000,,,,,,DTSA-core,N=40,C3,2154,0,0,True
ta34,30,15,450,DTSA,13,2154,450040,450000,1875,10.972,,,,,40,0.5,6,6,-5.0,5.0,5ee1241,2026-07-24T10:28:12,1.0,450000,,,,,,DTSA+LS,N=40,C3,2154,4,0,True
ta34,30,15,450,DTSA,14,2130,450040,450000,1875,11.006,,,,,40,0.5,6,6,-5.0,5.0,5ee1241,2026-07-24T10:28:12,1.0,450000,,,,,,DTSA-core,N=40,C3,2130,0,0,True
ta34,30,15,450,DTSA,14,2130,450040,450000,1875,11.006,,,,,40,0.5,6,6,-5.0,5.0,5ee1241,2026-07-24T10:28:12,1.0,450000,,,,,,DTSA+LS,N=40,C3,2130,4,0,True
ta34,30,15,450,DTSA,15,2245,450040,450000,1875,11.034,,,,,40,0.5,6,6,-5.0,5.0,5ee1241,2026-07-24T10:28:12,1.0,450000,,,,,,DTSA-core,N=40,C3,2245,0,0,True
ta34,30,15,450,DTSA,15,2245,450040,450000,1875,11.034,,,,,40,0.5,6,6,-5.0,5.0,5ee1241,2026-07-24T10:28:12,1.0,450000,,,,,,DTSA+LS,N=40,C3,2245,7,0,True
ta34,30,15,450,DTSA,16,2153,450040,450000,1875,11.02,,,,,40,0.5,6,6,-5.0,5.0,5ee1241,2026-07-24T10:28:12,1.0,450000,,,,,,DTSA-core,N=40,C3,2153,0,0,True
ta34,30,15,450,DTSA,16,2153,450040,450000,1875,11.02,,,,,40,0.5,6,6,-5.0,5.0,5ee1241,2026-07-24T10:28:12,1.0,450000,,,,,,DTSA+LS,N=40,C3,2153,6,0,True
ta34,30,15,450,DTSA,17,2162,450040,450000,1875,10.962,,,,,40,0.5,6,6,-5.0,5.0,5ee1241,2026-07-24T10:28:12,1.0,450000,,,,,,DTSA-core,N=40,C3,2162,0,0,True
ta34,30,15,450,DTSA,17,2162,450040,450000,1875,10.962,,,,,40,0.5,6,6,-5.0,5.0,5ee1241,2026-07-24T10:28:12,1.0,450000,,,,,,DTSA+LS,N=40,C3,2162,4,0,True
ta34,30,15,450,DTSA,18,2096,450040,450000,1875,10.701,,,,,40,0.5,6,6,-5.0,5.0,5ee1241,2026-07-24T10:28:22,1.0,450000,,,,,,DTSA-core,N=40,C3,2096,0,0,True
ta34,30,15,450,DTSA,18,2096,450040,450000,1875,10.701,,,,,40,0.5,6,6,-5.0,5.0,5ee1241,2026-07-24T10:28:22,1.0,450000,,,,,,DTSA+LS,N=40,C3,2096,9,0,True
ta34,30,15,450,DTSA,19,2121,450040,450000,1875,10.623,,,,,40,0.5,6,6,-5.0,5.0,5ee1241,2026-07-24T10:28:22,1.0,450000,,,,,,DTSA-core,N=40,C3,2121,0,0,True
ta34,30,15,450,DTSA,19,2121,450040,450000,1875,10.623,,,,,40,0.5,6,6,-5.0,5.0,5ee1241,2026-07-24T10:28:22,1.0,450000,,,,,,DTSA+LS,N=40,C3,2121,6,0,True
ta35,30,15,450,DTSA,0,2257,450040,450000,1875,10.985,,,,,40,0.5,6,6,-5.0,5.0,5ee1241,2026-07-24T10:28:33,1.0,450000,,,,,,DTSA-core,N=40,C3,2257,0,0,True
ta35,30,15,450,DTSA,0,2257,450040,450000,1875,10.985,,,,,40,0.5,6,6,-5.0,5.0,5ee1241,2026-07-24T10:28:33,1.0,450000,,,,,,DTSA+LS,N=40,C3,2257,4,0,True
ta35,30,15,450,DTSA,1,2342,450040,450000,1875,10.859,,,,,40,0.5,6,6,-5.0,5.0,5ee1241,2026-07-24T10:28:33,1.0,450000,,,,,,DTSA-core,N=40,C3,2342,0,0,True
ta35,30,15,450,DTSA,1,2342,450040,450000,1875,10.859,,,,,40,0.5,6,6,-5.0,5.0,5ee1241,2026-07-24T10:28:33,1.0,450000,,,,,,DTSA+LS,N=40,C3,2342,5,0,True
ta35,30,15,450,DTSA,2,2342,450040,450000,1875,11.068,,,,,40,0.5,6,6,-5.0,5.0,5ee1241,2026-07-24T10:28:34,1.0,450000,,,,,,DTSA-core,N=40,C3,2342,0,0,True
ta35,30,15,450,DTSA,2,2342,450040,450000,1875,11.068,,,,,40,0.5,6,6,-5.0,5.0,5ee1241,2026-07-24T10:28:34,1.0,450000,,,,,,DTSA+LS,N=40,C3,2342,4,0,True
ta35,30,15,450,DTSA,3,2317,450040,450000,1875,10.961,,,,,40,0.5,6,6,-5.0,5.0,5ee1241,2026-07-24T10:28:33,1.0,450000,,,,,,DTSA-core,N=40,C3,2317,0,0,True
ta35,30,15,450,DTSA,3,2317,450040,450000,1875,10.961,,,,,40,0.5,6,6,-5.0,5.0,5ee1241,2026-07-24T10:28:33,1.0,450000,,,,,,DTSA+LS,N=40,C3,2317,6,0,True
ta35,30,15,450,DTSA,4,2206,450040,450000,1875,11.036,,,,,40,0.5,6,6,-5.0,5.0,5ee1241,2026-07-24T10:28:34,1.0,450000,,,,,,DTSA-core,N=40,C3,2206,0,0,True
ta35,30,15,450,DTSA,4,2206,450040,450000,1875,11.036,,,,,40,0.5,6,6,-5.0,5.0,5ee1241,2026-07-24T10:28:34,1.0,450000,,,,,,DTSA+LS,N=40,C3,2206,5,0,True
ta35,30,15,450,DTSA,5,2204,450040,450000,1875,10.998,,,,,40,0.5,6,6,-5.0,5.0,5ee1241,2026-07-24T10:28:34,1.0,450000,,,,,,DTSA-core,N=40,C3,2204,0,0,True
ta35,30,15,450,DTSA,5,2204,450040,450000,1875,10.998,,,,,40,0.5,6,6,-5.0,5.0,5ee1241,2026-07-24T10:28:34,1.0,450000,,,,,,DTSA+LS,N=40,C3,2204,4,0,True
ta35,30,15,450,DTSA,6,2378,450040,450000,1875,11.037,,,,,40,0.5,6,6,-5.0,5.0,5ee1241,2026-07-24T10:28:44,1.0,450000,,,,,,DTSA-core,N=40,C3,2378,0,0,True
ta35,30,15,450,DTSA,6,2378,450040,450000,1875,11.037,,,,,40,0.5,6,6,-5.0,5.0,5ee1241,2026-07-24T10:28:44,1.0,450000,,,,,,DTSA+LS,N=40,C3,2378,4,0,True
ta35,30,15,450,DTSA,7,2357,450040,450000,1875,11.235,,,,,40,0.5,6,6,-5.0,5.0,5ee1241,2026-07-24T10:28:45,1.0,450000,,,,,,DTSA-core,N=40,C3,2357,0,0,True
ta35,30,15,450,DTSA,7,2357,450040,450000,1875,11.235,,,,,40,0.5,6,6,-5.0,5.0,5ee1241,2026-07-24T10:28:45,1.0,450000,,,,,,DTSA+LS,N=40,C3,2357,6,0,True
ta35,30,15,450,DTSA,8,2417,450040,450000,1875,11.18,,,,,40,0.5,6,6,-5.0,5.0,5ee1241,2026-07-24T10:28:45,1.0,450000,,,,,,DTSA-core,N=40,C3,2417,0,0,True
ta35,30,15,450,DTSA,8,2417,450040,450000,1875,11.18,,,,,40,0.5,6,6,-5.0,5.0,5ee1241,2026-07-24T10:28:45,1.0,450000,,,,,,DTSA+LS,N=40,C3,2417,4,0,True
ta35,30,15,450,DTSA,9,2312,450040,450000,1875,11.096,,,,,40,0.5,6,6,-5.0,5.0,5ee1241,2026-07-24T10:28:45,1.0,450000,,,,,,DTSA-core,N=40,C3,2312,0,0,True
ta35,30,15,450,DTSA,9,2312,450040,450000,1875,11.096,,,,,40,0.5,6,6,-5.0,5.0,5ee1241,2026-07-24T10:28:45,1.0,450000,,,,,,DTSA+LS,N=40,C3,2312,4,0,True
ta35,30,15,450,DTSA,10,2288,450040,450000,1875,11.181,,,,,40,0.5,6,6,-5.0,5.0,5ee1241,2026-07-24T10:28:45,1.0,450000,,,,,,DTSA-core,N=40,C3,2288,0,0,True
ta35,30,15,450,DTSA,10,2288,450040,450000,1875,11.181,,,,,40,0.5,6,6,-5.0,5.0,5ee1241,2026-07-24T10:28:45,1.0,450000,,,,,,DTSA+LS,N=40,C3,2288,4,0,True
ta35,30,15,450,DTSA,11,2324,450040,450000,1875,11.044,,,,,40,0.5,6,6,-5.0,5.0,5ee1241,2026-07-24T10:28:45,1.0,450000,,,,,,DTSA-core,N=40,C3,2324,0,0,True
ta35,30,15,450,DTSA,11,2324,450040,450000,1875,11.044,,,,,40,0.5,6,6,-5.0,5.0,5ee1241,2026-07-24T10:28:45,1.0,450000,,,,,,DTSA+LS,N=40,C3,2324,8,0,True
ta35,30,15,450,DTSA,12,2314,450040,450000,1875,11.136,,,,,40,0.5,6,6,-5.0,5.0,5ee1241,2026-07-24T10:28:56,1.0,450000,,,,,,DTSA-core,N=40,C3,2314,0,0,True
ta35,30,15,450,DTSA,12,2314,450040,450000,1875,11.136,,,,,40,0.5,6,6,-5.0,5.0,5ee1241,2026-07-24T10:28:56,1.0,450000,,,,,,DTSA+LS,N=40,C3,2314,8,0,True
ta35,30,15,450,DTSA,13,2275,450040,450000,1875,11.067,,,,,40,0.5,6,6,-5.0,5.0,5ee1241,2026-07-24T10:28:56,1.0,450000,,,,,,DTSA-core,N=40,C3,2275,0,0,True
ta35,30,15,450,DTSA,13,2275,450040,450000,1875,11.067,,,,,40,0.5,6,6,-5.0,5.0,5ee1241,2026-07-24T10:28:56,1.0,450000,,,,,,DTSA+LS,N=40,C3,2275,4,0,True
ta35,30,15,450,DTSA,14,2254,450040,450000,1875,11.225,,,,,40,0.5,6,6,-5.0,5.0,5ee1241,2026-07-24T10:28:56,1.0,450000,,,,,,DTSA-core,N=40,C3,2254,0,0,True
ta35,30,15,450,DTSA,14,2254,450040,450000,1875,11.225,,,,,40,0.5,6,6,-5.0,5.0,5ee1241,2026-07-24T10:28:56,1.0,450000,,,,,,DTSA+LS,N=40,C3,2254,6,0,True
ta35,30,15,450,DTSA,15,2285,450040,450000,1875,11.01,,,,,40,0.5,6,6,-5.0,5.0,5ee1241,2026-07-24T10:28:56,1.0,450000,,,,,,DTSA-core,N=40,C3,2285,0,0,True
ta35,30,15,450,DTSA,15,2285,450040,450000,1875,11.01,,,,,40,0.5,6,6,-5.0,5.0,5ee1241,2026-07-24T10:28:56,1.0,450000,,,,,,DTSA+LS,N=40,C3,2285,4,0,True
ta35,30,15,450,DTSA,16,2450,450040,450000,1875,11.654,,,,,40,0.5,6,6,-5.0,5.0,5ee1241,2026-07-24T10:28:56,1.0,450000,,,,,,DTSA-core,N=40,C3,2450,0,0,True
ta35,30,15,450,DTSA,16,2450,450040,450000,1875,11.654,,,,,40,0.5,6,6,-5.0,5.0,5ee1241,2026-07-24T10:28:56,1.0,450000,,,,,,DTSA+LS,N=40,C3,2450,14,0,True
ta35,30,15,450,DTSA,17,2319,450040,450000,1875,11.049,,,,,40,0.5,6,6,-5.0,5.0,5ee1241,2026-07-24T10:28:56,1.0,450000,,,,,,DTSA-core,N=40,C3,2319,0,0,True
ta35,30,15,450,DTSA,17,2319,450040,450000,1875,11.049,,,,,40,0.5,6,6,-5.0,5.0,5ee1241,2026-07-24T10:28:56,1.0,450000,,,,,,DTSA+LS,N=40,C3,2319,6,0,True
ta35,30,15,450,DTSA,18,2240,450040,450000,1875,10.559,,,,,40,0.5,6,6,-5.0,5.0,5ee1241,2026-07-24T10:29:06,1.0,450000,,,,,,DTSA-core,N=40,C3,2240,0,0,True
ta35,30,15,450,DTSA,18,2240,450040,450000,1875,10.559,,,,,40,0.5,6,6,-5.0,5.0,5ee1241,2026-07-24T10:29:06,1.0,450000,,,,,,DTSA+LS,N=40,C3,2240,4,0,True
ta35,30,15,450,DTSA,19,2287,450040,450000,1875,10.798,,,,,40,0.5,6,6,-5.0,5.0,5ee1241,2026-07-24T10:29:07,1.0,450000,,,,,,DTSA-core,N=40,C3,2287,0,0,True
ta35,30,15,450,DTSA,19,2287,450040,450000,1875,10.798,,,,,40,0.5,6,6,-5.0,5.0,5ee1241,2026-07-24T10:29:07,1.0,450000,,,,,,DTSA+LS,N=40,C3,2287,4,0,True
ta41,30,20,600,DTSA,0,2516,600040,600000,2500,17.271,,,,,40,0.5,6,6,-5.0,5.0,5ee1241,2026-07-24T10:29:24,1.0,600000,,,,,,DTSA-core,N=40,C3,2516,0,0,True
ta41,30,20,600,DTSA,0,2516,600040,600000,2500,17.271,,,,,40,0.5,6,6,-5.0,5.0,5ee1241,2026-07-24T10:29:24,1.0,600000,,,,,,DTSA+LS,N=40,C3,2516,6,0,True
ta41,30,20,600,DTSA,1,2518,600040,600000,2500,17.728,,,,,40,0.5,6,6,-5.0,5.0,5ee1241,2026-07-24T10:29:24,1.0,600000,,,,,,DTSA-core,N=40,C3,2518,0,0,True
ta41,30,20,600,DTSA,1,2518,600040,600000,2500,17.728,,,,,40,0.5,6,6,-5.0,5.0,5ee1241,2026-07-24T10:29:24,1.0,600000,,,,,,DTSA+LS,N=40,C3,2518,10,0,True
ta41,30,20,600,DTSA,2,2498,600040,600000,2500,17.568,,,,,40,0.5,6,6,-5.0,5.0,5ee1241,2026-07-24T10:29:24,1.0,600000,,,,,,DTSA-core,N=40,C3,2498,0,0,True
ta41,30,20,600,DTSA,2,2498,600040,600000,2500,17.568,,,,,40,0.5,6,6,-5.0,5.0,5ee1241,2026-07-24T10:29:24,1.0,600000,,,,,,DTSA+LS,N=40,C3,2498,9,0,True
ta41,30,20,600,DTSA,3,2458,600040,600000,2500,17.457,,,,,40,0.5,6,6,-5.0,5.0,5ee1241,2026-07-24T10:29:24,1.0,600000,,,,,,DTSA-core,N=40,C3,2458,0,0,True
ta41,30,20,600,DTSA,3,2458,600040,600000,2500,17.457,,,,,40,0.5,6,6,-5.0,5.0,5ee1241,2026-07-24T10:29:24,1.0,600000,,,,,,DTSA+LS,N=40,C3,2458,8,0,True
ta41,30,20,600,DTSA,4,2402,600040,600000,2500,17.641,,,,,40,0.5,6,6,-5.0,5.0,5ee1241,2026-07-24T10:29:24,1.0,600000,,,,,,DTSA-core,N=40,C3,2402,0,0,True
ta41,30,20,600,DTSA,4,2402,600040,600000,2500,17.641,,,,,40,0.5,6,6,-5.0,5.0,5ee1241,2026-07-24T10:29:24,1.0,600000,,,,,,DTSA+LS,N=40,C3,2402,9,0,True
ta41,30,20,600,DTSA,5,2467,600040,600000,2500,17.803,,,,,40,0.5,6,6,-5.0,5.0,5ee1241,2026-07-24T10:29:24,1.0,600000,,,,,,DTSA-core,N=40,C3,2467,0,0,True
ta41,30,20,600,DTSA,5,2467,600040,600000,2500,17.803,,,,,40,0.5,6,6,-5.0,5.0,5ee1241,2026-07-24T10:29:24,1.0,600000,,,,,,DTSA+LS,N=40,C3,2467,10,0,True
ta41,30,20,600,DTSA,6,2476,600040,600000,2500,17.79,,,,,40,0.5,6,6,-5.0,5.0,5ee1241,2026-07-24T10:29:42,1.0,600000,,,,,,DTSA-core,N=40,C3,2476,0,0,True
ta41,30,20,600,DTSA,6,2476,600040,600000,2500,17.79,,,,,40,0.5,6,6,-5.0,5.0,5ee1241,2026-07-24T10:29:42,1.0,600000,,,,,,DTSA+LS,N=40,C3,2476,7,0,True
ta41,30,20,600,DTSA,7,2627,600040,600000,2500,17.582,,,,,40,0.5,6,6,-5.0,5.0,5ee1241,2026-07-24T10:29:42,1.0,600000,,,,,,DTSA-core,N=40,C3,2627,0,0,True
ta41,30,20,600,DTSA,7,2627,600040,600000,2500,17.582,,,,,40,0.5,6,6,-5.0,5.0,5ee1241,2026-07-24T10:29:42,1.0,600000,,,,,,DTSA+LS,N=40,C3,2627,11,0,True
ta41,30,20,600,DTSA,8,2507,600040,600000,2500,17.727,,,,,40,0.5,6,6,-5.0,5.0,5ee1241,2026-07-24T10:29:42,1.0,600000,,,,,,DTSA-core,N=40,C3,2507,0,0,True
ta41,30,20,600,DTSA,8,2507,600040,600000,2500,17.727,,,,,40,0.5,6,6,-5.0,5.0,5ee1241,2026-07-24T10:29:42,1.0,600000,,,,,,DTSA+LS,N=40,C3,2507,8,0,True
ta41,30,20,600,DTSA,9,2557,600040,600000,2500,17.506,,,,,40,0.5,6,6,-5.0,5.0,5ee1241,2026-07-24T10:29:42,1.0,600000,,,,,,DTSA-core,N=40,C3,2557,0,0,True
ta41,30,20,600,DTSA,9,2557,600040,600000,2500,17.506,,,,,40,0.5,6,6,-5.0,5.0,5ee1241,2026-07-24T10:29:42,1.0,600000,,,,,,DTSA+LS,N=40,C3,2557,11,0,True
ta41,30,20,600,DTSA,10,2544,600040,600000,2500,17.82,,,,,40,0.5,6,6,-5.0,5.0,5ee1241,2026-07-24T10:29:42,1.0,600000,,,,,,DTSA-core,N=40,C3,2544,0,0,True
ta41,30,20,600,DTSA,10,2544,600040,600000,2500,17.82,,,,,40,0.5,6,6,-5.0,5.0,5ee1241,2026-07-24T10:29:42,1.0,600000,,,,,,DTSA+LS,N=40,C3,2544,10,0,True
ta41,30,20,600,DTSA,11,2440,600040,600000,2500,17.593,,,,,40,0.5,6,6,-5.0,5.0,5ee1241,2026-07-24T10:29:42,1.0,600000,,,,,,DTSA-core,N=40,C3,2440,0,0,True
ta41,30,20,600,DTSA,11,2440,600040,600000,2500,17.593,,,,,40,0.5,6,6,-5.0,5.0,5ee1241,2026-07-24T10:29:42,1.0,600000,,,,,,DTSA+LS,N=40,C3,2440,14,0,True
ta41,30,20,600,DTSA,12,2452,600040,600000,2500,17.587,,,,,40,0.5,6,6,-5.0,5.0,5ee1241,2026-07-24T10:29:59,1.0,600000,,,,,,DTSA-core,N=40,C3,2452,0,0,True
ta41,30,20,600,DTSA,12,2452,600040,600000,2500,17.587,,,,,40,0.5,6,6,-5.0,5.0,5ee1241,2026-07-24T10:29:59,1.0,600000,,,,,,DTSA+LS,N=40,C3,2452,8,0,True
ta41,30,20,600,DTSA,13,2446,600040,600000,2500,17.822,,,,,40,0.5,6,6,-5.0,5.0,5ee1241,2026-07-24T10:30:00,1.0,600000,,,,,,DTSA-core,N=40,C3,2446,0,0,True
ta41,30,20,600,DTSA,13,2446,600040,600000,2500,17.822,,,,,40,0.5,6,6,-5.0,5.0,5ee1241,2026-07-24T10:30:00,1.0,600000,,,,,,DTSA+LS,N=40,C3,2446,10,0,True
ta41,30,20,600,DTSA,14,2582,600040,600000,2500,17.777,,,,,40,0.5,6,6,-5.0,5.0,5ee1241,2026-07-24T10:30:00,1.0,600000,,,,,,DTSA-core,N=40,C3,2582,0,0,True
ta41,30,20,600,DTSA,14,2582,600040,600000,2500,17.777,,,,,40,0.5,6,6,-5.0,5.0,5ee1241,2026-07-24T10:30:00,1.0,600000,,,,,,DTSA+LS,N=40,C3,2582,10,0,True
ta41,30,20,600,DTSA,15,2528,600040,600000,2500,17.857,,,,,40,0.5,6,6,-5.0,5.0,5ee1241,2026-07-24T10:30:00,1.0,600000,,,,,,DTSA-core,N=40,C3,2528,0,0,True
ta41,30,20,600,DTSA,15,2528,600040,600000,2500,17.857,,,,,40,0.5,6,6,-5.0,5.0,5ee1241,2026-07-24T10:30:00,1.0,600000,,,,,,DTSA+LS,N=40,C3,2528,12,0,True
ta41,30,20,600,DTSA,16,2547,600040,600000,2500,17.374,,,,,40,0.5,6,6,-5.0,5.0,5ee1241,2026-07-24T10:29:59,1.0,600000,,,,,,DTSA-core,N=40,C3,2547,0,0,True
ta41,30,20,600,DTSA,16,2547,600040,600000,2500,17.374,,,,,40,0.5,6,6,-5.0,5.0,5ee1241,2026-07-24T10:29:59,1.0,600000,,,,,,DTSA+LS,N=40,C3,2547,6,0,True
ta41,30,20,600,DTSA,17,2489,600040,600000,2500,17.714,,,,,40,0.5,6,6,-5.0,5.0,5ee1241,2026-07-24T10:30:00,1.0,600000,,,,,,DTSA-core,N=40,C3,2489,0,0,True
ta41,30,20,600,DTSA,17,2489,600040,600000,2500,17.714,,,,,40,0.5,6,6,-5.0,5.0,5ee1241,2026-07-24T10:30:00,1.0,600000,,,,,,DTSA+LS,N=40,C3,2489,10,0,True
ta41,30,20,600,DTSA,18,2444,600040,600000,2500,17.281,,,,,40,0.5,6,6,-5.0,5.0,5ee1241,2026-07-24T10:30:17,1.0,600000,,,,,,DTSA-core,N=40,C3,2444,0,0,True
ta41,30,20,600,DTSA,18,2444,600040,600000,2500,17.281,,,,,40,0.5,6,6,-5.0,5.0,5ee1241,2026-07-24T10:30:17,1.0,600000,,,,,,DTSA+LS,N=40,C3,2444,12,0,True
ta41,30,20,600,DTSA,19,2483,600040,600000,2500,17.078,,,,,40,0.5,6,6,-5.0,5.0,5ee1241,2026-07-24T10:30:17,1.0,600000,,,,,,DTSA-core,N=40,C3,2483,0,0,True
ta41,30,20,600,DTSA,19,2483,600040,600000,2500,17.078,,,,,40,0.5,6,6,-5.0,5.0,5ee1241,2026-07-24T10:30:17,1.0,600000,,,,,,DTSA+LS,N=40,C3,2483,8,0,True
ta42,30,20,600,DTSA,0,2424,600040,600000,2500,17.782,,,,,40,0.5,6,6,-5.0,5.0,5ee1241,2026-07-24T10:30:34,1.0,600000,,,,,,DTSA-core,N=40,C3,2424,0,0,True
ta42,30,20,600,DTSA,0,2424,600040,600000,2500,17.782,,,,,40,0.5,6,6,-5.0,5.0,5ee1241,2026-07-24T10:30:34,1.0,600000,,,,,,DTSA+LS,N=40,C3,2424,8,0,True
ta42,30,20,600,DTSA,1,2508,600040,600000,2500,17.561,,,,,40,0.5,6,6,-5.0,5.0,5ee1241,2026-07-24T10:30:34,1.0,600000,,,,,,DTSA-core,N=40,C3,2508,0,0,True
ta42,30,20,600,DTSA,1,2508,600040,600000,2500,17.561,,,,,40,0.5,6,6,-5.0,5.0,5ee1241,2026-07-24T10:30:34,1.0,600000,,,,,,DTSA+LS,N=40,C3,2508,6,0,True
ta42,30,20,600,DTSA,2,2411,600040,600000,2500,17.792,,,,,40,0.5,6,6,-5.0,5.0,5ee1241,2026-07-24T10:30:34,1.0,600000,,,,,,DTSA-core,N=40,C3,2411,0,0,True
ta42,30,20,600,DTSA,2,2411,600040,600000,2500,17.792,,,,,40,0.5,6,6,-5.0,5.0,5ee1241,2026-07-24T10:30:34,1.0,600000,,,,,,DTSA+LS,N=40,C3,2411,12,0,True
ta42,30,20,600,DTSA,3,2370,600040,600000,2500,17.491,,,,,40,0.5,6,6,-5.0,5.0,5ee1241,2026-07-24T10:30:34,1.0,600000,,,,,,DTSA-core,N=40,C3,2370,0,0,True
ta42,30,20,600,DTSA,3,2370,600040,600000,2500,17.491,,,,,40,0.5,6,6,-5.0,5.0,5ee1241,2026-07-24T10:30:34,1.0,600000,,,,,,DTSA+LS,N=40,C3,2370,11,0,True
ta42,30,20,600,DTSA,4,2365,600040,600000,2500,18.002,,,,,40,0.5,6,6,-5.0,5.0,5ee1241,2026-07-24T10:30:35,1.0,600000,,,,,,DTSA-core,N=40,C3,2365,0,0,True
ta42,30,20,600,DTSA,4,2365,600040,600000,2500,18.002,,,,,40,0.5,6,6,-5.0,5.0,5ee1241,2026-07-24T10:30:35,1.0,600000,,,,,,DTSA+LS,N=40,C3,2365,8,0,True
ta42,30,20,600,DTSA,5,2418,600040,600000,2500,17.614,,,,,40,0.5,6,6,-5.0,5.0,5ee1241,2026-07-24T10:30:34,1.0,600000,,,,,,DTSA-core,N=40,C3,2418,0,0,True
ta42,30,20,600,DTSA,5,2418,600040,600000,2500,17.614,,,,,40,0.5,6,6,-5.0,5.0,5ee1241,2026-07-24T10:30:34,1.0,600000,,,,,,DTSA+LS,N=40,C3,2418,10,0,True
ta42,30,20,600,DTSA,6,2413,600040,600000,2500,17.835,,,,,40,0.5,6,6,-5.0,5.0,5ee1241,2026-07-24T10:30:52,1.0,600000,,,,,,DTSA-core,N=40,C3,2413,0,0,True
ta42,30,20,600,DTSA,6,2413,600040,600000,2500,17.835,,,,,40,0.5,6,6,-5.0,5.0,5ee1241,2026-07-24T10:30:52,1.0,600000,,,,,,DTSA+LS,N=40,C3,2413,16,0,True
ta42,30,20,600,DTSA,7,2466,600040,600000,2500,17.724,,,,,40,0.5,6,6,-5.0,5.0,5ee1241,2026-07-24T10:30:52,1.0,600000,,,,,,DTSA-core,N=40,C3,2466,0,0,True
ta42,30,20,600,DTSA,7,2466,600040,600000,2500,17.724,,,,,40,0.5,6,6,-5.0,5.0,5ee1241,2026-07-24T10:30:52,1.0,600000,,,,,,DTSA+LS,N=40,C3,2466,7,0,True
ta42,30,20,600,DTSA,8,2420,600040,600000,2500,17.757,,,,,40,0.5,6,6,-5.0,5.0,5ee1241,2026-07-24T10:30:52,1.0,600000,,,,,,DTSA-core,N=40,C3,2420,0,0,True
ta42,30,20,600,DTSA,8,2420,600040,600000,2500,17.757,,,,,40,0.5,6,6,-5.0,5.0,5ee1241,2026-07-24T10:30:52,1.0,600000,,,,,,DTSA+LS,N=40,C3,2420,8,0,True
ta42,30,20,600,DTSA,9,2493,600040,600000,2500,17.535,,,,,40,0.5,6,6,-5.0,5.0,5ee1241,2026-07-24T10:30:52,1.0,600000,,,,,,DTSA-core,N=40,C3,2493,0,0,True
ta42,30,20,600,DTSA,9,2493,600040,600000,2500,17.535,,,,,40,0.5,6,6,-5.0,5.0,5ee1241,2026-07-24T10:30:52,1.0,600000,,,,,,DTSA+LS,N=40,C3,2493,8,0,True
ta42,30,20,600,DTSA,10,2495,600040,600000,2500,17.794,,,,,40,0.5,6,6,-5.0,5.0,5ee1241,2026-07-24T10:30:52,1.0,600000,,,,,,DTSA-core,N=40,C3,2495,0,0,True
ta42,30,20,600,DTSA,10,2495,600040,600000,2500,17.794,,,,,40,0.5,6,6,-5.0,5.0,5ee1241,2026-07-24T10:30:52,1.0,600000,,,,,,DTSA+LS,N=40,C3,2495,11,0,True
ta42,30,20,600,DTSA,11,2388,600040,600000,2500,17.838,,,,,40,0.5,6,6,-5.0,5.0,5ee1241,2026-07-24T10:30:53,1.0,600000,,,,,,DTSA-core,N=40,C3,2388,0,0,True
ta42,30,20,600,DTSA,11,2388,600040,600000,2500,17.838,,,,,40,0.5,6,6,-5.0,5.0,5ee1241,2026-07-24T10:30:53,1.0,600000,,,,,,DTSA+LS,N=40,C3,2388,11,0,True
ta42,30,20,600,DTSA,12,2421,600040,600000,2500,18.035,,,,,40,0.5,6,6,-5.0,5.0,5ee1241,2026-07-24T10:31:10,1.0,600000,,,,,,DTSA-core,N=40,C3,2421,0,0,True
ta42,30,20,600,DTSA,12,2421,600040,600000,2500,18.035,,,,,40,0.5,6,6,-5.0,5.0,5ee1241,2026-07-24T10:31:10,1.0,600000,,,,,,DTSA+LS,N=40,C3,2421,8,0,True
ta42,30,20,600,DTSA,13,2393,600040,600000,2500,17.906,,,,,40,0.5,6,6,-5.0,5.0,5ee1241,2026-07-24T10:31:10,1.0,600000,,,,,,DTSA-core,N=40,C3,2393,0,0,True
ta42,30,20,600,DTSA,13,2393,600040,600000,2500,17.906,,,,,40,0.5,6,6,-5.0,5.0,5ee1241,2026-07-24T10:31:10,1.0,600000,,,,,,DTSA+LS,N=40,C3,2393,6,0,True
ta42,30,20,600,DTSA,14,2348,600040,600000,2500,18.011,,,,,40,0.5,6,6,-5.0,5.0,5ee1241,2026-07-24T10:31:10,1.0,600000,,,,,,DTSA-core,N=40,C3,2348,0,0,True
ta42,30,20,600,DTSA,14,2348,600040,600000,2500,18.011,,,,,40,0.5,6,6,-5.0,5.0,5ee1241,2026-07-24T10:31:10,1.0,600000,,,,,,DTSA+LS,N=40,C3,2348,9,0,True
ta42,30,20,600,DTSA,15,2384,600040,600000,2500,17.758,,,,,40,0.5,6,6,-5.0,5.0,5ee1241,2026-07-24T10:31:10,1.0,600000,,,,,,DTSA-core,N=40,C3,2384,0,0,True
ta42,30,20,600,DTSA,15,2376,600040,600000,2500,17.758,,,,,40,0.5,6,6,-5.0,5.0,5ee1241,2026-07-24T10:31:10,1.0,600000,,,,,,DTSA+LS,N=40,C3,2384,22,4,True
ta42,30,20,600,DTSA,16,2374,600040,600000,2500,17.802,,,,,40,0.5,6,6,-5.0,5.0,5ee1241,2026-07-24T10:31:10,1.0,600000,,,,,,DTSA-core,N=40,C3,2374,0,0,True
ta42,30,20,600,DTSA,16,2374,600040,600000,2500,17.802,,,,,40,0.5,6,6,-5.0,5.0,5ee1241,2026-07-24T10:31:10,1.0,600000,,,,,,DTSA+LS,N=40,C3,2374,11,0,True
ta42,30,20,600,DTSA,17,2419,600040,600000,2500,17.633,,,,,40,0.5,6,6,-5.0,5.0,5ee1241,2026-07-24T10:31:10,1.0,600000,,,,,,DTSA-core,N=40,C3,2419,0,0,True
ta42,30,20,600,DTSA,17,2419,600040,600000,2500,17.633,,,,,40,0.5,6,6,-5.0,5.0,5ee1241,2026-07-24T10:31:10,1.0,600000,,,,,,DTSA+LS,N=40,C3,2419,9,0,True
ta42,30,20,600,DTSA,18,2414,600040,600000,2500,16.788,,,,,40,0.5,6,6,-5.0,5.0,5ee1241,2026-07-24T10:31:27,1.0,600000,,,,,,DTSA-core,N=40,C3,2414,0,0,True
ta42,30,20,600,DTSA,18,2414,600040,600000,2500,16.788,,,,,40,0.5,6,6,-5.0,5.0,5ee1241,2026-07-24T10:31:27,1.0,600000,,,,,,DTSA+LS,N=40,C3,2414,8,0,True
ta42,30,20,600,DTSA,19,2375,600040,600000,2500,17.037,,,,,40,0.5,6,6,-5.0,5.0,5ee1241,2026-07-24T10:31:27,1.0,600000,,,,,,DTSA-core,N=40,C3,2375,0,0,True
ta42,30,20,600,DTSA,19,2375,600040,600000,2500,17.037,,,,,40,0.5,6,6,-5.0,5.0,5ee1241,2026-07-24T10:31:27,1.0,600000,,,,,,DTSA+LS,N=40,C3,2375,12,0,True
ta43,30,20,600,DTSA,0,2307,600040,600000,2500,17.512,,,,,40,0.5,6,6,-5.0,5.0,5ee1241,2026-07-24T10:31:45,1.0,600000,,,,,,DTSA-core,N=40,C3,2307,0,0,True
ta43,30,20,600,DTSA,0,2307,600040,600000,2500,17.512,,,,,40,0.5,6,6,-5.0,5.0,5ee1241,2026-07-24T10:31:45,1.0,600000,,,,,,DTSA+LS,N=40,C3,2307,15,0,True
ta43,30,20,600,DTSA,1,2208,600040,600000,2500,17.752,,,,,40,0.5,6,6,-5.0,5.0,5ee1241,2026-07-24T10:31:45,1.0,600000,,,,,,DTSA-core,N=40,C3,2208,0,0,True
ta43,30,20,600,DTSA,1,2208,600040,600000,2500,17.752,,,,,40,0.5,6,6,-5.0,5.0,5ee1241,2026-07-24T10:31:45,1.0,600000,,,,,,DTSA+LS,N=40,C3,2208,16,0,True
ta43,30,20,600,DTSA,2,2214,600040,600000,2500,17.935,,,,,40,0.5,6,6,-5.0,5.0,5ee1241,2026-07-24T10:31:45,1.0,600000,,,,,,DTSA-core,N=40,C3,2214,0,0,True
ta43,30,20,600,DTSA,2,2214,600040,600000,2500,17.935,,,,,40,0.5,6,6,-5.0,5.0,5ee1241,2026-07-24T10:31:45,1.0,600000,,,,,,DTSA+LS,N=40,C3,2214,12,0,True
ta43,30,20,600,DTSA,3,2308,600040,600000,2500,17.873,,,,,40,0.5,6,6,-5.0,5.0,5ee1241,2026-07-24T10:31:45,1.0,600000,,,,,,DTSA-core,N=40,C3,2308,0,0,True
ta43,30,20,600,DTSA,3,2308,600040,600000,2500,17.873,,,,,40,0.5,6,6,-5.0,5.0,5ee1241,2026-07-24T10:31:45,1.0,600000,,,,,,DTSA+LS,N=40,C3,2308,15,0,True
ta43,30,20,600,DTSA,4,2257,600040,600000,2500,17.849,,,,,40,0.5,6,6,-5.0,5.0,5ee1241,2026-07-24T10:31:45,1.0,600000,,,,,,DTSA-core,N=40,C3,2257,0,0,True
ta43,30,20,600,DTSA,4,2257,600040,600000,2500,17.849,,,,,40,0.5,6,6,-5.0,5.0,5ee1241,2026-07-24T10:31:45,1.0,600000,,,,,,DTSA+LS,N=40,C3,2257,11,0,True
ta43,30,20,600,DTSA,5,2349,600040,600000,2500,17.831,,,,,40,0.5,6,6,-5.0,5.0,5ee1241,2026-07-24T10:31:45,1.0,600000,,,,,,DTSA-core,N=40,C3,2349,0,0,True
ta43,30,20,600,DTSA,5,2349,600040,600000,2500,17.831,,,,,40,0.5,6,6,-5.0,5.0,5ee1241,2026-07-24T10:31:45,1.0,600000,,,,,,DTSA+LS,N=40,C3,2349,12,0,True
ta43,30,20,600,DTSA,6,2254,600040,600000,2500,17.775,,,,,40,0.5,6,6,-5.0,5.0,5ee1241,2026-07-24T10:32:02,1.0,600000,,,,,,DTSA-core,N=40,C3,2254,0,0,True
ta43,30,20,600,DTSA,6,2254,600040,600000,2500,17.775,,,,,40,0.5,6,6,-5.0,5.0,5ee1241,2026-07-24T10:32:02,1.0,600000,,,,,,DTSA+LS,N=40,C3,2254,11,0,True
ta43,30,20,600,DTSA,7,2313,600040,600000,2500,17.72,,,,,40,0.5,6,6,-5.0,5.0,5ee1241,2026-07-24T10:32:03,1.0,600000,,,,,,DTSA-core,N=40,C3,2313,0,0,True
ta43,30,20,600,DTSA,7,2313,600040,600000,2500,17.72,,,,,40,0.5,6,6,-5.0,5.0,5ee1241,2026-07-24T10:32:03,1.0,600000,,,,,,DTSA+LS,N=40,C3,2313,9,0,True
ta43,30,20,600,DTSA,8,2249,600040,600000,2500,17.949,,,,,40,0.5,6,6,-5.0,5.0,5ee1241,2026-07-24T10:32:03,1.0,600000,,,,,,DTSA-core,N=40,C3,2249,0,0,True
ta43,30,20,600,DTSA,8,2249,600040,600000,2500,17.949,,,,,40,0.5,6,6,-5.0,5.0,5ee1241,2026-07-24T10:32:03,1.0,600000,,,,,,DTSA+LS,N=40,C3,2249,6,0,True
ta43,30,20,600,DTSA,9,2256,600040,600000,2500,18.122,,,,,40,0.5,6,6,-5.0,5.0,5ee1241,2026-07-24T10:32:03,1.0,600000,,,,,,DTSA-core,N=40,C3,2256,0,0,True
ta43,30,20,600,DTSA,9,2256,600040,600000,2500,18.122,,,,,40,0.5,6,6,-5.0,5.0,5ee1241,2026-07-24T10:32:03,1.0,600000,,,,,,DTSA+LS,N=40,C3,2256,13,0,True
ta43,30,20,600,DTSA,10,2212,600040,600000,2500,17.913,,,,,40,0.5,6,6,-5.0,5.0,5ee1241,2026-07-24T10:32:03,1.0,600000,,,,,,DTSA-core,N=40,C3,2212,0,0,True
ta43,30,20,600,DTSA,10,2212,600040,600000,2500,17.913,,,,,40,0.5,6,6,-5.0,5.0,5ee1241,2026-07-24T10:32:03,1.0,600000,,,,,,DTSA+LS,N=40,C3,2212,12,0,True
ta43,30,20,600,DTSA,11,2221,600040,600000,2500,17.901,,,,,40,0.5,6,6,-5.0,5.0,5ee1241,2026-07-24T10:32:03,1.0,600000,,,,,,DTSA-core,N=40,C3,2221,0,0,True
ta43,30,20,600,DTSA,11,2221,600040,600000,2500,17.901,,,,,40,0.5,6,6,-5.0,5.0,5ee1241,2026-07-24T10:32:03,1.0,600000,,,,,,DTSA+LS,N=40,C3,2221,11,0,True
ta43,30,20,600,DTSA,12,2165,600040,600000,2500,17.996,,,,,40,0.5,6,6,-5.0,5.0,5ee1241,2026-07-24T10:32:20,1.0,600000,,,,,,DTSA-core,N=40,C3,2165,0,0,True
ta43,30,20,600,DTSA,12,2165,600040,600000,2500,17.996,,,,,40,0.5,6,6,-5.0,5.0,5ee1241,2026-07-24T10:32:20,1.0,600000,,,,,,DTSA+LS,N=40,C3,2165,8,0,True
ta43,30,20,600,DTSA,13,2169,600040,600000,2500,18.156,,,,,40,0.5,6,6,-5.0,5.0,5ee1241,2026-07-24T10:32:21,1.0,600000,,,,,,DTSA-core,N=40,C3,2169,0,0,True
ta43,30,20,600,DTSA,13,2169,600040,600000,2500,18.156,,,,,40,0.5,6,6,-5.0,5.0,5ee1241,2026-07-24T10:32:21,1.0,600000,,,,,,DTSA+LS,N=40,C3,2169,12,0,True
ta43,30,20,600,DTSA,14,2262,600040,600000,2500,18.179,,,,,40,0.5,6,6,-5.0,5.0,5ee1241,2026-07-24T10:32:21,1.0,600000,,,,,,DTSA-core,N=40,C3,2262,0,0,True
ta43,30,20,600,DTSA,14,2262,600040,600000,2500,18.179,,,,,40,0.5,6,6,-5.0,5.0,5ee1241,2026-07-24T10:32:21,1.0,600000,,,,,,DTSA+LS,N=40,C3,2262,13,0,True
ta43,30,20,600,DTSA,15,2288,600040,600000,2500,17.7,,,,,40,0.5,6,6,-5.0,5.0,5ee1241,2026-07-24T10:32:21,1.0,600000,,,,,,DTSA-core,N=40,C3,2288,0,0,True
ta43,30,20,600,DTSA,15,2288,600040,600000,2500,17.7,,,,,40,0.5,6,6,-5.0,5.0,5ee1241,2026-07-24T10:32:21,1.0,600000,,,,,,DTSA+LS,N=40,C3,2288,10,0,True
ta43,30,20,600,DTSA,16,2196,600040,600000,2500,18.025,,,,,40,0.5,6,6,-5.0,5.0,5ee1241,2026-07-24T10:32:21,1.0,600000,,,,,,DTSA-core,N=40,C3,2196,0,0,True
ta43,30,20,600,DTSA,16,2196,600040,600000,2500,18.025,,,,,40,0.5,6,6,-5.0,5.0,5ee1241,2026-07-24T10:32:21,1.0,600000,,,,,,DTSA+LS,N=40,C3,2196,12,0,True
ta43,30,20,600,DTSA,17,2249,600040,600000,2500,17.871,,,,,40,0.5,6,6,-5.0,5.0,5ee1241,2026-07-24T10:32:21,1.0,600000,,,,,,DTSA-core,N=40,C3,2249,0,0,True
ta43,30,20,600,DTSA,17,2249,600040,600000,2500,17.871,,,,,40,0.5,6,6,-5.0,5.0,5ee1241,2026-07-24T10:32:21,1.0,600000,,,,,,DTSA+LS,N=40,C3,2249,10,0,True
ta43,30,20,600,DTSA,18,2261,600040,600000,2500,17.196,,,,,40,0.5,6,6,-5.0,5.0,5ee1241,2026-07-24T10:32:38,1.0,600000,,,,,,DTSA-core,N=40,C3,2261,0,0,True
ta43,30,20,600,DTSA,18,2261,600040,600000,2500,17.196,,,,,40,0.5,6,6,-5.0,5.0,5ee1241,2026-07-24T10:32:38,1.0,600000,,,,,,DTSA+LS,N=40,C3,2261,8,0,True
ta43,30,20,600,DTSA,19,2335,600040,600000,2500,17.067,,,,,40,0.5,6,6,-5.0,5.0,5ee1241,2026-07-24T10:32:38,1.0,600000,,,,,,DTSA-core,N=40,C3,2335,0,0,True
ta43,30,20,600,DTSA,19,2335,600040,600000,2500,17.067,,,,,40,0.5,6,6,-5.0,5.0,5ee1241,2026-07-24T10:32:38,1.0,600000,,,,,,DTSA+LS,N=40,C3,2335,15,0,True
ta44,30,20,600,DTSA,0,2385,600040,600000,2500,17.437,,,,,40,0.5,6,6,-5.0,5.0,5ee1241,2026-07-24T10:32:55,1.0,600000,,,,,,DTSA-core,N=40,C3,2385,0,0,True
ta44,30,20,600,DTSA,0,2385,600040,600000,2500,17.437,,,,,40,0.5,6,6,-5.0,5.0,5ee1241,2026-07-24T10:32:55,1.0,600000,,,,,,DTSA+LS,N=40,C3,2385,9,0,True
ta44,30,20,600,DTSA,1,2453,600040,600000,2500,17.549,,,,,40,0.5,6,6,-5.0,5.0,5ee1241,2026-07-24T10:32:55,1.0,600000,,,,,,DTSA-core,N=40,C3,2453,0,0,True
ta44,30,20,600,DTSA,1,2453,600040,600000,2500,17.549,,,,,40,0.5,6,6,-5.0,5.0,5ee1241,2026-07-24T10:32:55,1.0,600000,,,,,,DTSA+LS,N=40,C3,2453,6,0,True
ta44,30,20,600,DTSA,2,2399,600040,600000,2500,17.533,,,,,40,0.5,6,6,-5.0,5.0,5ee1241,2026-07-24T10:32:55,1.0,600000,,,,,,DTSA-core,N=40,C3,2399,0,0,True
ta44,30,20,600,DTSA,2,2399,600040,600000,2500,17.533,,,,,40,0.5,6,6,-5.0,5.0,5ee1241,2026-07-24T10:32:55,1.0,600000,,,,,,DTSA+LS,N=40,C3,2399,8,0,True
ta44,30,20,600,DTSA,3,2400,600040,600000,2500,17.662,,,,,40,0.5,6,6,-5.0,5.0,5ee1241,2026-07-24T10:32:55,1.0,600000,,,,,,DTSA-core,N=40,C3,2400,0,0,True
ta44,30,20,600,DTSA,3,2400,600040,600000,2500,17.662,,,,,40,0.5,6,6,-5.0,5.0,5ee1241,2026-07-24T10:32:55,1.0,600000,,,,,,DTSA+LS,N=40,C3,2400,12,0,True
ta44,30,20,600,DTSA,4,2523,600040,600000,2500,17.551,,,,,40,0.5,6,6,-5.0,5.0,5ee1241,2026-07-24T10:32:55,1.0,600000,,,,,,DTSA-core,N=40,C3,2523,0,0,True
ta44,30,20,600,DTSA,4,2523,600040,600000,2500,17.551,,,,,40,0.5,6,6,-5.0,5.0,5ee1241,2026-07-24T10:32:55,1.0,600000,,,,,,DTSA+LS,N=40,C3,2523,7,0,True
ta44,30,20,600,DTSA,5,2367,600040,600000,2500,17.605,,,,,40,0.5,6,6,-5.0,5.0,5ee1241,2026-07-24T10:32:55,1.0,600000,,,,,,DTSA-core,N=40,C3,2367,0,0,True
ta44,30,20,600,DTSA,5,2367,600040,600000,2500,17.605,,,,,40,0.5,6,6,-5.0,5.0,5ee1241,2026-07-24T10:32:55,1.0,600000,,,,,,DTSA+LS,N=40,C3,2367,9,0,True
ta44,30,20,600,DTSA,6,2437,600040,600000,2500,17.52,,,,,40,0.5,6,6,-5.0,5.0,5ee1241,2026-07-24T10:33:13,1.0,600000,,,,,,DTSA-core,N=40,C3,2437,0,0,True
ta44,30,20,600,DTSA,6,2437,600040,600000,2500,17.52,,,,,40,0.5,6,6,-5.0,5.0,5ee1241,2026-07-24T10:33:13,1.0,600000,,,,,,DTSA+LS,N=40,C3,2437,8,0,True
ta44,30,20,600,DTSA,7,2387,600040,600000,2500,17.882,,,,,40,0.5,6,6,-5.0,5.0,5ee1241,2026-07-24T10:33:13,1.0,600000,,,,,,DTSA-core,N=40,C3,2387,0,0,True
ta44,30,20,600,DTSA,7,2387,600040,600000,2500,17.882,,,,,40,0.5,6,6,-5.0,5.0,5ee1241,2026-07-24T10:33:13,1.0,600000,,,,,,DTSA+LS,N=40,C3,2387,7,0,True
ta44,30,20,600,DTSA,8,2445,600040,600000,2500,17.737,,,,,40,0.5,6,6,-5.0,5.0,5ee1241,2026-07-24T10:33:13,1.0,600000,,,,,,DTSA-core,N=40,C3,2445,0,0,True
ta44,30,20,600,DTSA,8,2445,600040,600000,2500,17.737,,,,,40,0.5,6,6,-5.0,5.0,5ee1241,2026-07-24T10:33:13,1.0,600000,,,,,,DTSA+LS,N=40,C3,2445,7,0,True
ta44,30,20,600,DTSA,9,2438,600040,600000,2500,17.881,,,,,40,0.5,6,6,-5.0,5.0,5ee1241,2026-07-24T10:33:13,1.0,600000,,,,,,DTSA-core,N=40,C3,2438,0,0,True
ta44,30,20,600,DTSA,9,2438,600040,600000,2500,17.881,,,,,40,0.5,6,6,-5.0,5.0,5ee1241,2026-07-24T10:33:13,1.0,600000,,,,,,DTSA+LS,N=40,C3,2438,6,0,True
ta44,30,20,600,DTSA,10,2425,600040,600000,2500,17.775,,,,,40,0.5,6,6,-5.0,5.0,5ee1241,2026-07-24T10:33:13,1.0,600000,,,,,,DTSA-core,N=40,C3,2425,0,0,True
ta44,30,20,600,DTSA,10,2425,600040,600000,2500,17.775,,,,,40,0.5,6,6,-5.0,5.0,5ee1241,2026-07-24T10:33:13,1.0,600000,,,,,,DTSA+LS,N=40,C3,2425,6,0,True
ta44,30,20,600,DTSA,11,2433,600040,600000,2500,17.948,,,,,40,0.5,6,6,-5.0,5.0,5ee1241,2026-07-24T10:33:13,1.0,600000,,,,,,DTSA-core,N=40,C3,2433,0,0,True
ta44,30,20,600,DTSA,11,2433,600040,600000,2500,17.948,,,,,40,0.5,6,6,-5.0,5.0,5ee1241,2026-07-24T10:33:13,1.0,600000,,,,,,DTSA+LS,N=40,C3,2433,11,0,True
ta44,30,20,600,DTSA,12,2461,600040,600000,2500,17.916,,,,,40,0.5,6,6,-5.0,5.0,5ee1241,2026-07-24T10:33:31,1.0,600000,,,,,,DTSA-core,N=40,C3,2461,0,0,True
ta44,30,20,600,DTSA,12,2461,600040,600000,2500,17.916,,,,,40,0.5,6,6,-5.0,5.0,5ee1241,2026-07-24T10:33:31,1.0,600000,,,,,,DTSA+LS,N=40,C3,2461,8,0,True
ta44,30,20,600,DTSA,13,2434,600040,600000,2500,17.926,,,,,40,0.5,6,6,-5.0,5.0,5ee1241,2026-07-24T10:33:31,1.0,600000,,,,,,DTSA-core,N=40,C3,2434,0,0,True
ta44,30,20,600,DTSA,13,2434,600040,600000,2500,17.926,,,,,40,0.5,6,6,-5.0,5.0,5ee1241,2026-07-24T10:33:31,1.0,600000,,,,,,DTSA+LS,N=40,C3,2434,8,0,True
ta44,30,20,600,DTSA,14,2439,600040,600000,2500,17.463,,,,,40,0.5,6,6,-5.0,5.0,5ee1241,2026-07-24T10:33:31,1.0,600000,,,,,,DTSA-core,N=40,C3,2439,0,0,True
ta44,30,20,600,DTSA,14,2439,600040,600000,2500,17.463,,,,,40,0.5,6,6,-5.0,5.0,5ee1241,2026-07-24T10:33:31,1.0,600000,,,,,,DTSA+LS,N=40,C3,2439,6,0,True
ta44,30,20,600,DTSA,15,2434,600040,600000,2500,18.02,,,,,40,0.5,6,6,-5.0,5.0,5ee1241,2026-07-24T10:33:31,1.0,600000,,,,,,DTSA-core,N=40,C3,2434,0,0,True
ta44,30,20,600,DTSA,15,2434,600040,600000,2500,18.02,,,,,40,0.5,6,6,-5.0,5.0,5ee1241,2026-07-24T10:33:31,1.0,600000,,,,,,DTSA+LS,N=40,C3,2434,6,0,True
ta44,30,20,600,DTSA,16,2444,600040,600000,2500,17.671,,,,,40,0.5,6,6,-5.0,5.0,5ee1241,2026-07-24T10:33:31,1.0,600000,,,,,,DTSA-core,N=40,C3,2444,0,0,True
ta44,30,20,600,DTSA,16,2444,600040,600000,2500,17.671,,,,,40,0.5,6,6,-5.0,5.0,5ee1241,2026-07-24T10:33:31,1.0,600000,,,,,,DTSA+LS,N=40,C3,2444,7,0,True
ta44,30,20,600,DTSA,17,2414,600040,600000,2500,18.041,,,,,40,0.5,6,6,-5.0,5.0,5ee1241,2026-07-24T10:33:31,1.0,600000,,,,,,DTSA-core,N=40,C3,2414,0,0,True
ta44,30,20,600,DTSA,17,2414,600040,600000,2500,18.041,,,,,40,0.5,6,6,-5.0,5.0,5ee1241,2026-07-24T10:33:31,1.0,600000,,,,,,DTSA+LS,N=40,C3,2414,8,0,True
ta44,30,20,600,DTSA,18,2426,600040,600000,2500,16.517,,,,,40,0.5,6,6,-5.0,5.0,5ee1241,2026-07-24T10:33:47,1.0,600000,,,,,,DTSA-core,N=40,C3,2426,0,0,True
ta44,30,20,600,DTSA,18,2426,600040,600000,2500,16.517,,,,,40,0.5,6,6,-5.0,5.0,5ee1241,2026-07-24T10:33:47,1.0,600000,,,,,,DTSA+LS,N=40,C3,2426,8,0,True
ta44,30,20,600,DTSA,19,2417,600040,600000,2500,16.896,,,,,40,0.5,6,6,-5.0,5.0,5ee1241,2026-07-24T10:33:48,1.0,600000,,,,,,DTSA-core,N=40,C3,2417,0,0,True
ta44,30,20,600,DTSA,19,2417,600040,600000,2500,16.896,,,,,40,0.5,6,6,-5.0,5.0,5ee1241,2026-07-24T10:33:48,1.0,600000,,,,,,DTSA+LS,N=40,C3,2417,10,0,True
ta45,30,20,600,DTSA,0,2408,600040,600000,2500,17.397,,,,,40,0.5,6,6,-5.0,5.0,5ee1241,2026-07-24T10:34:05,1.0,600000,,,,,,DTSA-core,N=40,C3,2408,0,0,True
ta45,30,20,600,DTSA,0,2408,600040,600000,2500,17.397,,,,,40,0.5,6,6,-5.0,5.0,5ee1241,2026-07-24T10:34:05,1.0,600000,,,,,,DTSA+LS,N=40,C3,2408,5,0,True
ta45,30,20,600,DTSA,1,2352,600040,600000,2500,17.42,,,,,40,0.5,6,6,-5.0,5.0,5ee1241,2026-07-24T10:34:05,1.0,600000,,,,,,DTSA-core,N=40,C3,2352,0,0,True
ta45,30,20,600,DTSA,1,2352,600040,600000,2500,17.42,,,,,40,0.5,6,6,-5.0,5.0,5ee1241,2026-07-24T10:34:05,1.0,600000,,,,,,DTSA+LS,N=40,C3,2352,8,0,True
ta45,30,20,600,DTSA,2,2409,600040,600000,2500,17.55,,,,,40,0.5,6,6,-5.0,5.0,5ee1241,2026-07-24T10:34:05,1.0,600000,,,,,,DTSA-core,N=40,C3,2409,0,0,True
ta45,30,20,600,DTSA,2,2409,600040,600000,2500,17.55,,,,,40,0.5,6,6,-5.0,5.0,5ee1241,2026-07-24T10:34:05,1.0,600000,,,,,,DTSA+LS,N=40,C3,2409,9,0,True
ta45,30,20,600,DTSA,3,2387,600040,600000,2500,17.648,,,,,40,0.5,6,6,-5.0,5.0,5ee1241,2026-07-24T10:34:05,1.0,600000,,,,,,DTSA-core,N=40,C3,2387,0,0,True
ta45,30,20,600,DTSA,3,2387,600040,600000,2500,17.648,,,,,40,0.5,6,6,-5.0,5.0,5ee1241,2026-07-24T10:34:05,1.0,600000,,,,,,DTSA+LS,N=40,C3,2387,21,0,True
ta45,30,20,600,DTSA,4,2355,600040,600000,2500,17.458,,,,,40,0.5,6,6,-5.0,5.0,5ee1241,2026-07-24T10:34:05,1.0,600000,,,,,,DTSA-core,N=40,C3,2355,0,0,True
ta45,30,20,600,DTSA,4,2355,600040,600000,2500,17.458,,,,,40,0.5,6,6,-5.0,5.0,5ee1241,2026-07-24T10:34:05,1.0,600000,,,,,,DTSA+LS,N=40,C3,2355,12,0,True
ta45,30,20,600,DTSA,5,2483,600040,600000,2500,17.387,,,,,40,0.5,6,6,-5.0,5.0,5ee1241,2026-07-24T10:34:05,1.0,600000,,,,,,DTSA-core,N=40,C3,2483,0,0,True
ta45,30,20,600,DTSA,5,2483,600040,600000,2500,17.387,,,,,40,0.5,6,6,-5.0,5.0,5ee1241,2026-07-24T10:34:05,1.0,600000,,,,,,DTSA+LS,N=40,C3,2483,8,0,True
ta45,30,20,600,DTSA,6,2312,600040,600000,2500,17.677,,,,,40,0.5,6,6,-5.0,5.0,5ee1241,2026-07-24T10:34:23,1.0,600000,,,,,,DTSA-core,N=40,C3,2312,0,0,True
ta45,30,20,600,DTSA,6,2312,600040,600000,2500,17.677,,,,,40,0.5,6,6,-5.0,5.0,5ee1241,2026-07-24T10:34:23,1.0,600000,,,,,,DTSA+LS,N=40,C3,2312,9,0,True
ta45,30,20,600,DTSA,7,2343,600040,600000,2500,17.764,,,,,40,0.5,6,6,-5.0,5.0,5ee1241,2026-07-24T10:34:23,1.0,600000,,,,,,DTSA-core,N=40,C3,2343,0,0,True
ta45,30,20,600,DTSA,7,2343,600040,600000,2500,17.764,,,,,40,0.5,6,6,-5.0,5.0,5ee1241,2026-07-24T10:34:23,1.0,600000,,,,,,DTSA+LS,N=40,C3,2343,7,0,True
ta45,30,20,600,DTSA,8,2336,600040,600000,2500,18.125,,,,,40,0.5,6,6,-5.0,5.0,5ee1241,2026-07-24T10:34:23,1.0,600000,,,,,,DTSA-core,N=40,C3,2336,0,0,True
ta45,30,20,600,DTSA,8,2336,600040,600000,2500,18.125,,,,,40,0.5,6,6,-5.0,5.0,5ee1241,2026-07-24T10:34:23,1.0,600000,,,,,,DTSA+LS,N=40,C3,2336,4,0,True
ta45,30,20,600,DTSA,9,2408,600040,600000,2500,17.761,,,,,40,0.5,6,6,-5.0,5.0,5ee1241,2026-07-24T10:34:23,1.0,600000,,,,,,DTSA-core,N=40,C3,2408,0,0,True
ta45,30,20,600,DTSA,9,2408,600040,600000,2500,17.761,,,,,40,0.5,6,6,-5.0,5.0,5ee1241,2026-07-24T10:34:23,1.0,600000,,,,,,DTSA+LS,N=40,C3,2408,9,0,True
ta45,30,20,600,DTSA,10,2387,600040,600000,2500,17.491,,,,,40,0.5,6,6,-5.0,5.0,5ee1241,2026-07-24T10:34:23,1.0,600000,,,,,,DTSA-core,N=40,C3,2387,0,0,True
ta45,30,20,600,DTSA,10,2387,600040,600000,2500,17.491,,,,,40,0.5,6,6,-5.0,5.0,5ee1241,2026-07-24T10:34:23,1.0,600000,,,,,,DTSA+LS,N=40,C3,2387,13,0,True
ta45,30,20,600,DTSA,11,2354,600040,600000,2500,17.789,,,,,40,0.5,6,6,-5.0,5.0,5ee1241,2026-07-24T10:34:23,1.0,600000,,,,,,DTSA-core,N=40,C3,2354,0,0,True
ta45,30,20,600,DTSA,11,2354,600040,600000,2500,17.789,,,,,40,0.5,6,6,-5.0,5.0,5ee1241,2026-07-24T10:34:23,1.0,600000,,,,,,DTSA+LS,N=40,C3,2354,13,0,True
ta45,30,20,600,DTSA,12,2449,600040,600000,2500,17.948,,,,,40,0.5,6,6,-5.0,5.0,5ee1241,2026-07-24T10:34:41,1.0,600000,,,,,,DTSA-core,N=40,C3,2449,0,0,True
ta45,30,20,600,DTSA,12,2449,600040,600000,2500,17.948,,,,,40,0.5,6,6,-5.0,5.0,5ee1241,2026-07-24T10:34:41,1.0,600000,,,,,,DTSA+LS,N=40,C3,2449,16,0,True
ta45,30,20,600,DTSA,13,2359,600040,600000,2500,17.484,,,,,40,0.5,6,6,-5.0,5.0,5ee1241,2026-07-24T10:34:40,1.0,600000,,,,,,DTSA-core,N=40,C3,2359,0,0,True
ta45,30,20,600,DTSA,13,2359,600040,600000,2500,17.484,,,,,40,0.5,6,6,-5.0,5.0,5ee1241,2026-07-24T10:34:40,1.0,600000,,,,,,DTSA+LS,N=40,C3,2359,6,0,True
ta45,30,20,600,DTSA,14,2492,600040,600000,2500,17.416,,,,,40,0.5,6,6,-5.0,5.0,5ee1241,2026-07-24T10:34:40,1.0,600000,,,,,,DTSA-core,N=40,C3,2492,0,0,True
ta45,30,20,600,DTSA,14,2492,600040,600000,2500,17.416,,,,,40,0.5,6,6,-5.0,5.0,5ee1241,2026-07-24T10:34:40,1.0,600000,,,,,,DTSA+LS,N=40,C3,2492,9,0,True
ta45,30,20,600,DTSA,15,2350,600040,600000,2500,17.733,,,,,40,0.5,6,6,-5.0,5.0,5ee1241,2026-07-24T10:34:41,1.0,600000,,,,,,DTSA-core,N=40,C3,2350,0,0,True
ta45,30,20,600,DTSA,15,2350,600040,600000,2500,17.733,,,,,40,0.5,6,6,-5.0,5.0,5ee1241,2026-07-24T10:34:41,1.0,600000,,,,,,DTSA+LS,N=40,C3,2350,19,0,True
ta45,30,20,600,DTSA,16,2390,600040,600000,2500,17.934,,,,,40,0.5,6,6,-5.0,5.0,5ee1241,2026-07-24T10:34:41,1.0,600000,,,,,,DTSA-core,N=40,C3,2390,0,0,True
ta45,30,20,600,DTSA,16,2390,600040,600000,2500,17.934,,,,,40,0.5,6,6,-5.0,5.0,5ee1241,2026-07-24T10:34:41,1.0,600000,,,,,,DTSA+LS,N=40,C3,2390,6,0,True
ta45,30,20,600,DTSA,17,2429,600040,600000,2500,17.422,,,,,40,0.5,6,6,-5.0,5.0,5ee1241,2026-07-24T10:34:41,1.0,600000,,,,,,DTSA-core,N=40,C3,2429,0,0,True
ta45,30,20,600,DTSA,17,2429,600040,600000,2500,17.422,,,,,40,0.5,6,6,-5.0,5.0,5ee1241,2026-07-24T10:34:41,1.0,600000,,,,,,DTSA+LS,N=40,C3,2429,11,0,True
ta45,30,20,600,DTSA,18,2353,600040,600000,2500,16.76,,,,,40,0.5,6,6,-5.0,5.0,5ee1241,2026-07-24T10:34:57,1.0,600000,,,,,,DTSA-core,N=40,C3,2353,0,0,True
ta45,30,20,600,DTSA,18,2353,600040,600000,2500,16.76,,,,,40,0.5,6,6,-5.0,5.0,5ee1241,2026-07-24T10:34:57,1.0,600000,,,,,,DTSA+LS,N=40,C3,2353,6,0,True
ta45,30,20,600,DTSA,19,2471,600040,600000,2500,16.733,,,,,40,0.5,6,6,-5.0,5.0,5ee1241,2026-07-24T10:34:57,1.0,600000,,,,,,DTSA-core,N=40,C3,2471,0,0,True
ta45,30,20,600,DTSA,19,2471,600040,600000,2500,16.733,,,,,40,0.5,6,6,-5.0,5.0,5ee1241,2026-07-24T10:34:57,1.0,600000,,,,,,DTSA+LS,N=40,C3,2471,13,0,True
ta51,50,15,750,DTSA,0,3164,750040,750000,3125,30.03,,,,,40,0.5,6,6,-5.0,5.0,5ee1241,2026-07-24T10:35:27,1.0,750000,,,,,,DTSA-core,N=40,C3,3164,0,0,True
ta51,50,15,750,DTSA,0,3164,750040,750000,3125,30.03,,,,,40,0.5,6,6,-5.0,5.0,5ee1241,2026-07-24T10:35:27,1.0,750000,,,,,,DTSA+LS,N=40,C3,3164,10,0,True
ta51,50,15,750,DTSA,1,3271,750040,750000,3125,29.141,,,,,40,0.5,6,6,-5.0,5.0,5ee1241,2026-07-24T10:35:26,1.0,750000,,,,,,DTSA-core,N=40,C3,3271,0,0,True
ta51,50,15,750,DTSA,1,3271,750040,750000,3125,29.141,,,,,40,0.5,6,6,-5.0,5.0,5ee1241,2026-07-24T10:35:26,1.0,750000,,,,,,DTSA+LS,N=40,C3,3271,6,0,True
ta51,50,15,750,DTSA,2,3312,750040,750000,3125,29.723,,,,,40,0.5,6,6,-5.0,5.0,5ee1241,2026-07-24T10:35:27,1.0,750000,,,,,,DTSA-core,N=40,C3,3312,0,0,True
ta51,50,15,750,DTSA,2,3312,750040,750000,3125,29.723,,,,,40,0.5,6,6,-5.0,5.0,5ee1241,2026-07-24T10:35:27,1.0,750000,,,,,,DTSA+LS,N=40,C3,3312,6,0,True
ta51,50,15,750,DTSA,3,3268,750040,750000,3125,29.836,,,,,40,0.5,6,6,-5.0,5.0,5ee1241,2026-07-24T10:35:27,1.0,750000,,,,,,DTSA-core,N=40,C3,3268,0,0,True
ta51,50,15,750,DTSA,3,3268,750040,750000,3125,29.836,,,,,40,0.5,6,6,-5.0,5.0,5ee1241,2026-07-24T10:35:27,1.0,750000,,,,,,DTSA+LS,N=40,C3,3268,4,0,True
ta51,50,15,750,DTSA,4,3203,750040,750000,3125,30.146,,,,,40,0.5,6,6,-5.0,5.0,5ee1241,2026-07-24T10:35:27,1.0,750000,,,,,,DTSA-core,N=40,C3,3203,0,0,True
ta51,50,15,750,DTSA,4,3203,750040,750000,3125,30.146,,,,,40,0.5,6,6,-5.0,5.0,5ee1241,2026-07-24T10:35:27,1.0,750000,,,,,,DTSA+LS,N=40,C3,3203,4,0,True
ta51,50,15,750,DTSA,5,3256,750040,750000,3125,29.583,,,,,40,0.5,6,6,-5.0,5.0,5ee1241,2026-07-24T10:35:27,1.0,750000,,,,,,DTSA-core,N=40,C3,3256,0,0,True
ta51,50,15,750,DTSA,5,3256,750040,750000,3125,29.583,,,,,40,0.5,6,6,-5.0,5.0,5ee1241,2026-07-24T10:35:27,1.0,750000,,,,,,DTSA+LS,N=40,C3,3256,12,0,True
ta51,50,15,750,DTSA,6,3168,750040,750000,3125,29.353,,,,,40,0.5,6,6,-5.0,5.0,5ee1241,2026-07-24T10:35:56,1.0,750000,,,,,,DTSA-core,N=40,C3,3168,0,0,True
ta51,50,15,750,DTSA,6,3166,750040,750000,3125,29.353,,,,,40,0.5,6,6,-5.0,5.0,5ee1241,2026-07-24T10:35:56,1.0,750000,,,,,,DTSA+LS,N=40,C3,3168,10,1,True
ta51,50,15,750,DTSA,7,3309,750040,750000,3125,29.616,,,,,40,0.5,6,6,-5.0,5.0,5ee1241,2026-07-24T10:35:56,1.0,750000,,,,,,DTSA-core,N=40,C3,3309,0,0,True
ta51,50,15,750,DTSA,7,3309,750040,750000,3125,29.616,,,,,40,0.5,6,6,-5.0,5.0,5ee1241,2026-07-24T10:35:56,1.0,750000,,,,,,DTSA+LS,N=40,C3,3309,6,0,True
ta51,50,15,750,DTSA,8,3339,750040,750000,3125,29.978,,,,,40,0.5,6,6,-5.0,5.0,5ee1241,2026-07-24T10:35:57,1.0,750000,,,,,,DTSA-core,N=40,C3,3339,0,0,True
ta51,50,15,750,DTSA,8,3339,750040,750000,3125,29.978,,,,,40,0.5,6,6,-5.0,5.0,5ee1241,2026-07-24T10:35:57,1.0,750000,,,,,,DTSA+LS,N=40,C3,3339,6,0,True
ta51,50,15,750,DTSA,9,3205,750040,750000,3125,30.099,,,,,40,0.5,6,6,-5.0,5.0,5ee1241,2026-07-24T10:35:57,1.0,750000,,,,,,DTSA-core,N=40,C3,3205,0,0,True
ta51,50,15,750,DTSA,9,3205,750040,750000,3125,30.099,,,,,40,0.5,6,6,-5.0,5.0,5ee1241,2026-07-24T10:35:57,1.0,750000,,,,,,DTSA+LS,N=40,C3,3205,6,0,True
ta51,50,15,750,DTSA,10,3365,750040,750000,3125,29.754,,,,,40,0.5,6,6,-5.0,5.0,5ee1241,2026-07-24T10:35:57,1.0,750000,,,,,,DTSA-core,N=40,C3,3365,0,0,True
ta51,50,15,750,DTSA,10,3365,750040,750000,3125,29.754,,,,,40,0.5,6,6,-5.0,5.0,5ee1241,2026-07-24T10:35:57,1.0,750000,,,,,,DTSA+LS,N=40,C3,3365,10,0,True
ta51,50,15,750,DTSA,11,3305,750040,750000,3125,30.641,,,,,40,0.5,6,6,-5.0,5.0,5ee1241,2026-07-24T10:35:58,1.0,750000,,,,,,DTSA-core,N=40,C3,3305,0,0,True
ta51,50,15,750,DTSA,11,3305,750040,750000,3125,30.641,,,,,40,0.5,6,6,-5.0,5.0,5ee1241,2026-07-24T10:35:58,1.0,750000,,,,,,DTSA+LS,N=40,C3,3305,19,0,True
ta51,50,15,750,DTSA,12,3250,750040,750000,3125,29.712,,,,,40,0.5,6,6,-5.0,5.0,5ee1241,2026-07-24T10:36:25,1.0,750000,,,,,,DTSA-core,N=40,C3,3250,0,0,True
ta51,50,15,750,DTSA,12,3250,750040,750000,3125,29.712,,,,,40,0.5,6,6,-5.0,5.0,5ee1241,2026-07-24T10:36:25,1.0,750000,,,,,,DTSA+LS,N=40,C3,3250,6,0,True
ta51,50,15,750,DTSA,13,3277,750040,750000,3125,29.771,,,,,40,0.5,6,6,-5.0,5.0,5ee1241,2026-07-24T10:36:26,1.0,750000,,,,,,DTSA-core,N=40,C3,3277,0,0,True
ta51,50,15,750,DTSA,13,3277,750040,750000,3125,29.771,,,,,40,0.5,6,6,-5.0,5.0,5ee1241,2026-07-24T10:36:26,1.0,750000,,,,,,DTSA+LS,N=40,C3,3277,8,0,True
ta51,50,15,750,DTSA,14,3306,750040,750000,3125,30.165,,,,,40,0.5,6,6,-5.0,5.0,5ee1241,2026-07-24T10:36:27,1.0,750000,,,,,,DTSA-core,N=40,C3,3306,0,0,True
ta51,50,15,750,DTSA,14,3306,750040,750000,3125,30.165,,,,,40,0.5,6,6,-5.0,5.0,5ee1241,2026-07-24T10:36:27,1.0,750000,,,,,,DTSA+LS,N=40,C3,3306,6,0,True
ta51,50,15,750,DTSA,15,3328,750040,750000,3125,31.09,,,,,40,0.5,6,6,-5.0,5.0,5ee1241,2026-07-24T10:36:28,1.0,750000,,,,,,DTSA-core,N=40,C3,3328,0,0,True
ta51,50,15,750,DTSA,15,3328,750040,750000,3125,31.09,,,,,40,0.5,6,6,-5.0,5.0,5ee1241,2026-07-24T10:36:28,1.0,750000,,,,,,DTSA+LS,N=40,C3,3328,6,0,True
ta51,50,15,750,DTSA,16,3207,750040,750000,3125,30.537,,,,,40,0.5,6,6,-5.0,5.0,5ee1241,2026-07-24T10:36:28,1.0,750000,,,,,,DTSA-core,N=40,C3,3207,0,0,True
ta51,50,15,750,DTSA,16,3207,750040,750000,3125,30.537,,,,,40,0.5,6,6,-5.0,5.0,5ee1241,2026-07-24T10:36:28,1.0,750000,,,,,,DTSA+LS,N=40,C3,3207,6,0,True
ta51,50,15,750,DTSA,17,3315,750040,750000,3125,30.068,,,,,40,0.5,6,6,-5.0,5.0,5ee1241,2026-07-24T10:36:28,1.0,750000,,,,,,DTSA-core,N=40,C3,3315,0,0,True
ta51,50,15,750,DTSA,17,3315,750040,750000,3125,30.068,,,,,40,0.5,6,6,-5.0,5.0,5ee1241,2026-07-24T10:36:28,1.0,750000,,,,,,DTSA+LS,N=40,C3,3315,6,0,True
ta51,50,15,750,DTSA,18,3363,750040,750000,3125,28.668,,,,,40,0.5,6,6,-5.0,5.0,5ee1241,2026-07-24T10:36:54,1.0,750000,,,,,,DTSA-core,N=40,C3,3363,0,0,True
ta51,50,15,750,DTSA,18,3363,750040,750000,3125,28.668,,,,,40,0.5,6,6,-5.0,5.0,5ee1241,2026-07-24T10:36:54,1.0,750000,,,,,,DTSA+LS,N=40,C3,3363,14,0,True
ta51,50,15,750,DTSA,19,3226,750040,750000,3125,28.498,,,,,40,0.5,6,6,-5.0,5.0,5ee1241,2026-07-24T10:36:55,1.0,750000,,,,,,DTSA-core,N=40,C3,3226,0,0,True
ta51,50,15,750,DTSA,19,3226,750040,750000,3125,28.498,,,,,40,0.5,6,6,-5.0,5.0,5ee1241,2026-07-24T10:36:55,1.0,750000,,,,,,DTSA+LS,N=40,C3,3226,15,0,True
ta52,50,15,750,DTSA,0,3278,750040,750000,3125,29.781,,,,,40,0.5,6,6,-5.0,5.0,5ee1241,2026-07-24T10:37:24,1.0,750000,,,,,,DTSA-core,N=40,C3,3278,0,0,True
ta52,50,15,750,DTSA,0,3278,750040,750000,3125,29.781,,,,,40,0.5,6,6,-5.0,5.0,5ee1241,2026-07-24T10:37:24,1.0,750000,,,,,,DTSA+LS,N=40,C3,3278,4,0,True
ta52,50,15,750,DTSA,1,3223,750040,750000,3125,30.773,,,,,40,0.5,6,6,-5.0,5.0,5ee1241,2026-07-24T10:37:25,1.0,750000,,,,,,DTSA-core,N=40,C3,3223,0,0,True
ta52,50,15,750,DTSA,1,3223,750040,750000,3125,30.773,,,,,40,0.5,6,6,-5.0,5.0,5ee1241,2026-07-24T10:37:25,1.0,750000,,,,,,DTSA+LS,N=40,C3,3223,4,0,True
ta52,50,15,750,DTSA,2,3241,750040,750000,3125,30.102,,,,,40,0.5,6,6,-5.0,5.0,5ee1241,2026-07-24T10:37:25,1.0,750000,,,,,,DTSA-core,N=40,C3,3241,0,0,True
ta52,50,15,750,DTSA,2,3241,750040,750000,3125,30.102,,,,,40,0.5,6,6,-5.0,5.0,5ee1241,2026-07-24T10:37:25,1.0,750000,,,,,,DTSA+LS,N=40,C3,3241,8,0,True
ta52,50,15,750,DTSA,3,3308,750040,750000,3125,30.199,,,,,40,0.5,6,6,-5.0,5.0,5ee1241,2026-07-24T10:37:25,1.0,750000,,,,,,DTSA-core,N=40,C3,3308,0,0,True
ta52,50,15,750,DTSA,3,3308,750040,750000,3125,30.199,,,,,40,0.5,6,6,-5.0,5.0,5ee1241,2026-07-24T10:37:25,1.0,750000,,,,,,DTSA+LS,N=40,C3,3308,4,0,True
ta52,50,15,750,DTSA,4,3223,750040,750000,3125,29.116,,,,,40,0.5,6,6,-5.0,5.0,5ee1241,2026-07-24T10:37:24,1.0,750000,,,,,,DTSA-core,N=40,C3,3223,0,0,True
ta52,50,15,750,DTSA,4,3223,750040,750000,3125,29.116,,,,,40,0.5,6,6,-5.0,5.0,5ee1241,2026-07-24T10:37:24,1.0,750000,,,,,,DTSA+LS,N=40,C3,3223,13,0,True
ta52,50,15,750,DTSA,5,3227,750040,750000,3125,30.142,,,,,40,0.5,6,6,-5.0,5.0,5ee1241,2026-07-24T10:37:25,1.0,750000,,,,,,DTSA-core,N=40,C3,3227,0,0,True
ta52,50,15,750,DTSA,5,3227,750040,750000,3125,30.142,,,,,40,0.5,6,6,-5.0,5.0,5ee1241,2026-07-24T10:37:25,1.0,750000,,,,,,DTSA+LS,N=40,C3,3227,5,0,True
ta52,50,15,750,DTSA,6,3114,750040,750000,3125,30.13,,,,,40,0.5,6,6,-5.0,5.0,5ee1241,2026-07-24T10:37:54,1.0,750000,,,,,,DTSA-core,N=40,C3,3114,0,0,True
ta52,50,15,750,DTSA,6,3114,750040,750000,3125,30.13,,,,,40,0.5,6,6,-5.0,5.0,5ee1241,2026-07-24T10:37:54,1.0,750000,,,,,,DTSA+LS,N=40,C3,3114,7,0,True
ta52,50,15,750,DTSA,7,3188,750040,750000,3125,30.88,,,,,40,0.5,6,6,-5.0,5.0,5ee1241,2026-07-24T10:37:55,1.0,750000,,,,,,DTSA-core,N=40,C3,3188,0,0,True
ta52,50,15,750,DTSA,7,3188,750040,750000,3125,30.88,,,,,40,0.5,6,6,-5.0,5.0,5ee1241,2026-07-24T10:37:55,1.0,750000,,,,,,DTSA+LS,N=40,C3,3188,16,0,True
ta52,50,15,750,DTSA,8,3222,750040,750000,3125,30.466,,,,,40,0.5,6,6,-5.0,5.0,5ee1241,2026-07-24T10:37:55,1.0,750000,,,,,,DTSA-core,N=40,C3,3222,0,0,True
ta52,50,15,750,DTSA,8,3222,750040,750000,3125,30.466,,,,,40,0.5,6,6,-5.0,5.0,5ee1241,2026-07-24T10:37:55,1.0,750000,,,,,,DTSA+LS,N=40,C3,3222,6,0,True
ta52,50,15,750,DTSA,9,3232,750040,750000,3125,30.252,,,,,40,0.5,6,6,-5.0,5.0,5ee1241,2026-07-24T10:37:55,1.0,750000,,,,,,DTSA-core,N=40,C3,3232,0,0,True
ta52,50,15,750,DTSA,9,3232,750040,750000,3125,30.252,,,,,40,0.5,6,6,-5.0,5.0,5ee1241,2026-07-24T10:37:55,1.0,750000,,,,,,DTSA+LS,N=40,C3,3232,6,0,True
ta52,50,15,750,DTSA,10,3212,750040,750000,3125,30.284,,,,,40,0.5,6,6,-5.0,5.0,5ee1241,2026-07-24T10:37:55,1.0,750000,,,,,,DTSA-core,N=40,C3,3212,0,0,True
ta52,50,15,750,DTSA,10,3212,750040,750000,3125,30.284,,,,,40,0.5,6,6,-5.0,5.0,5ee1241,2026-07-24T10:37:55,1.0,750000,,,,,,DTSA+LS,N=40,C3,3212,6,0,True
ta52,50,15,750,DTSA,11,3200,750040,750000,3125,30.372,,,,,40,0.5,6,6,-5.0,5.0,5ee1241,2026-07-24T10:37:56,1.0,750000,,,,,,DTSA-core,N=40,C3,3200,0,0,True
ta52,50,15,750,DTSA,11,3200,750040,750000,3125,30.372,,,,,40,0.5,6,6,-5.0,5.0,5ee1241,2026-07-24T10:37:56,1.0,750000,,,,,,DTSA+LS,N=40,C3,3200,6,0,True
ta52,50,15,750,DTSA,12,3164,750040,750000,3125,29.935,,,,,40,0.5,6,6,-5.0,5.0,5ee1241,2026-07-24T10:38:24,1.0,750000,,,,,,DTSA-core,N=40,C3,3164,0,0,True
ta52,50,15,750,DTSA,12,3164,750040,750000,3125,29.935,,,,,40,0.5,6,6,-5.0,5.0,5ee1241,2026-07-24T10:38:24,1.0,750000,,,,,,DTSA+LS,N=40,C3,3164,15,0,True
ta52,50,15,750,DTSA,13,3358,750040,750000,3125,29.87,,,,,40,0.5,6,6,-5.0,5.0,5ee1241,2026-07-24T10:38:25,1.0,750000,,,,,,DTSA-core,N=40,C3,3358,0,0,True
ta52,50,15,750,DTSA,13,3358,750040,750000,3125,29.87,,,,,40,0.5,6,6,-5.0,5.0,5ee1241,2026-07-24T10:38:25,1.0,750000,,,,,,DTSA+LS,N=40,C3,3358,11,0,True
ta52,50,15,750,DTSA,14,3139,750040,750000,3125,30.254,,,,,40,0.5,6,6,-5.0,5.0,5ee1241,2026-07-24T10:38:26,1.0,750000,,,,,,DTSA-core,N=40,C3,3139,0,0,True
ta52,50,15,750,DTSA,14,3139,750040,750000,3125,30.254,,,,,40,0.5,6,6,-5.0,5.0,5ee1241,2026-07-24T10:38:26,1.0,750000,,,,,,DTSA+LS,N=40,C3,3139,8,0,True
ta52,50,15,750,DTSA,15,3255,750040,750000,3125,29.899,,,,,40,0.5,6,6,-5.0,5.0,5ee1241,2026-07-24T10:38:25,1.0,750000,,,,,,DTSA-core,N=40,C3,3255,0,0,True
ta52,50,15,750,DTSA,15,3255,750040,750000,3125,29.899,,,,,40,0.5,6,6,-5.0,5.0,5ee1241,2026-07-24T10:38:25,1.0,750000,,,,,,DTSA+LS,N=40,C3,3255,6,0,True
ta52,50,15,750,DTSA,16,3168,750040,750000,3125,30.244,,,,,40,0.5,6,6,-5.0,5.0,5ee1241,2026-07-24T10:38:26,1.0,750000,,,,,,DTSA-core,N=40,C3,3168,0,0,True
ta52,50,15,750,DTSA,16,3168,750040,750000,3125,30.244,,,,,40,0.5,6,6,-5.0,5.0,5ee1241,2026-07-24T10:38:26,1.0,750000,,,,,,DTSA+LS,N=40,C3,3168,6,0,True
ta52,50,15,750,DTSA,17,3133,750040,750000,3125,30.71,,,,,40,0.5,6,6,-5.0,5.0,5ee1241,2026-07-24T10:38:27,1.0,750000,,,,,,DTSA-core,N=40,C3,3133,0,0,True
ta52,50,15,750,DTSA,17,3133,750040,750000,3125,30.71,,,,,40,0.5,6,6,-5.0,5.0,5ee1241,2026-07-24T10:38:27,1.0,750000,,,,,,DTSA+LS,N=40,C3,3133,6,0,True
ta52,50,15,750,DTSA,18,3143,750040,750000,3125,28.844,,,,,40,0.5,6,6,-5.0,5.0,5ee1241,2026-07-24T10:38:53,1.0,750000,,,,,,DTSA-core,N=40,C3,3143,0,0,True
ta52,50,15,750,DTSA,18,3143,750040,750000,3125,28.844,,,,,40,0.5,6,6,-5.0,5.0,5ee1241,2026-07-24T10:38:53,1.0,750000,,,,,,DTSA+LS,N=40,C3,3143,8,0,True
ta52,50,15,750,DTSA,19,3375,750040,750000,3125,28.884,,,,,40,0.5,6,6,-5.0,5.0,5ee1241,2026-07-24T10:38:54,1.0,750000,,,,,,DTSA-core,N=40,C3,3375,0,0,True
ta52,50,15,750,DTSA,19,3375,750040,750000,3125,28.884,,,,,40,0.5,6,6,-5.0,5.0,5ee1241,2026-07-24T10:38:54,1.0,750000,,,,,,DTSA+LS,N=40,C3,3375,6,0,True
ta53,50,15,750,DTSA,0,2970,750040,750000,3125,29.491,,,,,40,0.5,6,6,-5.0,5.0,5ee1241,2026-07-24T10:39:23,1.0,750000,,,,,,DTSA-core,N=40,C3,2970,0,0,True
ta53,50,15,750,DTSA,0,2970,750040,750000,3125,29.491,,,,,40,0.5,6,6,-5.0,5.0,5ee1241,2026-07-24T10:39:23,1.0,750000,,,,,,DTSA+LS,N=40,C3,2970,12,0,True
ta53,50,15,750,DTSA,1,2945,750040,750000,3125,28.961,,,,,40,0.5,6,6,-5.0,5.0,5ee1241,2026-07-24T10:39:23,1.0,750000,,,,,,DTSA-core,N=40,C3,2945,0,0,True
ta53,50,15,750,DTSA,1,2945,750040,750000,3125,28.961,,,,,40,0.5,6,6,-5.0,5.0,5ee1241,2026-07-24T10:39:23,1.0,750000,,,,,,DTSA+LS,N=40,C3,2945,10,0,True
ta53,50,15,750,DTSA,2,2914,750040,750000,3125,30.038,,,,,40,0.5,6,6,-5.0,5.0,5ee1241,2026-07-24T10:39:24,1.0,750000,,,,,,DTSA-core,N=40,C3,2914,0,0,True
ta53,50,15,750,DTSA,2,2914,750040,750000,3125,30.038,,,,,40,0.5,6,6,-5.0,5.0,5ee1241,2026-07-24T10:39:24,1.0,750000,,,,,,DTSA+LS,N=40,C3,2914,7,0,True
ta53,50,15,750,DTSA,3,2927,750040,750000,3125,29.769,,,,,40,0.5,6,6,-5.0,5.0,5ee1241,2026-07-24T10:39:24,1.0,750000,,,,,,DTSA-core,N=40,C3,2927,0,0,True
ta53,50,15,750,DTSA,3,2927,750040,750000,3125,29.769,,,,,40,0.5,6,6,-5.0,5.0,5ee1241,2026-07-24T10:39:24,1.0,750000,,,,,,DTSA+LS,N=40,C3,2927,4,0,True
ta53,50,15,750,DTSA,4,2974,750040,750000,3125,29.143,,,,,40,0.5,6,6,-5.0,5.0,5ee1241,2026-07-24T10:39:23,1.0,750000,,,,,,DTSA-core,N=40,C3,2974,0,0,True
ta53,50,15,750,DTSA,4,2974,750040,750000,3125,29.143,,,,,40,0.5,6,6,-5.0,5.0,5ee1241,2026-07-24T10:39:23,1.0,750000,,,,,,DTSA+LS,N=40,C3,2974,7,0,True
ta53,50,15,750,DTSA,5,2932,750040,750000,3125,29.518,,,,,40,0.5,6,6,-5.0,5.0,5ee1241,2026-07-24T10:39:24,1.0,750000,,,,,,DTSA-core,N=40,C3,2932,0,0,True
ta53,50,15,750,DTSA,5,2932,750040,750000,3125,29.518,,,,,40,0.5,6,6,-5.0,5.0,5ee1241,2026-07-24T10:39:24,1.0,750000,,,,,,DTSA+LS,N=40,C3,2932,10,0,True
ta53,50,15,750,DTSA,6,2998,750040,750000,3125,29.585,,,,,40,0.5,6,6,-5.0,5.0,5ee1241,2026-07-24T10:39:53,1.0,750000,,,,,,DTSA-core,N=40,C3,2998,0,0,True
ta53,50,15,750,DTSA,6,2998,750040,750000,3125,29.585,,,,,40,0.5,6,6,-5.0,5.0,5ee1241,2026-07-24T10:39:53,1.0,750000,,,,,,DTSA+LS,N=40,C3,2998,11,0,True
ta53,50,15,750,DTSA,7,2932,750040,750000,3125,28.982,,,,,40,0.5,6,6,-5.0,5.0,5ee1241,2026-07-24T10:39:52,1.0,750000,,,,,,DTSA-core,N=40,C3,2932,0,0,True
ta53,50,15,750,DTSA,7,2932,750040,750000,3125,28.982,,,,,40,0.5,6,6,-5.0,5.0,5ee1241,2026-07-24T10:39:52,1.0,750000,,,,,,DTSA+LS,N=40,C3,2932,4,0,True
ta53,50,15,750,DTSA,8,2992,750040,750000,3125,30.521,,,,,40,0.5,6,6,-5.0,5.0,5ee1241,2026-07-24T10:39:54,1.0,750000,,,,,,DTSA-core,N=40,C3,2992,0,0,True
ta53,50,15,750,DTSA,8,2992,750040,750000,3125,30.521,,,,,40,0.5,6,6,-5.0,5.0,5ee1241,2026-07-24T10:39:54,1.0,750000,,,,,,DTSA+LS,N=40,C3,2992,8,0,True
ta53,50,15,750,DTSA,9,2998,750040,750000,3125,29.867,,,,,40,0.5,6,6,-5.0,5.0,5ee1241,2026-07-24T10:39:53,1.0,750000,,,,,,DTSA-core,N=40,C3,2998,0,0,True
ta53,50,15,750,DTSA,9,2998,750040,750000,3125,29.867,,,,,40,0.5,6,6,-5.0,5.0,5ee1241,2026-07-24T10:39:53,1.0,750000,,,,,,DTSA+LS,N=40,C3,2998,10,0,True
ta53,50,15,750,DTSA,10,2927,750040,750000,3125,30.092,,,,,40,0.5,6,6,-5.0,5.0,5ee1241,2026-07-24T10:39:54,1.0,750000,,,,,,DTSA-core,N=40,C3,2927,0,0,True
ta53,50,15,750,DTSA,10,2927,750040,750000,3125,30.092,,,,,40,0.5,6,6,-5.0,5.0,5ee1241,2026-07-24T10:39:54,1.0,750000,,,,,,DTSA+LS,N=40,C3,2927,6,0,True
ta53,50,15,750,DTSA,11,2971,750040,750000,3125,29.705,,,,,40,0.5,6,6,-5.0,5.0,5ee1241,2026-07-24T10:39:54,1.0,750000,,,,,,DTSA-core,N=40,C3,2971,0,0,True
ta53,50,15,750,DTSA,11,2971,750040,750000,3125,29.705,,,,,40,0.5,6,6,-5.0,5.0,5ee1241,2026-07-24T10:39:54,1.0,750000,,,,,,DTSA+LS,N=40,C3,2971,7,0,True
ta53,50,15,750,DTSA,12,2965,750040,750000,3125,30.168,,,,,40,0.5,6,6,-5.0,5.0,5ee1241,2026-07-24T10:40:22,1.0,750000,,,,,,DTSA-core,N=40,C3,2965,0,0,True
ta53,50,15,750,DTSA,12,2965,750040,750000,3125,30.168,,,,,40,0.5,6,6,-5.0,5.0,5ee1241,2026-07-24T10:40:22,1.0,750000,,,,,,DTSA+LS,N=40,C3,2965,15,0,True
ta53,50,15,750,DTSA,13,2917,750040,750000,3125,30.125,,,,,40,0.5,6,6,-5.0,5.0,5ee1241,2026-07-24T10:40:23,1.0,750000,,,,,,DTSA-core,N=40,C3,2917,0,0,True
ta53,50,15,750,DTSA,13,2917,750040,750000,3125,30.125,,,,,40,0.5,6,6,-5.0,5.0,5ee1241,2026-07-24T10:40:23,1.0,750000,,,,,,DTSA+LS,N=40,C3,2917,13,0,True
ta53,50,15,750,DTSA,14,2930,750040,750000,3125,30.11,,,,,40,0.5,6,6,-5.0,5.0,5ee1241,2026-07-24T10:40:24,1.0,750000,,,,,,DTSA-core,N=40,C3,2930,0,0,True
ta53,50,15,750,DTSA,14,2930,750040,750000,3125,30.11,,,,,40,0.5,6,6,-5.0,5.0,5ee1241,2026-07-24T10:40:24,1.0,750000,,,,,,DTSA+LS,N=40,C3,2930,5,0,True
ta53,50,15,750,DTSA,15,2926,750040,750000,3125,29.861,,,,,40,0.5,6,6,-5.0,5.0,5ee1241,2026-07-24T10:40:24,1.0,750000,,,,,,DTSA-core,N=40,C3,2926,0,0,True
ta53,50,15,750,DTSA,15,2926,750040,750000,3125,29.861,,,,,40,0.5,6,6,-5.0,5.0,5ee1241,2026-07-24T10:40:24,1.0,750000,,,,,,DTSA+LS,N=40,C3,2926,10,0,True
ta53,50,15,750,DTSA,16,2929,750040,750000,3125,30.357,,,,,40,0.5,6,6,-5.0,5.0,5ee1241,2026-07-24T10:40:24,1.0,750000,,,,,,DTSA-core,N=40,C3,2929,0,0,True
ta53,50,15,750,DTSA,16,2929,750040,750000,3125,30.357,,,,,40,0.5,6,6,-5.0,5.0,5ee1241,2026-07-24T10:40:24,1.0,750000,,,,,,DTSA+LS,N=40,C3,2929,10,0,True
ta53,50,15,750,DTSA,17,2985,750040,750000,3125,29.336,,,,,40,0.5,6,6,-5.0,5.0,5ee1241,2026-07-24T10:40:23,1.0,750000,,,,,,DTSA-core,N=40,C3,2985,0,0,True
ta53,50,15,750,DTSA,17,2985,750040,750000,3125,29.336,,,,,40,0.5,6,6,-5.0,5.0,5ee1241,2026-07-24T10:40:23,1.0,750000,,,,,,DTSA+LS,N=40,C3,2985,7,0,True
ta53,50,15,750,DTSA,18,2915,750040,750000,3125,28.073,,,,,40,0.5,6,6,-5.0,5.0,5ee1241,2026-07-24T10:40:50,1.0,750000,,,,,,DTSA-core,N=40,C3,2915,0,0,True
ta53,50,15,750,DTSA,18,2915,750040,750000,3125,28.073,,,,,40,0.5,6,6,-5.0,5.0,5ee1241,2026-07-24T10:40:50,1.0,750000,,,,,,DTSA+LS,N=40,C3,2915,6,0,True
ta53,50,15,750,DTSA,19,2898,750040,750000,3125,28.151,,,,,40,0.5,6,6,-5.0,5.0,5ee1241,2026-07-24T10:40:51,1.0,750000,,,,,,DTSA-core,N=40,C3,2898,0,0,True
ta53,50,15,750,DTSA,19,2898,750040,750000,3125,28.151,,,,,40,0.5,6,6,-5.0,5.0,5ee1241,2026-07-24T10:40:51,1.0,750000,,,,,,DTSA+LS,N=40,C3,2898,6,0,True
ta54,50,15,750,DTSA,0,3065,750040,750000,3125,29.551,,,,,40,0.5,6,6,-5.0,5.0,5ee1241,2026-07-24T10:41:21,1.0,750000,,,,,,DTSA-core,N=40,C3,3065,0,0,True
ta54,50,15,750,DTSA,0,3065,750040,750000,3125,29.551,,,,,40,0.5,6,6,-5.0,5.0,5ee1241,2026-07-24T10:41:21,1.0,750000,,,,,,DTSA+LS,N=40,C3,3065,10,0,True
ta54,50,15,750,DTSA,1,3097,750040,750000,3125,30.029,,,,,40,0.5,6,6,-5.0,5.0,5ee1241,2026-07-24T10:41:21,1.0,750000,,,,,,DTSA-core,N=40,C3,3097,0,0,True
ta54,50,15,750,DTSA,1,3097,750040,750000,3125,30.029,,,,,40,0.5,6,6,-5.0,5.0,5ee1241,2026-07-24T10:41:21,1.0,750000,,,,,,DTSA+LS,N=40,C3,3097,2,0,True
ta54,50,15,750,DTSA,2,3071,750040,750000,3125,29.798,,,,,40,0.5,6,6,-5.0,5.0,5ee1241,2026-07-24T10:41:21,1.0,750000,,,,,,DTSA-core,N=40,C3,3071,0,0,True
ta54,50,15,750,DTSA,2,3071,750040,750000,3125,29.798,,,,,40,0.5,6,6,-5.0,5.0,5ee1241,2026-07-24T10:41:21,1.0,750000,,,,,,DTSA+LS,N=40,C3,3071,8,0,True
ta54,50,15,750,DTSA,3,3122,750040,750000,3125,30.221,,,,,40,0.5,6,6,-5.0,5.0,5ee1241,2026-07-24T10:41:21,1.0,750000,,,,,,DTSA-core,N=40,C3,3122,0,0,True
ta54,50,15,750,DTSA,3,3122,750040,750000,3125,30.221,,,,,40,0.5,6,6,-5.0,5.0,5ee1241,2026-07-24T10:41:21,1.0,750000,,,,,,DTSA+LS,N=40,C3,3122,11,0,True
ta54,50,15,750,DTSA,4,3100,750040,750000,3125,30.572,,,,,40,0.5,6,6,-5.0,5.0,5ee1241,2026-07-24T10:41:22,1.0,750000,,,,,,DTSA-core,N=40,C3,3100,0,0,True
ta54,50,15,750,DTSA,4,3100,750040,750000,3125,30.572,,,,,40,0.5,6,6,-5.0,5.0,5ee1241,2026-07-24T10:41:22,1.0,750000,,,,,,DTSA+LS,N=40,C3,3100,4,0,True
ta54,50,15,750,DTSA,5,3078,750040,750000,3125,29.656,,,,,40,0.5,6,6,-5.0,5.0,5ee1241,2026-07-24T10:41:21,1.0,750000,,,,,,DTSA-core,N=40,C3,3078,0,0,True
ta54,50,15,750,DTSA,5,3078,750040,750000,3125,29.656,,,,,40,0.5,6,6,-5.0,5.0,5ee1241,2026-07-24T10:41:21,1.0,750000,,,,,,DTSA+LS,N=40,C3,3078,6,0,True
ta54,50,15,750,DTSA,6,3034,750040,750000,3125,30.992,,,,,40,0.5,6,6,-5.0,5.0,5ee1241,2026-07-24T10:41:52,1.0,750000,,,,,,DTSA-core,N=40,C3,3034,0,0,True
ta54,50,15,750,DTSA,6,3034,750040,750000,3125,30.992,,,,,40,0.5,6,6,-5.0,5.0,5ee1241,2026-07-24T10:41:52,1.0,750000,,,,,,DTSA+LS,N=40,C3,3034,2,0,True
ta54,50,15,750,DTSA,7,3061,750040,750000,3125,30.707,,,,,40,0.5,6,6,-5.0,5.0,5ee1241,2026-07-24T10:41:51,1.0,750000,,,,,,DTSA-core,N=40,C3,3061,0,0,True
ta54,50,15,750,DTSA,7,3061,750040,750000,3125,30.707,,,,,40,0.5,6,6,-5.0,5.0,5ee1241,2026-07-24T10:41:51,1.0,750000,,,,,,DTSA+LS,N=40,C3,3061,6,0,True
ta54,50,15,750,DTSA,8,3103,750040,750000,3125,31.016,,,,,40,0.5,6,6,-5.0,5.0,5ee1241,2026-07-24T10:41:52,1.0,750000,,,,,,DTSA-core,N=40,C3,3103,0,0,True
ta54,50,15,750,DTSA,8,3103,750040,750000,3125,31.016,,,,,40,0.5,6,6,-5.0,5.0,5ee1241,2026-07-24T10:41:52,1.0,750000,,,,,,DTSA+LS,N=40,C3,3103,10,0,True
ta54,50,15,750,DTSA,9,3028,750040,750000,3125,30.479,,,,,40,0.5,6,6,-5.0,5.0,5ee1241,2026-07-24T10:41:52,1.0,750000,,,,,,DTSA-core,N=40,C3,3028,0,0,True
ta54,50,15,750,DTSA,9,3028,750040,750000,3125,30.479,,,,,40,0.5,6,6,-5.0,5.0,5ee1241,2026-07-24T10:41:52,1.0,750000,,,,,,DTSA+LS,N=40,C3,3028,12,0,True
ta54,50,15,750,DTSA,10,3041,750040,750000,3125,30.881,,,,,40,0.5,6,6,-5.0,5.0,5ee1241,2026-07-24T10:41:52,1.0,750000,,,,,,DTSA-core,N=40,C3,3041,0,0,True
ta54,50,15,750,DTSA,10,3041,750040,750000,3125,30.881,,,,,40,0.5,6,6,-5.0,5.0,5ee1241,2026-07-24T10:41:52,1.0,750000,,,,,,DTSA+LS,N=40,C3,3041,2,0,True
ta54,50,15,750,DTSA,11,3147,750040,750000,3125,30.773,,,,,40,0.5,6,6,-5.0,5.0,5ee1241,2026-07-24T10:41:52,1.0,750000,,,,,,DTSA-core,N=40,C3,3147,0,0,True
ta54,50,15,750,DTSA,11,3147,750040,750000,3125,30.773,,,,,40,0.5,6,6,-5.0,5.0,5ee1241,2026-07-24T10:41:52,1.0,750000,,,,,,DTSA+LS,N=40,C3,3147,4,0,True
ta54,50,15,750,DTSA,12,3059,750040,750000,3125,30.534,,,,,40,0.5,6,6,-5.0,5.0,5ee1241,2026-07-24T10:42:22,1.0,750000,,,,,,DTSA-core,N=40,C3,3059,0,0,True
ta54,50,15,750,DTSA,12,3059,750040,750000,3125,30.534,,,,,40,0.5,6,6,-5.0,5.0,5ee1241,2026-07-24T10:42:22,1.0,750000,,,,,,DTSA+LS,N=40,C3,3059,6,0,True
ta54,50,15,750,DTSA,13,3199,750040,750000,3125,30.199,,,,,40,0.5,6,6,-5.0,5.0,5ee1241,2026-07-24T10:42:22,1.0,750000,,,,,,DTSA-core,N=40,C3,3199,0,0,True
ta54,50,15,750,DTSA,13,3199,750040,750000,3125,30.199,,,,,40,0.5,6,6,-5.0,5.0,5ee1241,2026-07-24T10:42:22,1.0,750000,,,,,,DTSA+LS,N=40,C3,3199,16,0,True
ta54,50,15,750,DTSA,14,3087,750040,750000,3125,30.469,,,,,40,0.5,6,6,-5.0,5.0,5ee1241,2026-07-24T10:42:22,1.0,750000,,,,,,DTSA-core,N=40,C3,3087,0,0,True
ta54,50,15,750,DTSA,14,3087,750040,750000,3125,30.469,,,,,40,0.5,6,6,-5.0,5.0,5ee1241,2026-07-24T10:42:22,1.0,750000,,,,,,DTSA+LS,N=40,C3,3087,8,0,True
ta54,50,15,750,DTSA,15,2993,750040,750000,3125,31.288,,,,,40,0.5,6,6,-5.0,5.0,5ee1241,2026-07-24T10:42:23,1.0,750000,,,,,,DTSA-core,N=40,C3,2993,0,0,True
ta54,50,15,750,DTSA,15,2993,750040,750000,3125,31.288,,,,,40,0.5,6,6,-5.0,5.0,5ee1241,2026-07-24T10:42:23,1.0,750000,,,,,,DTSA+LS,N=40,C3,2993,6,0,True
ta54,50,15,750,DTSA,16,3026,750040,750000,3125,30.904,,,,,40,0.5,6,6,-5.0,5.0,5ee1241,2026-07-24T10:42:23,1.0,750000,,,,,,DTSA-core,N=40,C3,3026,0,0,True
ta54,50,15,750,DTSA,16,3026,750040,750000,3125,30.904,,,,,40,0.5,6,6,-5.0,5.0,5ee1241,2026-07-24T10:42:23,1.0,750000,,,,,,DTSA+LS,N=40,C3,3026,17,0,True
ta54,50,15,750,DTSA,17,3112,750040,750000,3125,30.283,,,,,40,0.5,6,6,-5.0,5.0,5ee1241,2026-07-24T10:42:23,1.0,750000,,,,,,DTSA-core,N=40,C3,3112,0,0,True
ta54,50,15,750,DTSA,17,3112,750040,750000,3125,30.283,,,,,40,0.5,6,6,-5.0,5.0,5ee1241,2026-07-24T10:42:23,1.0,750000,,,,,,DTSA+LS,N=40,C3,3112,11,0,True
ta54,50,15,750,DTSA,18,3083,750040,750000,3125,29.342,,,,,40,0.5,6,6,-5.0,5.0,5ee1241,2026-07-24T10:42:51,1.0,750000,,,,,,DTSA-core,N=40,C3,3083,0,0,True
ta54,50,15,750,DTSA,18,3083,750040,750000,3125,29.342,,,,,40,0.5,6,6,-5.0,5.0,5ee1241,2026-07-24T10:42:51,1.0,750000,,,,,,DTSA+LS,N=40,C3,3083,6,0,True
ta54,50,15,750,DTSA,19,3173,750040,750000,3125,29.461,,,,,40,0.5,6,6,-5.0,5.0,5ee1241,2026-07-24T10:42:51,1.0,750000,,,,,,DTSA-core,N=40,C3,3173,0,0,True
ta54,50,15,750,DTSA,19,3173,750040,750000,3125,29.461,,,,,40,0.5,6,6,-5.0,5.0,5ee1241,2026-07-24T10:42:51,1.0,750000,,,,,,DTSA+LS,N=40,C3,3173,4,0,True
ta55,50,15,750,DTSA,0,3169,750040,750000,3125,32.981,,,,,40,0.5,6,6,-5.0,5.0,5ee1241,2026-07-24T10:43:24,1.0,750000,,,,,,DTSA-core,N=40,C3,3169,0,0,True
ta55,50,15,750,DTSA,0,3169,750040,750000,3125,32.981,,,,,40,0.5,6,6,-5.0,5.0,5ee1241,2026-07-24T10:43:24,1.0,750000,,,,,,DTSA+LS,N=40,C3,3169,6,0,True
ta55,50,15,750,DTSA,1,3227,750040,750000,3125,32.075,,,,,40,0.5,6,6,-5.0,5.0,5ee1241,2026-07-24T10:43:24,1.0,750000,,,,,,DTSA-core,N=40,C3,3227,0,0,True
ta55,50,15,750,DTSA,1,3227,750040,750000,3125,32.075,,,,,40,0.5,6,6,-5.0,5.0,5ee1241,2026-07-24T10:43:24,1.0,750000,,,,,,DTSA+LS,N=40,C3,3227,6,0,True
ta55,50,15,750,DTSA,2,3095,750040,750000,3125,32.808,,,,,40,0.5,6,6,-5.0,5.0,5ee1241,2026-07-24T10:43:24,1.0,750000,,,,,,DTSA-core,N=40,C3,3095,0,0,True
ta55,50,15,750,DTSA,2,3095,750040,750000,3125,32.808,,,,,40,0.5,6,6,-5.0,5.0,5ee1241,2026-07-24T10:43:24,1.0,750000,,,,,,DTSA+LS,N=40,C3,3095,8,0,True
ta55,50,15,750,DTSA,3,3085,750040,750000,3125,32.831,,,,,40,0.5,6,6,-5.0,5.0,5ee1241,2026-07-24T10:43:24,1.0,750000,,,,,,DTSA-core,N=40,C3,3085,0,0,True
ta55,50,15,750,DTSA,3,3085,750040,750000,3125,32.831,,,,,40,0.5,6,6,-5.0,5.0,5ee1241,2026-07-24T10:43:24,1.0,750000,,,,,,DTSA+LS,N=40,C3,3085,8,0,True
ta55,50,15,750,DTSA,4,3294,750040,750000,3125,29.536,,,,,40,0.5,6,6,-5.0,5.0,5ee1241,2026-07-24T10:43:21,1.0,750000,,,,,,DTSA-core,N=40,C3,3294,0,0,True
ta55,50,15,750,DTSA,4,3294,750040,750000,3125,29.536,,,,,40,0.5,6,6,-5.0,5.0,5ee1241,2026-07-24T10:43:21,1.0,750000,,,,,,DTSA+LS,N=40,C3,3294,10,0,True
ta55,50,15,750,DTSA,5,3188,750040,750000,3125,32.544,,,,,40,0.5,6,6,-5.0,5.0,5ee1241,2026-07-24T10:43:24,1.0,750000,,,,,,DTSA-core,N=40,C3,3188,0,0,True
ta55,50,15,750,DTSA,5,3188,750040,750000,3125,32.544,,,,,40,0.5,6,6,-5.0,5.0,5ee1241,2026-07-24T10:43:24,1.0,750000,,,,,,DTSA+LS,N=40,C3,3188,10,0,True
ta55,50,15,750,DTSA,6,3262,750040,750000,3125,33.299,,,,,40,0.5,6,6,-5.0,5.0,5ee1241,2026-07-24T10:43:54,1.0,750000,,,,,,DTSA-core,N=40,C3,3262,0,0,True
ta55,50,15,750,DTSA,6,3262,750040,750000,3125,33.299,,,,,40,0.5,6,6,-5.0,5.0,5ee1241,2026-07-24T10:43:54,1.0,750000,,,,,,DTSA+LS,N=40,C3,3262,9,0,True
ta55,50,15,750,DTSA,7,3167,750040,750000,3125,33.181,,,,,40,0.5,6,6,-5.0,5.0,5ee1241,2026-07-24T10:43:57,1.0,750000,,,,,,DTSA-core,N=40,C3,3167,0,0,True
ta55,50,15,750,DTSA,7,3167,750040,750000,3125,33.181,,,,,40,0.5,6,6,-5.0,5.0,5ee1241,2026-07-24T10:43:57,1.0,750000,,,,,,DTSA+LS,N=40,C3,3167,8,0,True
ta55,50,15,750,DTSA,8,3128,750040,750000,3125,30.509,,,,,40,0.5,6,6,-5.0,5.0,5ee1241,2026-07-24T10:43:55,1.0,750000,,,,,,DTSA-core,N=40,C3,3128,0,0,True
ta55,50,15,750,DTSA,8,3128,750040,750000,3125,30.509,,,,,40,0.5,6,6,-5.0,5.0,5ee1241,2026-07-24T10:43:55,1.0,750000,,,,,,DTSA+LS,N=40,C3,3128,12,0,True
ta55,50,15,750,DTSA,9,3071,750040,750000,3125,33.358,,,,,40,0.5,6,6,-5.0,5.0,5ee1241,2026-07-24T10:43:58,1.0,750000,,,,,,DTSA-core,N=40,C3,3071,0,0,True
ta55,50,15,750,DTSA,9,3067,750040,750000,3125,33.358,,,,,40,0.5,6,6,-5.0,5.0,5ee1241,2026-07-24T10:43:58,1.0,750000,,,,,,DTSA+LS,N=40,C3,3071,17,3,True
ta55,50,15,750,DTSA,10,3201,750040,750000,3125,33.469,,,,,40,0.5,6,6,-5.0,5.0,5ee1241,2026-07-24T10:43:58,1.0,750000,,,,,,DTSA-core,N=40,C3,3201,0,0,True
ta55,50,15,750,DTSA,10,3182,750040,750000,3125,33.469,,,,,40,0.5,6,6,-5.0,5.0,5ee1241,2026-07-24T10:43:58,1.0,750000,,,,,,DTSA+LS,N=40,C3,3201,35,7,True
ta55,50,15,750,DTSA,11,3239,750040,750000,3125,32.638,,,,,40,0.5,6,6,-5.0,5.0,5ee1241,2026-07-24T10:43:57,1.0,750000,,,,,,DTSA-core,N=40,C3,3239,0,0,True
ta55,50,15,750,DTSA,11,3239,750040,750000,3125,32.638,,,,,40,0.5,6,6,-5.0,5.0,5ee1241,2026-07-24T10:43:57,1.0,750000,,,,,,DTSA+LS,N=40,C3,3239,16,0,True
ta55,50,15,750,DTSA,12,3096,750040,750000,3125,30.364,,,,,40,0.5,6,6,-5.0,5.0,5ee1241,2026-07-24T10:44:25,1.0,750000,,,,,,DTSA-core,N=40,C3,3096,0,0,True
ta55,50,15,750,DTSA,12,3096,750040,750000,3125,30.364,,,,,40,0.5,6,6,-5.0,5.0,5ee1241,2026-07-24T10:44:25,1.0,750000,,,,,,DTSA+LS,N=40,C3,3096,6,0,True
ta55,50,15,750,DTSA,13,3179,750040,750000,3125,32.924,,,,,40,0.5,6,6,-5.0,5.0,5ee1241,2026-07-24T10:44:28,1.0,750000,,,,,,DTSA-core,N=40,C3,3179,0,0,True
ta55,50,15,750,DTSA,13,3179,750040,750000,3125,32.924,,,,,40,0.5,6,6,-5.0,5.0,5ee1241,2026-07-24T10:44:28,1.0,750000,,,,,,DTSA+LS,N=40,C3,3179,9,0,True
ta55,50,15,750,DTSA,14,3118,750040,750000,3125,33.487,,,,,40,0.5,6,6,-5.0,5.0,5ee1241,2026-07-24T10:44:30,1.0,750000,,,,,,DTSA-core,N=40,C3,3118,0,0,True
ta55,50,15,750,DTSA,14,3118,750040,750000,3125,33.487,,,,,40,0.5,6,6,-5.0,5.0,5ee1241,2026-07-24T10:44:30,1.0,750000,,,,,,DTSA+LS,N=40,C3,3118,6,0,True
ta55,50,15,750,DTSA,15,3179,750040,750000,3125,33.239,,,,,40,0.5,6,6,-5.0,5.0,5ee1241,2026-07-24T10:44:30,1.0,750000,,,,,,DTSA-core,N=40,C3,3179,0,0,True
ta55,50,15,750,DTSA,15,3179,750040,750000,3125,33.239,,,,,40,0.5,6,6,-5.0,5.0,5ee1241,2026-07-24T10:44:30,1.0,750000,,,,,,DTSA+LS,N=40,C3,3179,5,0,True
ta55,50,15,750,DTSA,16,3297,750040,750000,3125,33.593,,,,,40,0.5,6,6,-5.0,5.0,5ee1241,2026-07-24T10:44:31,1.0,750000,,,,,,DTSA-core,N=40,C3,3297,0,0,True
ta55,50,15,750,DTSA,16,3297,750040,750000,3125,33.593,,,,,40,0.5,6,6,-5.0,5.0,5ee1241,2026-07-24T10:44:31,1.0,750000,,,,,,DTSA+LS,N=40,C3,3297,8,0,True
ta55,50,15,750,DTSA,17,3273,750040,750000,3125,33.213,,,,,40,0.5,6,6,-5.0,5.0,5ee1241,2026-07-24T10:44:31,1.0,750000,,,,,,DTSA-core,N=40,C3,3273,0,0,True
ta55,50,15,750,DTSA,17,3273,750040,750000,3125,33.213,,,,,40,0.5,6,6,-5.0,5.0,5ee1241,2026-07-24T10:44:31,1.0,750000,,,,,,DTSA+LS,N=40,C3,3273,8,0,True
ta55,50,15,750,DTSA,18,3170,750040,750000,3125,31.905,,,,,40,0.5,6,6,-5.0,5.0,5ee1241,2026-07-24T10:44:57,1.0,750000,,,,,,DTSA-core,N=40,C3,3170,0,0,True
ta55,50,15,750,DTSA,18,3170,750040,750000,3125,31.905,,,,,40,0.5,6,6,-5.0,5.0,5ee1241,2026-07-24T10:44:57,1.0,750000,,,,,,DTSA+LS,N=40,C3,3170,10,0,True
ta55,50,15,750,DTSA,19,3157,750040,750000,3125,31.425,,,,,40,0.5,6,6,-5.0,5.0,5ee1241,2026-07-24T10:44:59,1.0,750000,,,,,,DTSA-core,N=40,C3,3157,0,0,True
ta55,50,15,750,DTSA,19,3157,750040,750000,3125,31.425,,,,,40,0.5,6,6,-5.0,5.0,5ee1241,2026-07-24T10:44:59,1.0,750000,,,,,,DTSA+LS,N=40,C3,3157,11,0,True
ta61,50,20,1000,DTSA,0,3287,1000120,1000000,4167,50.28,,,,,40,0.5,6,6,-5.0,5.0,5ee1241,2026-07-24T10:45:49,1.0,1000080,,,,,,DTSA-core,N=40,C3,3287,0,0,True
ta61,50,20,1000,DTSA,0,3287,1000120,1000000,4167,50.28,,,,,40,0.5,6,6,-5.0,5.0,5ee1241,2026-07-24T10:45:49,1.0,1000080,,,,,,DTSA+LS,N=40,C3,3287,7,0,True
ta61,50,20,1000,DTSA,1,3280,1000120,1000000,4167,50.294,,,,,40,0.5,6,6,-5.0,5.0,5ee1241,2026-07-24T10:45:49,1.0,1000080,,,,,,DTSA-core,N=40,C3,3280,0,0,True
ta61,50,20,1000,DTSA,1,3280,1000120,1000000,4167,50.294,,,,,40,0.5,6,6,-5.0,5.0,5ee1241,2026-07-24T10:45:49,1.0,1000080,,,,,,DTSA+LS,N=40,C3,3280,10,0,True
ta61,50,20,1000,DTSA,2,3309,1000120,1000000,4167,50.549,,,,,40,0.5,6,6,-5.0,5.0,5ee1241,2026-07-24T10:45:50,1.0,1000080,,,,,,DTSA-core,N=40,C3,3309,0,0,True
ta61,50,20,1000,DTSA,2,3309,1000120,1000000,4167,50.549,,,,,40,0.5,6,6,-5.0,5.0,5ee1241,2026-07-24T10:45:50,1.0,1000080,,,,,,DTSA+LS,N=40,C3,3309,7,0,True
ta61,50,20,1000,DTSA,3,3391,1000120,1000000,4167,50.374,,,,,40,0.5,6,6,-5.0,5.0,5ee1241,2026-07-24T10:45:49,1.0,1000080,,,,,,DTSA-core,N=40,C3,3391,0,0,True
ta61,50,20,1000,DTSA,3,3391,1000120,1000000,4167,50.374,,,,,40,0.5,6,6,-5.0,5.0,5ee1241,2026-07-24T10:45:49,1.0,1000080,,,,,,DTSA+LS,N=40,C3,3391,15,0,True
ta61,50,20,1000,DTSA,4,3333,1000120,1000000,4167,49.583,,,,,40,0.5,6,6,-5.0,5.0,5ee1241,2026-07-24T10:45:49,1.0,1000080,,,,,,DTSA-core,N=40,C3,3333,0,0,True
ta61,50,20,1000,DTSA,4,3333,1000120,1000000,4167,49.583,,,,,40,0.5,6,6,-5.0,5.0,5ee1241,2026-07-24T10:45:49,1.0,1000080,,,,,,DTSA+LS,N=40,C3,3333,20,0,True
ta61,50,20,1000,DTSA,5,3279,1000120,1000000,4167,51.738,,,,,40,0.5,6,6,-5.0,5.0,5ee1241,2026-07-24T10:45:51,1.0,1000080,,,,,,DTSA-core,N=40,C3,3279,0,0,True
ta61,50,20,1000,DTSA,5,3279,1000120,1000000,4167,51.738,,,,,40,0.5,6,6,-5.0,5.0,5ee1241,2026-07-24T10:45:51,1.0,1000080,,,,,,DTSA+LS,N=40,C3,3279,15,0,True
ta61,50,20,1000,DTSA,6,3299,1000120,1000000,4167,50.275,,,,,40,0.5,6,6,-5.0,5.0,5ee1241,2026-07-24T10:46:39,1.0,1000080,,,,,,DTSA-core,N=40,C3,3299,0,0,True
ta61,50,20,1000,DTSA,6,3299,1000120,1000000,4167,50.275,,,,,40,0.5,6,6,-5.0,5.0,5ee1241,2026-07-24T10:46:39,1.0,1000080,,,,,,DTSA+LS,N=40,C3,3299,6,0,True
ta61,50,20,1000,DTSA,7,3301,1000120,1000000,4167,51.029,,,,,40,0.5,6,6,-5.0,5.0,5ee1241,2026-07-24T10:46:40,1.0,1000080,,,,,,DTSA-core,N=40,C3,3301,0,0,True
ta61,50,20,1000,DTSA,7,3301,1000120,1000000,4167,51.029,,,,,40,0.5,6,6,-5.0,5.0,5ee1241,2026-07-24T10:46:40,1.0,1000080,,,,,,DTSA+LS,N=40,C3,3301,12,0,True
ta61,50,20,1000,DTSA,8,3241,1000120,1000000,4167,50.879,,,,,40,0.5,6,6,-5.0,5.0,5ee1241,2026-07-24T10:46:40,1.0,1000080,,,,,,DTSA-core,N=40,C3,3241,0,0,True
ta61,50,20,1000,DTSA,8,3241,1000120,1000000,4167,50.879,,,,,40,0.5,6,6,-5.0,5.0,5ee1241,2026-07-24T10:46:40,1.0,1000080,,,,,,DTSA+LS,N=40,C3,3241,13,0,True
ta61,50,20,1000,DTSA,9,3322,1000120,1000000,4167,50.217,,,,,40,0.5,6,6,-5.0,5.0,5ee1241,2026-07-24T10:46:40,1.0,1000080,,,,,,DTSA-core,N=40,C3,3322,0,0,True
ta61,50,20,1000,DTSA,9,3322,1000120,1000000,4167,50.217,,,,,40,0.5,6,6,-5.0,5.0,5ee1241,2026-07-24T10:46:40,1.0,1000080,,,,,,DTSA+LS,N=40,C3,3322,9,0,True
ta61,50,20,1000,DTSA,10,3288,1000120,1000000,4167,51.418,,,,,40,0.5,6,6,-5.0,5.0,5ee1241,2026-07-24T10:46:41,1.0,1000080,,,,,,DTSA-core,N=40,C3,3288,0,0,True
ta61,50,20,1000,DTSA,10,3288,1000120,1000000,4167,51.418,,,,,40,0.5,6,6,-5.0,5.0,5ee1241,2026-07-24T10:46:41,1.0,1000080,,,,,,DTSA+LS,N=40,C3,3288,10,0,True
ta61,50,20,1000,DTSA,11,3318,1000120,1000000,4167,50.756,,,,,40,0.5,6,6,-5.0,5.0,5ee1241,2026-07-24T10:46:42,1.0,1000080,,,,,,DTSA-core,N=40,C3,3318,0,0,True
ta61,50,20,1000,DTSA,11,3318,1000120,1000000,4167,50.756,,,,,40,0.5,6,6,-5.0,5.0,5ee1241,2026-07-24T10:46:42,1.0,1000080,,,,,,DTSA+LS,N=40,C3,3318,12,0,True
ta61,50,20,1000,DTSA,12,3313,1000120,1000000,4167,51.181,,,,,40,0.5,6,6,-5.0,5.0,5ee1241,2026-07-24T10:47:30,1.0,1000080,,,,,,DTSA-core,N=40,C3,3313,0,0,True
ta61,50,20,1000,DTSA,12,3313,1000120,1000000,4167,51.181,,,,,40,0.5,6,6,-5.0,5.0,5ee1241,2026-07-24T10:47:30,1.0,1000080,,,,,,DTSA+LS,N=40,C3,3313,13,0,True
ta61,50,20,1000,DTSA,13,3442,1000120,1000000,4167,51.124,,,,,40,0.5,6,6,-5.0,5.0,5ee1241,2026-07-24T10:47:31,1.0,1000080,,,,,,DTSA-core,N=40,C3,3442,0,0,True
ta61,50,20,1000,DTSA,13,3442,1000120,1000000,4167,51.124,,,,,40,0.5,6,6,-5.0,5.0,5ee1241,2026-07-24T10:47:31,1.0,1000080,,,,,,DTSA+LS,N=40,C3,3442,15,0,True
ta61,50,20,1000,DTSA,14,3363,1000120,1000000,4167,51.07,,,,,40,0.5,6,6,-5.0,5.0,5ee1241,2026-07-24T10:47:31,1.0,1000080,,,,,,DTSA-core,N=40,C3,3363,0,0,True
ta61,50,20,1000,DTSA,14,3363,1000120,1000000,4167,51.07,,,,,40,0.5,6,6,-5.0,5.0,5ee1241,2026-07-24T10:47:31,1.0,1000080,,,,,,DTSA+LS,N=40,C3,3363,6,0,True
ta61,50,20,1000,DTSA,15,3344,1000120,1000000,4167,51.014,,,,,40,0.5,6,6,-5.0,5.0,5ee1241,2026-07-24T10:47:31,1.0,1000080,,,,,,DTSA-core,N=40,C3,3344,0,0,True
ta61,50,20,1000,DTSA,15,3344,1000120,1000000,4167,51.014,,,,,40,0.5,6,6,-5.0,5.0,5ee1241,2026-07-24T10:47:31,1.0,1000080,,,,,,DTSA+LS,N=40,C3,3344,14,0,True
ta61,50,20,1000,DTSA,16,3243,1000120,1000000,4167,50.996,,,,,40,0.5,6,6,-5.0,5.0,5ee1241,2026-07-24T10:47:32,1.0,1000080,,,,,,DTSA-core,N=40,C3,3243,0,0,True
ta61,50,20,1000,DTSA,16,3240,1000120,1000000,4167,50.996,,,,,40,0.5,6,6,-5.0,5.0,5ee1241,2026-07-24T10:47:32,1.0,1000080,,,,,,DTSA+LS,N=40,C3,3243,10,1,True
ta61,50,20,1000,DTSA,17,3270,1000120,1000000,4167,51.659,,,,,40,0.5,6,6,-5.0,5.0,5ee1241,2026-07-24T10:47:33,1.0,1000080,,,,,,DTSA-core,N=40,C3,3270,0,0,True
ta61,50,20,1000,DTSA,17,3270,1000120,1000000,4167,51.659,,,,,40,0.5,6,6,-5.0,5.0,5ee1241,2026-07-24T10:47:33,1.0,1000080,,,,,,DTSA+LS,N=40,C3,3270,6,0,True
ta61,50,20,1000,DTSA,18,3414,1000120,1000000,4167,48.105,,,,,40,0.5,6,6,-5.0,5.0,5ee1241,2026-07-24T10:48:18,1.0,1000080,,,,,,DTSA-core,N=40,C3,3414,0,0,True
ta61,50,20,1000,DTSA,18,3397,1000120,1000000,4167,48.105,,,,,40,0.5,6,6,-5.0,5.0,5ee1241,2026-07-24T10:48:18,1.0,1000080,,,,,,DTSA+LS,N=40,C3,3414,35,7,True
ta61,50,20,1000,DTSA,19,3248,1000120,1000000,4167,49.227,,,,,40,0.5,6,6,-5.0,5.0,5ee1241,2026-07-24T10:48:20,1.0,1000080,,,,,,DTSA-core,N=40,C3,3248,0,0,True
ta61,50,20,1000,DTSA,19,3248,1000120,1000000,4167,49.227,,,,,40,0.5,6,6,-5.0,5.0,5ee1241,2026-07-24T10:48:20,1.0,1000080,,,,,,DTSA+LS,N=40,C3,3248,10,0,True
ta62,50,20,1000,DTSA,0,3387,1000120,1000000,4167,50.739,,,,,40,0.5,6,6,-5.0,5.0,5ee1241,2026-07-24T10:49:11,1.0,1000080,,,,,,DTSA-core,N=40,C3,3387,0,0,True
ta62,50,20,1000,DTSA,0,3387,1000120,1000000,4167,50.739,,,,,40,0.5,6,6,-5.0,5.0,5ee1241,2026-07-24T10:49:11,1.0,1000080,,,,,,DTSA+LS,N=40,C3,3387,4,0,True
ta62,50,20,1000,DTSA,1,3371,1000120,1000000,4167,50.078,,,,,40,0.5,6,6,-5.0,5.0,5ee1241,2026-07-24T10:49:10,1.0,1000080,,,,,,DTSA-core,N=40,C3,3371,0,0,True
ta62,50,20,1000,DTSA,1,3371,1000120,1000000,4167,50.078,,,,,40,0.5,6,6,-5.0,5.0,5ee1241,2026-07-24T10:49:10,1.0,1000080,,,,,,DTSA+LS,N=40,C3,3371,10,0,True
ta62,50,20,1000,DTSA,2,3437,1000120,1000000,4167,49.475,,,,,40,0.5,6,6,-5.0,5.0,5ee1241,2026-07-24T10:49:10,1.0,1000080,,,,,,DTSA-core,N=40,C3,3437,0,0,True
ta62,50,20,1000,DTSA,2,3437,1000120,1000000,4167,49.475,,,,,40,0.5,6,6,-5.0,5.0,5ee1241,2026-07-24T10:49:10,1.0,1000080,,,,,,DTSA+LS,N=40,C3,3437,10,0,True
ta62,50,20,1000,DTSA,3,3316,1000120,1000000,4167,50.979,,,,,40,0.5,6,6,-5.0,5.0,5ee1241,2026-07-24T10:49:11,1.0,1000080,,,,,,DTSA-core,N=40,C3,3316,0,0,True
ta62,50,20,1000,DTSA,3,3316,1000120,1000000,4167,50.979,,,,,40,0.5,6,6,-5.0,5.0,5ee1241,2026-07-24T10:49:11,1.0,1000080,,,,,,DTSA+LS,N=40,C3,3316,15,0,True
ta62,50,20,1000,DTSA,4,3395,1000120,1000000,4167,50.178,,,,,40,0.5,6,6,-5.0,5.0,5ee1241,2026-07-24T10:49:10,1.0,1000080,,,,,,DTSA-core,N=40,C3,3395,0,0,True
ta62,50,20,1000,DTSA,4,3395,1000120,1000000,4167,50.178,,,,,40,0.5,6,6,-5.0,5.0,5ee1241,2026-07-24T10:49:10,1.0,1000080,,,,,,DTSA+LS,N=40,C3,3395,10,0,True
ta62,50,20,1000,DTSA,5,3328,1000120,1000000,4167,50.431,,,,,40,0.5,6,6,-5.0,5.0,5ee1241,2026-07-24T10:49:11,1.0,1000080,,,,,,DTSA-core,N=40,C3,3328,0,0,True
ta62,50,20,1000,DTSA,5,3328,1000120,1000000,4167,50.431,,,,,40,0.5,6,6,-5.0,5.0,5ee1241,2026-07-24T10:49:11,1.0,1000080,,,,,,DTSA+LS,N=40,C3,3328,6,0,True
ta62,50,20,1000,DTSA,6,3362,1000120,1000000,4167,51.12,,,,,40,0.5,6,6,-5.0,5.0,5ee1241,2026-07-24T10:50:01,1.0,1000080,,,,,,DTSA-core,N=40,C3,3362,0,0,True
ta62,50,20,1000,DTSA,6,3362,1000120,1000000,4167,51.12,,,,,40,0.5,6,6,-5.0,5.0,5ee1241,2026-07-24T10:50:01,1.0,1000080,,,,,,DTSA+LS,N=40,C3,3362,11,0,True
ta62,50,20,1000,DTSA,7,3534,1000120,1000000,4167,50.901,,,,,40,0.5,6,6,-5.0,5.0,5ee1241,2026-07-24T10:50:01,1.0,1000080,,,,,,DTSA-core,N=40,C3,3534,0,0,True
ta62,50,20,1000,DTSA,7,3534,1000120,1000000,4167,50.901,,,,,40,0.5,6,6,-5.0,5.0,5ee1241,2026-07-24T10:50:01,1.0,1000080,,,,,,DTSA+LS,N=40,C3,3534,18,0,True
ta62,50,20,1000,DTSA,8,3343,1000120,1000000,4167,51.442,,,,,40,0.5,6,6,-5.0,5.0,5ee1241,2026-07-24T10:50:02,1.0,1000080,,,,,,DTSA-core,N=40,C3,3343,0,0,True
ta62,50,20,1000,DTSA,8,3343,1000120,1000000,4167,51.442,,,,,40,0.5,6,6,-5.0,5.0,5ee1241,2026-07-24T10:50:02,1.0,1000080,,,,,,DTSA+LS,N=40,C3,3343,10,0,True
ta62,50,20,1000,DTSA,9,3457,1000120,1000000,4167,51.743,,,,,40,0.5,6,6,-5.0,5.0,5ee1241,2026-07-24T10:50:02,1.0,1000080,,,,,,DTSA-core,N=40,C3,3457,0,0,True
ta62,50,20,1000,DTSA,9,3457,1000120,1000000,4167,51.743,,,,,40,0.5,6,6,-5.0,5.0,5ee1241,2026-07-24T10:50:02,1.0,1000080,,,,,,DTSA+LS,N=40,C3,3457,6,0,True
ta62,50,20,1000,DTSA,10,3425,1000120,1000000,4167,51.169,,,,,40,0.5,6,6,-5.0,5.0,5ee1241,2026-07-24T10:50:02,1.0,1000080,,,,,,DTSA-core,N=40,C3,3425,0,0,True
ta62,50,20,1000,DTSA,10,3425,1000120,1000000,4167,51.169,,,,,40,0.5,6,6,-5.0,5.0,5ee1241,2026-07-24T10:50:02,1.0,1000080,,,,,,DTSA+LS,N=40,C3,3425,4,0,True
ta62,50,20,1000,DTSA,11,3403,1000120,1000000,4167,51.373,,,,,40,0.5,6,6,-5.0,5.0,5ee1241,2026-07-24T10:50:03,1.0,1000080,,,,,,DTSA-core,N=40,C3,3403,0,0,True
ta62,50,20,1000,DTSA,11,3403,1000120,1000000,4167,51.373,,,,,40,0.5,6,6,-5.0,5.0,5ee1241,2026-07-24T10:50:03,1.0,1000080,,,,,,DTSA+LS,N=40,C3,3403,10,0,True
ta62,50,20,1000,DTSA,12,3409,1000120,1000000,4167,51.006,,,,,40,0.5,6,6,-5.0,5.0,5ee1241,2026-07-24T10:50:52,1.0,1000080,,,,,,DTSA-core,N=40,C3,3409,0,0,True
ta62,50,20,1000,DTSA,12,3409,1000120,1000000,4167,51.006,,,,,40,0.5,6,6,-5.0,5.0,5ee1241,2026-07-24T10:50:52,1.0,1000080,,,,,,DTSA+LS,N=40,C3,3409,8,0,True
ta62,50,20,1000,DTSA,13,3444,1000120,1000000,4167,50.658,,,,,40,0.5,6,6,-5.0,5.0,5ee1241,2026-07-24T10:50:52,1.0,1000080,,,,,,DTSA-core,N=40,C3,3444,0,0,True
ta62,50,20,1000,DTSA,13,3444,1000120,1000000,4167,50.658,,,,,40,0.5,6,6,-5.0,5.0,5ee1241,2026-07-24T10:50:52,1.0,1000080,,,,,,DTSA+LS,N=40,C3,3444,9,0,True
ta62,50,20,1000,DTSA,14,3439,1000120,1000000,4167,51.094,,,,,40,0.5,6,6,-5.0,5.0,5ee1241,2026-07-24T10:50:53,1.0,1000080,,,,,,DTSA-core,N=40,C3,3439,0,0,True
ta62,50,20,1000,DTSA,14,3439,1000120,1000000,4167,51.094,,,,,40,0.5,6,6,-5.0,5.0,5ee1241,2026-07-24T10:50:53,1.0,1000080,,,,,,DTSA+LS,N=40,C3,3439,12,0,True
ta62,50,20,1000,DTSA,15,3383,1000120,1000000,4167,51.313,,,,,40,0.5,6,6,-5.0,5.0,5ee1241,2026-07-24T10:50:53,1.0,1000080,,,,,,DTSA-core,N=40,C3,3383,0,0,True
ta62,50,20,1000,DTSA,15,3383,1000120,1000000,4167,51.313,,,,,40,0.5,6,6,-5.0,5.0,5ee1241,2026-07-24T10:50:53,1.0,1000080,,,,,,DTSA+LS,N=40,C3,3383,11,0,True
ta62,50,20,1000,DTSA,16,3390,1000120,1000000,4167,51.286,,,,,40,0.5,6,6,-5.0,5.0,5ee1241,2026-07-24T10:50:54,1.0,1000080,,,,,,DTSA-core,N=40,C3,3390,0,0,True
ta62,50,20,1000,DTSA,16,3390,1000120,1000000,4167,51.286,,,,,40,0.5,6,6,-5.0,5.0,5ee1241,2026-07-24T10:50:54,1.0,1000080,,,,,,DTSA+LS,N=40,C3,3390,17,0,True
ta62,50,20,1000,DTSA,17,3383,1000120,1000000,4167,51.872,,,,,40,0.5,6,6,-5.0,5.0,5ee1241,2026-07-24T10:50:54,1.0,1000080,,,,,,DTSA-core,N=40,C3,3383,0,0,True
ta62,50,20,1000,DTSA,17,3383,1000120,1000000,4167,51.872,,,,,40,0.5,6,6,-5.0,5.0,5ee1241,2026-07-24T10:50:54,1.0,1000080,,,,,,DTSA+LS,N=40,C3,3383,11,0,True
ta62,50,20,1000,DTSA,18,3467,1000120,1000000,4167,49.328,,,,,40,0.5,6,6,-5.0,5.0,5ee1241,2026-07-24T10:51:41,1.0,1000080,,,,,,DTSA-core,N=40,C3,3467,0,0,True
ta62,50,20,1000,DTSA,18,3467,1000120,1000000,4167,49.328,,,,,40,0.5,6,6,-5.0,5.0,5ee1241,2026-07-24T10:51:41,1.0,1000080,,,,,,DTSA+LS,N=40,C3,3467,12,0,True
ta62,50,20,1000,DTSA,19,3368,1000120,1000000,4167,48.462,,,,,40,0.5,6,6,-5.0,5.0,5ee1241,2026-07-24T10:51:40,1.0,1000080,,,,,,DTSA-core,N=40,C3,3368,0,0,True
ta62,50,20,1000,DTSA,19,3368,1000120,1000000,4167,48.462,,,,,40,0.5,6,6,-5.0,5.0,5ee1241,2026-07-24T10:51:40,1.0,1000080,,,,,,DTSA+LS,N=40,C3,3368,8,0,True
ta63,50,20,1000,DTSA,0,3221,1000120,1000000,4167,49.699,,,,,40,0.5,6,6,-5.0,5.0,5ee1241,2026-07-24T10:52:31,1.0,1000080,,,,,,DTSA-core,N=40,C3,3221,0,0,True
ta63,50,20,1000,DTSA,0,3221,1000120,1000000,4167,49.699,,,,,40,0.5,6,6,-5.0,5.0,5ee1241,2026-07-24T10:52:31,1.0,1000080,,,,,,DTSA+LS,N=40,C3,3221,20,0,True
ta63,50,20,1000,DTSA,1,3227,1000120,1000000,4167,50.208,,,,,40,0.5,6,6,-5.0,5.0,5ee1241,2026-07-24T10:52:31,1.0,1000080,,,,,,DTSA-core,N=40,C3,3227,0,0,True
ta63,50,20,1000,DTSA,1,3227,1000120,1000000,4167,50.208,,,,,40,0.5,6,6,-5.0,5.0,5ee1241,2026-07-24T10:52:31,1.0,1000080,,,,,,DTSA+LS,N=40,C3,3227,9,0,True
ta63,50,20,1000,DTSA,2,3157,1000120,1000000,4167,49.69,,,,,40,0.5,6,6,-5.0,5.0,5ee1241,2026-07-24T10:52:31,1.0,1000080,,,,,,DTSA-core,N=40,C3,3157,0,0,True
ta63,50,20,1000,DTSA,2,3157,1000120,1000000,4167,49.69,,,,,40,0.5,6,6,-5.0,5.0,5ee1241,2026-07-24T10:52:31,1.0,1000080,,,,,,DTSA+LS,N=40,C3,3157,11,0,True
ta63,50,20,1000,DTSA,3,3169,1000120,1000000,4167,50.699,,,,,40,0.5,6,6,-5.0,5.0,5ee1241,2026-07-24T10:52:32,1.0,1000080,,,,,,DTSA-core,N=40,C3,3169,0,0,True
ta63,50,20,1000,DTSA,3,3169,1000120,1000000,4167,50.699,,,,,40,0.5,6,6,-5.0,5.0,5ee1241,2026-07-24T10:52:32,1.0,1000080,,,,,,DTSA+LS,N=40,C3,3169,15,0,True
ta63,50,20,1000,DTSA,4,3212,1000120,1000000,4167,49.48,,,,,40,0.5,6,6,-5.0,5.0,5ee1241,2026-07-24T10:52:31,1.0,1000080,,,,,,DTSA-core,N=40,C3,3212,0,0,True
ta63,50,20,1000,DTSA,4,3205,1000120,1000000,4167,49.48,,,,,40,0.5,6,6,-5.0,5.0,5ee1241,2026-07-24T10:52:31,1.0,1000080,,,,,,DTSA+LS,N=40,C3,3212,49,5,True
ta63,50,20,1000,DTSA,5,3183,1000120,1000000,4167,49.315,,,,,40,0.5,6,6,-5.0,5.0,5ee1241,2026-07-24T10:52:31,1.0,1000080,,,,,,DTSA-core,N=40,C3,3183,0,0,True
ta63,50,20,1000,DTSA,5,3183,1000120,1000000,4167,49.315,,,,,40,0.5,6,6,-5.0,5.0,5ee1241,2026-07-24T10:52:31,1.0,1000080,,,,,,DTSA+LS,N=40,C3,3183,14,0,True
ta63,50,20,1000,DTSA,6,3197,1000120,1000000,4167,50.929,,,,,40,0.5,6,6,-5.0,5.0,5ee1241,2026-07-24T10:53:22,1.0,1000080,,,,,,DTSA-core,N=40,C3,3197,0,0,True
ta63,50,20,1000,DTSA,6,3197,1000120,1000000,4167,50.929,,,,,40,0.5,6,6,-5.0,5.0,5ee1241,2026-07-24T10:53:22,1.0,1000080,,,,,,DTSA+LS,N=40,C3,3197,10,0,True
ta63,50,20,1000,DTSA,7,3165,1000120,1000000,4167,51.497,,,,,40,0.5,6,6,-5.0,5.0,5ee1241,2026-07-24T10:53:22,1.0,1000080,,,,,,DTSA-core,N=40,C3,3165,0,0,True
ta63,50,20,1000,DTSA,7,3165,1000120,1000000,4167,51.497,,,,,40,0.5,6,6,-5.0,5.0,5ee1241,2026-07-24T10:53:22,1.0,1000080,,,,,,DTSA+LS,N=40,C3,3165,10,0,True
ta63,50,20,1000,DTSA,8,3049,1000120,1000000,4167,50.84,,,,,40,0.5,6,6,-5.0,5.0,5ee1241,2026-07-24T10:53:22,1.0,1000080,,,,,,DTSA-core,N=40,C3,3049,0,0,True
ta63,50,20,1000,DTSA,8,3049,1000120,1000000,4167,50.84,,,,,40,0.5,6,6,-5.0,5.0,5ee1241,2026-07-24T10:53:22,1.0,1000080,,,,,,DTSA+LS,N=40,C3,3049,18,0,True
ta63,50,20,1000,DTSA,9,3144,1000120,1000000,4167,50.031,,,,,40,0.5,6,6,-5.0,5.0,5ee1241,2026-07-24T10:53:21,1.0,1000080,,,,,,DTSA-core,N=40,C3,3144,0,0,True
ta63,50,20,1000,DTSA,9,3144,1000120,1000000,4167,50.031,,,,,40,0.5,6,6,-5.0,5.0,5ee1241,2026-07-24T10:53:21,1.0,1000080,,,,,,DTSA+LS,N=40,C3,3144,9,0,True
ta63,50,20,1000,DTSA,10,3135,1000120,1000000,4167,51.079,,,,,40,0.5,6,6,-5.0,5.0,5ee1241,2026-07-24T10:53:23,1.0,1000080,,,,,,DTSA-core,N=40,C3,3135,0,0,True
ta63,50,20,1000,DTSA,10,3135,1000120,1000000,4167,51.079,,,,,40,0.5,6,6,-5.0,5.0,5ee1241,2026-07-24T10:53:23,1.0,1000080,,,,,,DTSA+LS,N=40,C3,3135,14,0,True
ta63,50,20,1000,DTSA,11,3153,1000120,1000000,4167,50.624,,,,,40,0.5,6,6,-5.0,5.0,5ee1241,2026-07-24T10:53:23,1.0,1000080,,,,,,DTSA-core,N=40,C3,3153,0,0,True
ta63,50,20,1000,DTSA,11,3153,1000120,1000000,4167,50.624,,,,,40,0.5,6,6,-5.0,5.0,5ee1241,2026-07-24T10:53:23,1.0,1000080,,,,,,DTSA+LS,N=40,C3,3153,8,0,True
ta63,50,20,1000,DTSA,12,3128,1000120,1000000,4167,50.994,,,,,40,0.5,6,6,-5.0,5.0,5ee1241,2026-07-24T10:54:12,1.0,1000080,,,,,,DTSA-core,N=40,C3,3128,0,0,True
ta63,50,20,1000,DTSA,12,3128,1000120,1000000,4167,50.994,,,,,40,0.5,6,6,-5.0,5.0,5ee1241,2026-07-24T10:54:12,1.0,1000080,,,,,,DTSA+LS,N=40,C3,3128,5,0,True
ta63,50,20,1000,DTSA,13,3133,1000120,1000000,4167,51.226,,,,,40,0.5,6,6,-5.0,5.0,5ee1241,2026-07-24T10:54:13,1.0,1000080,,,,,,DTSA-core,N=40,C3,3133,0,0,True
ta63,50,20,1000,DTSA,13,3133,1000120,1000000,4167,51.226,,,,,40,0.5,6,6,-5.0,5.0,5ee1241,2026-07-24T10:54:13,1.0,1000080,,,,,,DTSA+LS,N=40,C3,3133,16,0,True
ta63,50,20,1000,DTSA,14,3158,1000120,1000000,4167,51.43,,,,,40,0.5,6,6,-5.0,5.0,5ee1241,2026-07-24T10:54:13,1.0,1000080,,,,,,DTSA-core,N=40,C3,3158,0,0,True
ta63,50,20,1000,DTSA,14,3158,1000120,1000000,4167,51.43,,,,,40,0.5,6,6,-5.0,5.0,5ee1241,2026-07-24T10:54:13,1.0,1000080,,,,,,DTSA+LS,N=40,C3,3158,8,0,True
ta63,50,20,1000,DTSA,15,3170,1000120,1000000,4167,51.577,,,,,40,0.5,6,6,-5.0,5.0,5ee1241,2026-07-24T10:54:14,1.0,1000080,,,,,,DTSA-core,N=40,C3,3170,0,0,True
ta63,50,20,1000,DTSA,15,3170,1000120,1000000,4167,51.577,,,,,40,0.5,6,6,-5.0,5.0,5ee1241,2026-07-24T10:54:14,1.0,1000080,,,,,,DTSA+LS,N=40,C3,3170,17,0,True
ta63,50,20,1000,DTSA,16,3184,1000120,1000000,4167,50.778,,,,,40,0.5,6,6,-5.0,5.0,5ee1241,2026-07-24T10:54:13,1.0,1000080,,,,,,DTSA-core,N=40,C3,3184,0,0,True
ta63,50,20,1000,DTSA,16,3184,1000120,1000000,4167,50.778,,,,,40,0.5,6,6,-5.0,5.0,5ee1241,2026-07-24T10:54:13,1.0,1000080,,,,,,DTSA+LS,N=40,C3,3184,11,0,True
ta63,50,20,1000,DTSA,17,3176,1000120,1000000,4167,50.829,,,,,40,0.5,6,6,-5.0,5.0,5ee1241,2026-07-24T10:54:13,1.0,1000080,,,,,,DTSA-core,N=40,C3,3176,0,0,True
ta63,50,20,1000,DTSA,17,3176,1000120,1000000,4167,50.829,,,,,40,0.5,6,6,-5.0,5.0,5ee1241,2026-07-24T10:54:13,1.0,1000080,,,,,,DTSA+LS,N=40,C3,3176,11,0,True
ta63,50,20,1000,DTSA,18,3147,1000120,1000000,4167,47.795,,,,,40,0.5,6,6,-5.0,5.0,5ee1241,2026-07-24T10:55:00,1.0,1000080,,,,,,DTSA-core,N=40,C3,3147,0,0,True
ta63,50,20,1000,DTSA,18,3133,1000120,1000000,4167,47.795,,,,,40,0.5,6,6,-5.0,5.0,5ee1241,2026-07-24T10:55:00,1.0,1000080,,,,,,DTSA+LS,N=40,C3,3147,20,3,True
ta63,50,20,1000,DTSA,19,3104,1000120,1000000,4167,48.298,,,,,40,0.5,6,6,-5.0,5.0,5ee1241,2026-07-24T10:55:01,1.0,1000080,,,,,,DTSA-core,N=40,C3,3104,0,0,True
ta63,50,20,1000,DTSA,19,3104,1000120,1000000,4167,48.298,,,,,40,0.5,6,6,-5.0,5.0,5ee1241,2026-07-24T10:55:01,1.0,1000080,,,,,,DTSA+LS,N=40,C3,3104,11,0,True
ta64,50,20,1000,DTSA,0,3139,1000120,1000000,4167,51.225,,,,,40,0.5,6,6,-5.0,5.0,5ee1241,2026-07-24T10:55:52,1.0,1000080,,,,,,DTSA-core,N=40,C3,3139,0,0,True
ta64,50,20,1000,DTSA,0,3139,1000120,1000000,4167,51.225,,,,,40,0.5,6,6,-5.0,5.0,5ee1241,2026-07-24T10:55:52,1.0,1000080,,,,,,DTSA+LS,N=40,C3,3139,10,0,True
ta64,50,20,1000,DTSA,1,3315,1000120,1000000,4167,49.856,,,,,40,0.5,6,6,-5.0,5.0,5ee1241,2026-07-24T10:55:51,1.0,1000080,,,,,,DTSA-core,N=40,C3,3315,0,0,True
ta64,50,20,1000,DTSA,1,3315,1000120,1000000,4167,49.856,,,,,40,0.5,6,6,-5.0,5.0,5ee1241,2026-07-24T10:55:51,1.0,1000080,,,,,,DTSA+LS,N=40,C3,3315,14,0,True
ta64,50,20,1000,DTSA,2,3293,1000120,1000000,4167,49.939,,,,,40,0.5,6,6,-5.0,5.0,5ee1241,2026-07-24T10:55:51,1.0,1000080,,,,,,DTSA-core,N=40,C3,3293,0,0,True
ta64,50,20,1000,DTSA,2,3293,1000120,1000000,4167,49.939,,,,,40,0.5,6,6,-5.0,5.0,5ee1241,2026-07-24T10:55:51,1.0,1000080,,,,,,DTSA+LS,N=40,C3,3293,12,0,True
ta64,50,20,1000,DTSA,3,3220,1000120,1000000,4167,50.245,,,,,40,0.5,6,6,-5.0,5.0,5ee1241,2026-07-24T10:55:51,1.0,1000080,,,,,,DTSA-core,N=40,C3,3220,0,0,True
ta64,50,20,1000,DTSA,3,3220,1000120,1000000,4167,50.245,,,,,40,0.5,6,6,-5.0,5.0,5ee1241,2026-07-24T10:55:51,1.0,1000080,,,,,,DTSA+LS,N=40,C3,3220,9,0,True
ta64,50,20,1000,DTSA,4,3174,1000120,1000000,4167,49.444,,,,,40,0.5,6,6,-5.0,5.0,5ee1241,2026-07-24T10:55:51,1.0,1000080,,,,,,DTSA-core,N=40,C3,3174,0,0,True
ta64,50,20,1000,DTSA,4,3174,1000120,1000000,4167,49.444,,,,,40,0.5,6,6,-5.0,5.0,5ee1241,2026-07-24T10:55:51,1.0,1000080,,,,,,DTSA+LS,N=40,C3,3174,15,0,True
ta64,50,20,1000,DTSA,5,3235,1000120,1000000,4167,50.367,,,,,40,0.5,6,6,-5.0,5.0,5ee1241,2026-07-24T10:55:52,1.0,1000080,,,,,,DTSA-core,N=40,C3,3235,0,0,True
ta64,50,20,1000,DTSA,5,3235,1000120,1000000,4167,50.367,,,,,40,0.5,6,6,-5.0,5.0,5ee1241,2026-07-24T10:55:52,1.0,1000080,,,,,,DTSA+LS,N=40,C3,3235,14,0,True
ta64,50,20,1000,DTSA,6,3207,1000120,1000000,4167,50.241,,,,,40,0.5,6,6,-5.0,5.0,5ee1241,2026-07-24T10:56:41,1.0,1000080,,,,,,DTSA-core,N=40,C3,3207,0,0,True
ta64,50,20,1000,DTSA,6,3207,1000120,1000000,4167,50.241,,,,,40,0.5,6,6,-5.0,5.0,5ee1241,2026-07-24T10:56:41,1.0,1000080,,,,,,DTSA+LS,N=40,C3,3207,18,0,True
ta64,50,20,1000,DTSA,7,3195,1000120,1000000,4167,51.575,,,,,40,0.5,6,6,-5.0,5.0,5ee1241,2026-07-24T10:56:43,1.0,1000080,,,,,,DTSA-core,N=40,C3,3195,0,0,True
ta64,50,20,1000,DTSA,7,3195,1000120,1000000,4167,51.575,,,,,40,0.5,6,6,-5.0,5.0,5ee1241,2026-07-24T10:56:43,1.0,1000080,,,,,,DTSA+LS,N=40,C3,3195,12,0,True
ta64,50,20,1000,DTSA,8,3303,1000120,1000000,4167,52.256,,,,,40,0.5,6,6,-5.0,5.0,5ee1241,2026-07-24T10:56:43,1.0,1000080,,,,,,DTSA-core,N=40,C3,3303,0,0,True
ta64,50,20,1000,DTSA,8,3303,1000120,1000000,4167,52.256,,,,,40,0.5,6,6,-5.0,5.0,5ee1241,2026-07-24T10:56:43,1.0,1000080,,,,,,DTSA+LS,N=40,C3,3303,11,0,True
ta64,50,20,1000,DTSA,9,3159,1000120,1000000,4167,50.819,,,,,40,0.5,6,6,-5.0,5.0,5ee1241,2026-07-24T10:56:42,1.0,1000080,,,,,,DTSA-core,N=40,C3,3159,0,0,True
ta64,50,20,1000,DTSA,9,3159,1000120,1000000,4167,50.819,,,,,40,0.5,6,6,-5.0,5.0,5ee1241,2026-07-24T10:56:42,1.0,1000080,,,,,,DTSA+LS,N=40,C3,3159,9,0,True
ta64,50,20,1000,DTSA,10,3158,1000120,1000000,4167,51.015,,,,,40,0.5,6,6,-5.0,5.0,5ee1241,2026-07-24T10:56:43,1.0,1000080,,,,,,DTSA-core,N=40,C3,3158,0,0,True
ta64,50,20,1000,DTSA,10,3158,1000120,1000000,4167,51.015,,,,,40,0.5,6,6,-5.0,5.0,5ee1241,2026-07-24T10:56:43,1.0,1000080,,,,,,DTSA+LS,N=40,C3,3158,12,0,True
ta64,50,20,1000,DTSA,11,3136,1000120,1000000,4167,50.974,,,,,40,0.5,6,6,-5.0,5.0,5ee1241,2026-07-24T10:56:43,1.0,1000080,,,,,,DTSA-core,N=40,C3,3136,0,0,True
ta64,50,20,1000,DTSA,11,3136,1000120,1000000,4167,50.974,,,,,40,0.5,6,6,-5.0,5.0,5ee1241,2026-07-24T10:56:43,1.0,1000080,,,,,,DTSA+LS,N=40,C3,3136,11,0,True
ta64,50,20,1000,DTSA,12,3190,1000120,1000000,4167,50.825,,,,,40,0.5,6,6,-5.0,5.0,5ee1241,2026-07-24T10:57:32,1.0,1000080,,,,,,DTSA-core,N=40,C3,3190,0,0,True
ta64,50,20,1000,DTSA,12,3190,1000120,1000000,4167,50.825,,,,,40,0.5,6,6,-5.0,5.0,5ee1241,2026-07-24T10:57:32,1.0,1000080,,,,,,DTSA+LS,N=40,C3,3190,10,0,True
ta64,50,20,1000,DTSA,13,3174,1000120,1000000,4167,50.699,,,,,40,0.5,6,6,-5.0,5.0,5ee1241,2026-07-24T10:57:33,1.0,1000080,,,,,,DTSA-core,N=40,C3,3174,0,0,True
ta64,50,20,1000,DTSA,13,3174,1000120,1000000,4167,50.699,,,,,40,0.5,6,6,-5.0,5.0,5ee1241,2026-07-24T10:57:33,1.0,1000080,,,,,,DTSA+LS,N=40,C3,3174,10,0,True
ta64,50,20,1000,DTSA,14,3139,1000120,1000000,4167,51.46,,,,,40,0.5,6,6,-5.0,5.0,5ee1241,2026-07-24T10:57:34,1.0,1000080,,,,,,DTSA-core,N=40,C3,3139,0,0,True
ta64,50,20,1000,DTSA,14,3139,1000120,1000000,4167,51.46,,,,,40,0.5,6,6,-5.0,5.0,5ee1241,2026-07-24T10:57:34,1.0,1000080,,,,,,DTSA+LS,N=40,C3,3139,10,0,True
ta64,50,20,1000,DTSA,15,3172,1000120,1000000,4167,51.49,,,,,40,0.5,6,6,-5.0,5.0,5ee1241,2026-07-24T10:57:34,1.0,1000080,,,,,,DTSA-core,N=40,C3,3172,0,0,True
ta64,50,20,1000,DTSA,15,3172,1000120,1000000,4167,51.49,,,,,40,0.5,6,6,-5.0,5.0,5ee1241,2026-07-24T10:57:34,1.0,1000080,,,,,,DTSA+LS,N=40,C3,3172,6,0,True
ta64,50,20,1000,DTSA,16,3245,1000120,1000000,4167,51.863,,,,,40,0.5,6,6,-5.0,5.0,5ee1241,2026-07-24T10:57:35,1.0,1000080,,,,,,DTSA-core,N=40,C3,3245,0,0,True
ta64,50,20,1000,DTSA,16,3245,1000120,1000000,4167,51.863,,,,,40,0.5,6,6,-5.0,5.0,5ee1241,2026-07-24T10:57:35,1.0,1000080,,,,,,DTSA+LS,N=40,C3,3245,11,0,True
ta64,50,20,1000,DTSA,17,3280,1000120,1000000,4167,50.651,,,,,40,0.5,6,6,-5.0,5.0,5ee1241,2026-07-24T10:57:34,1.0,1000080,,,,,,DTSA-core,N=40,C3,3280,0,0,True
ta64,50,20,1000,DTSA,17,3280,1000120,1000000,4167,50.651,,,,,40,0.5,6,6,-5.0,5.0,5ee1241,2026-07-24T10:57:34,1.0,1000080,,,,,,DTSA+LS,N=40,C3,3280,11,0,True
ta64,50,20,1000,DTSA,18,3169,1000120,1000000,4167,48.231,,,,,40,0.5,6,6,-5.0,5.0,5ee1241,2026-07-24T10:58:20,1.0,1000080,,,,,,DTSA-core,N=40,C3,3169,0,0,True
ta64,50,20,1000,DTSA,18,3169,1000120,1000000,4167,48.231,,,,,40,0.5,6,6,-5.0,5.0,5ee1241,2026-07-24T10:58:20,1.0,1000080,,,,,,DTSA+LS,N=40,C3,3169,8,0,True
ta64,50,20,1000,DTSA,19,3278,1000120,1000000,4167,47.319,,,,,40,0.5,6,6,-5.0,5.0,5ee1241,2026-07-24T10:58:20,1.0,1000080,,,,,,DTSA-core,N=40,C3,3278,0,0,True
ta64,50,20,1000,DTSA,19,3278,1000120,1000000,4167,47.319,,,,,40,0.5,6,6,-5.0,5.0,5ee1241,2026-07-24T10:58:20,1.0,1000080,,,,,,DTSA+LS,N=40,C3,3278,8,0,True
ta65,50,20,1000,DTSA,0,3422,1000120,1000000,4167,49.632,,,,,40,0.5,6,6,-5.0,5.0,5ee1241,2026-07-24T10:59:10,1.0,1000080,,,,,,DTSA-core,N=40,C3,3422,0,0,True
ta65,50,20,1000,DTSA,0,3422,1000120,1000000,4167,49.632,,,,,40,0.5,6,6,-5.0,5.0,5ee1241,2026-07-24T10:59:10,1.0,1000080,,,,,,DTSA+LS,N=40,C3,3422,13,0,True
ta65,50,20,1000,DTSA,1,3289,1000120,1000000,4167,49.763,,,,,40,0.5,6,6,-5.0,5.0,5ee1241,2026-07-24T10:59:10,1.0,1000080,,,,,,DTSA-core,N=40,C3,3289,0,0,True
ta65,50,20,1000,DTSA,1,3289,1000120,1000000,4167,49.763,,,,,40,0.5,6,6,-5.0,5.0,5ee1241,2026-07-24T10:59:10,1.0,1000080,,,,,,DTSA+LS,N=40,C3,3289,9,0,True
ta65,50,20,1000,DTSA,2,3305,1000120,1000000,4167,49.694,,,,,40,0.5,6,6,-5.0,5.0,5ee1241,2026-07-24T10:59:10,1.0,1000080,,,,,,DTSA-core,N=40,C3,3305,0,0,True
ta65,50,20,1000,DTSA,2,3305,1000120,1000000,4167,49.694,,,,,40,0.5,6,6,-5.0,5.0,5ee1241,2026-07-24T10:59:10,1.0,1000080,,,,,,DTSA+LS,N=40,C3,3305,6,0,True
ta65,50,20,1000,DTSA,3,3402,1000120,1000000,4167,49.346,,,,,40,0.5,6,6,-5.0,5.0,5ee1241,2026-07-24T10:59:10,1.0,1000080,,,,,,DTSA-core,N=40,C3,3402,0,0,True
ta65,50,20,1000,DTSA,3,3402,1000120,1000000,4167,49.346,,,,,40,0.5,6,6,-5.0,5.0,5ee1241,2026-07-24T10:59:10,1.0,1000080,,,,,,DTSA+LS,N=40,C3,3402,14,0,True
ta65,50,20,1000,DTSA,4,3290,1000120,1000000,4167,48.794,,,,,40,0.5,6,6,-5.0,5.0,5ee1241,2026-07-24T10:59:09,1.0,1000080,,,,,,DTSA-core,N=40,C3,3290,0,0,True
ta65,50,20,1000,DTSA,4,3290,1000120,1000000,4167,48.794,,,,,40,0.5,6,6,-5.0,5.0,5ee1241,2026-07-24T10:59:09,1.0,1000080,,,,,,DTSA+LS,N=40,C3,3290,13,0,True
ta65,50,20,1000,DTSA,5,3172,1000120,1000000,4167,50.55,,,,,40,0.5,6,6,-5.0,5.0,5ee1241,2026-07-24T10:59:11,1.0,1000080,,,,,,DTSA-core,N=40,C3,3172,0,0,True
ta65,50,20,1000,DTSA,5,3172,1000120,1000000,4167,50.55,,,,,40,0.5,6,6,-5.0,5.0,5ee1241,2026-07-24T10:59:11,1.0,1000080,,,,,,DTSA+LS,N=40,C3,3172,10,0,True
ta65,50,20,1000,DTSA,6,3264,1000120,1000000,4167,65.412,,,,,40,0.5,6,6,-5.0,5.0,5ee1241,2026-07-24T11:00:15,1.0,1000080,,,,,,DTSA-core,N=40,C3,3264,0,0,True
ta65,50,20,1000,DTSA,6,3264,1000120,1000000,4167,65.412,,,,,40,0.5,6,6,-5.0,5.0,5ee1241,2026-07-24T11:00:15,1.0,1000080,,,,,,DTSA+LS,N=40,C3,3264,12,0,True
ta65,50,20,1000,DTSA,7,3204,1000120,1000000,4167,68.143,,,,,40,0.5,6,6,-5.0,5.0,5ee1241,2026-07-24T11:00:18,1.0,1000080,,,,,,DTSA-core,N=40,C3,3204,0,0,True
ta65,50,20,1000,DTSA,7,3204,1000120,1000000,4167,68.143,,,,,40,0.5,6,6,-5.0,5.0,5ee1241,2026-07-24T11:00:18,1.0,1000080,,,,,,DTSA+LS,N=40,C3,3204,8,0,True
ta65,50,20,1000,DTSA,8,3293,1000120,1000000,4167,67.649,,,,,40,0.5,6,6,-5.0,5.0,5ee1241,2026-07-24T11:00:18,1.0,1000080,,,,,,DTSA-core,N=40,C3,3293,0,0,True
ta65,50,20,1000,DTSA,8,3293,1000120,1000000,4167,67.649,,,,,40,0.5,6,6,-5.0,5.0,5ee1241,2026-07-24T11:00:18,1.0,1000080,,,,,,DTSA+LS,N=40,C3,3293,13,0,True
ta65,50,20,1000,DTSA,9,3266,1000120,1000000,4167,66.878,,,,,40,0.5,6,6,-5.0,5.0,5ee1241,2026-07-24T11:00:17,1.0,1000080,,,,,,DTSA-core,N=40,C3,3266,0,0,True
ta65,50,20,1000,DTSA,9,3266,1000120,1000000,4167,66.878,,,,,40,0.5,6,6,-5.0,5.0,5ee1241,2026-07-24T11:00:17,1.0,1000080,,,,,,DTSA+LS,N=40,C3,3266,10,0,True
ta65,50,20,1000,DTSA,10,3317,1000120,1000000,4167,65.682,,,,,40,0.5,6,6,-5.0,5.0,5ee1241,2026-07-24T11:00:16,1.0,1000080,,,,,,DTSA-core,N=40,C3,3317,0,0,True
ta65,50,20,1000,DTSA,10,3317,1000120,1000000,4167,65.682,,,,,40,0.5,6,6,-5.0,5.0,5ee1241,2026-07-24T11:00:16,1.0,1000080,,,,,,DTSA+LS,N=40,C3,3317,12,0,True
ta65,50,20,1000,DTSA,11,3304,1000120,1000000,4167,66.2,,,,,40,0.5,6,6,-5.0,5.0,5ee1241,2026-07-24T11:00:17,1.0,1000080,,,,,,DTSA-core,N=40,C3,3304,0,0,True
ta65,50,20,1000,DTSA,11,3304,1000120,1000000,4167,66.2,,,,,40,0.5,6,6,-5.0,5.0,5ee1241,2026-07-24T11:00:17,1.0,1000080,,,,,,DTSA+LS,N=40,C3,3304,5,0,True
ta65,50,20,1000,DTSA,12,3284,1000120,1000000,4167,100.01,,,,,40,0.5,6,6,-5.0,5.0,5ee1241,2026-07-24T11:01:55,1.0,1000080,,,,,,DTSA-core,N=40,C3,3284,0,0,True
ta65,50,20,1000,DTSA,12,3284,1000120,1000000,4167,100.01,,,,,40,0.5,6,6,-5.0,5.0,5ee1241,2026-07-24T11:01:55,1.0,1000080,,,,,,DTSA+LS,N=40,C3,3284,7,0,True
ta65,50,20,1000,DTSA,13,3298,1000120,1000000,4167,100.023,,,,,40,0.5,6,6,-5.0,5.0,5ee1241,2026-07-24T11:01:56,1.0,1000080,,,,,,DTSA-core,N=40,C3,3298,0,0,True
ta65,50,20,1000,DTSA,13,3298,1000120,1000000,4167,100.023,,,,,40,0.5,6,6,-5.0,5.0,5ee1241,2026-07-24T11:01:56,1.0,1000080,,,,,,DTSA+LS,N=40,C3,3298,13,0,True
ta65,50,20,1000,DTSA,14,3210,1000120,1000000,4167,100.071,,,,,40,0.5,6,6,-5.0,5.0,5ee1241,2026-07-24T11:01:57,1.0,1000080,,,,,,DTSA-core,N=40,C3,3210,0,0,True
ta65,50,20,1000,DTSA,14,3210,1000120,1000000,4167,100.071,,,,,40,0.5,6,6,-5.0,5.0,5ee1241,2026-07-24T11:01:57,1.0,1000080,,,,,,DTSA+LS,N=40,C3,3210,14,0,True
ta65,50,20,1000,DTSA,15,3272,1000120,1000000,4167,99.66,,,,,40,0.5,6,6,-5.0,5.0,5ee1241,2026-07-24T11:01:57,1.0,1000080,,,,,,DTSA-core,N=40,C3,3272,0,0,True
ta65,50,20,1000,DTSA,15,3272,1000120,1000000,4167,99.66,,,,,40,0.5,6,6,-5.0,5.0,5ee1241,2026-07-24T11:01:57,1.0,1000080,,,,,,DTSA+LS,N=40,C3,3272,9,0,True
ta65,50,20,1000,DTSA,16,3263,1000120,1000000,4167,99.841,,,,,40,0.5,6,6,-5.0,5.0,5ee1241,2026-07-24T11:01:58,1.0,1000080,,,,,,DTSA-core,N=40,C3,3263,0,0,True
ta65,50,20,1000,DTSA,16,3263,1000120,1000000,4167,99.841,,,,,40,0.5,6,6,-5.0,5.0,5ee1241,2026-07-24T11:01:58,1.0,1000080,,,,,,DTSA+LS,N=40,C3,3263,10,0,True
ta65,50,20,1000,DTSA,17,3260,1000120,1000000,4167,100.942,,,,,40,0.5,6,6,-5.0,5.0,5ee1241,2026-07-24T11:01:59,1.0,1000080,,,,,,DTSA-core,N=40,C3,3260,0,0,True
ta65,50,20,1000,DTSA,17,3260,1000120,1000000,4167,100.942,,,,,40,0.5,6,6,-5.0,5.0,5ee1241,2026-07-24T11:01:59,1.0,1000080,,,,,,DTSA+LS,N=40,C3,3260,16,0,True
ta65,50,20,1000,DTSA,18,3383,1000120,1000000,4167,95.683,,,,,40,0.5,6,6,-5.0,5.0,5ee1241,2026-07-24T11:03:31,1.0,1000080,,,,,,DTSA-core,N=40,C3,3383,0,0,True
ta65,50,20,1000,DTSA,18,3383,1000120,1000000,4167,95.683,,,,,40,0.5,6,6,-5.0,5.0,5ee1241,2026-07-24T11:03:31,1.0,1000080,,,,,,DTSA+LS,N=40,C3,3383,9,0,True
ta65,50,20,1000,DTSA,19,3323,1000120,1000000,4167,95.825,,,,,40,0.5,6,6,-5.0,5.0,5ee1241,2026-07-24T11:03:32,1.0,1000080,,,,,,DTSA-core,N=40,C3,3323,0,0,True
ta65,50,20,1000,DTSA,19,3323,1000120,1000000,4167,95.825,,,,,40,0.5,6,6,-5.0,5.0,5ee1241,2026-07-24T11:03:32,1.0,1000080,,,,,,DTSA+LS,N=40,C3,3323,19,0,True
ta71,100,20,2000,DTSA,0,6180,2000200,2000000,8334,358.999,,,,,40,0.5,6,6,-5.0,5.0,5ee1241,2026-07-24T11:09:31,1.0,2000160,,,,,,DTSA-core,N=40,C3,6180,0,0,True
ta71,100,20,2000,DTSA,0,6180,2000200,2000000,8334,358.999,,,,,40,0.5,6,6,-5.0,5.0,5ee1241,2026-07-24T11:09:31,1.0,2000160,,,,,,DTSA+LS,N=40,C3,6180,8,0,True
ta71,100,20,2000,DTSA,1,6173,2000200,2000000,8334,358.555,,,,,40,0.5,6,6,-5.0,5.0,5ee1241,2026-07-24T11:09:31,1.0,2000160,,,,,,DTSA-core,N=40,C3,6173,0,0,True
ta71,100,20,2000,DTSA,1,6173,2000200,2000000,8334,358.555,,,,,40,0.5,6,6,-5.0,5.0,5ee1241,2026-07-24T11:09:31,1.0,2000160,,,,,,DTSA+LS,N=40,C3,6173,6,0,True
ta71,100,20,2000,DTSA,2,6300,2000200,2000000,8334,358.421,,,,,40,0.5,6,6,-5.0,5.0,5ee1241,2026-07-24T11:09:30,1.0,2000160,,,,,,DTSA-core,N=40,C3,6300,0,0,True
ta71,100,20,2000,DTSA,2,6300,2000200,2000000,8334,358.421,,,,,40,0.5,6,6,-5.0,5.0,5ee1241,2026-07-24T11:09:30,1.0,2000160,,,,,,DTSA+LS,N=40,C3,6300,11,0,True
ta71,100,20,2000,DTSA,3,6253,2000200,2000000,8334,357.161,,,,,40,0.5,6,6,-5.0,5.0,5ee1241,2026-07-24T11:09:29,1.0,2000160,,,,,,DTSA-core,N=40,C3,6253,0,0,True
ta71,100,20,2000,DTSA,3,6253,2000200,2000000,8334,357.161,,,,,40,0.5,6,6,-5.0,5.0,5ee1241,2026-07-24T11:09:29,1.0,2000160,,,,,,DTSA+LS,N=40,C3,6253,6,0,True
ta71,100,20,2000,DTSA,4,6189,2000200,2000000,8334,357.065,,,,,40,0.5,6,6,-5.0,5.0,5ee1241,2026-07-24T11:09:29,1.0,2000160,,,,,,DTSA-core,N=40,C3,6189,0,0,True
ta71,100,20,2000,DTSA,4,6189,2000200,2000000,8334,357.065,,,,,40,0.5,6,6,-5.0,5.0,5ee1241,2026-07-24T11:09:29,1.0,2000160,,,,,,DTSA+LS,N=40,C3,6189,6,0,True
ta71,100,20,2000,DTSA,5,6215,2000200,2000000,8334,360.829,,,,,40,0.5,6,6,-5.0,5.0,5ee1241,2026-07-24T11:09:33,1.0,2000160,,,,,,DTSA-core,N=40,C3,6215,0,0,True
ta71,100,20,2000,DTSA,5,6215,2000200,2000000,8334,360.829,,,,,40,0.5,6,6,-5.0,5.0,5ee1241,2026-07-24T11:09:33,1.0,2000160,,,,,,DTSA+LS,N=40,C3,6215,10,0,True
ta71,100,20,2000,DTSA,6,6314,2000200,2000000,8334,358.883,,,,,40,0.5,6,6,-5.0,5.0,5ee1241,2026-07-24T11:15:28,1.0,2000160,,,,,,DTSA-core,N=40,C3,6314,0,0,True
ta71,100,20,2000,DTSA,6,6314,2000200,2000000,8334,358.883,,,,,40,0.5,6,6,-5.0,5.0,5ee1241,2026-07-24T11:15:28,1.0,2000160,,,,,,DTSA+LS,N=40,C3,6314,14,0,True
ta71,100,20,2000,DTSA,7,6405,2000200,2000000,8334,357.364,,,,,40,0.5,6,6,-5.0,5.0,5ee1241,2026-07-24T11:15:27,1.0,2000160,,,,,,DTSA-core,N=40,C3,6405,0,0,True
ta71,100,20,2000,DTSA,7,6405,2000200,2000000,8334,357.364,,,,,40,0.5,6,6,-5.0,5.0,5ee1241,2026-07-24T11:15:27,1.0,2000160,,,,,,DTSA+LS,N=40,C3,6405,15,0,True
ta71,100,20,2000,DTSA,8,6162,2000200,2000000,8334,360.033,,,,,40,0.5,6,6,-5.0,5.0,5ee1241,2026-07-24T11:15:31,1.0,2000160,,,,,,DTSA-core,N=40,C3,6162,0,0,True
ta71,100,20,2000,DTSA,8,6162,2000200,2000000,8334,360.033,,,,,40,0.5,6,6,-5.0,5.0,5ee1241,2026-07-24T11:15:31,1.0,2000160,,,,,,DTSA+LS,N=40,C3,6162,6,0,True
ta71,100,20,2000,DTSA,9,6330,2000200,2000000,8334,359.516,,,,,40,0.5,6,6,-5.0,5.0,5ee1241,2026-07-24T11:15:30,1.0,2000160,,,,,,DTSA-core,N=40,C3,6330,0,0,True
ta71,100,20,2000,DTSA,9,6330,2000200,2000000,8334,359.516,,,,,40,0.5,6,6,-5.0,5.0,5ee1241,2026-07-24T11:15:30,1.0,2000160,,,,,,DTSA+LS,N=40,C3,6330,8,0,True
ta71,100,20,2000,DTSA,10,6140,2000200,2000000,8334,360.233,,,,,40,0.5,6,6,-5.0,5.0,5ee1241,2026-07-24T11:15:31,1.0,2000160,,,,,,DTSA-core,N=40,C3,6140,0,0,True
ta71,100,20,2000,DTSA,10,6140,2000200,2000000,8334,360.233,,,,,40,0.5,6,6,-5.0,5.0,5ee1241,2026-07-24T11:15:31,1.0,2000160,,,,,,DTSA+LS,N=40,C3,6140,11,0,True
ta71,100,20,2000,DTSA,11,6328,2000200,2000000,8334,359.138,,,,,40,0.5,6,6,-5.0,5.0,5ee1241,2026-07-24T11:15:32,1.0,2000160,,,,,,DTSA-core,N=40,C3,6328,0,0,True
ta71,100,20,2000,DTSA,11,6328,2000200,2000000,8334,359.138,,,,,40,0.5,6,6,-5.0,5.0,5ee1241,2026-07-24T11:15:32,1.0,2000160,,,,,,DTSA+LS,N=40,C3,6328,8,0,True
ta71,100,20,2000,DTSA,12,6315,2000200,2000000,8334,356.048,,,,,40,0.5,6,6,-5.0,5.0,5ee1241,2026-07-24T11:21:23,1.0,2000160,,,,,,DTSA-core,N=40,C3,6315,0,0,True
ta71,100,20,2000,DTSA,12,6315,2000200,2000000,8334,356.048,,,,,40,0.5,6,6,-5.0,5.0,5ee1241,2026-07-24T11:21:23,1.0,2000160,,,,,,DTSA+LS,N=40,C3,6315,6,0,True
ta71,100,20,2000,DTSA,13,6223,2000200,2000000,8334,356.658,,,,,40,0.5,6,6,-5.0,5.0,5ee1241,2026-07-24T11:21:25,1.0,2000160,,,,,,DTSA-core,N=40,C3,6223,0,0,True
ta71,100,20,2000,DTSA,13,6223,2000200,2000000,8334,356.658,,,,,40,0.5,6,6,-5.0,5.0,5ee1241,2026-07-24T11:21:25,1.0,2000160,,,,,,DTSA+LS,N=40,C3,6223,6,0,True
ta71,100,20,2000,DTSA,14,6039,2000200,2000000,8334,356.977,,,,,40,0.5,6,6,-5.0,5.0,5ee1241,2026-07-24T11:21:27,1.0,2000160,,,,,,DTSA-core,N=40,C3,6039,0,0,True
ta71,100,20,2000,DTSA,14,6039,2000200,2000000,8334,356.977,,,,,40,0.5,6,6,-5.0,5.0,5ee1241,2026-07-24T11:21:27,1.0,2000160,,,,,,DTSA+LS,N=40,C3,6039,6,0,True
ta71,100,20,2000,DTSA,15,6196,2000200,2000000,8334,358.015,,,,,40,0.5,6,6,-5.0,5.0,5ee1241,2026-07-24T11:21:29,1.0,2000160,,,,,,DTSA-core,N=40,C3,6196,0,0,True
ta71,100,20,2000,DTSA,15,6196,2000200,2000000,8334,358.015,,,,,40,0.5,6,6,-5.0,5.0,5ee1241,2026-07-24T11:21:29,1.0,2000160,,,,,,DTSA+LS,N=40,C3,6196,12,0,True
ta71,100,20,2000,DTSA,16,6228,2000200,2000000,8334,358.227,,,,,40,0.5,6,6,-5.0,5.0,5ee1241,2026-07-24T11:21:30,1.0,2000160,,,,,,DTSA-core,N=40,C3,6228,0,0,True
ta71,100,20,2000,DTSA,16,6228,2000200,2000000,8334,358.227,,,,,40,0.5,6,6,-5.0,5.0,5ee1241,2026-07-24T11:21:30,1.0,2000160,,,,,,DTSA+LS,N=40,C3,6228,8,0,True
ta71,100,20,2000,DTSA,17,6305,2000200,2000000,8334,358.481,,,,,40,0.5,6,6,-5.0,5.0,5ee1241,2026-07-24T11:21:31,1.0,2000160,,,,,,DTSA-core,N=40,C3,6305,0,0,True
ta71,100,20,2000,DTSA,17,6305,2000200,2000000,8334,358.481,,,,,40,0.5,6,6,-5.0,5.0,5ee1241,2026-07-24T11:21:31,1.0,2000160,,,,,,DTSA+LS,N=40,C3,6305,11,0,True
ta71,100,20,2000,DTSA,18,6104,2000200,2000000,8334,346.945,,,,,40,0.5,6,6,-5.0,5.0,5ee1241,2026-07-24T11:27:10,1.0,2000160,,,,,,DTSA-core,N=40,C3,6104,0,0,True
ta71,100,20,2000,DTSA,18,6104,2000200,2000000,8334,346.945,,,,,40,0.5,6,6,-5.0,5.0,5ee1241,2026-07-24T11:27:10,1.0,2000160,,,,,,DTSA+LS,N=40,C3,6104,6,0,True
ta71,100,20,2000,DTSA,19,6286,2000200,2000000,8334,346.405,,,,,40,0.5,6,6,-5.0,5.0,5ee1241,2026-07-24T11:27:11,1.0,2000160,,,,,,DTSA-core,N=40,C3,6286,0,0,True
ta71,100,20,2000,DTSA,19,6286,2000200,2000000,8334,346.405,,,,,40,0.5,6,6,-5.0,5.0,5ee1241,2026-07-24T11:27:11,1.0,2000160,,,,,,DTSA+LS,N=40,C3,6286,8,0,True
ta72,100,20,2000,DTSA,0,5687,2000200,2000000,8334,357.16,,,,,40,0.5,6,6,-5.0,5.0,5ee1241,2026-07-24T11:33:09,1.0,2000160,,,,,,DTSA-core,N=40,C3,5687,0,0,True
ta72,100,20,2000,DTSA,0,5687,2000200,2000000,8334,357.16,,,,,40,0.5,6,6,-5.0,5.0,5ee1241,2026-07-24T11:33:09,1.0,2000160,,,,,,DTSA+LS,N=40,C3,5687,9,0,True
ta72,100,20,2000,DTSA,1,5613,2000200,2000000,8334,359.26,,,,,40,0.5,6,6,-5.0,5.0,5ee1241,2026-07-24T11:33:11,1.0,2000160,,,,,,DTSA-core,N=40,C3,5613,0,0,True
ta72,100,20,2000,DTSA,1,5613,2000200,2000000,8334,359.26,,,,,40,0.5,6,6,-5.0,5.0,5ee1241,2026-07-24T11:33:11,1.0,2000160,,,,,,DTSA+LS,N=40,C3,5613,13,0,True
ta72,100,20,2000,DTSA,2,5687,2000200,2000000,8334,356.3,,,,,40,0.5,6,6,-5.0,5.0,5ee1241,2026-07-24T11:33:08,1.0,2000160,,,,,,DTSA-core,N=40,C3,5687,0,0,True
ta72,100,20,2000,DTSA,2,5687,2000200,2000000,8334,356.3,,,,,40,0.5,6,6,-5.0,5.0,5ee1241,2026-07-24T11:33:08,1.0,2000160,,,,,,DTSA+LS,N=40,C3,5687,14,0,True
ta72,100,20,2000,DTSA,3,5688,2000200,2000000,8334,357.801,,,,,40,0.5,6,6,-5.0,5.0,5ee1241,2026-07-24T11:33:10,1.0,2000160,,,,,,DTSA-core,N=40,C3,5688,0,0,True
ta72,100,20,2000,DTSA,3,5688,2000200,2000000,8334,357.801,,,,,40,0.5,6,6,-5.0,5.0,5ee1241,2026-07-24T11:33:10,1.0,2000160,,,,,,DTSA+LS,N=40,C3,5688,10,0,True
ta72,100,20,2000,DTSA,4,5596,2000200,2000000,8334,357.998,,,,,40,0.5,6,6,-5.0,5.0,5ee1241,2026-07-24T11:33:10,1.0,2000160,,,,,,DTSA-core,N=40,C3,5596,0,0,True
ta72,100,20,2000,DTSA,4,5596,2000200,2000000,8334,357.998,,,,,40,0.5,6,6,-5.0,5.0,5ee1241,2026-07-24T11:33:10,1.0,2000160,,,,,,DTSA+LS,N=40,C3,5596,18,0,True
ta72,100,20,2000,DTSA,5,5539,2000200,2000000,8334,355.921,,,,,40,0.5,6,6,-5.0,5.0,5ee1241,2026-07-24T11:33:08,1.0,2000160,,,,,,DTSA-core,N=40,C3,5539,0,0,True
ta72,100,20,2000,DTSA,5,5539,2000200,2000000,8334,355.921,,,,,40,0.5,6,6,-5.0,5.0,5ee1241,2026-07-24T11:33:08,1.0,2000160,,,,,,DTSA+LS,N=40,C3,5539,9,0,True
ta72,100,20,2000,DTSA,6,5816,2000200,2000000,8334,359.37,,,,,40,0.5,6,6,-5.0,5.0,5ee1241,2026-07-24T11:39:07,1.0,2000160,,,,,,DTSA-core,N=40,C3,5816,0,0,True
ta72,100,20,2000,DTSA,6,5816,2000200,2000000,8334,359.37,,,,,40,0.5,6,6,-5.0,5.0,5ee1241,2026-07-24T11:39:07,1.0,2000160,,,,,,DTSA+LS,N=40,C3,5816,15,0,True
ta72,100,20,2000,DTSA,7,5623,2000200,2000000,8334,359.409,,,,,40,0.5,6,6,-5.0,5.0,5ee1241,2026-07-24T11:39:08,1.0,2000160,,,,,,DTSA-core,N=40,C3,5623,0,0,True
ta72,100,20,2000,DTSA,7,5623,2000200,2000000,8334,359.409,,,,,40,0.5,6,6,-5.0,5.0,5ee1241,2026-07-24T11:39:08,1.0,2000160,,,,,,DTSA+LS,N=40,C3,5623,9,0,True
ta72,100,20,2000,DTSA,8,5683,2000200,2000000,8334,359.514,,,,,40,0.5,6,6,-5.0,5.0,5ee1241,2026-07-24T11:39:08,1.0,2000160,,,,,,DTSA-core,N=40,C3,5683,0,0,True
ta72,100,20,2000,DTSA,8,5683,2000200,2000000,8334,359.514,,,,,40,0.5,6,6,-5.0,5.0,5ee1241,2026-07-24T11:39:08,1.0,2000160,,,,,,DTSA+LS,N=40,C3,5683,6,0,True
ta72,100,20,2000,DTSA,9,5668,2000200,2000000,8334,361.741,,,,,40,0.5,6,6,-5.0,5.0,5ee1241,2026-07-24T11:39:12,1.0,2000160,,,,,,DTSA-core,N=40,C3,5668,0,0,True
ta72,100,20,2000,DTSA,9,5668,2000200,2000000,8334,361.741,,,,,40,0.5,6,6,-5.0,5.0,5ee1241,2026-07-24T11:39:12,1.0,2000160,,,,,,DTSA+LS,N=40,C3,5668,12,0,True
ta72,100,20,2000,DTSA,10,5481,2000200,2000000,8334,358.556,,,,,40,0.5,6,6,-5.0,5.0,5ee1241,2026-07-24T11:39:09,1.0,2000160,,,,,,DTSA-core,N=40,C3,5481,0,0,True
ta72,100,20,2000,DTSA,10,5481,2000200,2000000,8334,358.556,,,,,40,0.5,6,6,-5.0,5.0,5ee1241,2026-07-24T11:39:09,1.0,2000160,,,,,,DTSA+LS,N=40,C3,5481,17,0,True
ta72,100,20,2000,DTSA,11,5601,2000200,2000000,8334,359.148,,,,,40,0.5,6,6,-5.0,5.0,5ee1241,2026-07-24T11:39:10,1.0,2000160,,,,,,DTSA-core,N=40,C3,5601,0,0,True
ta72,100,20,2000,DTSA,11,5601,2000200,2000000,8334,359.148,,,,,40,0.5,6,6,-5.0,5.0,5ee1241,2026-07-24T11:39:10,1.0,2000160,,,,,,DTSA+LS,N=40,C3,5601,12,0,True
ta72,100,20,2000,DTSA,12,5747,2000200,2000000,8334,357.564,,,,,40,0.5,6,6,-5.0,5.0,5ee1241,2026-07-24T11:45:05,1.0,2000160,,,,,,DTSA-core,N=40,C3,5747,0,0,True
ta72,100,20,2000,DTSA,12,5747,2000200,2000000,8334,357.564,,,,,40,0.5,6,6,-5.0,5.0,5ee1241,2026-07-24T11:45:05,1.0,2000160,,,,,,DTSA+LS,N=40,C3,5747,11,0,True
ta72,100,20,2000,DTSA,13,5660,2000200,2000000,8334,357.263,,,,,40,0.5,6,6,-5.0,5.0,5ee1241,2026-07-24T11:45:05,1.0,2000160,,,,,,DTSA-core,N=40,C3,5660,0,0,True
ta72,100,20,2000,DTSA,13,5660,2000200,2000000,8334,357.263,,,,,40,0.5,6,6,-5.0,5.0,5ee1241,2026-07-24T11:45:05,1.0,2000160,,,,,,DTSA+LS,N=40,C3,5660,8,0,True
ta72,100,20,2000,DTSA,14,5669,2000200,2000000,8334,356.084,,,,,40,0.5,6,6,-5.0,5.0,5ee1241,2026-07-24T11:45:04,1.0,2000160,,,,,,DTSA-core,N=40,C3,5669,0,0,True
ta72,100,20,2000,DTSA,14,5669,2000200,2000000,8334,356.084,,,,,40,0.5,6,6,-5.0,5.0,5ee1241,2026-07-24T11:45:04,1.0,2000160,,,,,,DTSA+LS,N=40,C3,5669,16,0,True
ta72,100,20,2000,DTSA,15,5644,2000200,2000000,8334,357.616,,,,,40,0.5,6,6,-5.0,5.0,5ee1241,2026-07-24T11:45:06,1.0,2000160,,,,,,DTSA-core,N=40,C3,5644,0,0,True
ta72,100,20,2000,DTSA,15,5644,2000200,2000000,8334,357.616,,,,,40,0.5,6,6,-5.0,5.0,5ee1241,2026-07-24T11:45:06,1.0,2000160,,,,,,DTSA+LS,N=40,C3,5644,22,0,True
ta72,100,20,2000,DTSA,16,5681,2000200,2000000,8334,356.07,,,,,40,0.5,6,6,-5.0,5.0,5ee1241,2026-07-24T11:45:06,1.0,2000160,,,,,,DTSA-core,N=40,C3,5681,0,0,True
ta72,100,20,2000,DTSA,16,5681,2000200,2000000,8334,356.07,,,,,40,0.5,6,6,-5.0,5.0,5ee1241,2026-07-24T11:45:06,1.0,2000160,,,,,,DTSA+LS,N=40,C3,5681,11,0,True
ta72,100,20,2000,DTSA,17,5596,2000200,2000000,8334,357.862,,,,,40,0.5,6,6,-5.0,5.0,5ee1241,2026-07-24T11:45:10,1.0,2000160,,,,,,DTSA-core,N=40,C3,5596,0,0,True
ta72,100,20,2000,DTSA,17,5592,2000200,2000000,8334,357.862,,,,,40,0.5,6,6,-5.0,5.0,5ee1241,2026-07-24T11:45:10,1.0,2000160,,,,,,DTSA+LS,N=40,C3,5596,18,2,True
ta72,100,20,2000,DTSA,18,5702,2000200,2000000,8334,346.016,,,,,40,0.5,6,6,-5.0,5.0,5ee1241,2026-07-24T11:50:51,1.0,2000160,,,,,,DTSA-core,N=40,C3,5702,0,0,True
ta72,100,20,2000,DTSA,18,5702,2000200,2000000,8334,346.016,,,,,40,0.5,6,6,-5.0,5.0,5ee1241,2026-07-24T11:50:51,1.0,2000160,,,,,,DTSA+LS,N=40,C3,5702,8,0,True
ta72,100,20,2000,DTSA,19,5762,2000200,2000000,8334,347.338,,,,,40,0.5,6,6,-5.0,5.0,5ee1241,2026-07-24T11:50:53,1.0,2000160,,,,,,DTSA-core,N=40,C3,5762,0,0,True
ta72,100,20,2000,DTSA,19,5762,2000200,2000000,8334,347.338,,,,,40,0.5,6,6,-5.0,5.0,5ee1241,2026-07-24T11:50:53,1.0,2000160,,,,,,DTSA+LS,N=40,C3,5762,5,0,True
ta73,100,20,2000,DTSA,0,6165,2000200,2000000,8334,358.865,,,,,40,0.5,6,6,-5.0,5.0,5ee1241,2026-07-24T11:56:51,1.0,2000160,,,,,,DTSA-core,N=40,C3,6165,0,0,True
ta73,100,20,2000,DTSA,0,6165,2000200,2000000,8334,358.865,,,,,40,0.5,6,6,-5.0,5.0,5ee1241,2026-07-24T11:56:51,1.0,2000160,,,,,,DTSA+LS,N=40,C3,6165,13,0,True
ta73,100,20,2000,DTSA,1,6226,2000200,2000000,8334,361.124,,,,,40,0.5,6,6,-5.0,5.0,5ee1241,2026-07-24T11:56:54,1.0,2000160,,,,,,DTSA-core,N=40,C3,6226,0,0,True
ta73,100,20,2000,DTSA,1,6226,2000200,2000000,8334,361.124,,,,,40,0.5,6,6,-5.0,5.0,5ee1241,2026-07-24T11:56:54,1.0,2000160,,,,,,DTSA+LS,N=40,C3,6226,4,0,True
ta73,100,20,2000,DTSA,2,6194,2000200,2000000,8334,360.383,,,,,40,0.5,6,6,-5.0,5.0,5ee1241,2026-07-24T11:56:53,1.0,2000160,,,,,,DTSA-core,N=40,C3,6194,0,0,True
ta73,100,20,2000,DTSA,2,6194,2000200,2000000,8334,360.383,,,,,40,0.5,6,6,-5.0,5.0,5ee1241,2026-07-24T11:56:53,1.0,2000160,,,,,,DTSA+LS,N=40,C3,6194,14,0,True
ta73,100,20,2000,DTSA,3,6195,2000200,2000000,8334,357.683,,,,,40,0.5,6,6,-5.0,5.0,5ee1241,2026-07-24T11:56:51,1.0,2000160,,,,,,DTSA-core,N=40,C3,6195,0,0,True
ta73,100,20,2000,DTSA,3,6195,2000200,2000000,8334,357.683,,,,,40,0.5,6,6,-5.0,5.0,5ee1241,2026-07-24T11:56:51,1.0,2000160,,,,,,DTSA+LS,N=40,C3,6195,6,0,True
ta73,100,20,2000,DTSA,4,6284,2000200,2000000,8334,356.538,,,,,40,0.5,6,6,-5.0,5.0,5ee1241,2026-07-24T11:56:50,1.0,2000160,,,,,,DTSA-core,N=40,C3,6284,0,0,True
ta73,100,20,2000,DTSA,4,6284,2000200,2000000,8334,356.538,,,,,40,0.5,6,6,-5.0,5.0,5ee1241,2026-07-24T11:56:50,1.0,2000160,,,,,,DTSA+LS,N=40,C3,6284,8,0,True
ta73,100,20,2000,DTSA,5,6215,2000200,2000000,8334,357.643,,,,,40,0.5,6,6,-5.0,5.0,5ee1241,2026-07-24T11:56:51,1.0,2000160,,,,,,DTSA-core,N=40,C3,6215,0,0,True
ta73,100,20,2000,DTSA,5,6215,2000200,2000000,8334,357.643,,,,,40,0.5,6,6,-5.0,5.0,5ee1241,2026-07-24T11:56:51,1.0,2000160,,,,,,DTSA+LS,N=40,C3,6215,8,0,True
ta73,100,20,2000,DTSA,6,6047,2000200,2000000,8334,357.617,,,,,40,0.5,6,6,-5.0,5.0,5ee1241,2026-07-24T12:02:47,1.0,2000160,,,,,,DTSA-core,N=40,C3,6047,0,0,True
ta73,100,20,2000,DTSA,6,6047,2000200,2000000,8334,357.617,,,,,40,0.5,6,6,-5.0,5.0,5ee1241,2026-07-24T12:02:47,1.0,2000160,,,,,,DTSA+LS,N=40,C3,6047,6,0,True
ta73,100,20,2000,DTSA,7,6224,2000200,2000000,8334,357.232,,,,,40,0.5,6,6,-5.0,5.0,5ee1241,2026-07-24T12:02:48,1.0,2000160,,,,,,DTSA-core,N=40,C3,6224,0,0,True
ta73,100,20,2000,DTSA,7,6224,2000200,2000000,8334,357.232,,,,,40,0.5,6,6,-5.0,5.0,5ee1241,2026-07-24T12:02:48,1.0,2000160,,,,,,DTSA+LS,N=40,C3,6224,6,0,True
ta73,100,20,2000,DTSA,8,6476,2000200,2000000,8334,356.737,,,,,40,0.5,6,6,-5.0,5.0,5ee1241,2026-07-24T12:02:48,1.0,2000160,,,,,,DTSA-core,N=40,C3,6476,0,0,True
ta73,100,20,2000,DTSA,8,6476,2000200,2000000,8334,356.737,,,,,40,0.5,6,6,-5.0,5.0,5ee1241,2026-07-24T12:02:48,1.0,2000160,,,,,,DTSA+LS,N=40,C3,6476,15,0,True
ta73,100,20,2000,DTSA,9,6246,2000200,2000000,8334,356.448,,,,,40,0.5,6,6,-5.0,5.0,5ee1241,2026-07-24T12:02:48,1.0,2000160,,,,,,DTSA-core,N=40,C3,6246,0,0,True
ta73,100,20,2000,DTSA,9,6246,2000200,2000000,8334,356.448,,,,,40,0.5,6,6,-5.0,5.0,5ee1241,2026-07-24T12:02:48,1.0,2000160,,,,,,DTSA+LS,N=40,C3,6246,17,0,True
ta73,100,20,2000,DTSA,10,6337,2000200,2000000,8334,357.943,,,,,40,0.5,6,6,-5.0,5.0,5ee1241,2026-07-24T12:02:52,1.0,2000160,,,,,,DTSA-core,N=40,C3,6337,0,0,True
ta73,100,20,2000,DTSA,10,6337,2000200,2000000,8334,357.943,,,,,40,0.5,6,6,-5.0,5.0,5ee1241,2026-07-24T12:02:52,1.0,2000160,,,,,,DTSA+LS,N=40,C3,6337,4,0,True
ta73,100,20,2000,DTSA,11,6306,2000200,2000000,8334,358.234,,,,,40,0.5,6,6,-5.0,5.0,5ee1241,2026-07-24T12:02:52,1.0,2000160,,,,,,DTSA-core,N=40,C3,6306,0,0,True
ta73,100,20,2000,DTSA,11,6306,2000200,2000000,8334,358.234,,,,,40,0.5,6,6,-5.0,5.0,5ee1241,2026-07-24T12:02:52,1.0,2000160,,,,,,DTSA+LS,N=40,C3,6306,7,0,True
ta73,100,20,2000,DTSA,12,6337,2000200,2000000,8334,354.24,,,,,40,0.5,6,6,-5.0,5.0,5ee1241,2026-07-24T12:08:42,1.0,2000160,,,,,,DTSA-core,N=40,C3,6337,0,0,True
ta73,100,20,2000,DTSA,12,6337,2000200,2000000,8334,354.24,,,,,40,0.5,6,6,-5.0,5.0,5ee1241,2026-07-24T12:08:42,1.0,2000160,,,,,,DTSA+LS,N=40,C3,6337,14,0,True
ta73,100,20,2000,DTSA,13,6158,2000200,2000000,8334,355.993,,,,,40,0.5,6,6,-5.0,5.0,5ee1241,2026-07-24T12:08:44,1.0,2000160,,,,,,DTSA-core,N=40,C3,6158,0,0,True
ta73,100,20,2000,DTSA,13,6158,2000200,2000000,8334,355.993,,,,,40,0.5,6,6,-5.0,5.0,5ee1241,2026-07-24T12:08:44,1.0,2000160,,,,,,DTSA+LS,N=40,C3,6158,6,0,True
ta73,100,20,2000,DTSA,14,6204,2000200,2000000,8334,355.112,,,,,40,0.5,6,6,-5.0,5.0,5ee1241,2026-07-24T12:08:43,1.0,2000160,,,,,,DTSA-core,N=40,C3,6204,0,0,True
ta73,100,20,2000,DTSA,14,6204,2000200,2000000,8334,355.112,,,,,40,0.5,6,6,-5.0,5.0,5ee1241,2026-07-24T12:08:43,1.0,2000160,,,,,,DTSA+LS,N=40,C3,6204,7,0,True
ta73,100,20,2000,DTSA,15,6261,2000200,2000000,8334,356.715,,,,,40,0.5,6,6,-5.0,5.0,5ee1241,2026-07-24T12:08:45,1.0,2000160,,,,,,DTSA-core,N=40,C3,6261,0,0,True
ta73,100,20,2000,DTSA,15,6261,2000200,2000000,8334,356.715,,,,,40,0.5,6,6,-5.0,5.0,5ee1241,2026-07-24T12:08:45,1.0,2000160,,,,,,DTSA+LS,N=40,C3,6261,4,0,True
ta73,100,20,2000,DTSA,16,6265,2000200,2000000,8334,354.927,,,,,40,0.5,6,6,-5.0,5.0,5ee1241,2026-07-24T12:08:47,1.0,2000160,,,,,,DTSA-core,N=40,C3,6265,0,0,True
ta73,100,20,2000,DTSA,16,6265,2000200,2000000,8334,354.927,,,,,40,0.5,6,6,-5.0,5.0,5ee1241,2026-07-24T12:08:47,1.0,2000160,,,,,,DTSA+LS,N=40,C3,6265,7,0,True
ta73,100,20,2000,DTSA,17,6280,2000200,2000000,8334,356.066,,,,,40,0.5,6,6,-5.0,5.0,5ee1241,2026-07-24T12:08:48,1.0,2000160,,,,,,DTSA-core,N=40,C3,6280,0,0,True
ta73,100,20,2000,DTSA,17,6280,2000200,2000000,8334,356.066,,,,,40,0.5,6,6,-5.0,5.0,5ee1241,2026-07-24T12:08:48,1.0,2000160,,,,,,DTSA+LS,N=40,C3,6280,11,0,True
ta73,100,20,2000,DTSA,18,6374,2000200,2000000,8334,339.46,,,,,40,0.5,6,6,-5.0,5.0,5ee1241,2026-07-24T12:14:21,1.0,2000160,,,,,,DTSA-core,N=40,C3,6374,0,0,True
ta73,100,20,2000,DTSA,18,6374,2000200,2000000,8334,339.46,,,,,40,0.5,6,6,-5.0,5.0,5ee1241,2026-07-24T12:14:21,1.0,2000160,,,,,,DTSA+LS,N=40,C3,6374,4,0,True
ta73,100,20,2000,DTSA,19,6182,2000200,2000000,8334,341.136,,,,,40,0.5,6,6,-5.0,5.0,5ee1241,2026-07-24T12:14:25,1.0,2000160,,,,,,DTSA-core,N=40,C3,6182,0,0,True
ta73,100,20,2000,DTSA,19,6182,2000200,2000000,8334,341.136,,,,,40,0.5,6,6,-5.0,5.0,5ee1241,2026-07-24T12:14:25,1.0,2000160,,,,,,DTSA+LS,N=40,C3,6182,8,0,True
ta74,100,20,2000,DTSA,0,5747,2000200,2000000,8334,356.461,,,,,40,0.5,6,6,-5.0,5.0,5ee1241,2026-07-24T12:20:21,1.0,2000160,,,,,,DTSA-core,N=40,C3,5747,0,0,True
ta74,100,20,2000,DTSA,0,5747,2000200,2000000,8334,356.461,,,,,40,0.5,6,6,-5.0,5.0,5ee1241,2026-07-24T12:20:21,1.0,2000160,,,,,,DTSA+LS,N=40,C3,5747,18,0,True
ta74,100,20,2000,DTSA,1,5850,2000200,2000000,8334,353.841,,,,,40,0.5,6,6,-5.0,5.0,5ee1241,2026-07-24T12:20:18,1.0,2000160,,,,,,DTSA-core,N=40,C3,5850,0,0,True
ta74,100,20,2000,DTSA,1,5850,2000200,2000000,8334,353.841,,,,,40,0.5,6,6,-5.0,5.0,5ee1241,2026-07-24T12:20:18,1.0,2000160,,,,,,DTSA+LS,N=40,C3,5850,12,0,True
ta74,100,20,2000,DTSA,2,5744,2000200,2000000,8334,354.599,,,,,40,0.5,6,6,-5.0,5.0,5ee1241,2026-07-24T12:20:20,1.0,2000160,,,,,,DTSA-core,N=40,C3,5744,0,0,True
ta74,100,20,2000,DTSA,2,5744,2000200,2000000,8334,354.599,,,,,40,0.5,6,6,-5.0,5.0,5ee1241,2026-07-24T12:20:20,1.0,2000160,,,,,,DTSA+LS,N=40,C3,5744,10,0,True
ta74,100,20,2000,DTSA,3,5820,2000200,2000000,8334,355.162,,,,,40,0.5,6,6,-5.0,5.0,5ee1241,2026-07-24T12:20:20,1.0,2000160,,,,,,DTSA-core,N=40,C3,5820,0,0,True
ta74,100,20,2000,DTSA,3,5820,2000200,2000000,8334,355.162,,,,,40,0.5,6,6,-5.0,5.0,5ee1241,2026-07-24T12:20:20,1.0,2000160,,,,,,DTSA+LS,N=40,C3,5820,14,0,True
ta74,100,20,2000,DTSA,4,5966,2000200,2000000,8334,355.194,,,,,40,0.5,6,6,-5.0,5.0,5ee1241,2026-07-24T12:20:20,1.0,2000160,,,,,,DTSA-core,N=40,C3,5966,0,0,True
ta74,100,20,2000,DTSA,4,5966,2000200,2000000,8334,355.194,,,,,40,0.5,6,6,-5.0,5.0,5ee1241,2026-07-24T12:20:20,1.0,2000160,,,,,,DTSA+LS,N=40,C3,5966,9,0,True
ta74,100,20,2000,DTSA,5,5779,2000200,2000000,8334,356.03,,,,,40,0.5,6,6,-5.0,5.0,5ee1241,2026-07-24T12:20:21,1.0,2000160,,,,,,DTSA-core,N=40,C3,5779,0,0,True
ta74,100,20,2000,DTSA,5,5779,2000200,2000000,8334,356.03,,,,,40,0.5,6,6,-5.0,5.0,5ee1241,2026-07-24T12:20:21,1.0,2000160,,,,,,DTSA+LS,N=40,C3,5779,9,0,True
ta74,100,20,2000,DTSA,6,5768,2000200,2000000,8334,358.237,,,,,40,0.5,6,6,-5.0,5.0,5ee1241,2026-07-24T12:26:17,1.0,2000160,,,,,,DTSA-core,N=40,C3,5768,0,0,True
ta74,100,20,2000,DTSA,6,5768,2000200,2000000,8334,358.237,,,,,40,0.5,6,6,-5.0,5.0,5ee1241,2026-07-24T12:26:17,1.0,2000160,,,,,,DTSA+LS,N=40,C3,5768,4,0,True
ta74,100,20,2000,DTSA,7,5798,2000200,2000000,8334,359.926,,,,,40,0.5,6,6,-5.0,5.0,5ee1241,2026-07-24T12:26:20,1.0,2000160,,,,,,DTSA-core,N=40,C3,5798,0,0,True
ta74,100,20,2000,DTSA,7,5798,2000200,2000000,8334,359.926,,,,,40,0.5,6,6,-5.0,5.0,5ee1241,2026-07-24T12:26:20,1.0,2000160,,,,,,DTSA+LS,N=40,C3,5798,4,0,True
ta74,100,20,2000,DTSA,8,5800,2000200,2000000,8334,359.709,,,,,40,0.5,6,6,-5.0,5.0,5ee1241,2026-07-24T12:26:20,1.0,2000160,,,,,,DTSA-core,N=40,C3,5800,0,0,True
ta74,100,20,2000,DTSA,8,5800,2000200,2000000,8334,359.709,,,,,40,0.5,6,6,-5.0,5.0,5ee1241,2026-07-24T12:26:20,1.0,2000160,,,,,,DTSA+LS,N=40,C3,5800,11,0,True
ta74,100,20,2000,DTSA,9,5814,2000200,2000000,8334,356.963,,,,,40,0.5,6,6,-5.0,5.0,5ee1241,2026-07-24T12:26:17,1.0,2000160,,,,,,DTSA-core,N=40,C3,5814,0,0,True
ta74,100,20,2000,DTSA,9,5814,2000200,2000000,8334,356.963,,,,,40,0.5,6,6,-5.0,5.0,5ee1241,2026-07-24T12:26:17,1.0,2000160,,,,,,DTSA+LS,N=40,C3,5814,10,0,True
ta74,100,20,2000,DTSA,10,5803,2000200,2000000,8334,355.53,,,,,40,0.5,6,6,-5.0,5.0,5ee1241,2026-07-24T12:26:17,1.0,2000160,,,,,,DTSA-core,N=40,C3,5803,0,0,True
ta74,100,20,2000,DTSA,10,5803,2000200,2000000,8334,355.53,,,,,40,0.5,6,6,-5.0,5.0,5ee1241,2026-07-24T12:26:17,1.0,2000160,,,,,,DTSA+LS,N=40,C3,5803,6,0,True
ta74,100,20,2000,DTSA,11,5861,2000200,2000000,8334,359.068,,,,,40,0.5,6,6,-5.0,5.0,5ee1241,2026-07-24T12:26:20,1.0,2000160,,,,,,DTSA-core,N=40,C3,5861,0,0,True
ta74,100,20,2000,DTSA,11,5861,2000200,2000000,8334,359.068,,,,,40,0.5,6,6,-5.0,5.0,5ee1241,2026-07-24T12:26:20,1.0,2000160,,,,,,DTSA+LS,N=40,C3,5861,9,0,True
ta74,100,20,2000,DTSA,12,5791,2000200,2000000,8334,353.371,,,,,40,0.5,6,6,-5.0,5.0,5ee1241,2026-07-24T12:32:10,1.0,2000160,,,,,,DTSA-core,N=40,C3,5791,0,0,True
ta74,100,20,2000,DTSA,12,5791,2000200,2000000,8334,353.371,,,,,40,0.5,6,6,-5.0,5.0,5ee1241,2026-07-24T12:32:10,1.0,2000160,,,,,,DTSA+LS,N=40,C3,5791,9,0,True
ta74,100,20,2000,DTSA,13,5870,2000200,2000000,8334,352.36,,,,,40,0.5,6,6,-5.0,5.0,5ee1241,2026-07-24T12:32:09,1.0,2000160,,,,,,DTSA-core,N=40,C3,5870,0,0,True
ta74,100,20,2000,DTSA,13,5870,2000200,2000000,8334,352.36,,,,,40,0.5,6,6,-5.0,5.0,5ee1241,2026-07-24T12:32:09,1.0,2000160,,,,,,DTSA+LS,N=40,C3,5870,12,0,True
ta74,100,20,2000,DTSA,14,5914,2000200,2000000,8334,351.235,,,,,40,0.5,6,6,-5.0,5.0,5ee1241,2026-07-24T12:32:09,1.0,2000160,,,,,,DTSA-core,N=40,C3,5914,0,0,True
ta74,100,20,2000,DTSA,14,5914,2000200,2000000,8334,351.235,,,,,40,0.5,6,6,-5.0,5.0,5ee1241,2026-07-24T12:32:09,1.0,2000160,,,,,,DTSA+LS,N=40,C3,5914,7,0,True
ta74,100,20,2000,DTSA,15,5835,2000200,2000000,8334,353.314,,,,,40,0.5,6,6,-5.0,5.0,5ee1241,2026-07-24T12:32:13,1.0,2000160,,,,,,DTSA-core,N=40,C3,5835,0,0,True
ta74,100,20,2000,DTSA,15,5835,2000200,2000000,8334,353.314,,,,,40,0.5,6,6,-5.0,5.0,5ee1241,2026-07-24T12:32:13,1.0,2000160,,,,,,DTSA+LS,N=40,C3,5835,8,0,True
ta74,100,20,2000,DTSA,16,5841,2000200,2000000,8334,352.645,,,,,40,0.5,6,6,-5.0,5.0,5ee1241,2026-07-24T12:32:13,1.0,2000160,,,,,,DTSA-core,N=40,C3,5841,0,0,True
ta74,100,20,2000,DTSA,16,5841,2000200,2000000,8334,352.645,,,,,40,0.5,6,6,-5.0,5.0,5ee1241,2026-07-24T12:32:13,1.0,2000160,,,,,,DTSA+LS,N=40,C3,5841,8,0,True
ta74,100,20,2000,DTSA,17,5802,2000200,2000000,8334,352.518,,,,,40,0.5,6,6,-5.0,5.0,5ee1241,2026-07-24T12:32:13,1.0,2000160,,,,,,DTSA-core,N=40,C3,5802,0,0,True
ta74,100,20,2000,DTSA,17,5802,2000200,2000000,8334,352.518,,,,,40,0.5,6,6,-5.0,5.0,5ee1241,2026-07-24T12:32:13,1.0,2000160,,,,,,DTSA+LS,N=40,C3,5802,11,0,True
ta74,100,20,2000,DTSA,18,5865,2000200,2000000,8334,339.705,,,,,40,0.5,6,6,-5.0,5.0,5ee1241,2026-07-24T12:37:48,1.0,2000160,,,,,,DTSA-core,N=40,C3,5865,0,0,True
ta74,100,20,2000,DTSA,18,5865,2000200,2000000,8334,339.705,,,,,40,0.5,6,6,-5.0,5.0,5ee1241,2026-07-24T12:37:48,1.0,2000160,,,,,,DTSA+LS,N=40,C3,5865,8,0,True
ta74,100,20,2000,DTSA,19,5776,2000200,2000000,8334,336.628,,,,,40,0.5,6,6,-5.0,5.0,5ee1241,2026-07-24T12:37:46,1.0,2000160,,,,,,DTSA-core,N=40,C3,5776,0,0,True
ta74,100,20,2000,DTSA,19,5776,2000200,2000000,8334,336.628,,,,,40,0.5,6,6,-5.0,5.0,5ee1241,2026-07-24T12:37:46,1.0,2000160,,,,,,DTSA+LS,N=40,C3,5776,16,0,True
ta75,100,20,2000,DTSA,0,6066,2000200,2000000,8334,354.108,,,,,40,0.5,6,6,-5.0,5.0,5ee1241,2026-07-24T12:43:43,1.0,2000160,,,,,,DTSA-core,N=40,C3,6066,0,0,True
ta75,100,20,2000,DTSA,0,6066,2000200,2000000,8334,354.108,,,,,40,0.5,6,6,-5.0,5.0,5ee1241,2026-07-24T12:43:43,1.0,2000160,,,,,,DTSA+LS,N=40,C3,6066,6,0,True
ta75,100,20,2000,DTSA,1,6042,2000200,2000000,8334,355.141,,,,,40,0.5,6,6,-5.0,5.0,5ee1241,2026-07-24T12:43:44,1.0,2000160,,,,,,DTSA-core,N=40,C3,6042,0,0,True
ta75,100,20,2000,DTSA,1,6042,2000200,2000000,8334,355.141,,,,,40,0.5,6,6,-5.0,5.0,5ee1241,2026-07-24T12:43:44,1.0,2000160,,,,,,DTSA+LS,N=40,C3,6042,7,0,True
ta75,100,20,2000,DTSA,2,6059,2000200,2000000,8334,356.977,,,,,40,0.5,6,6,-5.0,5.0,5ee1241,2026-07-24T12:43:46,1.0,2000160,,,,,,DTSA-core,N=40,C3,6059,0,0,True
ta75,100,20,2000,DTSA,2,6059,2000200,2000000,8334,356.977,,,,,40,0.5,6,6,-5.0,5.0,5ee1241,2026-07-24T12:43:46,1.0,2000160,,,,,,DTSA+LS,N=40,C3,6059,10,0,True
ta75,100,20,2000,DTSA,3,6111,2000200,2000000,8334,357.285,,,,,40,0.5,6,6,-5.0,5.0,5ee1241,2026-07-24T12:43:46,1.0,2000160,,,,,,DTSA-core,N=40,C3,6111,0,0,True
ta75,100,20,2000,DTSA,3,6111,2000200,2000000,8334,357.285,,,,,40,0.5,6,6,-5.0,5.0,5ee1241,2026-07-24T12:43:46,1.0,2000160,,,,,,DTSA+LS,N=40,C3,6111,8,0,True
ta75,100,20,2000,DTSA,4,6029,2000200,2000000,8334,356.781,,,,,40,0.5,6,6,-5.0,5.0,5ee1241,2026-07-24T12:43:46,1.0,2000160,,,,,,DTSA-core,N=40,C3,6029,0,0,True
ta75,100,20,2000,DTSA,4,6029,2000200,2000000,8334,356.781,,,,,40,0.5,6,6,-5.0,5.0,5ee1241,2026-07-24T12:43:46,1.0,2000160,,,,,,DTSA+LS,N=40,C3,6029,8,0,True
ta75,100,20,2000,DTSA,5,6091,2000200,2000000,8334,352.793,,,,,40,0.5,6,6,-5.0,5.0,5ee1241,2026-07-24T12:43:42,1.0,2000160,,,,,,DTSA-core,N=40,C3,6091,0,0,True
ta75,100,20,2000,DTSA,5,6091,2000200,2000000,8334,352.793,,,,,40,0.5,6,6,-5.0,5.0,5ee1241,2026-07-24T12:43:42,1.0,2000160,,,,,,DTSA+LS,N=40,C3,6091,4,0,True
ta75,100,20,2000,DTSA,6,6086,2000200,2000000,8334,355.669,,,,,40,0.5,6,6,-5.0,5.0,5ee1241,2026-07-24T12:49:38,1.0,2000160,,,,,,DTSA-core,N=40,C3,6086,0,0,True
ta75,100,20,2000,DTSA,6,6086,2000200,2000000,8334,355.669,,,,,40,0.5,6,6,-5.0,5.0,5ee1241,2026-07-24T12:49:38,1.0,2000160,,,,,,DTSA+LS,N=40,C3,6086,8,0,True
ta75,100,20,2000,DTSA,7,6165,2000200,2000000,8334,354.864,,,,,40,0.5,6,6,-5.0,5.0,5ee1241,2026-07-24T12:49:38,1.0,2000160,,,,,,DTSA-core,N=40,C3,6165,0,0,True
ta75,100,20,2000,DTSA,7,6165,2000200,2000000,8334,354.864,,,,,40,0.5,6,6,-5.0,5.0,5ee1241,2026-07-24T12:49:38,1.0,2000160,,,,,,DTSA+LS,N=40,C3,6165,10,0,True
ta75,100,20,2000,DTSA,8,6078,2000200,2000000,8334,357.59,,,,,40,0.5,6,6,-5.0,5.0,5ee1241,2026-07-24T12:49:41,1.0,2000160,,,,,,DTSA-core,N=40,C3,6078,0,0,True
ta75,100,20,2000,DTSA,8,6078,2000200,2000000,8334,357.59,,,,,40,0.5,6,6,-5.0,5.0,5ee1241,2026-07-24T12:49:41,1.0,2000160,,,,,,DTSA+LS,N=40,C3,6078,5,0,True
ta75,100,20,2000,DTSA,9,6084,2000200,2000000,8334,357.462,,,,,40,0.5,6,6,-5.0,5.0,5ee1241,2026-07-24T12:49:43,1.0,2000160,,,,,,DTSA-core,N=40,C3,6084,0,0,True
ta75,100,20,2000,DTSA,9,6084,2000200,2000000,8334,357.462,,,,,40,0.5,6,6,-5.0,5.0,5ee1241,2026-07-24T12:49:43,1.0,2000160,,,,,,DTSA+LS,N=40,C3,6084,10,0,True
ta75,100,20,2000,DTSA,10,6175,2000200,2000000,8334,354.662,,,,,40,0.5,6,6,-5.0,5.0,5ee1241,2026-07-24T12:49:41,1.0,2000160,,,,,,DTSA-core,N=40,C3,6175,0,0,True
ta75,100,20,2000,DTSA,10,6175,2000200,2000000,8334,354.662,,,,,40,0.5,6,6,-5.0,5.0,5ee1241,2026-07-24T12:49:41,1.0,2000160,,,,,,DTSA+LS,N=40,C3,6175,5,0,True
ta75,100,20,2000,DTSA,11,6133,2000200,2000000,8334,356.316,,,,,40,0.5,6,6,-5.0,5.0,5ee1241,2026-07-24T12:49:43,1.0,2000160,,,,,,DTSA-core,N=40,C3,6133,0,0,True
ta75,100,20,2000,DTSA,11,6133,2000200,2000000,8334,356.316,,,,,40,0.5,6,6,-5.0,5.0,5ee1241,2026-07-24T12:49:43,1.0,2000160,,,,,,DTSA+LS,N=40,C3,6133,7,0,True
ta75,100,20,2000,DTSA,12,6064,2000200,2000000,8334,358.078,,,,,40,0.5,6,6,-5.0,5.0,5ee1241,2026-07-24T12:55:36,1.0,2000160,,,,,,DTSA-core,N=40,C3,6064,0,0,True
ta75,100,20,2000,DTSA,12,6064,2000200,2000000,8334,358.078,,,,,40,0.5,6,6,-5.0,5.0,5ee1241,2026-07-24T12:55:36,1.0,2000160,,,,,,DTSA+LS,N=40,C3,6064,6,0,True
ta75,100,20,2000,DTSA,13,6107,2000200,2000000,8334,354.836,,,,,40,0.5,6,6,-5.0,5.0,5ee1241,2026-07-24T12:55:33,1.0,2000160,,,,,,DTSA-core,N=40,C3,6107,0,0,True
ta75,100,20,2000,DTSA,13,6107,2000200,2000000,8334,354.836,,,,,40,0.5,6,6,-5.0,5.0,5ee1241,2026-07-24T12:55:33,1.0,2000160,,,,,,DTSA+LS,N=40,C3,6107,11,0,True
ta75,100,20,2000,DTSA,14,6031,2000200,2000000,8334,357.241,,,,,40,0.5,6,6,-5.0,5.0,5ee1241,2026-07-24T12:55:38,1.0,2000160,,,,,,DTSA-core,N=40,C3,6031,0,0,True
ta75,100,20,2000,DTSA,14,6031,2000200,2000000,8334,357.241,,,,,40,0.5,6,6,-5.0,5.0,5ee1241,2026-07-24T12:55:38,1.0,2000160,,,,,,DTSA+LS,N=40,C3,6031,6,0,True
ta75,100,20,2000,DTSA,15,5960,2000200,2000000,8334,359.922,,,,,40,0.5,6,6,-5.0,5.0,5ee1241,2026-07-24T12:55:41,1.0,2000160,,,,,,DTSA-core,N=40,C3,5960,0,0,True
ta75,100,20,2000,DTSA,15,5960,2000200,2000000,8334,359.922,,,,,40,0.5,6,6,-5.0,5.0,5ee1241,2026-07-24T12:55:41,1.0,2000160,,,,,,DTSA+LS,N=40,C3,5960,7,0,True
ta75,100,20,2000,DTSA,16,6084,2000200,2000000,8334,353.893,,,,,40,0.5,6,6,-5.0,5.0,5ee1241,2026-07-24T12:55:37,1.0,2000160,,,,,,DTSA-core,N=40,C3,6084,0,0,True
ta75,100,20,2000,DTSA,16,6084,2000200,2000000,8334,353.893,,,,,40,0.5,6,6,-5.0,5.0,5ee1241,2026-07-24T12:55:37,1.0,2000160,,,,,,DTSA+LS,N=40,C3,6084,7,0,True
ta75,100,20,2000,DTSA,17,6054,2000200,2000000,8334,354.54,,,,,40,0.5,6,6,-5.0,5.0,5ee1241,2026-07-24T12:55:38,1.0,2000160,,,,,,DTSA-core,N=40,C3,6054,0,0,True
ta75,100,20,2000,DTSA,17,6054,2000200,2000000,8334,354.54,,,,,40,0.5,6,6,-5.0,5.0,5ee1241,2026-07-24T12:55:38,1.0,2000160,,,,,,DTSA+LS,N=40,C3,6054,9,0,True
ta75,100,20,2000,DTSA,18,6072,2000200,2000000,8334,341.734,,,,,40,0.5,6,6,-5.0,5.0,5ee1241,2026-07-24T13:01:14,1.0,2000160,,,,,,DTSA-core,N=40,C3,6072,0,0,True
ta75,100,20,2000,DTSA,18,6072,2000200,2000000,8334,341.734,,,,,40,0.5,6,6,-5.0,5.0,5ee1241,2026-07-24T13:01:14,1.0,2000160,,,,,,DTSA+LS,N=40,C3,6072,11,0,True
ta75,100,20,2000,DTSA,19,6271,2000200,2000000,8334,336.698,,,,,40,0.5,6,6,-5.0,5.0,5ee1241,2026-07-24T13:01:13,1.0,2000160,,,,,,DTSA-core,N=40,C3,6271,0,0,True
ta75,100,20,2000,DTSA,19,6271,2000200,2000000,8334,336.698,,,,,40,0.5,6,6,-5.0,5.0,5ee1241,2026-07-24T13:01:13,1.0,2000160,,,,,,DTSA+LS,N=40,C3,6271,17,0,True
ta01,15,15,225,DTSA,0,1423,225675,225000,167,11.265,,,,,225,0.5,6,6,-5.0,5.0,5ee1241,2026-07-24T13:01:26,1.0,225450,,,,,,DTSA-core,N=D,C3,1423,0,0,True
ta01,15,15,225,DTSA,0,1423,225675,225000,167,11.265,,,,,225,0.5,6,6,-5.0,5.0,5ee1241,2026-07-24T13:01:26,1.0,225450,,,,,,DTSA+LS,N=D,C3,1423,6,0,True
ta01,15,15,225,DTSA,1,1368,225675,225000,167,11.142,,,,,225,0.5,6,6,-5.0,5.0,5ee1241,2026-07-24T13:01:26,1.0,225450,,,,,,DTSA-core,N=D,C3,1368,0,0,True
ta01,15,15,225,DTSA,1,1368,225675,225000,167,11.142,,,,,225,0.5,6,6,-5.0,5.0,5ee1241,2026-07-24T13:01:26,1.0,225450,,,,,,DTSA+LS,N=D,C3,1368,6,0,True
ta01,15,15,225,DTSA,2,1369,225675,225000,167,6.63,,,,,225,0.5,6,6,-5.0,5.0,5ee1241,2026-07-24T13:01:22,1.0,225450,,,,,,DTSA-core,N=D,C3,1369,0,0,True
ta01,15,15,225,DTSA,2,1369,225675,225000,167,6.63,,,,,225,0.5,6,6,-5.0,5.0,5ee1241,2026-07-24T13:01:22,1.0,225450,,,,,,DTSA+LS,N=D,C3,1369,3,0,True
ta01,15,15,225,DTSA,3,1383,225675,225000,167,6.657,,,,,225,0.5,6,6,-5.0,5.0,5ee1241,2026-07-24T13:01:22,1.0,225450,,,,,,DTSA-core,N=D,C3,1383,0,0,True
ta01,15,15,225,DTSA,3,1383,225675,225000,167,6.657,,,,,225,0.5,6,6,-5.0,5.0,5ee1241,2026-07-24T13:01:22,1.0,225450,,,,,,DTSA+LS,N=D,C3,1383,3,0,True
ta01,15,15,225,DTSA,4,1369,225675,225000,167,6.534,,,,,225,0.5,6,6,-5.0,5.0,5ee1241,2026-07-24T13:01:21,1.0,225450,,,,,,DTSA-core,N=D,C3,1369,0,0,True
ta01,15,15,225,DTSA,4,1369,225675,225000,167,6.534,,,,,225,0.5,6,6,-5.0,5.0,5ee1241,2026-07-24T13:01:21,1.0,225450,,,,,,DTSA+LS,N=D,C3,1369,5,0,True
ta01,15,15,225,DTSA,5,1388,225675,225000,167,6.729,,,,,225,0.5,6,6,-5.0,5.0,5ee1241,2026-07-24T13:01:22,1.0,225450,,,,,,DTSA-core,N=D,C3,1388,0,0,True
ta01,15,15,225,DTSA,5,1388,225675,225000,167,6.729,,,,,225,0.5,6,6,-5.0,5.0,5ee1241,2026-07-24T13:01:22,1.0,225450,,,,,,DTSA+LS,N=D,C3,1388,4,0,True
ta01,15,15,225,DTSA,6,1352,225675,225000,167,11.362,,,,,225,0.5,6,6,-5.0,5.0,5ee1241,2026-07-24T13:01:33,1.0,225450,,,,,,DTSA-core,N=D,C3,1352,0,0,True
ta01,15,15,225,DTSA,6,1337,225675,225000,167,11.362,,,,,225,0.5,6,6,-5.0,5.0,5ee1241,2026-07-24T13:01:33,1.0,225450,,,,,,DTSA+LS,N=D,C3,1352,29,4,True
ta01,15,15,225,DTSA,7,1421,225675,225000,167,11.327,,,,,225,0.5,6,6,-5.0,5.0,5ee1241,2026-07-24T13:01:33,1.0,225450,,,,,,DTSA-core,N=D,C3,1421,0,0,True
ta01,15,15,225,DTSA,7,1421,225675,225000,167,11.327,,,,,225,0.5,6,6,-5.0,5.0,5ee1241,2026-07-24T13:01:33,1.0,225450,,,,,,DTSA+LS,N=D,C3,1421,6,0,True
ta01,15,15,225,DTSA,8,1424,225675,225000,167,11.384,,,,,225,0.5,6,6,-5.0,5.0,5ee1241,2026-07-24T13:01:33,1.0,225450,,,,,,DTSA-core,N=D,C3,1424,0,0,True
ta01,15,15,225,DTSA,8,1424,225675,225000,167,11.384,,,,,225,0.5,6,6,-5.0,5.0,5ee1241,2026-07-24T13:01:33,1.0,225450,,,,,,DTSA+LS,N=D,C3,1424,8,0,True
ta01,15,15,225,DTSA,9,1393,225675,225000,167,11.389,,,,,225,0.5,6,6,-5.0,5.0,5ee1241,2026-07-24T13:01:33,1.0,225450,,,,,,DTSA-core,N=D,C3,1393,0,0,True
ta01,15,15,225,DTSA,9,1393,225675,225000,167,11.389,,,,,225,0.5,6,6,-5.0,5.0,5ee1241,2026-07-24T13:01:33,1.0,225450,,,,,,DTSA+LS,N=D,C3,1393,5,0,True
ta01,15,15,225,DTSA,10,1437,225675,225000,167,11.212,,,,,225,0.5,6,6,-5.0,5.0,5ee1241,2026-07-24T13:01:37,1.0,225450,,,,,,DTSA-core,N=D,C3,1437,0,0,True
ta01,15,15,225,DTSA,10,1437,225675,225000,167,11.212,,,,,225,0.5,6,6,-5.0,5.0,5ee1241,2026-07-24T13:01:37,1.0,225450,,,,,,DTSA+LS,N=D,C3,1437,5,0,True
ta01,15,15,225,DTSA,11,1386,225675,225000,167,11.458,,,,,225,0.5,6,6,-5.0,5.0,5ee1241,2026-07-24T13:01:37,1.0,225450,,,,,,DTSA-core,N=D,C3,1386,0,0,True
ta01,15,15,225,DTSA,11,1386,225675,225000,167,11.458,,,,,225,0.5,6,6,-5.0,5.0,5ee1241,2026-07-24T13:01:37,1.0,225450,,,,,,DTSA+LS,N=D,C3,1386,4,0,True
ta01,15,15,225,DTSA,12,1375,225675,225000,167,11.314,,,,,225,0.5,6,6,-5.0,5.0,5ee1241,2026-07-24T13:01:44,1.0,225450,,,,,,DTSA-core,N=D,C3,1375,0,0,True
ta01,15,15,225,DTSA,12,1375,225675,225000,167,11.314,,,,,225,0.5,6,6,-5.0,5.0,5ee1241,2026-07-24T13:01:44,1.0,225450,,,,,,DTSA+LS,N=D,C3,1375,4,0,True
ta01,15,15,225,DTSA,13,1423,225675,225000,167,11.304,,,,,225,0.5,6,6,-5.0,5.0,5ee1241,2026-07-24T13:01:44,1.0,225450,,,,,,DTSA-core,N=D,C3,1423,0,0,True
ta01,15,15,225,DTSA,13,1423,225675,225000,167,11.304,,,,,225,0.5,6,6,-5.0,5.0,5ee1241,2026-07-24T13:01:44,1.0,225450,,,,,,DTSA+LS,N=D,C3,1423,5,0,True
ta01,15,15,225,DTSA,14,1437,225675,225000,167,11.449,,,,,225,0.5,6,6,-5.0,5.0,5ee1241,2026-07-24T13:01:44,1.0,225450,,,,,,DTSA-core,N=D,C3,1437,0,0,True
ta01,15,15,225,DTSA,14,1437,225675,225000,167,11.449,,,,,225,0.5,6,6,-5.0,5.0,5ee1241,2026-07-24T13:01:44,1.0,225450,,,,,,DTSA+LS,N=D,C3,1437,4,0,True
ta01,15,15,225,DTSA,15,1432,225675,225000,167,11.402,,,,,225,0.5,6,6,-5.0,5.0,5ee1241,2026-07-24T13:01:45,1.0,225450,,,,,,DTSA-core,N=D,C3,1432,0,0,True
ta01,15,15,225,DTSA,15,1432,225675,225000,167,11.402,,,,,225,0.5,6,6,-5.0,5.0,5ee1241,2026-07-24T13:01:45,1.0,225450,,,,,,DTSA+LS,N=D,C3,1432,4,0,True
ta01,15,15,225,DTSA,16,1379,225675,225000,167,11.04,,,,,225,0.5,6,6,-5.0,5.0,5ee1241,2026-07-24T13:01:48,1.0,225450,,,,,,DTSA-core,N=D,C3,1379,0,0,True
ta01,15,15,225,DTSA,16,1379,225675,225000,167,11.04,,,,,225,0.5,6,6,-5.0,5.0,5ee1241,2026-07-24T13:01:48,1.0,225450,,,,,,DTSA+LS,N=D,C3,1379,6,0,True
ta01,15,15,225,DTSA,17,1421,225675,225000,167,11.163,,,,,225,0.5,6,6,-5.0,5.0,5ee1241,2026-07-24T13:01:48,1.0,225450,,,,,,DTSA-core,N=D,C3,1421,0,0,True
ta01,15,15,225,DTSA,17,1421,225675,225000,167,11.163,,,,,225,0.5,6,6,-5.0,5.0,5ee1241,2026-07-24T13:01:48,1.0,225450,,,,,,DTSA+LS,N=D,C3,1421,6,0,True
ta01,15,15,225,DTSA,18,1423,225675,225000,167,10.694,,,,,225,0.5,6,6,-5.0,5.0,5ee1241,2026-07-24T13:01:55,1.0,225450,,,,,,DTSA-core,N=D,C3,1423,0,0,True
ta01,15,15,225,DTSA,18,1423,225675,225000,167,10.694,,,,,225,0.5,6,6,-5.0,5.0,5ee1241,2026-07-24T13:01:55,1.0,225450,,,,,,DTSA+LS,N=D,C3,1423,5,0,True
ta01,15,15,225,DTSA,19,1333,225675,225000,167,10.73,,,,,225,0.5,6,6,-5.0,5.0,5ee1241,2026-07-24T13:01:55,1.0,225450,,,,,,DTSA-core,N=D,C3,1333,0,0,True
ta01,15,15,225,DTSA,19,1333,225675,225000,167,10.73,,,,,225,0.5,6,6,-5.0,5.0,5ee1241,2026-07-24T13:01:55,1.0,225450,,,,,,DTSA+LS,N=D,C3,1333,4,0,True
ta02,15,15,225,DTSA,0,1400,225675,225000,167,11.692,,,,,225,0.5,6,6,-5.0,5.0,5ee1241,2026-07-24T13:02:07,1.0,225450,,,,,,DTSA-core,N=D,C3,1400,0,0,True
ta02,15,15,225,DTSA,0,1400,225675,225000,167,11.692,,,,,225,0.5,6,6,-5.0,5.0,5ee1241,2026-07-24T13:02:07,1.0,225450,,,,,,DTSA+LS,N=D,C3,1400,10,0,True
ta02,15,15,225,DTSA,1,1459,225675,225000,167,11.65,,,,,225,0.5,6,6,-5.0,5.0,5ee1241,2026-07-24T13:02:07,1.0,225450,,,,,,DTSA-core,N=D,C3,1459,0,0,True
ta02,15,15,225,DTSA,1,1459,225675,225000,167,11.65,,,,,225,0.5,6,6,-5.0,5.0,5ee1241,2026-07-24T13:02:07,1.0,225450,,,,,,DTSA+LS,N=D,C3,1459,10,0,True
ta02,15,15,225,DTSA,2,1415,225675,225000,167,11.501,,,,,225,0.5,6,6,-5.0,5.0,5ee1241,2026-07-24T13:02:07,1.0,225450,,,,,,DTSA-core,N=D,C3,1415,0,0,True
ta02,15,15,225,DTSA,2,1415,225675,225000,167,11.501,,,,,225,0.5,6,6,-5.0,5.0,5ee1241,2026-07-24T13:02:07,1.0,225450,,,,,,DTSA+LS,N=D,C3,1415,7,0,True
ta02,15,15,225,DTSA,3,1463,225675,225000,167,11.667,,,,,225,0.5,6,6,-5.0,5.0,5ee1241,2026-07-24T13:02:07,1.0,225450,,,,,,DTSA-core,N=D,C3,1463,0,0,True
ta02,15,15,225,DTSA,3,1463,225675,225000,167,11.667,,,,,225,0.5,6,6,-5.0,5.0,5ee1241,2026-07-24T13:02:07,1.0,225450,,,,,,DTSA+LS,N=D,C3,1463,6,0,True
ta02,15,15,225,DTSA,4,1379,225675,225000,167,11.553,,,,,225,0.5,6,6,-5.0,5.0,5ee1241,2026-07-24T13:02:07,1.0,225450,,,,,,DTSA-core,N=D,C3,1379,0,0,True
ta02,15,15,225,DTSA,4,1379,225675,225000,167,11.553,,,,,225,0.5,6,6,-5.0,5.0,5ee1241,2026-07-24T13:02:07,1.0,225450,,,,,,DTSA+LS,N=D,C3,1379,5,0,True
ta02,15,15,225,DTSA,5,1380,225675,225000,167,11.471,,,,,225,0.5,6,6,-5.0,5.0,5ee1241,2026-07-24T13:02:07,1.0,225450,,,,,,DTSA-core,N=D,C3,1380,0,0,True
ta02,15,15,225,DTSA,5,1380,225675,225000,167,11.471,,,,,225,0.5,6,6,-5.0,5.0,5ee1241,2026-07-24T13:02:07,1.0,225450,,,,,,DTSA+LS,N=D,C3,1380,5,0,True
ta02,15,15,225,DTSA,6,1432,225675,225000,167,11.577,,,,,225,0.5,6,6,-5.0,5.0,5ee1241,2026-07-24T13:02:18,1.0,225450,,,,,,DTSA-core,N=D,C3,1432,0,0,True
ta02,15,15,225,DTSA,6,1432,225675,225000,167,11.577,,,,,225,0.5,6,6,-5.0,5.0,5ee1241,2026-07-24T13:02:18,1.0,225450,,,,,,DTSA+LS,N=D,C3,1432,8,0,True
ta02,15,15,225,DTSA,7,1433,225675,225000,167,11.327,,,,,225,0.5,6,6,-5.0,5.0,5ee1241,2026-07-24T13:02:18,1.0,225450,,,,,,DTSA-core,N=D,C3,1433,0,0,True
ta02,15,15,225,DTSA,7,1433,225675,225000,167,11.327,,,,,225,0.5,6,6,-5.0,5.0,5ee1241,2026-07-24T13:02:18,1.0,225450,,,,,,DTSA+LS,N=D,C3,1433,5,0,True
ta02,15,15,225,DTSA,8,1439,225675,225000,167,11.553,,,,,225,0.5,6,6,-5.0,5.0,5ee1241,2026-07-24T13:02:18,1.0,225450,,,,,,DTSA-core,N=D,C3,1439,0,0,True
ta02,15,15,225,DTSA,8,1439,225675,225000,167,11.553,,,,,225,0.5,6,6,-5.0,5.0,5ee1241,2026-07-24T13:02:18,1.0,225450,,,,,,DTSA+LS,N=D,C3,1439,4,0,True
ta02,15,15,225,DTSA,9,1440,225675,225000,167,11.6,,,,,225,0.5,6,6,-5.0,5.0,5ee1241,2026-07-24T13:02:18,1.0,225450,,,,,,DTSA-core,N=D,C3,1440,0,0,True
ta02,15,15,225,DTSA,9,1440,225675,225000,167,11.6,,,,,225,0.5,6,6,-5.0,5.0,5ee1241,2026-07-24T13:02:18,1.0,225450,,,,,,DTSA+LS,N=D,C3,1440,5,0,True
ta02,15,15,225,DTSA,10,1371,225675,225000,167,11.618,,,,,225,0.5,6,6,-5.0,5.0,5ee1241,2026-07-24T13:02:18,1.0,225450,,,,,,DTSA-core,N=D,C3,1371,0,0,True
ta02,15,15,225,DTSA,10,1371,225675,225000,167,11.618,,,,,225,0.5,6,6,-5.0,5.0,5ee1241,2026-07-24T13:02:18,1.0,225450,,,,,,DTSA+LS,N=D,C3,1371,6,0,True
ta02,15,15,225,DTSA,11,1447,225675,225000,167,11.594,,,,,225,0.5,6,6,-5.0,5.0,5ee1241,2026-07-24T13:02:18,1.0,225450,,,,,,DTSA-core,N=D,C3,1447,0,0,True
ta02,15,15,225,DTSA,11,1447,225675,225000,167,11.594,,,,,225,0.5,6,6,-5.0,5.0,5ee1241,2026-07-24T13:02:18,1.0,225450,,,,,,DTSA+LS,N=D,C3,1447,8,0,True
ta02,15,15,225,DTSA,12,1374,225675,225000,167,11.302,,,,,225,0.5,6,6,-5.0,5.0,5ee1241,2026-07-24T13:02:29,1.0,225450,,,,,,DTSA-core,N=D,C3,1374,0,0,True
ta02,15,15,225,DTSA,12,1374,225675,225000,167,11.302,,,,,225,0.5,6,6,-5.0,5.0,5ee1241,2026-07-24T13:02:29,1.0,225450,,,,,,DTSA+LS,N=D,C3,1374,7,0,True
ta02,15,15,225,DTSA,13,1422,225675,225000,167,11.597,,,,,225,0.5,6,6,-5.0,5.0,5ee1241,2026-07-24T13:02:30,1.0,225450,,,,,,DTSA-core,N=D,C3,1422,0,0,True
ta02,15,15,225,DTSA,13,1422,225675,225000,167,11.597,,,,,225,0.5,6,6,-5.0,5.0,5ee1241,2026-07-24T13:02:30,1.0,225450,,,,,,DTSA+LS,N=D,C3,1422,9,0,True
ta02,15,15,225,DTSA,14,1427,225675,225000,167,11.333,,,,,225,0.5,6,6,-5.0,5.0,5ee1241,2026-07-24T13:02:30,1.0,225450,,,,,,DTSA-core,N=D,C3,1427,0,0,True
ta02,15,15,225,DTSA,14,1427,225675,225000,167,11.333,,,,,225,0.5,6,6,-5.0,5.0,5ee1241,2026-07-24T13:02:30,1.0,225450,,,,,,DTSA+LS,N=D,C3,1427,6,0,True
ta02,15,15,225,DTSA,15,1388,225675,225000,167,11.65,,,,,225,0.5,6,6,-5.0,5.0,5ee1241,2026-07-24T13:02:30,1.0,225450,,,,,,DTSA-core,N=D,C3,1388,0,0,True
ta02,15,15,225,DTSA,15,1388,225675,225000,167,11.65,,,,,225,0.5,6,6,-5.0,5.0,5ee1241,2026-07-24T13:02:30,1.0,225450,,,,,,DTSA+LS,N=D,C3,1388,7,0,True
ta02,15,15,225,DTSA,16,1451,225675,225000,167,11.603,,,,,225,0.5,6,6,-5.0,5.0,5ee1241,2026-07-24T13:02:30,1.0,225450,,,,,,DTSA-core,N=D,C3,1451,0,0,True
ta02,15,15,225,DTSA,16,1451,225675,225000,167,11.603,,,,,225,0.5,6,6,-5.0,5.0,5ee1241,2026-07-24T13:02:30,1.0,225450,,,,,,DTSA+LS,N=D,C3,1451,6,0,True
ta02,15,15,225,DTSA,17,1401,225675,225000,167,11.351,,,,,225,0.5,6,6,-5.0,5.0,5ee1241,2026-07-24T13:02:30,1.0,225450,,,,,,DTSA-core,N=D,C3,1401,0,0,True
ta02,15,15,225,DTSA,17,1401,225675,225000,167,11.351,,,,,225,0.5,6,6,-5.0,5.0,5ee1241,2026-07-24T13:02:30,1.0,225450,,,,,,DTSA+LS,N=D,C3,1401,7,0,True
ta02,15,15,225,DTSA,18,1432,225675,225000,167,10.848,,,,,225,0.5,6,6,-5.0,5.0,5ee1241,2026-07-24T13:02:40,1.0,225450,,,,,,DTSA-core,N=D,C3,1432,0,0,True
ta02,15,15,225,DTSA,18,1432,225675,225000,167,10.848,,,,,225,0.5,6,6,-5.0,5.0,5ee1241,2026-07-24T13:02:40,1.0,225450,,,,,,DTSA+LS,N=D,C3,1432,6,0,True
ta02,15,15,225,DTSA,19,1378,225675,225000,167,10.885,,,,,225,0.5,6,6,-5.0,5.0,5ee1241,2026-07-24T13:02:40,1.0,225450,,,,,,DTSA-core,N=D,C3,1378,0,0,True
ta02,15,15,225,DTSA,19,1378,225675,225000,167,10.885,,,,,225,0.5,6,6,-5.0,5.0,5ee1241,2026-07-24T13:02:40,1.0,225450,,,,,,DTSA+LS,N=D,C3,1378,5,0,True
ta03,15,15,225,DTSA,0,1433,225675,225000,167,11.581,,,,,225,0.5,6,6,-5.0,5.0,5ee1241,2026-07-24T13:02:52,1.0,225450,,,,,,DTSA-core,N=D,C3,1433,0,0,True
ta03,15,15,225,DTSA,0,1433,225675,225000,167,11.581,,,,,225,0.5,6,6,-5.0,5.0,5ee1241,2026-07-24T13:02:52,1.0,225450,,,,,,DTSA+LS,N=D,C3,1433,9,0,True
ta03,15,15,225,DTSA,1,1452,225675,225000,167,11.593,,,,,225,0.5,6,6,-5.0,5.0,5ee1241,2026-07-24T13:02:52,1.0,225450,,,,,,DTSA-core,N=D,C3,1452,0,0,True
ta03,15,15,225,DTSA,1,1452,225675,225000,167,11.593,,,,,225,0.5,6,6,-5.0,5.0,5ee1241,2026-07-24T13:02:52,1.0,225450,,,,,,DTSA+LS,N=D,C3,1452,10,0,True
ta03,15,15,225,DTSA,2,1365,225675,225000,167,11.384,,,,,225,0.5,6,6,-5.0,5.0,5ee1241,2026-07-24T13:02:52,1.0,225450,,,,,,DTSA-core,N=D,C3,1365,0,0,True
ta03,15,15,225,DTSA,2,1365,225675,225000,167,11.384,,,,,225,0.5,6,6,-5.0,5.0,5ee1241,2026-07-24T13:02:52,1.0,225450,,,,,,DTSA+LS,N=D,C3,1365,9,0,True
ta03,15,15,225,DTSA,3,1298,225675,225000,167,11.661,,,,,225,0.5,6,6,-5.0,5.0,5ee1241,2026-07-24T13:02:52,1.0,225450,,,,,,DTSA-core,N=D,C3,1298,0,0,True
ta03,15,15,225,DTSA,3,1298,225675,225000,167,11.661,,,,,225,0.5,6,6,-5.0,5.0,5ee1241,2026-07-24T13:02:52,1.0,225450,,,,,,DTSA+LS,N=D,C3,1298,9,0,True
ta03,15,15,225,DTSA,4,1360,225675,225000,167,11.222,,,,,225,0.5,6,6,-5.0,5.0,5ee1241,2026-07-24T13:02:52,1.0,225450,,,,,,DTSA-core,N=D,C3,1360,0,0,True
ta03,15,15,225,DTSA,4,1360,225675,225000,167,11.222,,,,,225,0.5,6,6,-5.0,5.0,5ee1241,2026-07-24T13:02:52,1.0,225450,,,,,,DTSA+LS,N=D,C3,1360,9,0,True
ta03,15,15,225,DTSA,5,1379,225675,225000,167,11.311,,,,,225,0.5,6,6,-5.0,5.0,5ee1241,2026-07-24T13:02:52,1.0,225450,,,,,,DTSA-core,N=D,C3,1379,0,0,True
ta03,15,15,225,DTSA,5,1379,225675,225000,167,11.311,,,,,225,0.5,6,6,-5.0,5.0,5ee1241,2026-07-24T13:02:52,1.0,225450,,,,,,DTSA+LS,N=D,C3,1379,6,0,True
ta03,15,15,225,DTSA,6,1497,225675,225000,167,11.503,,,,,225,0.5,6,6,-5.0,5.0,5ee1241,2026-07-24T13:03:03,1.0,225450,,,,,,DTSA-core,N=D,C3,1497,0,0,True
ta03,15,15,225,DTSA,6,1497,225675,225000,167,11.503,,,,,225,0.5,6,6,-5.0,5.0,5ee1241,2026-07-24T13:03:03,1.0,225450,,,,,,DTSA+LS,N=D,C3,1497,7,0,True
ta03,15,15,225,DTSA,7,1376,225675,225000,167,11.567,,,,,225,0.5,6,6,-5.0,5.0,5ee1241,2026-07-24T13:03:03,1.0,225450,,,,,,DTSA-core,N=D,C3,1376,0,0,True
ta03,15,15,225,DTSA,7,1376,225675,225000,167,11.567,,,,,225,0.5,6,6,-5.0,5.0,5ee1241,2026-07-24T13:03:03,1.0,225450,,,,,,DTSA+LS,N=D,C3,1376,5,0,True
ta03,15,15,225,DTSA,8,1396,225675,225000,167,11.544,,,,,225,0.5,6,6,-5.0,5.0,5ee1241,2026-07-24T13:03:03,1.0,225450,,,,,,DTSA-core,N=D,C3,1396,0,0,True
ta03,15,15,225,DTSA,8,1396,225675,225000,167,11.544,,,,,225,0.5,6,6,-5.0,5.0,5ee1241,2026-07-24T13:03:03,1.0,225450,,,,,,DTSA+LS,N=D,C3,1396,7,0,True
ta03,15,15,225,DTSA,9,1413,225675,225000,167,11.411,,,,,225,0.5,6,6,-5.0,5.0,5ee1241,2026-07-24T13:03:04,1.0,225450,,,,,,DTSA-core,N=D,C3,1413,0,0,True
ta03,15,15,225,DTSA,9,1413,225675,225000,167,11.411,,,,,225,0.5,6,6,-5.0,5.0,5ee1241,2026-07-24T13:03:04,1.0,225450,,,,,,DTSA+LS,N=D,C3,1413,6,0,True
ta03,15,15,225,DTSA,10,1380,225675,225000,167,11.59,,,,,225,0.5,6,6,-5.0,5.0,5ee1241,2026-07-24T13:03:04,1.0,225450,,,,,,DTSA-core,N=D,C3,1380,0,0,True
ta03,15,15,225,DTSA,10,1380,225675,225000,167,11.59,,,,,225,0.5,6,6,-5.0,5.0,5ee1241,2026-07-24T13:03:04,1.0,225450,,,,,,DTSA+LS,N=D,C3,1380,5,0,True
ta03,15,15,225,DTSA,11,1348,225675,225000,167,11.626,,,,,225,0.5,6,6,-5.0,5.0,5ee1241,2026-07-24T13:03:04,1.0,225450,,,,,,DTSA-core,N=D,C3,1348,0,0,True
ta03,15,15,225,DTSA,11,1348,225675,225000,167,11.626,,,,,225,0.5,6,6,-5.0,5.0,5ee1241,2026-07-24T13:03:04,1.0,225450,,,,,,DTSA+LS,N=D,C3,1348,3,0,True
ta03,15,15,225,DTSA,12,1407,225675,225000,167,11.222,,,,,225,0.5,6,6,-5.0,5.0,5ee1241,2026-07-24T13:03:15,1.0,225450,,,,,,DTSA-core,N=D,C3,1407,0,0,True
ta03,15,15,225,DTSA,12,1407,225675,225000,167,11.222,,,,,225,0.5,6,6,-5.0,5.0,5ee1241,2026-07-24T13:03:15,1.0,225450,,,,,,DTSA+LS,N=D,C3,1407,9,0,True
ta03,15,15,225,DTSA,13,1388,225675,225000,167,11.288,,,,,225,0.5,6,6,-5.0,5.0,5ee1241,2026-07-24T13:03:15,1.0,225450,,,,,,DTSA-core,N=D,C3,1388,0,0,True
ta03,15,15,225,DTSA,13,1388,225675,225000,167,11.288,,,,,225,0.5,6,6,-5.0,5.0,5ee1241,2026-07-24T13:03:15,1.0,225450,,,,,,DTSA+LS,N=D,C3,1388,8,0,True
ta03,15,15,225,DTSA,14,1376,225675,225000,167,11.639,,,,,225,0.5,6,6,-5.0,5.0,5ee1241,2026-07-24T13:03:15,1.0,225450,,,,,,DTSA-core,N=D,C3,1376,0,0,True
ta03,15,15,225,DTSA,14,1376,225675,225000,167,11.639,,,,,225,0.5,6,6,-5.0,5.0,5ee1241,2026-07-24T13:03:15,1.0,225450,,,,,,DTSA+LS,N=D,C3,1376,6,0,True
ta03,15,15,225,DTSA,15,1415,225675,225000,167,11.606,,,,,225,0.5,6,6,-5.0,5.0,5ee1241,2026-07-24T13:03:15,1.0,225450,,,,,,DTSA-core,N=D,C3,1415,0,0,True
ta03,15,15,225,DTSA,15,1415,225675,225000,167,11.606,,,,,225,0.5,6,6,-5.0,5.0,5ee1241,2026-07-24T13:03:15,1.0,225450,,,,,,DTSA+LS,N=D,C3,1415,7,0,True
ta03,15,15,225,DTSA,16,1377,225675,225000,167,11.454,,,,,225,0.5,6,6,-5.0,5.0,5ee1241,2026-07-24T13:03:15,1.0,225450,,,,,,DTSA-core,N=D,C3,1377,0,0,True
ta03,15,15,225,DTSA,16,1377,225675,225000,167,11.454,,,,,225,0.5,6,6,-5.0,5.0,5ee1241,2026-07-24T13:03:15,1.0,225450,,,,,,DTSA+LS,N=D,C3,1377,6,0,True
ta03,15,15,225,DTSA,17,1355,225675,225000,167,11.629,,,,,225,0.5,6,6,-5.0,5.0,5ee1241,2026-07-24T13:03:16,1.0,225450,,,,,,DTSA-core,N=D,C3,1355,0,0,True
ta03,15,15,225,DTSA,17,1355,225675,225000,167,11.629,,,,,225,0.5,6,6,-5.0,5.0,5ee1241,2026-07-24T13:03:16,1.0,225450,,,,,,DTSA+LS,N=D,C3,1355,4,0,True
ta03,15,15,225,DTSA,18,1382,225675,225000,167,10.53,,,,,225,0.5,6,6,-5.0,5.0,5ee1241,2026-07-24T13:03:25,1.0,225450,,,,,,DTSA-core,N=D,C3,1382,0,0,True
ta03,15,15,225,DTSA,18,1382,225675,225000,167,10.53,,,,,225,0.5,6,6,-5.0,5.0,5ee1241,2026-07-24T13:03:25,1.0,225450,,,,,,DTSA+LS,N=D,C3,1382,11,0,True
ta03,15,15,225,DTSA,19,1322,225675,225000,167,10.7,,,,,225,0.5,6,6,-5.0,5.0,5ee1241,2026-07-24T13:03:26,1.0,225450,,,,,,DTSA-core,N=D,C3,1322,0,0,True
ta03,15,15,225,DTSA,19,1322,225675,225000,167,10.7,,,,,225,0.5,6,6,-5.0,5.0,5ee1241,2026-07-24T13:03:26,1.0,225450,,,,,,DTSA+LS,N=D,C3,1322,7,0,True
ta04,15,15,225,DTSA,0,1341,225675,225000,167,11.638,,,,,225,0.5,6,6,-5.0,5.0,5ee1241,2026-07-24T13:03:37,1.0,225450,,,,,,DTSA-core,N=D,C3,1341,0,0,True
ta04,15,15,225,DTSA,0,1341,225675,225000,167,11.638,,,,,225,0.5,6,6,-5.0,5.0,5ee1241,2026-07-24T13:03:37,1.0,225450,,,,,,DTSA+LS,N=D,C3,1341,6,0,True
ta04,15,15,225,DTSA,1,1349,225675,225000,167,11.64,,,,,225,0.5,6,6,-5.0,5.0,5ee1241,2026-07-24T13:03:37,1.0,225450,,,,,,DTSA-core,N=D,C3,1349,0,0,True
ta04,15,15,225,DTSA,1,1349,225675,225000,167,11.64,,,,,225,0.5,6,6,-5.0,5.0,5ee1241,2026-07-24T13:03:37,1.0,225450,,,,,,DTSA+LS,N=D,C3,1349,7,0,True
ta04,15,15,225,DTSA,2,1343,225675,225000,167,11.621,,,,,225,0.5,6,6,-5.0,5.0,5ee1241,2026-07-24T13:03:37,1.0,225450,,,,,,DTSA-core,N=D,C3,1343,0,0,True
ta04,15,15,225,DTSA,2,1343,225675,225000,167,11.621,,,,,225,0.5,6,6,-5.0,5.0,5ee1241,2026-07-24T13:03:37,1.0,225450,,,,,,DTSA+LS,N=D,C3,1343,8,0,True
ta04,15,15,225,DTSA,3,1381,225675,225000,167,11.344,,,,,225,0.5,6,6,-5.0,5.0,5ee1241,2026-07-24T13:03:37,1.0,225450,,,,,,DTSA-core,N=D,C3,1381,0,0,True
ta04,15,15,225,DTSA,3,1381,225675,225000,167,11.344,,,,,225,0.5,6,6,-5.0,5.0,5ee1241,2026-07-24T13:03:37,1.0,225450,,,,,,DTSA+LS,N=D,C3,1381,6,0,True
ta04,15,15,225,DTSA,4,1394,225675,225000,167,11.178,,,,,225,0.5,6,6,-5.0,5.0,5ee1241,2026-07-24T13:03:37,1.0,225450,,,,,,DTSA-core,N=D,C3,1394,0,0,True
ta04,15,15,225,DTSA,4,1394,225675,225000,167,11.178,,,,,225,0.5,6,6,-5.0,5.0,5ee1241,2026-07-24T13:03:37,1.0,225450,,,,,,DTSA+LS,N=D,C3,1394,5,0,True
ta04,15,15,225,DTSA,5,1390,225675,225000,167,11.287,,,,,225,0.5,6,6,-5.0,5.0,5ee1241,2026-07-24T13:03:37,1.0,225450,,,,,,DTSA-core,N=D,C3,1390,0,0,True
ta04,15,15,225,DTSA,5,1390,225675,225000,167,11.287,,,,,225,0.5,6,6,-5.0,5.0,5ee1241,2026-07-24T13:03:37,1.0,225450,,,,,,DTSA+LS,N=D,C3,1390,4,0,True
ta04,15,15,225,DTSA,6,1451,225675,225000,167,11.488,,,,,225,0.5,6,6,-5.0,5.0,5ee1241,2026-07-24T13:03:48,1.0,225450,,,,,,DTSA-core,N=D,C3,1451,0,0,True
ta04,15,15,225,DTSA,6,1451,225675,225000,167,11.488,,,,,225,0.5,6,6,-5.0,5.0,5ee1241,2026-07-24T13:03:48,1.0,225450,,,,,,DTSA+LS,N=D,C3,1451,4,0,True
ta04,15,15,225,DTSA,7,1356,225675,225000,167,11.524,,,,,225,0.5,6,6,-5.0,5.0,5ee1241,2026-07-24T13:03:48,1.0,225450,,,,,,DTSA-core,N=D,C3,1356,0,0,True
ta04,15,15,225,DTSA,7,1356,225675,225000,167,11.524,,,,,225,0.5,6,6,-5.0,5.0,5ee1241,2026-07-24T13:03:48,1.0,225450,,,,,,DTSA+LS,N=D,C3,1356,7,0,True
ta04,15,15,225,DTSA,8,1339,225675,225000,167,11.308,,,,,225,0.5,6,6,-5.0,5.0,5ee1241,2026-07-24T13:03:48,1.0,225450,,,,,,DTSA-core,N=D,C3,1339,0,0,True
ta04,15,15,225,DTSA,8,1339,225675,225000,167,11.308,,,,,225,0.5,6,6,-5.0,5.0,5ee1241,2026-07-24T13:03:48,1.0,225450,,,,,,DTSA+LS,N=D,C3,1339,6,0,True
ta04,15,15,225,DTSA,9,1413,225675,225000,167,11.566,,,,,225,0.5,6,6,-5.0,5.0,5ee1241,2026-07-24T13:03:49,1.0,225450,,,,,,DTSA-core,N=D,C3,1413,0,0,True
ta04,15,15,225,DTSA,9,1413,225675,225000,167,11.566,,,,,225,0.5,6,6,-5.0,5.0,5ee1241,2026-07-24T13:03:49,1.0,225450,,,,,,DTSA+LS,N=D,C3,1413,7,0,True
ta04,15,15,225,DTSA,10,1348,225675,225000,167,11.587,,,,,225,0.5,6,6,-5.0,5.0,5ee1241,2026-07-24T13:03:49,1.0,225450,,,,,,DTSA-core,N=D,C3,1348,0,0,True
ta04,15,15,225,DTSA,10,1348,225675,225000,167,11.587,,,,,225,0.5,6,6,-5.0,5.0,5ee1241,2026-07-24T13:03:49,1.0,225450,,,,,,DTSA+LS,N=D,C3,1348,8,0,True
ta04,15,15,225,DTSA,11,1388,225675,225000,167,11.574,,,,,225,0.5,6,6,-5.0,5.0,5ee1241,2026-07-24T13:03:49,1.0,225450,,,,,,DTSA-core,N=D,C3,1388,0,0,True
ta04,15,15,225,DTSA,11,1388,225675,225000,167,11.574,,,,,225,0.5,6,6,-5.0,5.0,5ee1241,2026-07-24T13:03:49,1.0,225450,,,,,,DTSA+LS,N=D,C3,1388,6,0,True
ta04,15,15,225,DTSA,12,1480,225675,225000,167,11.608,,,,,225,0.5,6,6,-5.0,5.0,5ee1241,2026-07-24T13:04:00,1.0,225450,,,,,,DTSA-core,N=D,C3,1480,0,0,True
ta04,15,15,225,DTSA,12,1480,225675,225000,167,11.608,,,,,225,0.5,6,6,-5.0,5.0,5ee1241,2026-07-24T13:04:00,1.0,225450,,,,,,DTSA+LS,N=D,C3,1480,6,0,True
ta04,15,15,225,DTSA,13,1328,225675,225000,167,11.432,,,,,225,0.5,6,6,-5.0,5.0,5ee1241,2026-07-24T13:04:00,1.0,225450,,,,,,DTSA-core,N=D,C3,1328,0,0,True
ta04,15,15,225,DTSA,13,1328,225675,225000,167,11.432,,,,,225,0.5,6,6,-5.0,5.0,5ee1241,2026-07-24T13:04:00,1.0,225450,,,,,,DTSA+LS,N=D,C3,1328,6,0,True
ta04,15,15,225,DTSA,14,1325,225675,225000,167,11.513,,,,,225,0.5,6,6,-5.0,5.0,5ee1241,2026-07-24T13:04:00,1.0,225450,,,,,,DTSA-core,N=D,C3,1325,0,0,True
ta04,15,15,225,DTSA,14,1325,225675,225000,167,11.513,,,,,225,0.5,6,6,-5.0,5.0,5ee1241,2026-07-24T13:04:00,1.0,225450,,,,,,DTSA+LS,N=D,C3,1325,6,0,True
ta04,15,15,225,DTSA,15,1351,225675,225000,167,11.398,,,,,225,0.5,6,6,-5.0,5.0,5ee1241,2026-07-24T13:04:00,1.0,225450,,,,,,DTSA-core,N=D,C3,1351,0,0,True
ta04,15,15,225,DTSA,15,1351,225675,225000,167,11.398,,,,,225,0.5,6,6,-5.0,5.0,5ee1241,2026-07-24T13:04:00,1.0,225450,,,,,,DTSA+LS,N=D,C3,1351,7,0,True
ta04,15,15,225,DTSA,16,1422,225675,225000,167,11.594,,,,,225,0.5,6,6,-5.0,5.0,5ee1241,2026-07-24T13:04:00,1.0,225450,,,,,,DTSA-core,N=D,C3,1422,0,0,True
ta04,15,15,225,DTSA,16,1422,225675,225000,167,11.594,,,,,225,0.5,6,6,-5.0,5.0,5ee1241,2026-07-24T13:04:00,1.0,225450,,,,,,DTSA+LS,N=D,C3,1422,7,0,True
ta04,15,15,225,DTSA,17,1426,225675,225000,167,11.609,,,,,225,0.5,6,6,-5.0,5.0,5ee1241,2026-07-24T13:04:00,1.0,225450,,,,,,DTSA-core,N=D,C3,1426,0,0,True
ta04,15,15,225,DTSA,17,1426,225675,225000,167,11.609,,,,,225,0.5,6,6,-5.0,5.0,5ee1241,2026-07-24T13:04:00,1.0,225450,,,,,,DTSA+LS,N=D,C3,1426,4,0,True
ta04,15,15,225,DTSA,18,1365,225675,225000,167,10.583,,,,,225,0.5,6,6,-5.0,5.0,5ee1241,2026-07-24T13:04:10,1.0,225450,,,,,,DTSA-core,N=D,C3,1365,0,0,True
ta04,15,15,225,DTSA,18,1365,225675,225000,167,10.583,,,,,225,0.5,6,6,-5.0,5.0,5ee1241,2026-07-24T13:04:10,1.0,225450,,,,,,DTSA+LS,N=D,C3,1365,4,0,True
ta04,15,15,225,DTSA,19,1300,225675,225000,167,10.781,,,,,225,0.5,6,6,-5.0,5.0,5ee1241,2026-07-24T13:04:11,1.0,225450,,,,,,DTSA-core,N=D,C3,1300,0,0,True
ta04,15,15,225,DTSA,19,1300,225675,225000,167,10.781,,,,,225,0.5,6,6,-5.0,5.0,5ee1241,2026-07-24T13:04:11,1.0,225450,,,,,,DTSA+LS,N=D,C3,1300,5,0,True
ta05,15,15,225,DTSA,0,1385,225675,225000,167,11.247,,,,,225,0.5,6,6,-5.0,5.0,5ee1241,2026-07-24T13:04:22,1.0,225450,,,,,,DTSA-core,N=D,C3,1385,0,0,True
ta05,15,15,225,DTSA,0,1385,225675,225000,167,11.247,,,,,225,0.5,6,6,-5.0,5.0,5ee1241,2026-07-24T13:04:22,1.0,225450,,,,,,DTSA+LS,N=D,C3,1385,5,0,True
ta05,15,15,225,DTSA,1,1361,225675,225000,167,11.306,,,,,225,0.5,6,6,-5.0,5.0,5ee1241,2026-07-24T13:04:22,1.0,225450,,,,,,DTSA-core,N=D,C3,1361,0,0,True
ta05,15,15,225,DTSA,1,1361,225675,225000,167,11.306,,,,,225,0.5,6,6,-5.0,5.0,5ee1241,2026-07-24T13:04:22,1.0,225450,,,,,,DTSA+LS,N=D,C3,1361,10,0,True
ta05,15,15,225,DTSA,2,1342,225675,225000,167,11.345,,,,,225,0.5,6,6,-5.0,5.0,5ee1241,2026-07-24T13:04:22,1.0,225450,,,,,,DTSA-core,N=D,C3,1342,0,0,True
ta05,15,15,225,DTSA,2,1342,225675,225000,167,11.345,,,,,225,0.5,6,6,-5.0,5.0,5ee1241,2026-07-24T13:04:22,1.0,225450,,,,,,DTSA+LS,N=D,C3,1342,6,0,True
ta05,15,15,225,DTSA,3,1330,225675,225000,167,11.341,,,,,225,0.5,6,6,-5.0,5.0,5ee1241,2026-07-24T13:04:22,1.0,225450,,,,,,DTSA-core,N=D,C3,1330,0,0,True
ta05,15,15,225,DTSA,3,1330,225675,225000,167,11.341,,,,,225,0.5,6,6,-5.0,5.0,5ee1241,2026-07-24T13:04:22,1.0,225450,,,,,,DTSA+LS,N=D,C3,1330,9,0,True
ta05,15,15,225,DTSA,4,1371,225675,225000,167,11.184,,,,,225,0.5,6,6,-5.0,5.0,5ee1241,2026-07-24T13:04:22,1.0,225450,,,,,,DTSA-core,N=D,C3,1371,0,0,True
ta05,15,15,225,DTSA,4,1371,225675,225000,167,11.184,,,,,225,0.5,6,6,-5.0,5.0,5ee1241,2026-07-24T13:04:22,1.0,225450,,,,,,DTSA+LS,N=D,C3,1371,6,0,True
ta05,15,15,225,DTSA,5,1336,225675,225000,167,11.391,,,,,225,0.5,6,6,-5.0,5.0,5ee1241,2026-07-24T13:04:22,1.0,225450,,,,,,DTSA-core,N=D,C3,1336,0,0,True
ta05,15,15,225,DTSA,5,1336,225675,225000,167,11.391,,,,,225,0.5,6,6,-5.0,5.0,5ee1241,2026-07-24T13:04:22,1.0,225450,,,,,,DTSA+LS,N=D,C3,1336,6,0,True
ta05,15,15,225,DTSA,6,1395,225675,225000,167,11.177,,,,,225,0.5,6,6,-5.0,5.0,5ee1241,2026-07-24T13:04:33,1.0,225450,,,,,,DTSA-core,N=D,C3,1395,0,0,True
ta05,15,15,225,DTSA,6,1395,225675,225000,167,11.177,,,,,225,0.5,6,6,-5.0,5.0,5ee1241,2026-07-24T13:04:33,1.0,225450,,,,,,DTSA+LS,N=D,C3,1395,5,0,True
ta05,15,15,225,DTSA,7,1414,225675,225000,167,11.206,,,,,225,0.5,6,6,-5.0,5.0,5ee1241,2026-07-24T13:04:33,1.0,225450,,,,,,DTSA-core,N=D,C3,1414,0,0,True
ta05,15,15,225,DTSA,7,1414,225675,225000,167,11.206,,,,,225,0.5,6,6,-5.0,5.0,5ee1241,2026-07-24T13:04:33,1.0,225450,,,,,,DTSA+LS,N=D,C3,1414,6,0,True
ta05,15,15,225,DTSA,8,1372,225675,225000,167,11.263,,,,,225,0.5,6,6,-5.0,5.0,5ee1241,2026-07-24T13:04:33,1.0,225450,,,,,,DTSA-core,N=D,C3,1372,0,0,True
ta05,15,15,225,DTSA,8,1372,225675,225000,167,11.263,,,,,225,0.5,6,6,-5.0,5.0,5ee1241,2026-07-24T13:04:33,1.0,225450,,,,,,DTSA+LS,N=D,C3,1372,5,0,True
ta05,15,15,225,DTSA,9,1320,225675,225000,167,11.321,,,,,225,0.5,6,6,-5.0,5.0,5ee1241,2026-07-24T13:04:33,1.0,225450,,,,,,DTSA-core,N=D,C3,1320,0,0,True
ta05,15,15,225,DTSA,9,1320,225675,225000,167,11.321,,,,,225,0.5,6,6,-5.0,5.0,5ee1241,2026-07-24T13:04:33,1.0,225450,,,,,,DTSA+LS,N=D,C3,1320,6,0,True
ta05,15,15,225,DTSA,10,1366,225675,225000,167,11.331,,,,,225,0.5,6,6,-5.0,5.0,5ee1241,2026-07-24T13:04:33,1.0,225450,,,,,,DTSA-core,N=D,C3,1366,0,0,True
ta05,15,15,225,DTSA,10,1366,225675,225000,167,11.331,,,,,225,0.5,6,6,-5.0,5.0,5ee1241,2026-07-24T13:04:33,1.0,225450,,,,,,DTSA+LS,N=D,C3,1366,6,0,True
ta05,15,15,225,DTSA,11,1354,225675,225000,167,11.358,,,,,225,0.5,6,6,-5.0,5.0,5ee1241,2026-07-24T13:04:34,1.0,225450,,,,,,DTSA-core,N=D,C3,1354,0,0,True
ta05,15,15,225,DTSA,11,1354,225675,225000,167,11.358,,,,,225,0.5,6,6,-5.0,5.0,5ee1241,2026-07-24T13:04:34,1.0,225450,,,,,,DTSA+LS,N=D,C3,1354,4,0,True
ta05,15,15,225,DTSA,12,1405,225675,225000,167,11.151,,,,,225,0.5,6,6,-5.0,5.0,5ee1241,2026-07-24T13:04:44,1.0,225450,,,,,,DTSA-core,N=D,C3,1405,0,0,True
ta05,15,15,225,DTSA,12,1405,225675,225000,167,11.151,,,,,225,0.5,6,6,-5.0,5.0,5ee1241,2026-07-24T13:04:44,1.0,225450,,,,,,DTSA+LS,N=D,C3,1405,6,0,True
ta05,15,15,225,DTSA,13,1394,225675,225000,167,11.256,,,,,225,0.5,6,6,-5.0,5.0,5ee1241,2026-07-24T13:04:45,1.0,225450,,,,,,DTSA-core,N=D,C3,1394,0,0,True
ta05,15,15,225,DTSA,13,1394,225675,225000,167,11.256,,,,,225,0.5,6,6,-5.0,5.0,5ee1241,2026-07-24T13:04:45,1.0,225450,,,,,,DTSA+LS,N=D,C3,1394,4,0,True
ta05,15,15,225,DTSA,14,1355,225675,225000,167,11.348,,,,,225,0.5,6,6,-5.0,5.0,5ee1241,2026-07-24T13:04:45,1.0,225450,,,,,,DTSA-core,N=D,C3,1355,0,0,True
ta05,15,15,225,DTSA,14,1355,225675,225000,167,11.348,,,,,225,0.5,6,6,-5.0,5.0,5ee1241,2026-07-24T13:04:45,1.0,225450,,,,,,DTSA+LS,N=D,C3,1355,6,0,True
ta05,15,15,225,DTSA,15,1390,225675,225000,167,11.326,,,,,225,0.5,6,6,-5.0,5.0,5ee1241,2026-07-24T13:04:45,1.0,225450,,,,,,DTSA-core,N=D,C3,1390,0,0,True
ta05,15,15,225,DTSA,15,1390,225675,225000,167,11.326,,,,,225,0.5,6,6,-5.0,5.0,5ee1241,2026-07-24T13:04:45,1.0,225450,,,,,,DTSA+LS,N=D,C3,1390,6,0,True
ta05,15,15,225,DTSA,16,1392,225675,225000,167,11.264,,,,,225,0.5,6,6,-5.0,5.0,5ee1241,2026-07-24T13:04:45,1.0,225450,,,,,,DTSA-core,N=D,C3,1392,0,0,True
ta05,15,15,225,DTSA,16,1392,225675,225000,167,11.264,,,,,225,0.5,6,6,-5.0,5.0,5ee1241,2026-07-24T13:04:45,1.0,225450,,,,,,DTSA+LS,N=D,C3,1392,4,0,True
ta05,15,15,225,DTSA,17,1410,225675,225000,167,11.35,,,,,225,0.5,6,6,-5.0,5.0,5ee1241,2026-07-24T13:04:45,1.0,225450,,,,,,DTSA-core,N=D,C3,1410,0,0,True
ta05,15,15,225,DTSA,17,1410,225675,225000,167,11.35,,,,,225,0.5,6,6,-5.0,5.0,5ee1241,2026-07-24T13:04:45,1.0,225450,,,,,,DTSA+LS,N=D,C3,1410,7,0,True
ta05,15,15,225,DTSA,18,1376,225675,225000,167,10.438,,,,,225,0.5,6,6,-5.0,5.0,5ee1241,2026-07-24T13:04:55,1.0,225450,,,,,,DTSA-core,N=D,C3,1376,0,0,True
ta05,15,15,225,DTSA,18,1376,225675,225000,167,10.438,,,,,225,0.5,6,6,-5.0,5.0,5ee1241,2026-07-24T13:04:55,1.0,225450,,,,,,DTSA+LS,N=D,C3,1376,6,0,True
ta05,15,15,225,DTSA,19,1417,225675,225000,167,10.545,,,,,225,0.5,6,6,-5.0,5.0,5ee1241,2026-07-24T13:04:55,1.0,225450,,,,,,DTSA-core,N=D,C3,1417,0,0,True
ta05,15,15,225,DTSA,19,1417,225675,225000,167,10.545,,,,,225,0.5,6,6,-5.0,5.0,5ee1241,2026-07-24T13:04:55,1.0,225450,,,,,,DTSA+LS,N=D,C3,1417,4,0,True
ta11,20,15,300,DTSA,0,1603,300900,300000,167,16.372,,,,,300,0.5,6,6,-5.0,5.0,5ee1241,2026-07-24T13:05:11,1.0,300600,,,,,,DTSA-core,N=D,C3,1603,0,0,True
ta11,20,15,300,DTSA,0,1603,300900,300000,167,16.372,,,,,300,0.5,6,6,-5.0,5.0,5ee1241,2026-07-24T13:05:11,1.0,300600,,,,,,DTSA+LS,N=D,C3,1603,6,0,True
ta11,20,15,300,DTSA,1,1576,300900,300000,167,16.28,,,,,300,0.5,6,6,-5.0,5.0,5ee1241,2026-07-24T13:05:11,1.0,300600,,,,,,DTSA-core,N=D,C3,1576,0,0,True
ta11,20,15,300,DTSA,1,1576,300900,300000,167,16.28,,,,,300,0.5,6,6,-5.0,5.0,5ee1241,2026-07-24T13:05:11,1.0,300600,,,,,,DTSA+LS,N=D,C3,1576,6,0,True
ta11,20,15,300,DTSA,2,1616,300900,300000,167,16.307,,,,,300,0.5,6,6,-5.0,5.0,5ee1241,2026-07-24T13:05:11,1.0,300600,,,,,,DTSA-core,N=D,C3,1616,0,0,True
ta11,20,15,300,DTSA,2,1616,300900,300000,167,16.307,,,,,300,0.5,6,6,-5.0,5.0,5ee1241,2026-07-24T13:05:11,1.0,300600,,,,,,DTSA+LS,N=D,C3,1616,8,0,True
ta11,20,15,300,DTSA,3,1555,300900,300000,167,16.341,,,,,300,0.5,6,6,-5.0,5.0,5ee1241,2026-07-24T13:05:11,1.0,300600,,,,,,DTSA-core,N=D,C3,1555,0,0,True
ta11,20,15,300,DTSA,3,1555,300900,300000,167,16.341,,,,,300,0.5,6,6,-5.0,5.0,5ee1241,2026-07-24T13:05:11,1.0,300600,,,,,,DTSA+LS,N=D,C3,1555,8,0,True
ta11,20,15,300,DTSA,4,1588,300900,300000,167,16.184,,,,,300,0.5,6,6,-5.0,5.0,5ee1241,2026-07-24T13:05:11,1.0,300600,,,,,,DTSA-core,N=D,C3,1588,0,0,True
ta11,20,15,300,DTSA,4,1588,300900,300000,167,16.184,,,,,300,0.5,6,6,-5.0,5.0,5ee1241,2026-07-24T13:05:11,1.0,300600,,,,,,DTSA+LS,N=D,C3,1588,10,0,True
ta11,20,15,300,DTSA,5,1632,300900,300000,167,16.213,,,,,300,0.5,6,6,-5.0,5.0,5ee1241,2026-07-24T13:05:11,1.0,300600,,,,,,DTSA-core,N=D,C3,1632,0,0,True
ta11,20,15,300,DTSA,5,1632,300900,300000,167,16.213,,,,,300,0.5,6,6,-5.0,5.0,5ee1241,2026-07-24T13:05:11,1.0,300600,,,,,,DTSA+LS,N=D,C3,1632,9,0,True
ta11,20,15,300,DTSA,6,1559,300900,300000,167,16.179,,,,,300,0.5,6,6,-5.0,5.0,5ee1241,2026-07-24T13:05:28,1.0,300600,,,,,,DTSA-core,N=D,C3,1559,0,0,True
ta11,20,15,300,DTSA,6,1559,300900,300000,167,16.179,,,,,300,0.5,6,6,-5.0,5.0,5ee1241,2026-07-24T13:05:28,1.0,300600,,,,,,DTSA+LS,N=D,C3,1559,12,0,True
ta11,20,15,300,DTSA,7,1632,300900,300000,167,16.15,,,,,300,0.5,6,6,-5.0,5.0,5ee1241,2026-07-24T13:05:28,1.0,300600,,,,,,DTSA-core,N=D,C3,1632,0,0,True
ta11,20,15,300,DTSA,7,1632,300900,300000,167,16.15,,,,,300,0.5,6,6,-5.0,5.0,5ee1241,2026-07-24T13:05:28,1.0,300600,,,,,,DTSA+LS,N=D,C3,1632,8,0,True
ta11,20,15,300,DTSA,8,1630,300900,300000,167,16.148,,,,,300,0.5,6,6,-5.0,5.0,5ee1241,2026-07-24T13:05:28,1.0,300600,,,,,,DTSA-core,N=D,C3,1630,0,0,True
ta11,20,15,300,DTSA,8,1630,300900,300000,167,16.148,,,,,300,0.5,6,6,-5.0,5.0,5ee1241,2026-07-24T13:05:28,1.0,300600,,,,,,DTSA+LS,N=D,C3,1630,8,0,True
ta11,20,15,300,DTSA,9,1582,300900,300000,167,16.304,,,,,300,0.5,6,6,-5.0,5.0,5ee1241,2026-07-24T13:05:28,1.0,300600,,,,,,DTSA-core,N=D,C3,1582,0,0,True
ta11,20,15,300,DTSA,9,1582,300900,300000,167,16.304,,,,,300,0.5,6,6,-5.0,5.0,5ee1241,2026-07-24T13:05:28,1.0,300600,,,,,,DTSA+LS,N=D,C3,1582,5,0,True
ta11,20,15,300,DTSA,10,1551,300900,300000,167,16.802,,,,,300,0.5,6,6,-5.0,5.0,5ee1241,2026-07-24T13:05:28,1.0,300600,,,,,,DTSA-core,N=D,C3,1551,0,0,True
ta11,20,15,300,DTSA,10,1551,300900,300000,167,16.802,,,,,300,0.5,6,6,-5.0,5.0,5ee1241,2026-07-24T13:05:28,1.0,300600,,,,,,DTSA+LS,N=D,C3,1551,6,0,True
ta11,20,15,300,DTSA,11,1603,300900,300000,167,16.248,,,,,300,0.5,6,6,-5.0,5.0,5ee1241,2026-07-24T13:05:28,1.0,300600,,,,,,DTSA-core,N=D,C3,1603,0,0,True
ta11,20,15,300,DTSA,11,1603,300900,300000,167,16.248,,,,,300,0.5,6,6,-5.0,5.0,5ee1241,2026-07-24T13:05:28,1.0,300600,,,,,,DTSA+LS,N=D,C3,1603,8,0,True
ta11,20,15,300,DTSA,12,1566,300900,300000,167,16.237,,,,,300,0.5,6,6,-5.0,5.0,5ee1241,2026-07-24T13:05:44,1.0,300600,,,,,,DTSA-core,N=D,C3,1566,0,0,True
ta11,20,15,300,DTSA,12,1557,300900,300000,167,16.237,,,,,300,0.5,6,6,-5.0,5.0,5ee1241,2026-07-24T13:05:44,1.0,300600,,,,,,DTSA+LS,N=D,C3,1566,14,2,True
ta11,20,15,300,DTSA,13,1613,300900,300000,167,16.324,,,,,300,0.5,6,6,-5.0,5.0,5ee1241,2026-07-24T13:05:44,1.0,300600,,,,,,DTSA-core,N=D,C3,1613,0,0,True
ta11,20,15,300,DTSA,13,1613,300900,300000,167,16.324,,,,,300,0.5,6,6,-5.0,5.0,5ee1241,2026-07-24T13:05:44,1.0,300600,,,,,,DTSA+LS,N=D,C3,1613,9,0,True
ta11,20,15,300,DTSA,14,1583,300900,300000,167,16.254,,,,,300,0.5,6,6,-5.0,5.0,5ee1241,2026-07-24T13:05:44,1.0,300600,,,,,,DTSA-core,N=D,C3,1583,0,0,True
ta11,20,15,300,DTSA,14,1583,300900,300000,167,16.254,,,,,300,0.5,6,6,-5.0,5.0,5ee1241,2026-07-24T13:05:44,1.0,300600,,,,,,DTSA+LS,N=D,C3,1583,9,0,True
ta11,20,15,300,DTSA,15,1582,300900,300000,167,16.341,,,,,300,0.5,6,6,-5.0,5.0,5ee1241,2026-07-24T13:05:44,1.0,300600,,,,,,DTSA-core,N=D,C3,1582,0,0,True
ta11,20,15,300,DTSA,15,1582,300900,300000,167,16.341,,,,,300,0.5,6,6,-5.0,5.0,5ee1241,2026-07-24T13:05:44,1.0,300600,,,,,,DTSA+LS,N=D,C3,1582,8,0,True
ta11,20,15,300,DTSA,16,1611,300900,300000,167,16.318,,,,,300,0.5,6,6,-5.0,5.0,5ee1241,2026-07-24T13:05:44,1.0,300600,,,,,,DTSA-core,N=D,C3,1611,0,0,True
ta11,20,15,300,DTSA,16,1611,300900,300000,167,16.318,,,,,300,0.5,6,6,-5.0,5.0,5ee1241,2026-07-24T13:05:44,1.0,300600,,,,,,DTSA+LS,N=D,C3,1611,9,0,True
ta11,20,15,300,DTSA,17,1608,300900,300000,167,16.348,,,,,300,0.5,6,6,-5.0,5.0,5ee1241,2026-07-24T13:05:45,1.0,300600,,,,,,DTSA-core,N=D,C3,1608,0,0,True
ta11,20,15,300,DTSA,17,1608,300900,300000,167,16.348,,,,,300,0.5,6,6,-5.0,5.0,5ee1241,2026-07-24T13:05:45,1.0,300600,,,,,,DTSA+LS,N=D,C3,1608,6,0,True
ta11,20,15,300,DTSA,18,1584,300900,300000,167,15.35,,,,,300,0.5,6,6,-5.0,5.0,5ee1241,2026-07-24T13:05:59,1.0,300600,,,,,,DTSA-core,N=D,C3,1584,0,0,True
ta11,20,15,300,DTSA,18,1584,300900,300000,167,15.35,,,,,300,0.5,6,6,-5.0,5.0,5ee1241,2026-07-24T13:05:59,1.0,300600,,,,,,DTSA+LS,N=D,C3,1584,11,0,True
ta11,20,15,300,DTSA,19,1593,300900,300000,167,15.435,,,,,300,0.5,6,6,-5.0,5.0,5ee1241,2026-07-24T13:05:59,1.0,300600,,,,,,DTSA-core,N=D,C3,1593,0,0,True
ta11,20,15,300,DTSA,19,1593,300900,300000,167,15.435,,,,,300,0.5,6,6,-5.0,5.0,5ee1241,2026-07-24T13:05:59,1.0,300600,,,,,,DTSA+LS,N=D,C3,1593,12,0,True
ta12,20,15,300,DTSA,0,1534,300900,300000,167,16.211,,,,,300,0.5,6,6,-5.0,5.0,5ee1241,2026-07-24T13:06:16,1.0,300600,,,,,,DTSA-core,N=D,C3,1534,0,0,True
ta12,20,15,300,DTSA,0,1534,300900,300000,167,16.211,,,,,300,0.5,6,6,-5.0,5.0,5ee1241,2026-07-24T13:06:16,1.0,300600,,,,,,DTSA+LS,N=D,C3,1534,6,0,True
ta12,20,15,300,DTSA,1,1583,300900,300000,167,16.267,,,,,300,0.5,6,6,-5.0,5.0,5ee1241,2026-07-24T13:06:16,1.0,300600,,,,,,DTSA-core,N=D,C3,1583,0,0,True
ta12,20,15,300,DTSA,1,1583,300900,300000,167,16.267,,,,,300,0.5,6,6,-5.0,5.0,5ee1241,2026-07-24T13:06:16,1.0,300600,,,,,,DTSA+LS,N=D,C3,1583,13,0,True
ta12,20,15,300,DTSA,2,1607,300900,300000,167,16.108,,,,,300,0.5,6,6,-5.0,5.0,5ee1241,2026-07-24T13:06:16,1.0,300600,,,,,,DTSA-core,N=D,C3,1607,0,0,True
ta12,20,15,300,DTSA,2,1607,300900,300000,167,16.108,,,,,300,0.5,6,6,-5.0,5.0,5ee1241,2026-07-24T13:06:16,1.0,300600,,,,,,DTSA+LS,N=D,C3,1607,10,0,True
ta12,20,15,300,DTSA,3,1605,300900,300000,167,16.169,,,,,300,0.5,6,6,-5.0,5.0,5ee1241,2026-07-24T13:06:16,1.0,300600,,,,,,DTSA-core,N=D,C3,1605,0,0,True
ta12,20,15,300,DTSA,3,1605,300900,300000,167,16.169,,,,,300,0.5,6,6,-5.0,5.0,5ee1241,2026-07-24T13:06:16,1.0,300600,,,,,,DTSA+LS,N=D,C3,1605,7,0,True
ta12,20,15,300,DTSA,4,1544,300900,300000,167,16.083,,,,,300,0.5,6,6,-5.0,5.0,5ee1241,2026-07-24T13:06:15,1.0,300600,,,,,,DTSA-core,N=D,C3,1544,0,0,True
ta12,20,15,300,DTSA,4,1544,300900,300000,167,16.083,,,,,300,0.5,6,6,-5.0,5.0,5ee1241,2026-07-24T13:06:15,1.0,300600,,,,,,DTSA+LS,N=D,C3,1544,6,0,True
ta12,20,15,300,DTSA,5,1555,300900,300000,167,16.221,,,,,300,0.5,6,6,-5.0,5.0,5ee1241,2026-07-24T13:06:16,1.0,300600,,,,,,DTSA-core,N=D,C3,1555,0,0,True
ta12,20,15,300,DTSA,5,1555,300900,300000,167,16.221,,,,,300,0.5,6,6,-5.0,5.0,5ee1241,2026-07-24T13:06:16,1.0,300600,,,,,,DTSA+LS,N=D,C3,1555,6,0,True
ta12,20,15,300,DTSA,6,1573,300900,300000,167,16.224,,,,,300,0.5,6,6,-5.0,5.0,5ee1241,2026-07-24T13:06:32,1.0,300600,,,,,,DTSA-core,N=D,C3,1573,0,0,True
ta12,20,15,300,DTSA,6,1573,300900,300000,167,16.224,,,,,300,0.5,6,6,-5.0,5.0,5ee1241,2026-07-24T13:06:32,1.0,300600,,,,,,DTSA+LS,N=D,C3,1573,12,0,True
ta12,20,15,300,DTSA,7,1552,300900,300000,167,16.248,,,,,300,0.5,6,6,-5.0,5.0,5ee1241,2026-07-24T13:06:32,1.0,300600,,,,,,DTSA-core,N=D,C3,1552,0,0,True
ta12,20,15,300,DTSA,7,1552,300900,300000,167,16.248,,,,,300,0.5,6,6,-5.0,5.0,5ee1241,2026-07-24T13:06:32,1.0,300600,,,,,,DTSA+LS,N=D,C3,1552,12,0,True
ta12,20,15,300,DTSA,8,1539,300900,300000,167,16.127,,,,,300,0.5,6,6,-5.0,5.0,5ee1241,2026-07-24T13:06:32,1.0,300600,,,,,,DTSA-core,N=D,C3,1539,0,0,True
ta12,20,15,300,DTSA,8,1539,300900,300000,167,16.127,,,,,300,0.5,6,6,-5.0,5.0,5ee1241,2026-07-24T13:06:32,1.0,300600,,,,,,DTSA+LS,N=D,C3,1539,7,0,True
ta12,20,15,300,DTSA,9,1567,300900,300000,167,16.27,,,,,300,0.5,6,6,-5.0,5.0,5ee1241,2026-07-24T13:06:32,1.0,300600,,,,,,DTSA-core,N=D,C3,1567,0,0,True
ta12,20,15,300,DTSA,9,1567,300900,300000,167,16.27,,,,,300,0.5,6,6,-5.0,5.0,5ee1241,2026-07-24T13:06:32,1.0,300600,,,,,,DTSA+LS,N=D,C3,1567,4,0,True
ta12,20,15,300,DTSA,10,1559,300900,300000,167,16.146,,,,,300,0.5,6,6,-5.0,5.0,5ee1241,2026-07-24T13:06:32,1.0,300600,,,,,,DTSA-core,N=D,C3,1559,0,0,True
ta12,20,15,300,DTSA,10,1559,300900,300000,167,16.146,,,,,300,0.5,6,6,-5.0,5.0,5ee1241,2026-07-24T13:06:32,1.0,300600,,,,,,DTSA+LS,N=D,C3,1559,5,0,True
ta12,20,15,300,DTSA,11,1526,300900,300000,167,16.234,,,,,300,0.5,6,6,-5.0,5.0,5ee1241,2026-07-24T13:06:32,1.0,300600,,,,,,DTSA-core,N=D,C3,1526,0,0,True
ta12,20,15,300,DTSA,11,1526,300900,300000,167,16.234,,,,,300,0.5,6,6,-5.0,5.0,5ee1241,2026-07-24T13:06:32,1.0,300600,,,,,,DTSA+LS,N=D,C3,1526,6,0,True
ta12,20,15,300,DTSA,12,1563,300900,300000,167,16.226,,,,,300,0.5,6,6,-5.0,5.0,5ee1241,2026-07-24T13:06:48,1.0,300600,,,,,,DTSA-core,N=D,C3,1563,0,0,True
ta12,20,15,300,DTSA,12,1563,300900,300000,167,16.226,,,,,300,0.5,6,6,-5.0,5.0,5ee1241,2026-07-24T13:06:48,1.0,300600,,,,,,DTSA+LS,N=D,C3,1563,6,0,True
ta12,20,15,300,DTSA,13,1624,300900,300000,167,16.754,,,,,300,0.5,6,6,-5.0,5.0,5ee1241,2026-07-24T13:06:49,1.0,300600,,,,,,DTSA-core,N=D,C3,1624,0,0,True
ta12,20,15,300,DTSA,13,1624,300900,300000,167,16.754,,,,,300,0.5,6,6,-5.0,5.0,5ee1241,2026-07-24T13:06:49,1.0,300600,,,,,,DTSA+LS,N=D,C3,1624,9,0,True
ta12,20,15,300,DTSA,14,1571,300900,300000,167,16.028,,,,,300,0.5,6,6,-5.0,5.0,5ee1241,2026-07-24T13:06:48,1.0,300600,,,,,,DTSA-core,N=D,C3,1571,0,0,True
ta12,20,15,300,DTSA,14,1571,300900,300000,167,16.028,,,,,300,0.5,6,6,-5.0,5.0,5ee1241,2026-07-24T13:06:48,1.0,300600,,,,,,DTSA+LS,N=D,C3,1571,11,0,True
ta12,20,15,300,DTSA,15,1623,300900,300000,167,16.203,,,,,300,0.5,6,6,-5.0,5.0,5ee1241,2026-07-24T13:06:48,1.0,300600,,,,,,DTSA-core,N=D,C3,1623,0,0,True
ta12,20,15,300,DTSA,15,1623,300900,300000,167,16.203,,,,,300,0.5,6,6,-5.0,5.0,5ee1241,2026-07-24T13:06:48,1.0,300600,,,,,,DTSA+LS,N=D,C3,1623,8,0,True
ta12,20,15,300,DTSA,16,1543,300900,300000,167,16.338,,,,,300,0.5,6,6,-5.0,5.0,5ee1241,2026-07-24T13:06:48,1.0,300600,,,,,,DTSA-core,N=D,C3,1543,0,0,True
ta12,20,15,300,DTSA,16,1543,300900,300000,167,16.338,,,,,300,0.5,6,6,-5.0,5.0,5ee1241,2026-07-24T13:06:48,1.0,300600,,,,,,DTSA+LS,N=D,C3,1543,7,0,True
ta12,20,15,300,DTSA,17,1554,300900,300000,167,16.221,,,,,300,0.5,6,6,-5.0,5.0,5ee1241,2026-07-24T13:06:48,1.0,300600,,,,,,DTSA-core,N=D,C3,1554,0,0,True
ta12,20,15,300,DTSA,17,1554,300900,300000,167,16.221,,,,,300,0.5,6,6,-5.0,5.0,5ee1241,2026-07-24T13:06:48,1.0,300600,,,,,,DTSA+LS,N=D,C3,1554,12,0,True
ta12,20,15,300,DTSA,18,1599,300900,300000,167,15.102,,,,,300,0.5,6,6,-5.0,5.0,5ee1241,2026-07-24T13:07:03,1.0,300600,,,,,,DTSA-core,N=D,C3,1599,0,0,True
ta12,20,15,300,DTSA,18,1599,300900,300000,167,15.102,,,,,300,0.5,6,6,-5.0,5.0,5ee1241,2026-07-24T13:07:03,1.0,300600,,,,,,DTSA+LS,N=D,C3,1599,8,0,True
ta12,20,15,300,DTSA,19,1560,300900,300000,167,15.164,,,,,300,0.5,6,6,-5.0,5.0,5ee1241,2026-07-24T13:07:03,1.0,300600,,,,,,DTSA-core,N=D,C3,1560,0,0,True
ta12,20,15,300,DTSA,19,1560,300900,300000,167,15.164,,,,,300,0.5,6,6,-5.0,5.0,5ee1241,2026-07-24T13:07:03,1.0,300600,,,,,,DTSA+LS,N=D,C3,1560,5,0,True
ta13,20,15,300,DTSA,0,1543,300900,300000,167,16.35,,,,,300,0.5,6,6,-5.0,5.0,5ee1241,2026-07-24T13:07:20,1.0,300600,,,,,,DTSA-core,N=D,C3,1543,0,0,True
ta13,20,15,300,DTSA,0,1543,300900,300000,167,16.35,,,,,300,0.5,6,6,-5.0,5.0,5ee1241,2026-07-24T13:07:20,1.0,300600,,,,,,DTSA+LS,N=D,C3,1543,7,0,True
ta13,20,15,300,DTSA,1,1644,300900,300000,167,16.34,,,,,300,0.5,6,6,-5.0,5.0,5ee1241,2026-07-24T13:07:20,1.0,300600,,,,,,DTSA-core,N=D,C3,1644,0,0,True
ta13,20,15,300,DTSA,1,1644,300900,300000,167,16.34,,,,,300,0.5,6,6,-5.0,5.0,5ee1241,2026-07-24T13:07:20,1.0,300600,,,,,,DTSA+LS,N=D,C3,1644,10,0,True
ta13,20,15,300,DTSA,2,1575,300900,300000,167,16.306,,,,,300,0.5,6,6,-5.0,5.0,5ee1241,2026-07-24T13:07:20,1.0,300600,,,,,,DTSA-core,N=D,C3,1575,0,0,True
ta13,20,15,300,DTSA,2,1575,300900,300000,167,16.306,,,,,300,0.5,6,6,-5.0,5.0,5ee1241,2026-07-24T13:07:20,1.0,300600,,,,,,DTSA+LS,N=D,C3,1575,9,0,True
ta13,20,15,300,DTSA,3,1588,300900,300000,167,16.228,,,,,300,0.5,6,6,-5.0,5.0,5ee1241,2026-07-24T13:07:19,1.0,300600,,,,,,DTSA-core,N=D,C3,1588,0,0,True
ta13,20,15,300,DTSA,3,1588,300900,300000,167,16.228,,,,,300,0.5,6,6,-5.0,5.0,5ee1241,2026-07-24T13:07:19,1.0,300600,,,,,,DTSA+LS,N=D,C3,1588,9,0,True
ta13,20,15,300,DTSA,4,1558,300900,300000,167,16.163,,,,,300,0.5,6,6,-5.0,5.0,5ee1241,2026-07-24T13:07:19,1.0,300600,,,,,,DTSA-core,N=D,C3,1558,0,0,True
ta13,20,15,300,DTSA,4,1558,300900,300000,167,16.163,,,,,300,0.5,6,6,-5.0,5.0,5ee1241,2026-07-24T13:07:19,1.0,300600,,,,,,DTSA+LS,N=D,C3,1558,9,0,True
ta13,20,15,300,DTSA,5,1588,300900,300000,167,16.24,,,,,300,0.5,6,6,-5.0,5.0,5ee1241,2026-07-24T13:07:19,1.0,300600,,,,,,DTSA-core,N=D,C3,1588,0,0,True
ta13,20,15,300,DTSA,5,1588,300900,300000,167,16.24,,,,,300,0.5,6,6,-5.0,5.0,5ee1241,2026-07-24T13:07:19,1.0,300600,,,,,,DTSA+LS,N=D,C3,1588,12,0,True
ta13,20,15,300,DTSA,6,1596,300900,300000,167,16.793,,,,,300,0.5,6,6,-5.0,5.0,5ee1241,2026-07-24T13:07:36,1.0,300600,,,,,,DTSA-core,N=D,C3,1596,0,0,True
ta13,20,15,300,DTSA,6,1596,300900,300000,167,16.793,,,,,300,0.5,6,6,-5.0,5.0,5ee1241,2026-07-24T13:07:36,1.0,300600,,,,,,DTSA+LS,N=D,C3,1596,9,0,True
ta13,20,15,300,DTSA,7,1561,300900,300000,167,16.176,,,,,300,0.5,6,6,-5.0,5.0,5ee1241,2026-07-24T13:07:36,1.0,300600,,,,,,DTSA-core,N=D,C3,1561,0,0,True
ta13,20,15,300,DTSA,7,1561,300900,300000,167,16.176,,,,,300,0.5,6,6,-5.0,5.0,5ee1241,2026-07-24T13:07:36,1.0,300600,,,,,,DTSA+LS,N=D,C3,1561,8,0,True
ta13,20,15,300,DTSA,8,1653,300900,300000,167,16.207,,,,,300,0.5,6,6,-5.0,5.0,5ee1241,2026-07-24T13:07:36,1.0,300600,,,,,,DTSA-core,N=D,C3,1653,0,0,True
ta13,20,15,300,DTSA,8,1653,300900,300000,167,16.207,,,,,300,0.5,6,6,-5.0,5.0,5ee1241,2026-07-24T13:07:36,1.0,300600,,,,,,DTSA+LS,N=D,C3,1653,10,0,True
ta13,20,15,300,DTSA,9,1586,300900,300000,167,16.358,,,,,300,0.5,6,6,-5.0,5.0,5ee1241,2026-07-24T13:07:36,1.0,300600,,,,,,DTSA-core,N=D,C3,1586,0,0,True
ta13,20,15,300,DTSA,9,1586,300900,300000,167,16.358,,,,,300,0.5,6,6,-5.0,5.0,5ee1241,2026-07-24T13:07:36,1.0,300600,,,,,,DTSA+LS,N=D,C3,1586,8,0,True
ta13,20,15,300,DTSA,10,1649,300900,300000,167,16.283,,,,,300,0.5,6,6,-5.0,5.0,5ee1241,2026-07-24T13:07:36,1.0,300600,,,,,,DTSA-core,N=D,C3,1649,0,0,True
ta13,20,15,300,DTSA,10,1649,300900,300000,167,16.283,,,,,300,0.5,6,6,-5.0,5.0,5ee1241,2026-07-24T13:07:36,1.0,300600,,,,,,DTSA+LS,N=D,C3,1649,9,0,True
ta13,20,15,300,DTSA,11,1526,300900,300000,167,16.289,,,,,300,0.5,6,6,-5.0,5.0,5ee1241,2026-07-24T13:07:36,1.0,300600,,,,,,DTSA-core,N=D,C3,1526,0,0,True
ta13,20,15,300,DTSA,11,1526,300900,300000,167,16.289,,,,,300,0.5,6,6,-5.0,5.0,5ee1241,2026-07-24T13:07:36,1.0,300600,,,,,,DTSA+LS,N=D,C3,1526,8,0,True
ta13,20,15,300,DTSA,12,1595,300900,300000,167,16.268,,,,,300,0.5,6,6,-5.0,5.0,5ee1241,2026-07-24T13:07:52,1.0,300600,,,,,,DTSA-core,N=D,C3,1595,0,0,True
ta13,20,15,300,DTSA,12,1595,300900,300000,167,16.268,,,,,300,0.5,6,6,-5.0,5.0,5ee1241,2026-07-24T13:07:52,1.0,300600,,,,,,DTSA+LS,N=D,C3,1595,7,0,True
ta13,20,15,300,DTSA,13,1540,300900,300000,167,16.302,,,,,300,0.5,6,6,-5.0,5.0,5ee1241,2026-07-24T13:07:52,1.0,300600,,,,,,DTSA-core,N=D,C3,1540,0,0,True
ta13,20,15,300,DTSA,13,1540,300900,300000,167,16.302,,,,,300,0.5,6,6,-5.0,5.0,5ee1241,2026-07-24T13:07:52,1.0,300600,,,,,,DTSA+LS,N=D,C3,1540,6,0,True
ta13,20,15,300,DTSA,14,1675,300900,300000,167,16.262,,,,,300,0.5,6,6,-5.0,5.0,5ee1241,2026-07-24T13:07:52,1.0,300600,,,,,,DTSA-core,N=D,C3,1675,0,0,True
ta13,20,15,300,DTSA,14,1675,300900,300000,167,16.262,,,,,300,0.5,6,6,-5.0,5.0,5ee1241,2026-07-24T13:07:52,1.0,300600,,,,,,DTSA+LS,N=D,C3,1675,9,0,True
ta13,20,15,300,DTSA,15,1583,300900,300000,167,16.276,,,,,300,0.5,6,6,-5.0,5.0,5ee1241,2026-07-24T13:07:52,1.0,300600,,,,,,DTSA-core,N=D,C3,1583,0,0,True
ta13,20,15,300,DTSA,15,1583,300900,300000,167,16.276,,,,,300,0.5,6,6,-5.0,5.0,5ee1241,2026-07-24T13:07:52,1.0,300600,,,,,,DTSA+LS,N=D,C3,1583,7,0,True
ta13,20,15,300,DTSA,16,1606,300900,300000,167,16.428,,,,,300,0.5,6,6,-5.0,5.0,5ee1241,2026-07-24T13:07:52,1.0,300600,,,,,,DTSA-core,N=D,C3,1606,0,0,True
ta13,20,15,300,DTSA,16,1606,300900,300000,167,16.428,,,,,300,0.5,6,6,-5.0,5.0,5ee1241,2026-07-24T13:07:52,1.0,300600,,,,,,DTSA+LS,N=D,C3,1606,9,0,True
ta13,20,15,300,DTSA,17,1585,300900,300000,167,16.31,,,,,300,0.5,6,6,-5.0,5.0,5ee1241,2026-07-24T13:07:53,1.0,300600,,,,,,DTSA-core,N=D,C3,1585,0,0,True
ta13,20,15,300,DTSA,17,1585,300900,300000,167,16.31,,,,,300,0.5,6,6,-5.0,5.0,5ee1241,2026-07-24T13:07:53,1.0,300600,,,,,,DTSA+LS,N=D,C3,1585,11,0,True
ta13,20,15,300,DTSA,18,1536,300900,300000,167,15.284,,,,,300,0.5,6,6,-5.0,5.0,5ee1241,2026-07-24T13:08:07,1.0,300600,,,,,,DTSA-core,N=D,C3,1536,0,0,True
ta13,20,15,300,DTSA,18,1536,300900,300000,167,15.284,,,,,300,0.5,6,6,-5.0,5.0,5ee1241,2026-07-24T13:08:07,1.0,300600,,,,,,DTSA+LS,N=D,C3,1536,6,0,True
ta13,20,15,300,DTSA,19,1512,300900,300000,167,15.281,,,,,300,0.5,6,6,-5.0,5.0,5ee1241,2026-07-24T13:08:07,1.0,300600,,,,,,DTSA-core,N=D,C3,1512,0,0,True
ta13,20,15,300,DTSA,19,1512,300900,300000,167,15.281,,,,,300,0.5,6,6,-5.0,5.0,5ee1241,2026-07-24T13:08:07,1.0,300600,,,,,,DTSA+LS,N=D,C3,1512,6,0,True
ta14,20,15,300,DTSA,0,1530,300900,300000,167,16.845,,,,,300,0.5,6,6,-5.0,5.0,5ee1241,2026-07-24T13:08:24,1.0,300600,,,,,,DTSA-core,N=D,C3,1530,0,0,True
ta14,20,15,300,DTSA,0,1530,300900,300000,167,16.845,,,,,300,0.5,6,6,-5.0,5.0,5ee1241,2026-07-24T13:08:24,1.0,300600,,,,,,DTSA+LS,N=D,C3,1530,6,0,True
ta14,20,15,300,DTSA,1,1546,300900,300000,167,16.787,,,,,300,0.5,6,6,-5.0,5.0,5ee1241,2026-07-24T13:08:24,1.0,300600,,,,,,DTSA-core,N=D,C3,1546,0,0,True
ta14,20,15,300,DTSA,1,1546,300900,300000,167,16.787,,,,,300,0.5,6,6,-5.0,5.0,5ee1241,2026-07-24T13:08:24,1.0,300600,,,,,,DTSA+LS,N=D,C3,1546,7,0,True
ta14,20,15,300,DTSA,2,1678,300900,300000,167,16.815,,,,,300,0.5,6,6,-5.0,5.0,5ee1241,2026-07-24T13:08:24,1.0,300600,,,,,,DTSA-core,N=D,C3,1678,0,0,True
ta14,20,15,300,DTSA,2,1678,300900,300000,167,16.815,,,,,300,0.5,6,6,-5.0,5.0,5ee1241,2026-07-24T13:08:24,1.0,300600,,,,,,DTSA+LS,N=D,C3,1678,5,0,True
ta14,20,15,300,DTSA,3,1525,300900,300000,167,16.783,,,,,300,0.5,6,6,-5.0,5.0,5ee1241,2026-07-24T13:08:24,1.0,300600,,,,,,DTSA-core,N=D,C3,1525,0,0,True
ta14,20,15,300,DTSA,3,1525,300900,300000,167,16.783,,,,,300,0.5,6,6,-5.0,5.0,5ee1241,2026-07-24T13:08:24,1.0,300600,,,,,,DTSA+LS,N=D,C3,1525,7,0,True
ta14,20,15,300,DTSA,4,1561,300900,300000,167,16.647,,,,,300,0.5,6,6,-5.0,5.0,5ee1241,2026-07-24T13:08:24,1.0,300600,,,,,,DTSA-core,N=D,C3,1561,0,0,True
ta14,20,15,300,DTSA,4,1561,300900,300000,167,16.647,,,,,300,0.5,6,6,-5.0,5.0,5ee1241,2026-07-24T13:08:24,1.0,300600,,,,,,DTSA+LS,N=D,C3,1561,5,0,True
ta14,20,15,300,DTSA,5,1618,300900,300000,167,16.787,,,,,300,0.5,6,6,-5.0,5.0,5ee1241,2026-07-24T13:08:24,1.0,300600,,,,,,DTSA-core,N=D,C3,1618,0,0,True
ta14,20,15,300,DTSA,5,1618,300900,300000,167,16.787,,,,,300,0.5,6,6,-5.0,5.0,5ee1241,2026-07-24T13:08:24,1.0,300600,,,,,,DTSA+LS,N=D,C3,1618,7,0,True
ta14,20,15,300,DTSA,6,1571,300900,300000,167,16.684,,,,,300,0.5,6,6,-5.0,5.0,5ee1241,2026-07-24T13:08:41,1.0,300600,,,,,,DTSA-core,N=D,C3,1571,0,0,True
ta14,20,15,300,DTSA,6,1571,300900,300000,167,16.684,,,,,300,0.5,6,6,-5.0,5.0,5ee1241,2026-07-24T13:08:41,1.0,300600,,,,,,DTSA+LS,N=D,C3,1571,8,0,True
ta14,20,15,300,DTSA,7,1498,300900,300000,167,16.739,,,,,300,0.5,6,6,-5.0,5.0,5ee1241,2026-07-24T13:08:41,1.0,300600,,,,,,DTSA-core,N=D,C3,1498,0,0,True
ta14,20,15,300,DTSA,7,1498,300900,300000,167,16.739,,,,,300,0.5,6,6,-5.0,5.0,5ee1241,2026-07-24T13:08:41,1.0,300600,,,,,,DTSA+LS,N=D,C3,1498,8,0,True
ta14,20,15,300,DTSA,8,1556,300900,300000,167,16.746,,,,,300,0.5,6,6,-5.0,5.0,5ee1241,2026-07-24T13:08:41,1.0,300600,,,,,,DTSA-core,N=D,C3,1556,0,0,True
ta14,20,15,300,DTSA,8,1556,300900,300000,167,16.746,,,,,300,0.5,6,6,-5.0,5.0,5ee1241,2026-07-24T13:08:41,1.0,300600,,,,,,DTSA+LS,N=D,C3,1556,6,0,True
ta14,20,15,300,DTSA,9,1534,300900,300000,167,16.788,,,,,300,0.5,6,6,-5.0,5.0,5ee1241,2026-07-24T13:08:41,1.0,300600,,,,,,DTSA-core,N=D,C3,1534,0,0,True
ta14,20,15,300,DTSA,9,1534,300900,300000,167,16.788,,,,,300,0.5,6,6,-5.0,5.0,5ee1241,2026-07-24T13:08:41,1.0,300600,,,,,,DTSA+LS,N=D,C3,1534,14,0,True
ta14,20,15,300,DTSA,10,1571,300900,300000,167,16.773,,,,,300,0.5,6,6,-5.0,5.0,5ee1241,2026-07-24T13:08:41,1.0,300600,,,,,,DTSA-core,N=D,C3,1571,0,0,True
ta14,20,15,300,DTSA,10,1571,300900,300000,167,16.773,,,,,300,0.5,6,6,-5.0,5.0,5ee1241,2026-07-24T13:08:41,1.0,300600,,,,,,DTSA+LS,N=D,C3,1571,6,0,True
ta14,20,15,300,DTSA,11,1486,300900,300000,167,16.827,,,,,300,0.5,6,6,-5.0,5.0,5ee1241,2026-07-24T13:08:41,1.0,300600,,,,,,DTSA-core,N=D,C3,1486,0,0,True
ta14,20,15,300,DTSA,11,1486,300900,300000,167,16.827,,,,,300,0.5,6,6,-5.0,5.0,5ee1241,2026-07-24T13:08:41,1.0,300600,,,,,,DTSA+LS,N=D,C3,1486,6,0,True
ta14,20,15,300,DTSA,12,1507,300900,300000,167,16.717,,,,,300,0.5,6,6,-5.0,5.0,5ee1241,2026-07-24T13:08:58,1.0,300600,,,,,,DTSA-core,N=D,C3,1507,0,0,True
ta14,20,15,300,DTSA,12,1507,300900,300000,167,16.717,,,,,300,0.5,6,6,-5.0,5.0,5ee1241,2026-07-24T13:08:58,1.0,300600,,,,,,DTSA+LS,N=D,C3,1507,8,0,True
ta14,20,15,300,DTSA,13,1551,300900,300000,167,16.253,,,,,300,0.5,6,6,-5.0,5.0,5ee1241,2026-07-24T13:08:57,1.0,300600,,,,,,DTSA-core,N=D,C3,1551,0,0,True
ta14,20,15,300,DTSA,13,1551,300900,300000,167,16.253,,,,,300,0.5,6,6,-5.0,5.0,5ee1241,2026-07-24T13:08:57,1.0,300600,,,,,,DTSA+LS,N=D,C3,1551,5,0,True
ta14,20,15,300,DTSA,14,1516,300900,300000,167,16.813,,,,,300,0.5,6,6,-5.0,5.0,5ee1241,2026-07-24T13:08:58,1.0,300600,,,,,,DTSA-core,N=D,C3,1516,0,0,True
ta14,20,15,300,DTSA,14,1516,300900,300000,167,16.813,,,,,300,0.5,6,6,-5.0,5.0,5ee1241,2026-07-24T13:08:58,1.0,300600,,,,,,DTSA+LS,N=D,C3,1516,8,0,True
ta14,20,15,300,DTSA,15,1583,300900,300000,167,16.826,,,,,300,0.5,6,6,-5.0,5.0,5ee1241,2026-07-24T13:08:58,1.0,300600,,,,,,DTSA-core,N=D,C3,1583,0,0,True
ta14,20,15,300,DTSA,15,1583,300900,300000,167,16.826,,,,,300,0.5,6,6,-5.0,5.0,5ee1241,2026-07-24T13:08:58,1.0,300600,,,,,,DTSA+LS,N=D,C3,1583,7,0,True
ta14,20,15,300,DTSA,16,1597,300900,300000,167,16.805,,,,,300,0.5,6,6,-5.0,5.0,5ee1241,2026-07-24T13:08:58,1.0,300600,,,,,,DTSA-core,N=D,C3,1597,0,0,True
ta14,20,15,300,DTSA,16,1597,300900,300000,167,16.805,,,,,300,0.5,6,6,-5.0,5.0,5ee1241,2026-07-24T13:08:58,1.0,300600,,,,,,DTSA+LS,N=D,C3,1597,10,0,True
ta14,20,15,300,DTSA,17,1584,300900,300000,167,16.765,,,,,300,0.5,6,6,-5.0,5.0,5ee1241,2026-07-24T13:08:58,1.0,300600,,,,,,DTSA-core,N=D,C3,1584,0,0,True
ta14,20,15,300,DTSA,17,1584,300900,300000,167,16.765,,,,,300,0.5,6,6,-5.0,5.0,5ee1241,2026-07-24T13:08:58,1.0,300600,,,,,,DTSA+LS,N=D,C3,1584,6,0,True
ta14,20,15,300,DTSA,18,1559,300900,300000,167,16.414,,,,,300,0.5,6,6,-5.0,5.0,5ee1241,2026-07-24T13:09:14,1.0,300600,,,,,,DTSA-core,N=D,C3,1559,0,0,True
ta14,20,15,300,DTSA,18,1559,300900,300000,167,16.414,,,,,300,0.5,6,6,-5.0,5.0,5ee1241,2026-07-24T13:09:14,1.0,300600,,,,,,DTSA+LS,N=D,C3,1559,10,0,True
ta14,20,15,300,DTSA,19,1555,300900,300000,167,15.794,,,,,300,0.5,6,6,-5.0,5.0,5ee1241,2026-07-24T13:09:13,1.0,300600,,,,,,DTSA-core,N=D,C3,1555,0,0,True
ta14,20,15,300,DTSA,19,1555,300900,300000,167,15.794,,,,,300,0.5,6,6,-5.0,5.0,5ee1241,2026-07-24T13:09:13,1.0,300600,,,,,,DTSA+LS,N=D,C3,1555,7,0,True
ta15,20,15,300,DTSA,0,1555,300900,300000,167,17.207,,,,,300,0.5,6,6,-5.0,5.0,5ee1241,2026-07-24T13:09:31,1.0,300600,,,,,,DTSA-core,N=D,C3,1555,0,0,True
ta15,20,15,300,DTSA,0,1555,300900,300000,167,17.207,,,,,300,0.5,6,6,-5.0,5.0,5ee1241,2026-07-24T13:09:31,1.0,300600,,,,,,DTSA+LS,N=D,C3,1555,10,0,True
ta15,20,15,300,DTSA,1,1617,300900,300000,167,16.803,,,,,300,0.5,6,6,-5.0,5.0,5ee1241,2026-07-24T13:09:31,1.0,300600,,,,,,DTSA-core,N=D,C3,1617,0,0,True
ta15,20,15,300,DTSA,1,1617,300900,300000,167,16.803,,,,,300,0.5,6,6,-5.0,5.0,5ee1241,2026-07-24T13:09:31,1.0,300600,,,,,,DTSA+LS,N=D,C3,1617,8,0,True
ta15,20,15,300,DTSA,2,1601,300900,300000,167,16.745,,,,,300,0.5,6,6,-5.0,5.0,5ee1241,2026-07-24T13:09:31,1.0,300600,,,,,,DTSA-core,N=D,C3,1601,0,0,True
ta15,20,15,300,DTSA,2,1601,300900,300000,167,16.745,,,,,300,0.5,6,6,-5.0,5.0,5ee1241,2026-07-24T13:09:31,1.0,300600,,,,,,DTSA+LS,N=D,C3,1601,7,0,True
ta15,20,15,300,DTSA,3,1596,300900,300000,167,17.265,,,,,300,0.5,6,6,-5.0,5.0,5ee1241,2026-07-24T13:09:31,1.0,300600,,,,,,DTSA-core,N=D,C3,1596,0,0,True
ta15,20,15,300,DTSA,3,1596,300900,300000,167,17.265,,,,,300,0.5,6,6,-5.0,5.0,5ee1241,2026-07-24T13:09:31,1.0,300600,,,,,,DTSA+LS,N=D,C3,1596,12,0,True
ta15,20,15,300,DTSA,4,1548,300900,300000,167,16.807,,,,,300,0.5,6,6,-5.0,5.0,5ee1241,2026-07-24T13:09:31,1.0,300600,,,,,,DTSA-core,N=D,C3,1548,0,0,True
ta15,20,15,300,DTSA,4,1548,300900,300000,167,16.807,,,,,300,0.5,6,6,-5.0,5.0,5ee1241,2026-07-24T13:09:31,1.0,300600,,,,,,DTSA+LS,N=D,C3,1548,6,0,True
ta15,20,15,300,DTSA,5,1607,300900,300000,167,17.065,,,,,300,0.5,6,6,-5.0,5.0,5ee1241,2026-07-24T13:09:31,1.0,300600,,,,,,DTSA-core,N=D,C3,1607,0,0,True
ta15,20,15,300,DTSA,5,1607,300900,300000,167,17.065,,,,,300,0.5,6,6,-5.0,5.0,5ee1241,2026-07-24T13:09:31,1.0,300600,,,,,,DTSA+LS,N=D,C3,1607,6,0,True
ta15,20,15,300,DTSA,6,1657,300900,300000,167,17.04,,,,,300,0.5,6,6,-5.0,5.0,5ee1241,2026-07-24T13:09:48,1.0,300600,,,,,,DTSA-core,N=D,C3,1657,0,0,True
ta15,20,15,300,DTSA,6,1657,300900,300000,167,17.04,,,,,300,0.5,6,6,-5.0,5.0,5ee1241,2026-07-24T13:09:48,1.0,300600,,,,,,DTSA+LS,N=D,C3,1657,9,0,True
ta15,20,15,300,DTSA,7,1583,300900,300000,167,16.728,,,,,300,0.5,6,6,-5.0,5.0,5ee1241,2026-07-24T13:09:47,1.0,300600,,,,,,DTSA-core,N=D,C3,1583,0,0,True
ta15,20,15,300,DTSA,7,1583,300900,300000,167,16.728,,,,,300,0.5,6,6,-5.0,5.0,5ee1241,2026-07-24T13:09:47,1.0,300600,,,,,,DTSA+LS,N=D,C3,1583,6,0,True
ta15,20,15,300,DTSA,8,1627,300900,300000,167,16.925,,,,,300,0.5,6,6,-5.0,5.0,5ee1241,2026-07-24T13:09:48,1.0,300600,,,,,,DTSA-core,N=D,C3,1627,0,0,True
ta15,20,15,300,DTSA,8,1627,300900,300000,167,16.925,,,,,300,0.5,6,6,-5.0,5.0,5ee1241,2026-07-24T13:09:48,1.0,300600,,,,,,DTSA+LS,N=D,C3,1627,8,0,True
ta15,20,15,300,DTSA,9,1626,300900,300000,167,17.001,,,,,300,0.5,6,6,-5.0,5.0,5ee1241,2026-07-24T13:09:48,1.0,300600,,,,,,DTSA-core,N=D,C3,1626,0,0,True
ta15,20,15,300,DTSA,9,1626,300900,300000,167,17.001,,,,,300,0.5,6,6,-5.0,5.0,5ee1241,2026-07-24T13:09:48,1.0,300600,,,,,,DTSA+LS,N=D,C3,1626,6,0,True
ta15,20,15,300,DTSA,10,1612,300900,300000,167,17.08,,,,,300,0.5,6,6,-5.0,5.0,5ee1241,2026-07-24T13:09:48,1.0,300600,,,,,,DTSA-core,N=D,C3,1612,0,0,True
ta15,20,15,300,DTSA,10,1612,300900,300000,167,17.08,,,,,300,0.5,6,6,-5.0,5.0,5ee1241,2026-07-24T13:09:48,1.0,300600,,,,,,DTSA+LS,N=D,C3,1612,13,0,True
ta15,20,15,300,DTSA,11,1567,300900,300000,167,16.691,,,,,300,0.5,6,6,-5.0,5.0,5ee1241,2026-07-24T13:09:48,1.0,300600,,,,,,DTSA-core,N=D,C3,1567,0,0,True
ta15,20,15,300,DTSA,11,1567,300900,300000,167,16.691,,,,,300,0.5,6,6,-5.0,5.0,5ee1241,2026-07-24T13:09:48,1.0,300600,,,,,,DTSA+LS,N=D,C3,1567,6,0,True
ta15,20,15,300,DTSA,12,1599,300900,300000,167,16.97,,,,,300,0.5,6,6,-5.0,5.0,5ee1241,2026-07-24T13:10:04,1.0,300600,,,,,,DTSA-core,N=D,C3,1599,0,0,True
ta15,20,15,300,DTSA,12,1599,300900,300000,167,16.97,,,,,300,0.5,6,6,-5.0,5.0,5ee1241,2026-07-24T13:10:04,1.0,300600,,,,,,DTSA+LS,N=D,C3,1599,10,0,True
ta15,20,15,300,DTSA,13,1546,300900,300000,167,16.419,,,,,300,0.5,6,6,-5.0,5.0,5ee1241,2026-07-24T13:10:04,1.0,300600,,,,,,DTSA-core,N=D,C3,1546,0,0,True
ta15,20,15,300,DTSA,13,1546,300900,300000,167,16.419,,,,,300,0.5,6,6,-5.0,5.0,5ee1241,2026-07-24T13:10:04,1.0,300600,,,,,,DTSA+LS,N=D,C3,1546,6,0,True
ta15,20,15,300,DTSA,14,1661,300900,300000,167,17.025,,,,,300,0.5,6,6,-5.0,5.0,5ee1241,2026-07-24T13:10:05,1.0,300600,,,,,,DTSA-core,N=D,C3,1661,0,0,True
ta15,20,15,300,DTSA,14,1653,300900,300000,167,17.025,,,,,300,0.5,6,6,-5.0,5.0,5ee1241,2026-07-24T13:10:05,1.0,300600,,,,,,DTSA+LS,N=D,C3,1661,10,1,True
ta15,20,15,300,DTSA,15,1535,300900,300000,167,17.025,,,,,300,0.5,6,6,-5.0,5.0,5ee1241,2026-07-24T13:10:05,1.0,300600,,,,,,DTSA-core,N=D,C3,1535,0,0,True
ta15,20,15,300,DTSA,15,1535,300900,300000,167,17.025,,,,,300,0.5,6,6,-5.0,5.0,5ee1241,2026-07-24T13:10:05,1.0,300600,,,,,,DTSA+LS,N=D,C3,1535,9,0,True
ta15,20,15,300,DTSA,16,1546,300900,300000,167,16.569,,,,,300,0.5,6,6,-5.0,5.0,5ee1241,2026-07-24T13:10:05,1.0,300600,,,,,,DTSA-core,N=D,C3,1546,0,0,True
ta15,20,15,300,DTSA,16,1546,300900,300000,167,16.569,,,,,300,0.5,6,6,-5.0,5.0,5ee1241,2026-07-24T13:10:05,1.0,300600,,,,,,DTSA+LS,N=D,C3,1546,9,0,True
ta15,20,15,300,DTSA,17,1622,300900,300000,167,16.874,,,,,300,0.5,6,6,-5.0,5.0,5ee1241,2026-07-24T13:10:05,1.0,300600,,,,,,DTSA-core,N=D,C3,1622,0,0,True
ta15,20,15,300,DTSA,17,1622,300900,300000,167,16.874,,,,,300,0.5,6,6,-5.0,5.0,5ee1241,2026-07-24T13:10:05,1.0,300600,,,,,,DTSA+LS,N=D,C3,1622,10,0,True
ta15,20,15,300,DTSA,18,1533,300900,300000,167,15.447,,,,,300,0.5,6,6,-5.0,5.0,5ee1241,2026-07-24T13:10:20,1.0,300600,,,,,,DTSA-core,N=D,C3,1533,0,0,True
ta15,20,15,300,DTSA,18,1533,300900,300000,167,15.447,,,,,300,0.5,6,6,-5.0,5.0,5ee1241,2026-07-24T13:10:20,1.0,300600,,,,,,DTSA+LS,N=D,C3,1533,10,0,True
ta15,20,15,300,DTSA,19,1574,300900,300000,167,16.163,,,,,300,0.5,6,6,-5.0,5.0,5ee1241,2026-07-24T13:10:21,1.0,300600,,,,,,DTSA-core,N=D,C3,1574,0,0,True
ta15,20,15,300,DTSA,19,1574,300900,300000,167,16.163,,,,,300,0.5,6,6,-5.0,5.0,5ee1241,2026-07-24T13:10:21,1.0,300600,,,,,,DTSA+LS,N=D,C3,1574,7,0,True
ta21,20,20,400,DTSA,0,1929,401200,400000,167,24.148,,,,,400,0.5,6,6,-5.0,5.0,5ee1241,2026-07-24T13:10:45,1.0,400800,,,,,,DTSA-core,N=D,C3,1929,0,0,True
ta21,20,20,400,DTSA,0,1929,401200,400000,167,24.148,,,,,400,0.5,6,6,-5.0,5.0,5ee1241,2026-07-24T13:10:45,1.0,400800,,,,,,DTSA+LS,N=D,C3,1929,9,0,True
ta21,20,20,400,DTSA,1,1923,401200,400000,167,24.325,,,,,400,0.5,6,6,-5.0,5.0,5ee1241,2026-07-24T13:10:45,1.0,400800,,,,,,DTSA-core,N=D,C3,1923,0,0,True
ta21,20,20,400,DTSA,1,1923,401200,400000,167,24.325,,,,,400,0.5,6,6,-5.0,5.0,5ee1241,2026-07-24T13:10:45,1.0,400800,,,,,,DTSA+LS,N=D,C3,1923,10,0,True
ta21,20,20,400,DTSA,2,1884,401200,400000,167,24.215,,,,,400,0.5,6,6,-5.0,5.0,5ee1241,2026-07-24T13:10:45,1.0,400800,,,,,,DTSA-core,N=D,C3,1884,0,0,True
ta21,20,20,400,DTSA,2,1884,401200,400000,167,24.215,,,,,400,0.5,6,6,-5.0,5.0,5ee1241,2026-07-24T13:10:45,1.0,400800,,,,,,DTSA+LS,N=D,C3,1884,9,0,True
ta21,20,20,400,DTSA,3,2000,401200,400000,167,24.292,,,,,400,0.5,6,6,-5.0,5.0,5ee1241,2026-07-24T13:10:45,1.0,400800,,,,,,DTSA-core,N=D,C3,2000,0,0,True
ta21,20,20,400,DTSA,3,2000,401200,400000,167,24.292,,,,,400,0.5,6,6,-5.0,5.0,5ee1241,2026-07-24T13:10:45,1.0,400800,,,,,,DTSA+LS,N=D,C3,2000,10,0,True
ta21,20,20,400,DTSA,4,1918,401200,400000,167,24.234,,,,,400,0.5,6,6,-5.0,5.0,5ee1241,2026-07-24T13:10:45,1.0,400800,,,,,,DTSA-core,N=D,C3,1918,0,0,True
ta21,20,20,400,DTSA,4,1918,401200,400000,167,24.234,,,,,400,0.5,6,6,-5.0,5.0,5ee1241,2026-07-24T13:10:45,1.0,400800,,,,,,DTSA+LS,N=D,C3,1918,5,0,True
ta21,20,20,400,DTSA,5,1927,401200,400000,167,24.478,,,,,400,0.5,6,6,-5.0,5.0,5ee1241,2026-07-24T13:10:45,1.0,400800,,,,,,DTSA-core,N=D,C3,1927,0,0,True
ta21,20,20,400,DTSA,5,1927,401200,400000,167,24.478,,,,,400,0.5,6,6,-5.0,5.0,5ee1241,2026-07-24T13:10:45,1.0,400800,,,,,,DTSA+LS,N=D,C3,1927,10,0,True
ta21,20,20,400,DTSA,6,1912,401200,400000,167,23.968,,,,,400,0.5,6,6,-5.0,5.0,5ee1241,2026-07-24T13:11:09,1.0,400800,,,,,,DTSA-core,N=D,C3,1912,0,0,True
ta21,20,20,400,DTSA,6,1912,401200,400000,167,23.968,,,,,400,0.5,6,6,-5.0,5.0,5ee1241,2026-07-24T13:11:09,1.0,400800,,,,,,DTSA+LS,N=D,C3,1912,9,0,True
ta21,20,20,400,DTSA,7,1871,401200,400000,167,23.928,,,,,400,0.5,6,6,-5.0,5.0,5ee1241,2026-07-24T13:11:09,1.0,400800,,,,,,DTSA-core,N=D,C3,1871,0,0,True
ta21,20,20,400,DTSA,7,1871,401200,400000,167,23.928,,,,,400,0.5,6,6,-5.0,5.0,5ee1241,2026-07-24T13:11:09,1.0,400800,,,,,,DTSA+LS,N=D,C3,1871,10,0,True
ta21,20,20,400,DTSA,8,2006,401200,400000,167,24.004,,,,,400,0.5,6,6,-5.0,5.0,5ee1241,2026-07-24T13:11:09,1.0,400800,,,,,,DTSA-core,N=D,C3,2006,0,0,True
ta21,20,20,400,DTSA,8,2006,401200,400000,167,24.004,,,,,400,0.5,6,6,-5.0,5.0,5ee1241,2026-07-24T13:11:09,1.0,400800,,,,,,DTSA+LS,N=D,C3,2006,10,0,True
ta21,20,20,400,DTSA,9,1957,401200,400000,167,24.241,,,,,400,0.5,6,6,-5.0,5.0,5ee1241,2026-07-24T13:11:09,1.0,400800,,,,,,DTSA-core,N=D,C3,1957,0,0,True
ta21,20,20,400,DTSA,9,1953,401200,400000,167,24.241,,,,,400,0.5,6,6,-5.0,5.0,5ee1241,2026-07-24T13:11:09,1.0,400800,,,,,,DTSA+LS,N=D,C3,1957,14,1,True
ta21,20,20,400,DTSA,10,1913,401200,400000,167,24.103,,,,,400,0.5,6,6,-5.0,5.0,5ee1241,2026-07-24T13:11:09,1.0,400800,,,,,,DTSA-core,N=D,C3,1913,0,0,True
ta21,20,20,400,DTSA,10,1897,401200,400000,167,24.103,,,,,400,0.5,6,6,-5.0,5.0,5ee1241,2026-07-24T13:11:09,1.0,400800,,,,,,DTSA+LS,N=D,C3,1913,19,5,True
ta21,20,20,400,DTSA,11,1955,401200,400000,167,24.328,,,,,400,0.5,6,6,-5.0,5.0,5ee1241,2026-07-24T13:11:09,1.0,400800,,,,,,DTSA-core,N=D,C3,1955,0,0,True
ta21,20,20,400,DTSA,11,1955,401200,400000,167,24.328,,,,,400,0.5,6,6,-5.0,5.0,5ee1241,2026-07-24T13:11:09,1.0,400800,,,,,,DTSA+LS,N=D,C3,1955,10,0,True
ta21,20,20,400,DTSA,12,1899,401200,400000,167,24.147,,,,,400,0.5,6,6,-5.0,5.0,5ee1241,2026-07-24T13:11:33,1.0,400800,,,,,,DTSA-core,N=D,C3,1899,0,0,True
ta21,20,20,400,DTSA,12,1899,401200,400000,167,24.147,,,,,400,0.5,6,6,-5.0,5.0,5ee1241,2026-07-24T13:11:33,1.0,400800,,,,,,DTSA+LS,N=D,C3,1899,8,0,True
ta21,20,20,400,DTSA,13,1895,401200,400000,167,24.186,,,,,400,0.5,6,6,-5.0,5.0,5ee1241,2026-07-24T13:11:33,1.0,400800,,,,,,DTSA-core,N=D,C3,1895,0,0,True
ta21,20,20,400,DTSA,13,1895,401200,400000,167,24.186,,,,,400,0.5,6,6,-5.0,5.0,5ee1241,2026-07-24T13:11:33,1.0,400800,,,,,,DTSA+LS,N=D,C3,1895,9,0,True
ta21,20,20,400,DTSA,14,1906,401200,400000,167,24.262,,,,,400,0.5,6,6,-5.0,5.0,5ee1241,2026-07-24T13:11:33,1.0,400800,,,,,,DTSA-core,N=D,C3,1906,0,0,True
ta21,20,20,400,DTSA,14,1906,401200,400000,167,24.262,,,,,400,0.5,6,6,-5.0,5.0,5ee1241,2026-07-24T13:11:33,1.0,400800,,,,,,DTSA+LS,N=D,C3,1906,10,0,True
ta21,20,20,400,DTSA,15,1904,401200,400000,167,24.358,,,,,400,0.5,6,6,-5.0,5.0,5ee1241,2026-07-24T13:11:33,1.0,400800,,,,,,DTSA-core,N=D,C3,1904,0,0,True
ta21,20,20,400,DTSA,15,1904,401200,400000,167,24.358,,,,,400,0.5,6,6,-5.0,5.0,5ee1241,2026-07-24T13:11:33,1.0,400800,,,,,,DTSA+LS,N=D,C3,1904,8,0,True
ta21,20,20,400,DTSA,16,1892,401200,400000,167,24.427,,,,,400,0.5,6,6,-5.0,5.0,5ee1241,2026-07-24T13:11:34,1.0,400800,,,,,,DTSA-core,N=D,C3,1892,0,0,True
ta21,20,20,400,DTSA,16,1892,401200,400000,167,24.427,,,,,400,0.5,6,6,-5.0,5.0,5ee1241,2026-07-24T13:11:34,1.0,400800,,,,,,DTSA+LS,N=D,C3,1892,6,0,True
ta21,20,20,400,DTSA,17,1912,401200,400000,167,24.518,,,,,400,0.5,6,6,-5.0,5.0,5ee1241,2026-07-24T13:11:34,1.0,400800,,,,,,DTSA-core,N=D,C3,1912,0,0,True
ta21,20,20,400,DTSA,17,1912,401200,400000,167,24.518,,,,,400,0.5,6,6,-5.0,5.0,5ee1241,2026-07-24T13:11:34,1.0,400800,,,,,,DTSA+LS,N=D,C3,1912,7,0,True
ta21,20,20,400,DTSA,18,2027,401200,400000,167,22.675,,,,,400,0.5,6,6,-5.0,5.0,5ee1241,2026-07-24T13:11:56,1.0,400800,,,,,,DTSA-core,N=D,C3,2027,0,0,True
ta21,20,20,400,DTSA,18,2027,401200,400000,167,22.675,,,,,400,0.5,6,6,-5.0,5.0,5ee1241,2026-07-24T13:11:56,1.0,400800,,,,,,DTSA+LS,N=D,C3,2027,9,0,True
ta21,20,20,400,DTSA,19,1938,401200,400000,167,22.888,,,,,400,0.5,6,6,-5.0,5.0,5ee1241,2026-07-24T13:11:56,1.0,400800,,,,,,DTSA-core,N=D,C3,1938,0,0,True
ta21,20,20,400,DTSA,19,1938,401200,400000,167,22.888,,,,,400,0.5,6,6,-5.0,5.0,5ee1241,2026-07-24T13:11:56,1.0,400800,,,,,,DTSA+LS,N=D,C3,1938,10,0,True
ta22,20,20,400,DTSA,0,1859,401200,400000,167,23.902,,,,,400,0.5,6,6,-5.0,5.0,5ee1241,2026-07-24T13:12:20,1.0,400800,,,,,,DTSA-core,N=D,C3,1859,0,0,True
ta22,20,20,400,DTSA,0,1859,401200,400000,167,23.902,,,,,400,0.5,6,6,-5.0,5.0,5ee1241,2026-07-24T13:12:20,1.0,400800,,,,,,DTSA+LS,N=D,C3,1859,6,0,True
ta22,20,20,400,DTSA,1,1798,401200,400000,167,24.322,,,,,400,0.5,6,6,-5.0,5.0,5ee1241,2026-07-24T13:12:20,1.0,400800,,,,,,DTSA-core,N=D,C3,1798,0,0,True
ta22,20,20,400,DTSA,1,1798,401200,400000,167,24.322,,,,,400,0.5,6,6,-5.0,5.0,5ee1241,2026-07-24T13:12:20,1.0,400800,,,,,,DTSA+LS,N=D,C3,1798,5,0,True
ta22,20,20,400,DTSA,2,1832,401200,400000,167,24.156,,,,,400,0.5,6,6,-5.0,5.0,5ee1241,2026-07-24T13:12:20,1.0,400800,,,,,,DTSA-core,N=D,C3,1832,0,0,True
ta22,20,20,400,DTSA,2,1832,401200,400000,167,24.156,,,,,400,0.5,6,6,-5.0,5.0,5ee1241,2026-07-24T13:12:20,1.0,400800,,,,,,DTSA+LS,N=D,C3,1832,10,0,True
ta22,20,20,400,DTSA,3,1868,401200,400000,167,24.172,,,,,400,0.5,6,6,-5.0,5.0,5ee1241,2026-07-24T13:12:20,1.0,400800,,,,,,DTSA-core,N=D,C3,1868,0,0,True
ta22,20,20,400,DTSA,3,1868,401200,400000,167,24.172,,,,,400,0.5,6,6,-5.0,5.0,5ee1241,2026-07-24T13:12:20,1.0,400800,,,,,,DTSA+LS,N=D,C3,1868,12,0,True
ta22,20,20,400,DTSA,4,1863,401200,400000,167,23.728,,,,,400,0.5,6,6,-5.0,5.0,5ee1241,2026-07-24T13:12:20,1.0,400800,,,,,,DTSA-core,N=D,C3,1863,0,0,True
ta22,20,20,400,DTSA,4,1863,401200,400000,167,23.728,,,,,400,0.5,6,6,-5.0,5.0,5ee1241,2026-07-24T13:12:20,1.0,400800,,,,,,DTSA+LS,N=D,C3,1863,5,0,True
ta22,20,20,400,DTSA,5,1820,401200,400000,167,24.131,,,,,400,0.5,6,6,-5.0,5.0,5ee1241,2026-07-24T13:12:20,1.0,400800,,,,,,DTSA-core,N=D,C3,1820,0,0,True
ta22,20,20,400,DTSA,5,1820,401200,400000,167,24.131,,,,,400,0.5,6,6,-5.0,5.0,5ee1241,2026-07-24T13:12:20,1.0,400800,,,,,,DTSA+LS,N=D,C3,1820,7,0,True
ta22,20,20,400,DTSA,6,1809,401200,400000,167,24.009,,,,,400,0.5,6,6,-5.0,5.0,5ee1241,2026-07-24T13:12:44,1.0,400800,,,,,,DTSA-core,N=D,C3,1809,0,0,True
ta22,20,20,400,DTSA,6,1809,401200,400000,167,24.009,,,,,400,0.5,6,6,-5.0,5.0,5ee1241,2026-07-24T13:12:44,1.0,400800,,,,,,DTSA+LS,N=D,C3,1809,10,0,True
ta22,20,20,400,DTSA,7,1883,401200,400000,167,23.986,,,,,400,0.5,6,6,-5.0,5.0,5ee1241,2026-07-24T13:12:44,1.0,400800,,,,,,DTSA-core,N=D,C3,1883,0,0,True
ta22,20,20,400,DTSA,7,1883,401200,400000,167,23.986,,,,,400,0.5,6,6,-5.0,5.0,5ee1241,2026-07-24T13:12:44,1.0,400800,,,,,,DTSA+LS,N=D,C3,1883,6,0,True
ta22,20,20,400,DTSA,8,1835,401200,400000,167,24.146,,,,,400,0.5,6,6,-5.0,5.0,5ee1241,2026-07-24T13:12:44,1.0,400800,,,,,,DTSA-core,N=D,C3,1835,0,0,True
ta22,20,20,400,DTSA,8,1835,401200,400000,167,24.146,,,,,400,0.5,6,6,-5.0,5.0,5ee1241,2026-07-24T13:12:44,1.0,400800,,,,,,DTSA+LS,N=D,C3,1835,8,0,True
ta22,20,20,400,DTSA,9,1862,401200,400000,167,23.931,,,,,400,0.5,6,6,-5.0,5.0,5ee1241,2026-07-24T13:12:44,1.0,400800,,,,,,DTSA-core,N=D,C3,1862,0,0,True
ta22,20,20,400,DTSA,9,1862,401200,400000,167,23.931,,,,,400,0.5,6,6,-5.0,5.0,5ee1241,2026-07-24T13:12:44,1.0,400800,,,,,,DTSA+LS,N=D,C3,1862,7,0,True
ta22,20,20,400,DTSA,10,1834,401200,400000,167,24.458,,,,,400,0.5,6,6,-5.0,5.0,5ee1241,2026-07-24T13:12:45,1.0,400800,,,,,,DTSA-core,N=D,C3,1834,0,0,True
ta22,20,20,400,DTSA,10,1834,401200,400000,167,24.458,,,,,400,0.5,6,6,-5.0,5.0,5ee1241,2026-07-24T13:12:45,1.0,400800,,,,,,DTSA+LS,N=D,C3,1834,8,0,True
ta22,20,20,400,DTSA,11,1842,401200,400000,167,24.204,,,,,400,0.5,6,6,-5.0,5.0,5ee1241,2026-07-24T13:12:45,1.0,400800,,,,,,DTSA-core,N=D,C3,1842,0,0,True
ta22,20,20,400,DTSA,11,1842,401200,400000,167,24.204,,,,,400,0.5,6,6,-5.0,5.0,5ee1241,2026-07-24T13:12:45,1.0,400800,,,,,,DTSA+LS,N=D,C3,1842,10,0,True
ta22,20,20,400,DTSA,12,1853,401200,400000,167,24.032,,,,,400,0.5,6,6,-5.0,5.0,5ee1241,2026-07-24T13:13:08,1.0,400800,,,,,,DTSA-core,N=D,C3,1853,0,0,True
ta22,20,20,400,DTSA,12,1853,401200,400000,167,24.032,,,,,400,0.5,6,6,-5.0,5.0,5ee1241,2026-07-24T13:13:08,1.0,400800,,,,,,DTSA+LS,N=D,C3,1853,10,0,True
ta22,20,20,400,DTSA,13,1802,401200,400000,167,24.034,,,,,400,0.5,6,6,-5.0,5.0,5ee1241,2026-07-24T13:13:08,1.0,400800,,,,,,DTSA-core,N=D,C3,1802,0,0,True
ta22,20,20,400,DTSA,13,1802,401200,400000,167,24.034,,,,,400,0.5,6,6,-5.0,5.0,5ee1241,2026-07-24T13:13:08,1.0,400800,,,,,,DTSA+LS,N=D,C3,1802,10,0,True
ta22,20,20,400,DTSA,14,1825,401200,400000,167,24.087,,,,,400,0.5,6,6,-5.0,5.0,5ee1241,2026-07-24T13:13:08,1.0,400800,,,,,,DTSA-core,N=D,C3,1825,0,0,True
ta22,20,20,400,DTSA,14,1825,401200,400000,167,24.087,,,,,400,0.5,6,6,-5.0,5.0,5ee1241,2026-07-24T13:13:08,1.0,400800,,,,,,DTSA+LS,N=D,C3,1825,11,0,True
ta22,20,20,400,DTSA,15,1796,401200,400000,167,24.116,,,,,400,0.5,6,6,-5.0,5.0,5ee1241,2026-07-24T13:13:08,1.0,400800,,,,,,DTSA-core,N=D,C3,1796,0,0,True
ta22,20,20,400,DTSA,15,1796,401200,400000,167,24.116,,,,,400,0.5,6,6,-5.0,5.0,5ee1241,2026-07-24T13:13:08,1.0,400800,,,,,,DTSA+LS,N=D,C3,1796,9,0,True
ta22,20,20,400,DTSA,16,1814,401200,400000,167,24.357,,,,,400,0.5,6,6,-5.0,5.0,5ee1241,2026-07-24T13:13:09,1.0,400800,,,,,,DTSA-core,N=D,C3,1814,0,0,True
ta22,20,20,400,DTSA,16,1814,401200,400000,167,24.357,,,,,400,0.5,6,6,-5.0,5.0,5ee1241,2026-07-24T13:13:09,1.0,400800,,,,,,DTSA+LS,N=D,C3,1814,10,0,True
ta22,20,20,400,DTSA,17,1879,401200,400000,167,24.267,,,,,400,0.5,6,6,-5.0,5.0,5ee1241,2026-07-24T13:13:09,1.0,400800,,,,,,DTSA-core,N=D,C3,1879,0,0,True
ta22,20,20,400,DTSA,17,1879,401200,400000,167,24.267,,,,,400,0.5,6,6,-5.0,5.0,5ee1241,2026-07-24T13:13:09,1.0,400800,,,,,,DTSA+LS,N=D,C3,1879,9,0,True
ta22,20,20,400,DTSA,18,1814,401200,400000,167,22.519,,,,,400,0.5,6,6,-5.0,5.0,5ee1241,2026-07-24T13:13:30,1.0,400800,,,,,,DTSA-core,N=D,C3,1814,0,0,True
ta22,20,20,400,DTSA,18,1814,401200,400000,167,22.519,,,,,400,0.5,6,6,-5.0,5.0,5ee1241,2026-07-24T13:13:30,1.0,400800,,,,,,DTSA+LS,N=D,C3,1814,5,0,True
ta22,20,20,400,DTSA,19,1884,401200,400000,167,22.771,,,,,400,0.5,6,6,-5.0,5.0,5ee1241,2026-07-24T13:13:31,1.0,400800,,,,,,DTSA-core,N=D,C3,1884,0,0,True
ta22,20,20,400,DTSA,19,1884,401200,400000,167,22.771,,,,,400,0.5,6,6,-5.0,5.0,5ee1241,2026-07-24T13:13:31,1.0,400800,,,,,,DTSA+LS,N=D,C3,1884,10,0,True
ta23,20,20,400,DTSA,0,1867,401200,400000,167,23.784,,,,,400,0.5,6,6,-5.0,5.0,5ee1241,2026-07-24T13:13:55,1.0,400800,,,,,,DTSA-core,N=D,C3,1867,0,0,True
ta23,20,20,400,DTSA,0,1867,401200,400000,167,23.784,,,,,400,0.5,6,6,-5.0,5.0,5ee1241,2026-07-24T13:13:55,1.0,400800,,,,,,DTSA+LS,N=D,C3,1867,12,0,True
ta23,20,20,400,DTSA,1,1794,401200,400000,167,23.768,,,,,400,0.5,6,6,-5.0,5.0,5ee1241,2026-07-24T13:13:55,1.0,400800,,,,,,DTSA-core,N=D,C3,1794,0,0,True
ta23,20,20,400,DTSA,1,1794,401200,400000,167,23.768,,,,,400,0.5,6,6,-5.0,5.0,5ee1241,2026-07-24T13:13:55,1.0,400800,,,,,,DTSA+LS,N=D,C3,1794,12,0,True
ta23,20,20,400,DTSA,2,1812,401200,400000,167,23.961,,,,,400,0.5,6,6,-5.0,5.0,5ee1241,2026-07-24T13:13:55,1.0,400800,,,,,,DTSA-core,N=D,C3,1812,0,0,True
ta23,20,20,400,DTSA,2,1812,401200,400000,167,23.961,,,,,400,0.5,6,6,-5.0,5.0,5ee1241,2026-07-24T13:13:55,1.0,400800,,,,,,DTSA+LS,N=D,C3,1812,9,0,True
ta23,20,20,400,DTSA,3,1780,401200,400000,167,24.033,,,,,400,0.5,6,6,-5.0,5.0,5ee1241,2026-07-24T13:13:55,1.0,400800,,,,,,DTSA-core,N=D,C3,1780,0,0,True
ta23,20,20,400,DTSA,3,1780,401200,400000,167,24.033,,,,,400,0.5,6,6,-5.0,5.0,5ee1241,2026-07-24T13:13:55,1.0,400800,,,,,,DTSA+LS,N=D,C3,1780,7,0,True
ta23,20,20,400,DTSA,4,1826,401200,400000,167,23.783,,,,,400,0.5,6,6,-5.0,5.0,5ee1241,2026-07-24T13:13:55,1.0,400800,,,,,,DTSA-core,N=D,C3,1826,0,0,True
ta23,20,20,400,DTSA,4,1826,401200,400000,167,23.783,,,,,400,0.5,6,6,-5.0,5.0,5ee1241,2026-07-24T13:13:55,1.0,400800,,,,,,DTSA+LS,N=D,C3,1826,10,0,True
ta23,20,20,400,DTSA,5,1786,401200,400000,167,23.749,,,,,400,0.5,6,6,-5.0,5.0,5ee1241,2026-07-24T13:13:55,1.0,400800,,,,,,DTSA-core,N=D,C3,1786,0,0,True
ta23,20,20,400,DTSA,5,1786,401200,400000,167,23.749,,,,,400,0.5,6,6,-5.0,5.0,5ee1241,2026-07-24T13:13:55,1.0,400800,,,,,,DTSA+LS,N=D,C3,1786,5,0,True
ta23,20,20,400,DTSA,6,1838,401200,400000,167,23.884,,,,,400,0.5,6,6,-5.0,5.0,5ee1241,2026-07-24T13:14:19,1.0,400800,,,,,,DTSA-core,N=D,C3,1838,0,0,True
ta23,20,20,400,DTSA,6,1838,401200,400000,167,23.884,,,,,400,0.5,6,6,-5.0,5.0,5ee1241,2026-07-24T13:14:19,1.0,400800,,,,,,DTSA+LS,N=D,C3,1838,5,0,True
ta23,20,20,400,DTSA,7,1778,401200,400000,167,23.878,,,,,400,0.5,6,6,-5.0,5.0,5ee1241,2026-07-24T13:14:19,1.0,400800,,,,,,DTSA-core,N=D,C3,1778,0,0,True
ta23,20,20,400,DTSA,7,1778,401200,400000,167,23.878,,,,,400,0.5,6,6,-5.0,5.0,5ee1241,2026-07-24T13:14:19,1.0,400800,,,,,,DTSA+LS,N=D,C3,1778,9,0,True
ta23,20,20,400,DTSA,8,1758,401200,400000,167,24.017,,,,,400,0.5,6,6,-5.0,5.0,5ee1241,2026-07-24T13:14:19,1.0,400800,,,,,,DTSA-core,N=D,C3,1758,0,0,True
ta23,20,20,400,DTSA,8,1758,401200,400000,167,24.017,,,,,400,0.5,6,6,-5.0,5.0,5ee1241,2026-07-24T13:14:19,1.0,400800,,,,,,DTSA+LS,N=D,C3,1758,10,0,True
ta23,20,20,400,DTSA,9,1772,401200,400000,167,23.692,,,,,400,0.5,6,6,-5.0,5.0,5ee1241,2026-07-24T13:14:18,1.0,400800,,,,,,DTSA-core,N=D,C3,1772,0,0,True
ta23,20,20,400,DTSA,9,1772,401200,400000,167,23.692,,,,,400,0.5,6,6,-5.0,5.0,5ee1241,2026-07-24T13:14:18,1.0,400800,,,,,,DTSA+LS,N=D,C3,1772,7,0,True
ta23,20,20,400,DTSA,10,1822,401200,400000,167,24.046,,,,,400,0.5,6,6,-5.0,5.0,5ee1241,2026-07-24T13:14:19,1.0,400800,,,,,,DTSA-core,N=D,C3,1822,0,0,True
ta23,20,20,400,DTSA,10,1822,401200,400000,167,24.046,,,,,400,0.5,6,6,-5.0,5.0,5ee1241,2026-07-24T13:14:19,1.0,400800,,,,,,DTSA+LS,N=D,C3,1822,14,0,True
ta23,20,20,400,DTSA,11,1838,401200,400000,167,24.074,,,,,400,0.5,6,6,-5.0,5.0,5ee1241,2026-07-24T13:14:19,1.0,400800,,,,,,DTSA-core,N=D,C3,1838,0,0,True
ta23,20,20,400,DTSA,11,1838,401200,400000,167,24.074,,,,,400,0.5,6,6,-5.0,5.0,5ee1241,2026-07-24T13:14:19,1.0,400800,,,,,,DTSA+LS,N=D,C3,1838,12,0,True
ta23,20,20,400,DTSA,12,1856,401200,400000,167,23.797,,,,,400,0.5,6,6,-5.0,5.0,5ee1241,2026-07-24T13:14:42,1.0,400800,,,,,,DTSA-core,N=D,C3,1856,0,0,True
ta23,20,20,400,DTSA,12,1856,401200,400000,167,23.797,,,,,400,0.5,6,6,-5.0,5.0,5ee1241,2026-07-24T13:14:42,1.0,400800,,,,,,DTSA+LS,N=D,C3,1856,13,0,True
ta23,20,20,400,DTSA,13,1831,401200,400000,167,23.865,,,,,400,0.5,6,6,-5.0,5.0,5ee1241,2026-07-24T13:14:42,1.0,400800,,,,,,DTSA-core,N=D,C3,1831,0,0,True
ta23,20,20,400,DTSA,13,1831,401200,400000,167,23.865,,,,,400,0.5,6,6,-5.0,5.0,5ee1241,2026-07-24T13:14:42,1.0,400800,,,,,,DTSA+LS,N=D,C3,1831,11,0,True
ta23,20,20,400,DTSA,14,1728,401200,400000,167,23.835,,,,,400,0.5,6,6,-5.0,5.0,5ee1241,2026-07-24T13:14:42,1.0,400800,,,,,,DTSA-core,N=D,C3,1728,0,0,True
ta23,20,20,400,DTSA,14,1728,401200,400000,167,23.835,,,,,400,0.5,6,6,-5.0,5.0,5ee1241,2026-07-24T13:14:42,1.0,400800,,,,,,DTSA+LS,N=D,C3,1728,10,0,True
ta23,20,20,400,DTSA,15,1763,401200,400000,167,24.023,,,,,400,0.5,6,6,-5.0,5.0,5ee1241,2026-07-24T13:14:43,1.0,400800,,,,,,DTSA-core,N=D,C3,1763,0,0,True
ta23,20,20,400,DTSA,15,1763,401200,400000,167,24.023,,,,,400,0.5,6,6,-5.0,5.0,5ee1241,2026-07-24T13:14:43,1.0,400800,,,,,,DTSA+LS,N=D,C3,1763,10,0,True
ta23,20,20,400,DTSA,16,1800,401200,400000,167,24.019,,,,,400,0.5,6,6,-5.0,5.0,5ee1241,2026-07-24T13:14:43,1.0,400800,,,,,,DTSA-core,N=D,C3,1800,0,0,True
ta23,20,20,400,DTSA,16,1785,401200,400000,167,24.019,,,,,400,0.5,6,6,-5.0,5.0,5ee1241,2026-07-24T13:14:43,1.0,400800,,,,,,DTSA+LS,N=D,C3,1800,23,3,True
ta23,20,20,400,DTSA,17,1822,401200,400000,167,23.828,,,,,400,0.5,6,6,-5.0,5.0,5ee1241,2026-07-24T13:14:43,1.0,400800,,,,,,DTSA-core,N=D,C3,1822,0,0,True
ta23,20,20,400,DTSA,17,1822,401200,400000,167,23.828,,,,,400,0.5,6,6,-5.0,5.0,5ee1241,2026-07-24T13:14:43,1.0,400800,,,,,,DTSA+LS,N=D,C3,1822,7,0,True
ta23,20,20,400,DTSA,18,1823,401200,400000,167,22.433,,,,,400,0.5,6,6,-5.0,5.0,5ee1241,2026-07-24T13:15:05,1.0,400800,,,,,,DTSA-core,N=D,C3,1823,0,0,True
ta23,20,20,400,DTSA,18,1823,401200,400000,167,22.433,,,,,400,0.5,6,6,-5.0,5.0,5ee1241,2026-07-24T13:15:05,1.0,400800,,,,,,DTSA+LS,N=D,C3,1823,8,0,True
ta23,20,20,400,DTSA,19,1797,401200,400000,167,22.539,,,,,400,0.5,6,6,-5.0,5.0,5ee1241,2026-07-24T13:15:05,1.0,400800,,,,,,DTSA-core,N=D,C3,1797,0,0,True
ta23,20,20,400,DTSA,19,1797,401200,400000,167,22.539,,,,,400,0.5,6,6,-5.0,5.0,5ee1241,2026-07-24T13:15:05,1.0,400800,,,,,,DTSA+LS,N=D,C3,1797,8,0,True
ta24,20,20,400,DTSA,0,1916,401200,400000,167,25.326,,,,,400,0.5,6,6,-5.0,5.0,5ee1241,2026-07-24T13:15:30,1.0,400800,,,,,,DTSA-core,N=D,C3,1916,0,0,True
ta24,20,20,400,DTSA,0,1916,401200,400000,167,25.326,,,,,400,0.5,6,6,-5.0,5.0,5ee1241,2026-07-24T13:15:30,1.0,400800,,,,,,DTSA+LS,N=D,C3,1916,8,0,True
ta24,20,20,400,DTSA,1,1889,401200,400000,167,24.207,,,,,400,0.5,6,6,-5.0,5.0,5ee1241,2026-07-24T13:15:29,1.0,400800,,,,,,DTSA-core,N=D,C3,1889,0,0,True
ta24,20,20,400,DTSA,1,1889,401200,400000,167,24.207,,,,,400,0.5,6,6,-5.0,5.0,5ee1241,2026-07-24T13:15:29,1.0,400800,,,,,,DTSA+LS,N=D,C3,1889,9,0,True
ta24,20,20,400,DTSA,2,1801,401200,400000,167,24.509,,,,,400,0.5,6,6,-5.0,5.0,5ee1241,2026-07-24T13:15:30,1.0,400800,,,,,,DTSA-core,N=D,C3,1801,0,0,True
ta24,20,20,400,DTSA,2,1801,401200,400000,167,24.509,,,,,400,0.5,6,6,-5.0,5.0,5ee1241,2026-07-24T13:15:30,1.0,400800,,,,,,DTSA+LS,N=D,C3,1801,8,0,True
ta24,20,20,400,DTSA,3,1932,401200,400000,167,24.22,,,,,400,0.5,6,6,-5.0,5.0,5ee1241,2026-07-24T13:15:29,1.0,400800,,,,,,DTSA-core,N=D,C3,1932,0,0,True
ta24,20,20,400,DTSA,3,1932,401200,400000,167,24.22,,,,,400,0.5,6,6,-5.0,5.0,5ee1241,2026-07-24T13:15:29,1.0,400800,,,,,,DTSA+LS,N=D,C3,1932,8,0,True
ta24,20,20,400,DTSA,4,1941,401200,400000,167,23.844,,,,,400,0.5,6,6,-5.0,5.0,5ee1241,2026-07-24T13:15:29,1.0,400800,,,,,,DTSA-core,N=D,C3,1941,0,0,True
ta24,20,20,400,DTSA,4,1941,401200,400000,167,23.844,,,,,400,0.5,6,6,-5.0,5.0,5ee1241,2026-07-24T13:15:29,1.0,400800,,,,,,DTSA+LS,N=D,C3,1941,7,0,True
ta24,20,20,400,DTSA,5,1966,401200,400000,167,24.185,,,,,400,0.5,6,6,-5.0,5.0,5ee1241,2026-07-24T13:15:29,1.0,400800,,,,,,DTSA-core,N=D,C3,1966,0,0,True
ta24,20,20,400,DTSA,5,1966,401200,400000,167,24.185,,,,,400,0.5,6,6,-5.0,5.0,5ee1241,2026-07-24T13:15:29,1.0,400800,,,,,,DTSA+LS,N=D,C3,1966,11,0,True
ta24,20,20,400,DTSA,6,1927,401200,400000,167,25.131,,,,,400,0.5,6,6,-5.0,5.0,5ee1241,2026-07-24T13:15:54,1.0,400800,,,,,,DTSA-core,N=D,C3,1927,0,0,True
ta24,20,20,400,DTSA,6,1927,401200,400000,167,25.131,,,,,400,0.5,6,6,-5.0,5.0,5ee1241,2026-07-24T13:15:54,1.0,400800,,,,,,DTSA+LS,N=D,C3,1927,6,0,True
ta24,20,20,400,DTSA,7,1863,401200,400000,167,24.149,,,,,400,0.5,6,6,-5.0,5.0,5ee1241,2026-07-24T13:15:53,1.0,400800,,,,,,DTSA-core,N=D,C3,1863,0,0,True
ta24,20,20,400,DTSA,7,1863,401200,400000,167,24.149,,,,,400,0.5,6,6,-5.0,5.0,5ee1241,2026-07-24T13:15:53,1.0,400800,,,,,,DTSA+LS,N=D,C3,1863,6,0,True
ta24,20,20,400,DTSA,8,1889,401200,400000,167,24.589,,,,,400,0.5,6,6,-5.0,5.0,5ee1241,2026-07-24T13:15:54,1.0,400800,,,,,,DTSA-core,N=D,C3,1889,0,0,True
ta24,20,20,400,DTSA,8,1889,401200,400000,167,24.589,,,,,400,0.5,6,6,-5.0,5.0,5ee1241,2026-07-24T13:15:54,1.0,400800,,,,,,DTSA+LS,N=D,C3,1889,8,0,True
ta24,20,20,400,DTSA,9,1939,401200,400000,167,25.492,,,,,400,0.5,6,6,-5.0,5.0,5ee1241,2026-07-24T13:15:55,1.0,400800,,,,,,DTSA-core,N=D,C3,1939,0,0,True
ta24,20,20,400,DTSA,9,1939,401200,400000,167,25.492,,,,,400,0.5,6,6,-5.0,5.0,5ee1241,2026-07-24T13:15:55,1.0,400800,,,,,,DTSA+LS,N=D,C3,1939,8,0,True
ta24,20,20,400,DTSA,10,1939,401200,400000,167,25.603,,,,,400,0.5,6,6,-5.0,5.0,5ee1241,2026-07-24T13:15:55,1.0,400800,,,,,,DTSA-core,N=D,C3,1939,0,0,True
ta24,20,20,400,DTSA,10,1939,401200,400000,167,25.603,,,,,400,0.5,6,6,-5.0,5.0,5ee1241,2026-07-24T13:15:55,1.0,400800,,,,,,DTSA+LS,N=D,C3,1939,7,0,True
ta24,20,20,400,DTSA,11,1964,401200,400000,167,25.408,,,,,400,0.5,6,6,-5.0,5.0,5ee1241,2026-07-24T13:15:56,1.0,400800,,,,,,DTSA-core,N=D,C3,1964,0,0,True
ta24,20,20,400,DTSA,11,1964,401200,400000,167,25.408,,,,,400,0.5,6,6,-5.0,5.0,5ee1241,2026-07-24T13:15:56,1.0,400800,,,,,,DTSA+LS,N=D,C3,1964,5,0,True
ta24,20,20,400,DTSA,12,1851,401200,400000,167,24.745,,,,,400,0.5,6,6,-5.0,5.0,5ee1241,2026-07-24T13:16:18,1.0,400800,,,,,,DTSA-core,N=D,C3,1851,0,0,True
ta24,20,20,400,DTSA,12,1851,401200,400000,167,24.745,,,,,400,0.5,6,6,-5.0,5.0,5ee1241,2026-07-24T13:16:18,1.0,400800,,,,,,DTSA+LS,N=D,C3,1851,8,0,True
ta24,20,20,400,DTSA,13,1819,401200,400000,167,24.756,,,,,400,0.5,6,6,-5.0,5.0,5ee1241,2026-07-24T13:16:19,1.0,400800,,,,,,DTSA-core,N=D,C3,1819,0,0,True
ta24,20,20,400,DTSA,13,1819,401200,400000,167,24.756,,,,,400,0.5,6,6,-5.0,5.0,5ee1241,2026-07-24T13:16:19,1.0,400800,,,,,,DTSA+LS,N=D,C3,1819,5,0,True
ta24,20,20,400,DTSA,14,1880,401200,400000,167,24.356,,,,,400,0.5,6,6,-5.0,5.0,5ee1241,2026-07-24T13:16:18,1.0,400800,,,,,,DTSA-core,N=D,C3,1880,0,0,True
ta24,20,20,400,DTSA,14,1880,401200,400000,167,24.356,,,,,400,0.5,6,6,-5.0,5.0,5ee1241,2026-07-24T13:16:18,1.0,400800,,,,,,DTSA+LS,N=D,C3,1880,6,0,True
ta24,20,20,400,DTSA,15,1909,401200,400000,167,24.64,,,,,400,0.5,6,6,-5.0,5.0,5ee1241,2026-07-24T13:16:19,1.0,400800,,,,,,DTSA-core,N=D,C3,1909,0,0,True
ta24,20,20,400,DTSA,15,1909,401200,400000,167,24.64,,,,,400,0.5,6,6,-5.0,5.0,5ee1241,2026-07-24T13:16:19,1.0,400800,,,,,,DTSA+LS,N=D,C3,1909,9,0,True
ta24,20,20,400,DTSA,16,1865,401200,400000,167,24.862,,,,,400,0.5,6,6,-5.0,5.0,5ee1241,2026-07-24T13:16:20,1.0,400800,,,,,,DTSA-core,N=D,C3,1865,0,0,True
ta24,20,20,400,DTSA,16,1865,401200,400000,167,24.862,,,,,400,0.5,6,6,-5.0,5.0,5ee1241,2026-07-24T13:16:20,1.0,400800,,,,,,DTSA+LS,N=D,C3,1865,8,0,True
ta24,20,20,400,DTSA,17,1866,401200,400000,167,25.624,,,,,400,0.5,6,6,-5.0,5.0,5ee1241,2026-07-24T13:16:21,1.0,400800,,,,,,DTSA-core,N=D,C3,1866,0,0,True
ta24,20,20,400,DTSA,17,1866,401200,400000,167,25.624,,,,,400,0.5,6,6,-5.0,5.0,5ee1241,2026-07-24T13:16:21,1.0,400800,,,,,,DTSA+LS,N=D,C3,1866,8,0,True
ta24,20,20,400,DTSA,18,1874,401200,400000,167,19.95,,,,,400,0.5,6,6,-5.0,5.0,5ee1241,2026-07-24T13:16:38,1.0,400800,,,,,,DTSA-core,N=D,C3,1874,0,0,True
ta24,20,20,400,DTSA,18,1874,401200,400000,167,19.95,,,,,400,0.5,6,6,-5.0,5.0,5ee1241,2026-07-24T13:16:38,1.0,400800,,,,,,DTSA+LS,N=D,C3,1874,6,0,True
ta24,20,20,400,DTSA,19,1821,401200,400000,167,19.728,,,,,400,0.5,6,6,-5.0,5.0,5ee1241,2026-07-24T13:16:38,1.0,400800,,,,,,DTSA-core,N=D,C3,1821,0,0,True
ta24,20,20,400,DTSA,19,1821,401200,400000,167,19.728,,,,,400,0.5,6,6,-5.0,5.0,5ee1241,2026-07-24T13:16:38,1.0,400800,,,,,,DTSA+LS,N=D,C3,1821,4,0,True
ta25,20,20,400,DTSA,0,1819,401200,400000,167,27.827,,,,,400,0.5,6,6,-5.0,5.0,5ee1241,2026-07-24T13:17:06,1.0,400800,,,,,,DTSA-core,N=D,C3,1819,0,0,True
ta25,20,20,400,DTSA,0,1819,401200,400000,167,27.827,,,,,400,0.5,6,6,-5.0,5.0,5ee1241,2026-07-24T13:17:06,1.0,400800,,,,,,DTSA+LS,N=D,C3,1819,9,0,True
ta25,20,20,400,DTSA,1,1825,401200,400000,167,27.798,,,,,400,0.5,6,6,-5.0,5.0,5ee1241,2026-07-24T13:17:06,1.0,400800,,,,,,DTSA-core,N=D,C3,1825,0,0,True
ta25,20,20,400,DTSA,1,1825,401200,400000,167,27.798,,,,,400,0.5,6,6,-5.0,5.0,5ee1241,2026-07-24T13:17:06,1.0,400800,,,,,,DTSA+LS,N=D,C3,1825,11,0,True
ta25,20,20,400,DTSA,2,1893,401200,400000,167,27.761,,,,,400,0.5,6,6,-5.0,5.0,5ee1241,2026-07-24T13:17:06,1.0,400800,,,,,,DTSA-core,N=D,C3,1893,0,0,True
ta25,20,20,400,DTSA,2,1893,401200,400000,167,27.761,,,,,400,0.5,6,6,-5.0,5.0,5ee1241,2026-07-24T13:17:06,1.0,400800,,,,,,DTSA+LS,N=D,C3,1893,12,0,True
ta25,20,20,400,DTSA,3,1884,401200,400000,167,28.741,,,,,400,0.5,6,6,-5.0,5.0,5ee1241,2026-07-24T13:17:07,1.0,400800,,,,,,DTSA-core,N=D,C3,1884,0,0,True
ta25,20,20,400,DTSA,3,1884,401200,400000,167,28.741,,,,,400,0.5,6,6,-5.0,5.0,5ee1241,2026-07-24T13:17:07,1.0,400800,,,,,,DTSA+LS,N=D,C3,1884,9,0,True
ta25,20,20,400,DTSA,4,1821,401200,400000,167,27.751,,,,,400,0.5,6,6,-5.0,5.0,5ee1241,2026-07-24T13:17:06,1.0,400800,,,,,,DTSA-core,N=D,C3,1821,0,0,True
ta25,20,20,400,DTSA,4,1821,401200,400000,167,27.751,,,,,400,0.5,6,6,-5.0,5.0,5ee1241,2026-07-24T13:17:06,1.0,400800,,,,,,DTSA+LS,N=D,C3,1821,7,0,True
ta25,20,20,400,DTSA,5,1841,401200,400000,167,27.373,,,,,400,0.5,6,6,-5.0,5.0,5ee1241,2026-07-24T13:17:06,1.0,400800,,,,,,DTSA-core,N=D,C3,1841,0,0,True
ta25,20,20,400,DTSA,5,1841,401200,400000,167,27.373,,,,,400,0.5,6,6,-5.0,5.0,5ee1241,2026-07-24T13:17:06,1.0,400800,,,,,,DTSA+LS,N=D,C3,1841,10,0,True
ta25,20,20,400,DTSA,6,1825,401200,400000,167,24.79,,,,,400,0.5,6,6,-5.0,5.0,5ee1241,2026-07-24T13:17:30,1.0,400800,,,,,,DTSA-core,N=D,C3,1825,0,0,True
ta25,20,20,400,DTSA,6,1825,401200,400000,167,24.79,,,,,400,0.5,6,6,-5.0,5.0,5ee1241,2026-07-24T13:17:30,1.0,400800,,,,,,DTSA+LS,N=D,C3,1825,7,0,True
ta25,20,20,400,DTSA,7,2071,401200,400000,167,25.685,,,,,400,0.5,6,6,-5.0,5.0,5ee1241,2026-07-24T13:17:32,1.0,400800,,,,,,DTSA-core,N=D,C3,2071,0,0,True
ta25,20,20,400,DTSA,7,2071,401200,400000,167,25.685,,,,,400,0.5,6,6,-5.0,5.0,5ee1241,2026-07-24T13:17:32,1.0,400800,,,,,,DTSA+LS,N=D,C3,2071,6,0,True
ta25,20,20,400,DTSA,8,1935,401200,400000,167,26.044,,,,,400,0.5,6,6,-5.0,5.0,5ee1241,2026-07-24T13:17:32,1.0,400800,,,,,,DTSA-core,N=D,C3,1935,0,0,True
ta25,20,20,400,DTSA,8,1935,401200,400000,167,26.044,,,,,400,0.5,6,6,-5.0,5.0,5ee1241,2026-07-24T13:17:32,1.0,400800,,,,,,DTSA+LS,N=D,C3,1935,11,0,True
ta25,20,20,400,DTSA,9,1801,401200,400000,167,25.103,,,,,400,0.5,6,6,-5.0,5.0,5ee1241,2026-07-24T13:17:31,1.0,400800,,,,,,DTSA-core,N=D,C3,1801,0,0,True
ta25,20,20,400,DTSA,9,1801,401200,400000,167,25.103,,,,,400,0.5,6,6,-5.0,5.0,5ee1241,2026-07-24T13:17:31,1.0,400800,,,,,,DTSA+LS,N=D,C3,1801,8,0,True
ta25,20,20,400,DTSA,10,2031,401200,400000,167,25.955,,,,,400,0.5,6,6,-5.0,5.0,5ee1241,2026-07-24T13:17:32,1.0,400800,,,,,,DTSA-core,N=D,C3,2031,0,0,True
ta25,20,20,400,DTSA,10,2031,401200,400000,167,25.955,,,,,400,0.5,6,6,-5.0,5.0,5ee1241,2026-07-24T13:17:32,1.0,400800,,,,,,DTSA+LS,N=D,C3,2031,9,0,True
ta25,20,20,400,DTSA,11,1886,401200,400000,167,24.739,,,,,400,0.5,6,6,-5.0,5.0,5ee1241,2026-07-24T13:17:32,1.0,400800,,,,,,DTSA-core,N=D,C3,1886,0,0,True
ta25,20,20,400,DTSA,11,1886,401200,400000,167,24.739,,,,,400,0.5,6,6,-5.0,5.0,5ee1241,2026-07-24T13:17:32,1.0,400800,,,,,,DTSA+LS,N=D,C3,1886,8,0,True
ta25,20,20,400,DTSA,12,1909,401200,400000,167,25.648,,,,,400,0.5,6,6,-5.0,5.0,5ee1241,2026-07-24T13:17:56,1.0,400800,,,,,,DTSA-core,N=D,C3,1909,0,0,True
ta25,20,20,400,DTSA,12,1909,401200,400000,167,25.648,,,,,400,0.5,6,6,-5.0,5.0,5ee1241,2026-07-24T13:17:56,1.0,400800,,,,,,DTSA+LS,N=D,C3,1909,10,0,True
ta25,20,20,400,DTSA,13,1968,401200,400000,167,25.786,,,,,400,0.5,6,6,-5.0,5.0,5ee1241,2026-07-24T13:17:57,1.0,400800,,,,,,DTSA-core,N=D,C3,1968,0,0,True
ta25,20,20,400,DTSA,13,1968,401200,400000,167,25.786,,,,,400,0.5,6,6,-5.0,5.0,5ee1241,2026-07-24T13:17:57,1.0,400800,,,,,,DTSA+LS,N=D,C3,1968,7,0,True
ta25,20,20,400,DTSA,14,1857,401200,400000,167,25.927,,,,,400,0.5,6,6,-5.0,5.0,5ee1241,2026-07-24T13:17:58,1.0,400800,,,,,,DTSA-core,N=D,C3,1857,0,0,True
ta25,20,20,400,DTSA,14,1845,401200,400000,167,25.927,,,,,400,0.5,6,6,-5.0,5.0,5ee1241,2026-07-24T13:17:58,1.0,400800,,,,,,DTSA+LS,N=D,C3,1857,46,4,True
ta25,20,20,400,DTSA,15,1866,401200,400000,167,25.823,,,,,400,0.5,6,6,-5.0,5.0,5ee1241,2026-07-24T13:17:58,1.0,400800,,,,,,DTSA-core,N=D,C3,1866,0,0,True
ta25,20,20,400,DTSA,15,1866,401200,400000,167,25.823,,,,,400,0.5,6,6,-5.0,5.0,5ee1241,2026-07-24T13:17:58,1.0,400800,,,,,,DTSA+LS,N=D,C3,1866,9,0,True
ta25,20,20,400,DTSA,16,1869,401200,400000,167,25.9,,,,,400,0.5,6,6,-5.0,5.0,5ee1241,2026-07-24T13:17:58,1.0,400800,,,,,,DTSA-core,N=D,C3,1869,0,0,True
ta25,20,20,400,DTSA,16,1869,401200,400000,167,25.9,,,,,400,0.5,6,6,-5.0,5.0,5ee1241,2026-07-24T13:17:58,1.0,400800,,,,,,DTSA+LS,N=D,C3,1869,8,0,True
ta25,20,20,400,DTSA,17,1893,401200,400000,167,25.917,,,,,400,0.5,6,6,-5.0,5.0,5ee1241,2026-07-24T13:17:58,1.0,400800,,,,,,DTSA-core,N=D,C3,1893,0,0,True
ta25,20,20,400,DTSA,17,1893,401200,400000,167,25.917,,,,,400,0.5,6,6,-5.0,5.0,5ee1241,2026-07-24T13:17:58,1.0,400800,,,,,,DTSA+LS,N=D,C3,1893,13,0,True
ta25,20,20,400,DTSA,18,1804,401200,400000,167,23.064,,,,,400,0.5,6,6,-5.0,5.0,5ee1241,2026-07-24T13:18:19,1.0,400800,,,,,,DTSA-core,N=D,C3,1804,0,0,True
ta25,20,20,400,DTSA,18,1804,401200,400000,167,23.064,,,,,400,0.5,6,6,-5.0,5.0,5ee1241,2026-07-24T13:18:19,1.0,400800,,,,,,DTSA+LS,N=D,C3,1804,9,0,True
ta25,20,20,400,DTSA,19,1892,401200,400000,167,23.592,,,,,400,0.5,6,6,-5.0,5.0,5ee1241,2026-07-24T13:18:21,1.0,400800,,,,,,DTSA-core,N=D,C3,1892,0,0,True
ta25,20,20,400,DTSA,19,1892,401200,400000,167,23.592,,,,,400,0.5,6,6,-5.0,5.0,5ee1241,2026-07-24T13:18:21,1.0,400800,,,,,,DTSA+LS,N=D,C3,1892,8,0,True
ta31,30,15,450,DTSA,0,2141,451350,450000,167,29.572,,,,,450,0.5,6,6,-5.0,5.0,5ee1241,2026-07-24T13:18:50,1.0,450900,,,,,,DTSA-core,N=D,C3,2141,0,0,True
ta31,30,15,450,DTSA,0,2141,451350,450000,167,29.572,,,,,450,0.5,6,6,-5.0,5.0,5ee1241,2026-07-24T13:18:50,1.0,450900,,,,,,DTSA+LS,N=D,C3,2141,11,0,True
ta31,30,15,450,DTSA,1,2094,451350,450000,167,29.009,,,,,450,0.5,6,6,-5.0,5.0,5ee1241,2026-07-24T13:18:50,1.0,450900,,,,,,DTSA-core,N=D,C3,2094,0,0,True
ta31,30,15,450,DTSA,1,2094,451350,450000,167,29.009,,,,,450,0.5,6,6,-5.0,5.0,5ee1241,2026-07-24T13:18:50,1.0,450900,,,,,,DTSA+LS,N=D,C3,2094,4,0,True
ta31,30,15,450,DTSA,2,1983,451350,450000,167,28.646,,,,,450,0.5,6,6,-5.0,5.0,5ee1241,2026-07-24T13:18:49,1.0,450900,,,,,,DTSA-core,N=D,C3,1983,0,0,True
ta31,30,15,450,DTSA,2,1983,451350,450000,167,28.646,,,,,450,0.5,6,6,-5.0,5.0,5ee1241,2026-07-24T13:18:49,1.0,450900,,,,,,DTSA+LS,N=D,C3,1983,9,0,True
ta31,30,15,450,DTSA,3,2113,451350,450000,167,29.872,,,,,450,0.5,6,6,-5.0,5.0,5ee1241,2026-07-24T13:18:51,1.0,450900,,,,,,DTSA-core,N=D,C3,2113,0,0,True
ta31,30,15,450,DTSA,3,2113,451350,450000,167,29.872,,,,,450,0.5,6,6,-5.0,5.0,5ee1241,2026-07-24T13:18:51,1.0,450900,,,,,,DTSA+LS,N=D,C3,2113,6,0,True
ta31,30,15,450,DTSA,4,2266,451350,450000,167,29.933,,,,,450,0.5,6,6,-5.0,5.0,5ee1241,2026-07-24T13:18:51,1.0,450900,,,,,,DTSA-core,N=D,C3,2266,0,0,True
ta31,30,15,450,DTSA,4,2266,451350,450000,167,29.933,,,,,450,0.5,6,6,-5.0,5.0,5ee1241,2026-07-24T13:18:51,1.0,450900,,,,,,DTSA+LS,N=D,C3,2266,4,0,True
ta31,30,15,450,DTSA,5,2150,451350,450000,167,28.723,,,,,450,0.5,6,6,-5.0,5.0,5ee1241,2026-07-24T13:18:49,1.0,450900,,,,,,DTSA-core,N=D,C3,2150,0,0,True
ta31,30,15,450,DTSA,5,2150,451350,450000,167,28.723,,,,,450,0.5,6,6,-5.0,5.0,5ee1241,2026-07-24T13:18:49,1.0,450900,,,,,,DTSA+LS,N=D,C3,2150,7,0,True
ta31,30,15,450,DTSA,6,2096,451350,450000,167,22.634,,,,,450,0.5,6,6,-5.0,5.0,5ee1241,2026-07-24T13:19:12,1.0,450900,,,,,,DTSA-core,N=D,C3,2096,0,0,True
ta31,30,15,450,DTSA,6,2096,451350,450000,167,22.634,,,,,450,0.5,6,6,-5.0,5.0,5ee1241,2026-07-24T13:19:12,1.0,450900,,,,,,DTSA+LS,N=D,C3,2096,4,0,True
ta31,30,15,450,DTSA,7,2098,451350,450000,167,22.53,,,,,450,0.5,6,6,-5.0,5.0,5ee1241,2026-07-24T13:19:12,1.0,450900,,,,,,DTSA-core,N=D,C3,2098,0,0,True
ta31,30,15,450,DTSA,7,2098,451350,450000,167,22.53,,,,,450,0.5,6,6,-5.0,5.0,5ee1241,2026-07-24T13:19:12,1.0,450900,,,,,,DTSA+LS,N=D,C3,2098,6,0,True
ta31,30,15,450,DTSA,8,2126,451350,450000,167,23.105,,,,,450,0.5,6,6,-5.0,5.0,5ee1241,2026-07-24T13:19:13,1.0,450900,,,,,,DTSA-core,N=D,C3,2126,0,0,True
ta31,30,15,450,DTSA,8,2126,451350,450000,167,23.105,,,,,450,0.5,6,6,-5.0,5.0,5ee1241,2026-07-24T13:19:13,1.0,450900,,,,,,DTSA+LS,N=D,C3,2126,7,0,True
ta31,30,15,450,DTSA,9,2198,451350,450000,167,22.731,,,,,450,0.5,6,6,-5.0,5.0,5ee1241,2026-07-24T13:19:13,1.0,450900,,,,,,DTSA-core,N=D,C3,2198,0,0,True
ta31,30,15,450,DTSA,9,2198,451350,450000,167,22.731,,,,,450,0.5,6,6,-5.0,5.0,5ee1241,2026-07-24T13:19:13,1.0,450900,,,,,,DTSA+LS,N=D,C3,2198,4,0,True
ta31,30,15,450,DTSA,10,2168,451350,450000,167,22.537,,,,,450,0.5,6,6,-5.0,5.0,5ee1241,2026-07-24T13:19:13,1.0,450900,,,,,,DTSA-core,N=D,C3,2168,0,0,True
ta31,30,15,450,DTSA,10,2168,451350,450000,167,22.537,,,,,450,0.5,6,6,-5.0,5.0,5ee1241,2026-07-24T13:19:13,1.0,450900,,,,,,DTSA+LS,N=D,C3,2168,17,0,True
ta31,30,15,450,DTSA,11,2101,451350,450000,167,22.035,,,,,450,0.5,6,6,-5.0,5.0,5ee1241,2026-07-24T13:19:13,1.0,450900,,,,,,DTSA-core,N=D,C3,2101,0,0,True
ta31,30,15,450,DTSA,11,2101,451350,450000,167,22.035,,,,,450,0.5,6,6,-5.0,5.0,5ee1241,2026-07-24T13:19:13,1.0,450900,,,,,,DTSA+LS,N=D,C3,2101,5,0,True
ta31,30,15,450,DTSA,12,2081,451350,450000,167,12.518,,,,,450,0.5,6,6,-5.0,5.0,5ee1241,2026-07-24T13:19:25,1.0,450900,,,,,,DTSA-core,N=D,C3,2081,0,0,True
ta31,30,15,450,DTSA,12,2081,451350,450000,167,12.518,,,,,450,0.5,6,6,-5.0,5.0,5ee1241,2026-07-24T13:19:25,1.0,450900,,,,,,DTSA+LS,N=D,C3,2081,6,0,True
ta31,30,15,450,DTSA,13,2052,451350,450000,167,12.261,,,,,450,0.5,6,6,-5.0,5.0,5ee1241,2026-07-24T13:19:24,1.0,450900,,,,,,DTSA-core,N=D,C3,2052,0,0,True
ta31,30,15,450,DTSA,13,2052,451350,450000,167,12.261,,,,,450,0.5,6,6,-5.0,5.0,5ee1241,2026-07-24T13:19:24,1.0,450900,,,,,,DTSA+LS,N=D,C3,2052,16,0,True
ta31,30,15,450,DTSA,14,2088,451350,450000,167,12.422,,,,,450,0.5,6,6,-5.0,5.0,5ee1241,2026-07-24T13:19:25,1.0,450900,,,,,,DTSA-core,N=D,C3,2088,0,0,True
ta31,30,15,450,DTSA,14,2088,451350,450000,167,12.422,,,,,450,0.5,6,6,-5.0,5.0,5ee1241,2026-07-24T13:19:25,1.0,450900,,,,,,DTSA+LS,N=D,C3,2088,4,0,True
ta31,30,15,450,DTSA,15,2128,451350,450000,167,12.288,,,,,450,0.5,6,6,-5.0,5.0,5ee1241,2026-07-24T13:19:25,1.0,450900,,,,,,DTSA-core,N=D,C3,2128,0,0,True
ta31,30,15,450,DTSA,15,2128,451350,450000,167,12.288,,,,,450,0.5,6,6,-5.0,5.0,5ee1241,2026-07-24T13:19:25,1.0,450900,,,,,,DTSA+LS,N=D,C3,2128,7,0,True
ta31,30,15,450,DTSA,16,2048,451350,450000,167,11.814,,,,,450,0.5,6,6,-5.0,5.0,5ee1241,2026-07-24T13:19:25,1.0,450900,,,,,,DTSA-core,N=D,C3,2048,0,0,True
ta31,30,15,450,DTSA,16,2043,451350,450000,167,11.814,,,,,450,0.5,6,6,-5.0,5.0,5ee1241,2026-07-24T13:19:25,1.0,450900,,,,,,DTSA+LS,N=D,C3,2048,10,1,True
ta31,30,15,450,DTSA,17,2114,451350,450000,167,12.4,,,,,450,0.5,6,6,-5.0,5.0,5ee1241,2026-07-24T13:19:26,1.0,450900,,,,,,DTSA-core,N=D,C3,2114,0,0,True
ta31,30,15,450,DTSA,17,2114,451350,450000,167,12.4,,,,,450,0.5,6,6,-5.0,5.0,5ee1241,2026-07-24T13:19:26,1.0,450900,,,,,,DTSA+LS,N=D,C3,2114,7,0,True
ta31,30,15,450,DTSA,18,2106,451350,450000,167,11.444,,,,,450,0.5,6,6,-5.0,5.0,5ee1241,2026-07-24T13:19:36,1.0,450900,,,,,,DTSA-core,N=D,C3,2106,0,0,True
ta31,30,15,450,DTSA,18,2106,451350,450000,167,11.444,,,,,450,0.5,6,6,-5.0,5.0,5ee1241,2026-07-24T13:19:36,1.0,450900,,,,,,DTSA+LS,N=D,C3,2106,13,0,True
ta31,30,15,450,DTSA,19,2139,451350,450000,167,11.169,,,,,450,0.5,6,6,-5.0,5.0,5ee1241,2026-07-24T13:19:36,1.0,450900,,,,,,DTSA-core,N=D,C3,2139,0,0,True
ta31,30,15,450,DTSA,19,2139,451350,450000,167,11.169,,,,,450,0.5,6,6,-5.0,5.0,5ee1241,2026-07-24T13:19:36,1.0,450900,,,,,,DTSA+LS,N=D,C3,2139,6,0,True
ta32,30,15,450,DTSA,0,2190,451350,450000,167,10.917,,,,,450,0.5,6,6,-5.0,5.0,5ee1241,2026-07-24T13:19:47,1.0,450900,,,,,,DTSA-core,N=D,C3,2190,0,0,True
ta32,30,15,450,DTSA,0,2190,451350,450000,167,10.917,,,,,450,0.5,6,6,-5.0,5.0,5ee1241,2026-07-24T13:19:47,1.0,450900,,,,,,DTSA+LS,N=D,C3,2190,6,0,True
ta32,30,15,450,DTSA,1,2111,451350,450000,167,11.11,,,,,450,0.5,6,6,-5.0,5.0,5ee1241,2026-07-24T13:19:47,1.0,450900,,,,,,DTSA-core,N=D,C3,2111,0,0,True
ta32,30,15,450,DTSA,1,2111,451350,450000,167,11.11,,,,,450,0.5,6,6,-5.0,5.0,5ee1241,2026-07-24T13:19:47,1.0,450900,,,,,,DTSA+LS,N=D,C3,2111,10,0,True
ta32,30,15,450,DTSA,2,2201,451350,450000,167,10.917,,,,,450,0.5,6,6,-5.0,5.0,5ee1241,2026-07-24T13:19:47,1.0,450900,,,,,,DTSA-core,N=D,C3,2201,0,0,True
ta32,30,15,450,DTSA,2,2201,451350,450000,167,10.917,,,,,450,0.5,6,6,-5.0,5.0,5ee1241,2026-07-24T13:19:47,1.0,450900,,,,,,DTSA+LS,N=D,C3,2201,4,0,True
ta32,30,15,450,DTSA,3,2183,451350,450000,167,11.014,,,,,450,0.5,6,6,-5.0,5.0,5ee1241,2026-07-24T13:19:47,1.0,450900,,,,,,DTSA-core,N=D,C3,2183,0,0,True
ta32,30,15,450,DTSA,3,2183,451350,450000,167,11.014,,,,,450,0.5,6,6,-5.0,5.0,5ee1241,2026-07-24T13:19:47,1.0,450900,,,,,,DTSA+LS,N=D,C3,2183,6,0,True
ta32,30,15,450,DTSA,4,2174,451350,450000,167,11.058,,,,,450,0.5,6,6,-5.0,5.0,5ee1241,2026-07-24T13:19:47,1.0,450900,,,,,,DTSA-core,N=D,C3,2174,0,0,True
ta32,30,15,450,DTSA,4,2174,451350,450000,167,11.058,,,,,450,0.5,6,6,-5.0,5.0,5ee1241,2026-07-24T13:19:47,1.0,450900,,,,,,DTSA+LS,N=D,C3,2174,12,0,True
ta32,30,15,450,DTSA,5,2116,451350,450000,167,10.823,,,,,450,0.5,6,6,-5.0,5.0,5ee1241,2026-07-24T13:19:47,1.0,450900,,,,,,DTSA-core,N=D,C3,2116,0,0,True
ta32,30,15,450,DTSA,5,2116,451350,450000,167,10.823,,,,,450,0.5,6,6,-5.0,5.0,5ee1241,2026-07-24T13:19:47,1.0,450900,,,,,,DTSA+LS,N=D,C3,2116,10,0,True
ta32,30,15,450,DTSA,6,2137,451350,450000,167,11.261,,,,,450,0.5,6,6,-5.0,5.0,5ee1241,2026-07-24T13:19:58,1.0,450900,,,,,,DTSA-core,N=D,C3,2137,0,0,True
ta32,30,15,450,DTSA,6,2119,451350,450000,167,11.261,,,,,450,0.5,6,6,-5.0,5.0,5ee1241,2026-07-24T13:19:58,1.0,450900,,,,,,DTSA+LS,N=D,C3,2137,22,4,True
ta32,30,15,450,DTSA,7,2169,451350,450000,167,11.077,,,,,450,0.5,6,6,-5.0,5.0,5ee1241,2026-07-24T13:19:58,1.0,450900,,,,,,DTSA-core,N=D,C3,2169,0,0,True
ta32,30,15,450,DTSA,7,2169,451350,450000,167,11.077,,,,,450,0.5,6,6,-5.0,5.0,5ee1241,2026-07-24T13:19:58,1.0,450900,,,,,,DTSA+LS,N=D,C3,2169,5,0,True
ta32,30,15,450,DTSA,8,2144,451350,450000,167,10.875,,,,,450,0.5,6,6,-5.0,5.0,5ee1241,2026-07-24T13:19:58,1.0,450900,,,,,,DTSA-core,N=D,C3,2144,0,0,True
ta32,30,15,450,DTSA,8,2144,451350,450000,167,10.875,,,,,450,0.5,6,6,-5.0,5.0,5ee1241,2026-07-24T13:19:58,1.0,450900,,,,,,DTSA+LS,N=D,C3,2144,6,0,True
ta32,30,15,450,DTSA,9,2248,451350,450000,167,11.735,,,,,450,0.5,6,6,-5.0,5.0,5ee1241,2026-07-24T13:19:59,1.0,450900,,,,,,DTSA-core,N=D,C3,2248,0,0,True
ta32,30,15,450,DTSA,9,2248,451350,450000,167,11.735,,,,,450,0.5,6,6,-5.0,5.0,5ee1241,2026-07-24T13:19:59,1.0,450900,,,,,,DTSA+LS,N=D,C3,2248,9,0,True
ta32,30,15,450,DTSA,10,2133,451350,450000,167,11.078,,,,,450,0.5,6,6,-5.0,5.0,5ee1241,2026-07-24T13:19:58,1.0,450900,,,,,,DTSA-core,N=D,C3,2133,0,0,True
ta32,30,15,450,DTSA,10,2133,451350,450000,167,11.078,,,,,450,0.5,6,6,-5.0,5.0,5ee1241,2026-07-24T13:19:58,1.0,450900,,,,,,DTSA+LS,N=D,C3,2133,5,0,True
ta32,30,15,450,DTSA,11,2069,451350,450000,167,11.222,,,,,450,0.5,6,6,-5.0,5.0,5ee1241,2026-07-24T13:19:58,1.0,450900,,,,,,DTSA-core,N=D,C3,2069,0,0,True
ta32,30,15,450,DTSA,11,2064,451350,450000,167,11.222,,,,,450,0.5,6,6,-5.0,5.0,5ee1241,2026-07-24T13:19:58,1.0,450900,,,,,,DTSA+LS,N=D,C3,2069,12,2,True
ta32,30,15,450,DTSA,12,2189,451350,450000,167,11.065,,,,,450,0.5,6,6,-5.0,5.0,5ee1241,2026-07-24T13:20:09,1.0,450900,,,,,,DTSA-core,N=D,C3,2189,0,0,True
ta32,30,15,450,DTSA,12,2189,451350,450000,167,11.065,,,,,450,0.5,6,6,-5.0,5.0,5ee1241,2026-07-24T13:20:09,1.0,450900,,,,,,DTSA+LS,N=D,C3,2189,4,0,True
ta32,30,15,450,DTSA,13,2135,451350,450000,167,11.143,,,,,450,0.5,6,6,-5.0,5.0,5ee1241,2026-07-24T13:20:09,1.0,450900,,,,,,DTSA-core,N=D,C3,2135,0,0,True
ta32,30,15,450,DTSA,13,2135,451350,450000,167,11.143,,,,,450,0.5,6,6,-5.0,5.0,5ee1241,2026-07-24T13:20:09,1.0,450900,,,,,,DTSA+LS,N=D,C3,2135,15,0,True
ta32,30,15,450,DTSA,14,2214,451350,450000,167,10.817,,,,,450,0.5,6,6,-5.0,5.0,5ee1241,2026-07-24T13:20:09,1.0,450900,,,,,,DTSA-core,N=D,C3,2214,0,0,True
ta32,30,15,450,DTSA,14,2214,451350,450000,167,10.817,,,,,450,0.5,6,6,-5.0,5.0,5ee1241,2026-07-24T13:20:09,1.0,450900,,,,,,DTSA+LS,N=D,C3,2214,12,0,True
ta32,30,15,450,DTSA,15,2118,451350,450000,167,11.287,,,,,450,0.5,6,6,-5.0,5.0,5ee1241,2026-07-24T13:20:09,1.0,450900,,,,,,DTSA-core,N=D,C3,2118,0,0,True
ta32,30,15,450,DTSA,15,2118,451350,450000,167,11.287,,,,,450,0.5,6,6,-5.0,5.0,5ee1241,2026-07-24T13:20:09,1.0,450900,,,,,,DTSA+LS,N=D,C3,2118,9,0,True
ta32,30,15,450,DTSA,16,2112,451350,450000,167,11.125,,,,,450,0.5,6,6,-5.0,5.0,5ee1241,2026-07-24T13:20:09,1.0,450900,,,,,,DTSA-core,N=D,C3,2112,0,0,True
ta32,30,15,450,DTSA,16,2112,451350,450000,167,11.125,,,,,450,0.5,6,6,-5.0,5.0,5ee1241,2026-07-24T13:20:09,1.0,450900,,,,,,DTSA+LS,N=D,C3,2112,6,0,True
ta32,30,15,450,DTSA,17,2124,451350,450000,167,11.071,,,,,450,0.5,6,6,-5.0,5.0,5ee1241,2026-07-24T13:20:10,1.0,450900,,,,,,DTSA-core,N=D,C3,2124,0,0,True
ta32,30,15,450,DTSA,17,2124,451350,450000,167,11.071,,,,,450,0.5,6,6,-5.0,5.0,5ee1241,2026-07-24T13:20:10,1.0,450900,,,,,,DTSA+LS,N=D,C3,2124,8,0,True
ta32,30,15,450,DTSA,18,2148,451350,450000,167,11.466,,,,,450,0.5,6,6,-5.0,5.0,5ee1241,2026-07-24T13:20:20,1.0,450900,,,,,,DTSA-core,N=D,C3,2148,0,0,True
ta32,30,15,450,DTSA,18,2146,451350,450000,167,11.466,,,,,450,0.5,6,6,-5.0,5.0,5ee1241,2026-07-24T13:20:20,1.0,450900,,,,,,DTSA+LS,N=D,C3,2148,12,2,True
ta32,30,15,450,DTSA,19,2186,451350,450000,167,10.576,,,,,450,0.5,6,6,-5.0,5.0,5ee1241,2026-07-24T13:20:19,1.0,450900,,,,,,DTSA-core,N=D,C3,2186,0,0,True
ta32,30,15,450,DTSA,19,2186,451350,450000,167,10.576,,,,,450,0.5,6,6,-5.0,5.0,5ee1241,2026-07-24T13:20:19,1.0,450900,,,,,,DTSA+LS,N=D,C3,2186,10,0,True
ta33,30,15,450,DTSA,0,2197,451350,450000,167,11.193,,,,,450,0.5,6,6,-5.0,5.0,5ee1241,2026-07-24T13:20:31,1.0,450900,,,,,,DTSA-core,N=D,C3,2197,0,0,True
ta33,30,15,450,DTSA,0,2197,451350,450000,167,11.193,,,,,450,0.5,6,6,-5.0,5.0,5ee1241,2026-07-24T13:20:31,1.0,450900,,,,,,DTSA+LS,N=D,C3,2197,6,0,True
ta33,30,15,450,DTSA,1,2220,451350,450000,167,11.028,,,,,450,0.5,6,6,-5.0,5.0,5ee1241,2026-07-24T13:20:31,1.0,450900,,,,,,DTSA-core,N=D,C3,2220,0,0,True
ta33,30,15,450,DTSA,1,2220,451350,450000,167,11.028,,,,,450,0.5,6,6,-5.0,5.0,5ee1241,2026-07-24T13:20:31,1.0,450900,,,,,,DTSA+LS,N=D,C3,2220,10,0,True
ta33,30,15,450,DTSA,2,2154,451350,450000,167,11.124,,,,,450,0.5,6,6,-5.0,5.0,5ee1241,2026-07-24T13:20:31,1.0,450900,,,,,,DTSA-core,N=D,C3,2154,0,0,True
ta33,30,15,450,DTSA,2,2154,451350,450000,167,11.124,,,,,450,0.5,6,6,-5.0,5.0,5ee1241,2026-07-24T13:20:31,1.0,450900,,,,,,DTSA+LS,N=D,C3,2154,4,0,True
ta33,30,15,450,DTSA,3,2194,451350,450000,167,11.108,,,,,450,0.5,6,6,-5.0,5.0,5ee1241,2026-07-24T13:20:31,1.0,450900,,,,,,DTSA-core,N=D,C3,2194,0,0,True
ta33,30,15,450,DTSA,3,2194,451350,450000,167,11.108,,,,,450,0.5,6,6,-5.0,5.0,5ee1241,2026-07-24T13:20:31,1.0,450900,,,,,,DTSA+LS,N=D,C3,2194,4,0,True
ta33,30,15,450,DTSA,4,2191,451350,450000,167,10.92,,,,,450,0.5,6,6,-5.0,5.0,5ee1241,2026-07-24T13:20:31,1.0,450900,,,,,,DTSA-core,N=D,C3,2191,0,0,True
ta33,30,15,450,DTSA,4,2191,451350,450000,167,10.92,,,,,450,0.5,6,6,-5.0,5.0,5ee1241,2026-07-24T13:20:31,1.0,450900,,,,,,DTSA+LS,N=D,C3,2191,4,0,True
ta33,30,15,450,DTSA,5,2158,451350,450000,167,11.156,,,,,450,0.5,6,6,-5.0,5.0,5ee1241,2026-07-24T13:20:31,1.0,450900,,,,,,DTSA-core,N=D,C3,2158,0,0,True
ta33,30,15,450,DTSA,5,2158,451350,450000,167,11.156,,,,,450,0.5,6,6,-5.0,5.0,5ee1241,2026-07-24T13:20:31,1.0,450900,,,,,,DTSA+LS,N=D,C3,2158,4,0,True
ta33,30,15,450,DTSA,6,2167,451350,450000,167,11.369,,,,,450,0.5,6,6,-5.0,5.0,5ee1241,2026-07-24T13:20:43,1.0,450900,,,,,,DTSA-core,N=D,C3,2167,0,0,True
ta33,30,15,450,DTSA,6,2167,451350,450000,167,11.369,,,,,450,0.5,6,6,-5.0,5.0,5ee1241,2026-07-24T13:20:43,1.0,450900,,,,,,DTSA+LS,N=D,C3,2167,9,0,True
ta33,30,15,450,DTSA,7,2127,451350,450000,167,11.488,,,,,450,0.5,6,6,-5.0,5.0,5ee1241,2026-07-24T13:20:43,1.0,450900,,,,,,DTSA-core,N=D,C3,2127,0,0,True
ta33,30,15,450,DTSA,7,2127,451350,450000,167,11.488,,,,,450,0.5,6,6,-5.0,5.0,5ee1241,2026-07-24T13:20:43,1.0,450900,,,,,,DTSA+LS,N=D,C3,2127,6,0,True
ta33,30,15,450,DTSA,8,2154,451350,450000,167,11.623,,,,,450,0.5,6,6,-5.0,5.0,5ee1241,2026-07-24T13:20:43,1.0,450900,,,,,,DTSA-core,N=D,C3,2154,0,0,True
ta33,30,15,450,DTSA,8,2154,451350,450000,167,11.623,,,,,450,0.5,6,6,-5.0,5.0,5ee1241,2026-07-24T13:20:43,1.0,450900,,,,,,DTSA+LS,N=D,C3,2154,8,0,True
ta33,30,15,450,DTSA,9,2125,451350,450000,167,11.609,,,,,450,0.5,6,6,-5.0,5.0,5ee1241,2026-07-24T13:20:43,1.0,450900,,,,,,DTSA-core,N=D,C3,2125,0,0,True
ta33,30,15,450,DTSA,9,2125,451350,450000,167,11.609,,,,,450,0.5,6,6,-5.0,5.0,5ee1241,2026-07-24T13:20:43,1.0,450900,,,,,,DTSA+LS,N=D,C3,2125,10,0,True
ta33,30,15,450,DTSA,10,2190,451350,450000,167,11.22,,,,,450,0.5,6,6,-5.0,5.0,5ee1241,2026-07-24T13:20:43,1.0,450900,,,,,,DTSA-core,N=D,C3,2190,0,0,True
ta33,30,15,450,DTSA,10,2190,451350,450000,167,11.22,,,,,450,0.5,6,6,-5.0,5.0,5ee1241,2026-07-24T13:20:43,1.0,450900,,,,,,DTSA+LS,N=D,C3,2190,7,0,True
ta33,30,15,450,DTSA,11,2159,451350,450000,167,11.183,,,,,450,0.5,6,6,-5.0,5.0,5ee1241,2026-07-24T13:20:43,1.0,450900,,,,,,DTSA-core,N=D,C3,2159,0,0,True
ta33,30,15,450,DTSA,11,2159,451350,450000,167,11.183,,,,,450,0.5,6,6,-5.0,5.0,5ee1241,2026-07-24T13:20:43,1.0,450900,,,,,,DTSA+LS,N=D,C3,2159,8,0,True
ta33,30,15,450,DTSA,12,2140,451350,450000,167,11.211,,,,,450,0.5,6,6,-5.0,5.0,5ee1241,2026-07-24T13:20:54,1.0,450900,,,,,,DTSA-core,N=D,C3,2140,0,0,True
ta33,30,15,450,DTSA,12,2140,451350,450000,167,11.211,,,,,450,0.5,6,6,-5.0,5.0,5ee1241,2026-07-24T13:20:54,1.0,450900,,,,,,DTSA+LS,N=D,C3,2140,11,0,True
ta33,30,15,450,DTSA,13,2168,451350,450000,167,11.243,,,,,450,0.5,6,6,-5.0,5.0,5ee1241,2026-07-24T13:20:54,1.0,450900,,,,,,DTSA-core,N=D,C3,2168,0,0,True
ta33,30,15,450,DTSA,13,2168,451350,450000,167,11.243,,,,,450,0.5,6,6,-5.0,5.0,5ee1241,2026-07-24T13:20:54,1.0,450900,,,,,,DTSA+LS,N=D,C3,2168,11,0,True
ta33,30,15,450,DTSA,14,2194,451350,450000,167,11.214,,,,,450,0.5,6,6,-5.0,5.0,5ee1241,2026-07-24T13:20:54,1.0,450900,,,,,,DTSA-core,N=D,C3,2194,0,0,True
ta33,30,15,450,DTSA,14,2194,451350,450000,167,11.214,,,,,450,0.5,6,6,-5.0,5.0,5ee1241,2026-07-24T13:20:54,1.0,450900,,,,,,DTSA+LS,N=D,C3,2194,4,0,True
ta33,30,15,450,DTSA,15,2131,451350,450000,167,11.309,,,,,450,0.5,6,6,-5.0,5.0,5ee1241,2026-07-24T13:20:54,1.0,450900,,,,,,DTSA-core,N=D,C3,2131,0,0,True
ta33,30,15,450,DTSA,15,2131,451350,450000,167,11.309,,,,,450,0.5,6,6,-5.0,5.0,5ee1241,2026-07-24T13:20:54,1.0,450900,,,,,,DTSA+LS,N=D,C3,2131,8,0,True
ta33,30,15,450,DTSA,16,2157,451350,450000,167,11.418,,,,,450,0.5,6,6,-5.0,5.0,5ee1241,2026-07-24T13:20:55,1.0,450900,,,,,,DTSA-core,N=D,C3,2157,0,0,True
ta33,30,15,450,DTSA,16,2157,451350,450000,167,11.418,,,,,450,0.5,6,6,-5.0,5.0,5ee1241,2026-07-24T13:20:55,1.0,450900,,,,,,DTSA+LS,N=D,C3,2157,10,0,True
ta33,30,15,450,DTSA,17,2215,451350,450000,167,11.084,,,,,450,0.5,6,6,-5.0,5.0,5ee1241,2026-07-24T13:20:54,1.0,450900,,,,,,DTSA-core,N=D,C3,2215,0,0,True
ta33,30,15,450,DTSA,17,2215,451350,450000,167,11.084,,,,,450,0.5,6,6,-5.0,5.0,5ee1241,2026-07-24T13:20:54,1.0,450900,,,,,,DTSA+LS,N=D,C3,2215,16,0,True
ta33,30,15,450,DTSA,18,2205,451350,450000,167,10.432,,,,,450,0.5,6,6,-5.0,5.0,5ee1241,2026-07-24T13:21:04,1.0,450900,,,,,,DTSA-core,N=D,C3,2205,0,0,True
ta33,30,15,450,DTSA,18,2179,451350,450000,167,10.432,,,,,450,0.5,6,6,-5.0,5.0,5ee1241,2026-07-24T13:21:04,1.0,450900,,,,,,DTSA+LS,N=D,C3,2205,21,7,True
ta33,30,15,450,DTSA,19,2136,451350,450000,167,10.554,,,,,450,0.5,6,6,-5.0,5.0,5ee1241,2026-07-24T13:21:05,1.0,450900,,,,,,DTSA-core,N=D,C3,2136,0,0,True
ta33,30,15,450,DTSA,19,2136,451350,450000,167,10.554,,,,,450,0.5,6,6,-5.0,5.0,5ee1241,2026-07-24T13:21:05,1.0,450900,,,,,,DTSA+LS,N=D,C3,2136,6,0,True
ta34,30,15,450,DTSA,0,2184,451350,450000,167,11.032,,,,,450,0.5,6,6,-5.0,5.0,5ee1241,2026-07-24T13:21:16,1.0,450900,,,,,,DTSA-core,N=D,C3,2184,0,0,True
ta34,30,15,450,DTSA,0,2184,451350,450000,167,11.032,,,,,450,0.5,6,6,-5.0,5.0,5ee1241,2026-07-24T13:21:16,1.0,450900,,,,,,DTSA+LS,N=D,C3,2184,4,0,True
ta34,30,15,450,DTSA,1,2088,451350,450000,167,11.365,,,,,450,0.5,6,6,-5.0,5.0,5ee1241,2026-07-24T13:21:16,1.0,450900,,,,,,DTSA-core,N=D,C3,2088,0,0,True
ta34,30,15,450,DTSA,1,2088,451350,450000,167,11.365,,,,,450,0.5,6,6,-5.0,5.0,5ee1241,2026-07-24T13:21:16,1.0,450900,,,,,,DTSA+LS,N=D,C3,2088,8,0,True
ta34,30,15,450,DTSA,2,2138,451350,450000,167,11.194,,,,,450,0.5,6,6,-5.0,5.0,5ee1241,2026-07-24T13:21:16,1.0,450900,,,,,,DTSA-core,N=D,C3,2138,0,0,True
ta34,30,15,450,DTSA,2,2138,451350,450000,167,11.194,,,,,450,0.5,6,6,-5.0,5.0,5ee1241,2026-07-24T13:21:16,1.0,450900,,,,,,DTSA+LS,N=D,C3,2138,6,0,True
ta34,30,15,450,DTSA,3,2245,451350,450000,167,11.027,,,,,450,0.5,6,6,-5.0,5.0,5ee1241,2026-07-24T13:21:16,1.0,450900,,,,,,DTSA-core,N=D,C3,2245,0,0,True
ta34,30,15,450,DTSA,3,2245,451350,450000,167,11.027,,,,,450,0.5,6,6,-5.0,5.0,5ee1241,2026-07-24T13:21:16,1.0,450900,,,,,,DTSA+LS,N=D,C3,2245,6,0,True
ta34,30,15,450,DTSA,4,2201,451350,450000,167,11.903,,,,,450,0.5,6,6,-5.0,5.0,5ee1241,2026-07-24T13:21:16,1.0,450900,,,,,,DTSA-core,N=D,C3,2201,0,0,True
ta34,30,15,450,DTSA,4,2201,451350,450000,167,11.903,,,,,450,0.5,6,6,-5.0,5.0,5ee1241,2026-07-24T13:21:16,1.0,450900,,,,,,DTSA+LS,N=D,C3,2201,9,0,True
ta34,30,15,450,DTSA,5,2104,451350,450000,167,11.125,,,,,450,0.5,6,6,-5.0,5.0,5ee1241,2026-07-24T13:21:16,1.0,450900,,,,,,DTSA-core,N=D,C3,2104,0,0,True
ta34,30,15,450,DTSA,5,2104,451350,450000,167,11.125,,,,,450,0.5,6,6,-5.0,5.0,5ee1241,2026-07-24T13:21:16,1.0,450900,,,,,,DTSA+LS,N=D,C3,2104,7,0,True
ta34,30,15,450,DTSA,6,2126,451350,450000,167,11.269,,,,,450,0.5,6,6,-5.0,5.0,5ee1241,2026-07-24T13:21:27,1.0,450900,,,,,,DTSA-core,N=D,C3,2126,0,0,True
ta34,30,15,450,DTSA,6,2126,451350,450000,167,11.269,,,,,450,0.5,6,6,-5.0,5.0,5ee1241,2026-07-24T13:21:27,1.0,450900,,,,,,DTSA+LS,N=D,C3,2126,10,0,True
ta34,30,15,450,DTSA,7,2104,451350,450000,167,11.315,,,,,450,0.5,6,6,-5.0,5.0,5ee1241,2026-07-24T13:21:27,1.0,450900,,,,,,DTSA-core,N=D,C3,2104,0,0,True
ta34,30,15,450,DTSA,7,2104,451350,450000,167,11.315,,,,,450,0.5,6,6,-5.0,5.0,5ee1241,2026-07-24T13:21:27,1.0,450900,,,,,,DTSA+LS,N=D,C3,2104,7,0,True
ta34,30,15,450,DTSA,8,2125,451350,450000,167,11.409,,,,,450,0.5,6,6,-5.0,5.0,5ee1241,2026-07-24T13:21:27,1.0,450900,,,,,,DTSA-core,N=D,C3,2125,0,0,True
ta34,30,15,450,DTSA,8,2125,451350,450000,167,11.409,,,,,450,0.5,6,6,-5.0,5.0,5ee1241,2026-07-24T13:21:27,1.0,450900,,,,,,DTSA+LS,N=D,C3,2125,7,0,True
ta34,30,15,450,DTSA,9,2141,451350,450000,167,11.239,,,,,450,0.5,6,6,-5.0,5.0,5ee1241,2026-07-24T13:21:27,1.0,450900,,,,,,DTSA-core,N=D,C3,2141,0,0,True
ta34,30,15,450,DTSA,9,2141,451350,450000,167,11.239,,,,,450,0.5,6,6,-5.0,5.0,5ee1241,2026-07-24T13:21:27,1.0,450900,,,,,,DTSA+LS,N=D,C3,2141,9,0,True
ta34,30,15,450,DTSA,10,2108,451350,450000,167,12.145,,,,,450,0.5,6,6,-5.0,5.0,5ee1241,2026-07-24T13:21:28,1.0,450900,,,,,,DTSA-core,N=D,C3,2108,0,0,True
ta34,30,15,450,DTSA,10,2108,451350,450000,167,12.145,,,,,450,0.5,6,6,-5.0,5.0,5ee1241,2026-07-24T13:21:28,1.0,450900,,,,,,DTSA+LS,N=D,C3,2108,12,0,True
ta34,30,15,450,DTSA,11,2113,451350,450000,167,11.33,,,,,450,0.5,6,6,-5.0,5.0,5ee1241,2026-07-24T13:21:28,1.0,450900,,,,,,DTSA-core,N=D,C3,2113,0,0,True
ta34,30,15,450,DTSA,11,2113,451350,450000,167,11.33,,,,,450,0.5,6,6,-5.0,5.0,5ee1241,2026-07-24T13:21:28,1.0,450900,,,,,,DTSA+LS,N=D,C3,2113,4,0,True
ta34,30,15,450,DTSA,12,2100,451350,450000,167,11.378,,,,,450,0.5,6,6,-5.0,5.0,5ee1241,2026-07-24T13:21:38,1.0,450900,,,,,,DTSA-core,N=D,C3,2100,0,0,True
ta34,30,15,450,DTSA,12,2100,451350,450000,167,11.378,,,,,450,0.5,6,6,-5.0,5.0,5ee1241,2026-07-24T13:21:38,1.0,450900,,,,,,DTSA+LS,N=D,C3,2100,5,0,True
ta34,30,15,450,DTSA,13,2076,451350,450000,167,11.311,,,,,450,0.5,6,6,-5.0,5.0,5ee1241,2026-07-24T13:21:38,1.0,450900,,,,,,DTSA-core,N=D,C3,2076,0,0,True
ta34,30,15,450,DTSA,13,2076,451350,450000,167,11.311,,,,,450,0.5,6,6,-5.0,5.0,5ee1241,2026-07-24T13:21:38,1.0,450900,,,,,,DTSA+LS,N=D,C3,2076,5,0,True
ta34,30,15,450,DTSA,14,2133,451350,450000,167,11.462,,,,,450,0.5,6,6,-5.0,5.0,5ee1241,2026-07-24T13:21:39,1.0,450900,,,,,,DTSA-core,N=D,C3,2133,0,0,True
ta34,30,15,450,DTSA,14,2133,451350,450000,167,11.462,,,,,450,0.5,6,6,-5.0,5.0,5ee1241,2026-07-24T13:21:39,1.0,450900,,,,,,DTSA+LS,N=D,C3,2133,9,0,True
ta34,30,15,450,DTSA,15,2105,451350,450000,167,11.313,,,,,450,0.5,6,6,-5.0,5.0,5ee1241,2026-07-24T13:21:38,1.0,450900,,,,,,DTSA-core,N=D,C3,2105,0,0,True
ta34,30,15,450,DTSA,15,2105,451350,450000,167,11.313,,,,,450,0.5,6,6,-5.0,5.0,5ee1241,2026-07-24T13:21:38,1.0,450900,,,,,,DTSA+LS,N=D,C3,2105,10,0,True
ta34,30,15,450,DTSA,16,2191,451350,450000,167,12.046,,,,,450,0.5,6,6,-5.0,5.0,5ee1241,2026-07-24T13:21:40,1.0,450900,,,,,,DTSA-core,N=D,C3,2191,0,0,True
ta34,30,15,450,DTSA,16,2191,451350,450000,167,12.046,,,,,450,0.5,6,6,-5.0,5.0,5ee1241,2026-07-24T13:21:40,1.0,450900,,,,,,DTSA+LS,N=D,C3,2191,7,0,True
ta34,30,15,450,DTSA,17,2161,451350,450000,167,11.321,,,,,450,0.5,6,6,-5.0,5.0,5ee1241,2026-07-24T13:21:39,1.0,450900,,,,,,DTSA-core,N=D,C3,2161,0,0,True
ta34,30,15,450,DTSA,17,2161,451350,450000,167,11.321,,,,,450,0.5,6,6,-5.0,5.0,5ee1241,2026-07-24T13:21:39,1.0,450900,,,,,,DTSA+LS,N=D,C3,2161,4,0,True
ta34,30,15,450,DTSA,18,2232,451350,450000,167,10.575,,,,,450,0.5,6,6,-5.0,5.0,5ee1241,2026-07-24T13:21:49,1.0,450900,,,,,,DTSA-core,N=D,C3,2232,0,0,True
ta34,30,15,450,DTSA,18,2232,451350,450000,167,10.575,,,,,450,0.5,6,6,-5.0,5.0,5ee1241,2026-07-24T13:21:49,1.0,450900,,,,,,DTSA+LS,N=D,C3,2232,5,0,True
ta34,30,15,450,DTSA,19,2079,451350,450000,167,10.792,,,,,450,0.5,6,6,-5.0,5.0,5ee1241,2026-07-24T13:21:49,1.0,450900,,,,,,DTSA-core,N=D,C3,2079,0,0,True
ta34,30,15,450,DTSA,19,2079,451350,450000,167,10.792,,,,,450,0.5,6,6,-5.0,5.0,5ee1241,2026-07-24T13:21:49,1.0,450900,,,,,,DTSA+LS,N=D,C3,2079,9,0,True
ta35,30,15,450,DTSA,0,2339,451350,450000,167,11.122,,,,,450,0.5,6,6,-5.0,5.0,5ee1241,2026-07-24T13:22:00,1.0,450900,,,,,,DTSA-core,N=D,C3,2339,0,0,True
ta35,30,15,450,DTSA,0,2339,451350,450000,167,11.122,,,,,450,0.5,6,6,-5.0,5.0,5ee1241,2026-07-24T13:22:00,1.0,450900,,,,,,DTSA+LS,N=D,C3,2339,4,0,True
ta35,30,15,450,DTSA,1,2242,451350,450000,167,11.851,,,,,450,0.5,6,6,-5.0,5.0,5ee1241,2026-07-24T13:22:01,1.0,450900,,,,,,DTSA-core,N=D,C3,2242,0,0,True
ta35,30,15,450,DTSA,1,2242,451350,450000,167,11.851,,,,,450,0.5,6,6,-5.0,5.0,5ee1241,2026-07-24T13:22:01,1.0,450900,,,,,,DTSA+LS,N=D,C3,2242,5,0,True
ta35,30,15,450,DTSA,2,2318,451350,450000,167,11.341,,,,,450,0.5,6,6,-5.0,5.0,5ee1241,2026-07-24T13:22:00,1.0,450900,,,,,,DTSA-core,N=D,C3,2318,0,0,True
ta35,30,15,450,DTSA,2,2318,451350,450000,167,11.341,,,,,450,0.5,6,6,-5.0,5.0,5ee1241,2026-07-24T13:22:00,1.0,450900,,,,,,DTSA+LS,N=D,C3,2318,5,0,True
ta35,30,15,450,DTSA,3,2286,451350,450000,167,11.871,,,,,450,0.5,6,6,-5.0,5.0,5ee1241,2026-07-24T13:22:01,1.0,450900,,,,,,DTSA-core,N=D,C3,2286,0,0,True
ta35,30,15,450,DTSA,3,2286,451350,450000,167,11.871,,,,,450,0.5,6,6,-5.0,5.0,5ee1241,2026-07-24T13:22:01,1.0,450900,,,,,,DTSA+LS,N=D,C3,2286,8,0,True
ta35,30,15,450,DTSA,4,2287,451350,450000,167,11.289,,,,,450,0.5,6,6,-5.0,5.0,5ee1241,2026-07-24T13:22:00,1.0,450900,,,,,,DTSA-core,N=D,C3,2287,0,0,True
ta35,30,15,450,DTSA,4,2287,451350,450000,167,11.289,,,,,450,0.5,6,6,-5.0,5.0,5ee1241,2026-07-24T13:22:00,1.0,450900,,,,,,DTSA+LS,N=D,C3,2287,4,0,True
ta35,30,15,450,DTSA,5,2275,451350,450000,167,11.254,,,,,450,0.5,6,6,-5.0,5.0,5ee1241,2026-07-24T13:22:00,1.0,450900,,,,,,DTSA-core,N=D,C3,2275,0,0,True
ta35,30,15,450,DTSA,5,2275,451350,450000,167,11.254,,,,,450,0.5,6,6,-5.0,5.0,5ee1241,2026-07-24T13:22:00,1.0,450900,,,,,,DTSA+LS,N=D,C3,2275,6,0,True
ta35,30,15,450,DTSA,6,2251,451350,450000,167,11.9,,,,,450,0.5,6,6,-5.0,5.0,5ee1241,2026-07-24T13:22:12,1.0,450900,,,,,,DTSA-core,N=D,C3,2251,0,0,True
ta35,30,15,450,DTSA,6,2251,451350,450000,167,11.9,,,,,450,0.5,6,6,-5.0,5.0,5ee1241,2026-07-24T13:22:12,1.0,450900,,,,,,DTSA+LS,N=D,C3,2251,7,0,True
ta35,30,15,450,DTSA,7,2276,451350,450000,167,11.43,,,,,450,0.5,6,6,-5.0,5.0,5ee1241,2026-07-24T13:22:12,1.0,450900,,,,,,DTSA-core,N=D,C3,2276,0,0,True
ta35,30,15,450,DTSA,7,2276,451350,450000,167,11.43,,,,,450,0.5,6,6,-5.0,5.0,5ee1241,2026-07-24T13:22:12,1.0,450900,,,,,,DTSA+LS,N=D,C3,2276,4,0,True
ta35,30,15,450,DTSA,8,2236,451350,450000,167,11.207,,,,,450,0.5,6,6,-5.0,5.0,5ee1241,2026-07-24T13:22:12,1.0,450900,,,,,,DTSA-core,N=D,C3,2236,0,0,True
ta35,30,15,450,DTSA,8,2236,451350,450000,167,11.207,,,,,450,0.5,6,6,-5.0,5.0,5ee1241,2026-07-24T13:22:12,1.0,450900,,,,,,DTSA+LS,N=D,C3,2236,6,0,True
ta35,30,15,450,DTSA,9,2400,451350,450000,167,11.947,,,,,450,0.5,6,6,-5.0,5.0,5ee1241,2026-07-24T13:22:12,1.0,450900,,,,,,DTSA-core,N=D,C3,2400,0,0,True
ta35,30,15,450,DTSA,9,2400,451350,450000,167,11.947,,,,,450,0.5,6,6,-5.0,5.0,5ee1241,2026-07-24T13:22:12,1.0,450900,,,,,,DTSA+LS,N=D,C3,2400,6,0,True
ta35,30,15,450,DTSA,10,2315,451350,450000,167,11.88,,,,,450,0.5,6,6,-5.0,5.0,5ee1241,2026-07-24T13:22:13,1.0,450900,,,,,,DTSA-core,N=D,C3,2315,0,0,True
ta35,30,15,450,DTSA,10,2315,451350,450000,167,11.88,,,,,450,0.5,6,6,-5.0,5.0,5ee1241,2026-07-24T13:22:13,1.0,450900,,,,,,DTSA+LS,N=D,C3,2315,6,0,True
ta35,30,15,450,DTSA,11,2276,451350,450000,167,11.02,,,,,450,0.5,6,6,-5.0,5.0,5ee1241,2026-07-24T13:22:12,1.0,450900,,,,,,DTSA-core,N=D,C3,2276,0,0,True
ta35,30,15,450,DTSA,11,2276,451350,450000,167,11.02,,,,,450,0.5,6,6,-5.0,5.0,5ee1241,2026-07-24T13:22:12,1.0,450900,,,,,,DTSA+LS,N=D,C3,2276,4,0,True
ta35,30,15,450,DTSA,12,2354,451350,450000,167,11.872,,,,,450,0.5,6,6,-5.0,5.0,5ee1241,2026-07-24T13:22:24,1.0,450900,,,,,,DTSA-core,N=D,C3,2354,0,0,True
ta35,30,15,450,DTSA,12,2354,451350,450000,167,11.872,,,,,450,0.5,6,6,-5.0,5.0,5ee1241,2026-07-24T13:22:24,1.0,450900,,,,,,DTSA+LS,N=D,C3,2354,4,0,True
ta35,30,15,450,DTSA,13,2376,451350,450000,167,11.619,,,,,450,0.5,6,6,-5.0,5.0,5ee1241,2026-07-24T13:22:24,1.0,450900,,,,,,DTSA-core,N=D,C3,2376,0,0,True
ta35,30,15,450,DTSA,13,2376,451350,450000,167,11.619,,,,,450,0.5,6,6,-5.0,5.0,5ee1241,2026-07-24T13:22:24,1.0,450900,,,,,,DTSA+LS,N=D,C3,2376,4,0,True
ta35,30,15,450,DTSA,14,2374,451350,450000,167,11.93,,,,,450,0.5,6,6,-5.0,5.0,5ee1241,2026-07-24T13:22:24,1.0,450900,,,,,,DTSA-core,N=D,C3,2374,0,0,True
ta35,30,15,450,DTSA,14,2360,451350,450000,167,11.93,,,,,450,0.5,6,6,-5.0,5.0,5ee1241,2026-07-24T13:22:24,1.0,450900,,,,,,DTSA+LS,N=D,C3,2374,14,1,True
ta35,30,15,450,DTSA,15,2281,451350,450000,167,11.298,,,,,450,0.5,6,6,-5.0,5.0,5ee1241,2026-07-24T13:22:24,1.0,450900,,,,,,DTSA-core,N=D,C3,2281,0,0,True
ta35,30,15,450,DTSA,15,2281,451350,450000,167,11.298,,,,,450,0.5,6,6,-5.0,5.0,5ee1241,2026-07-24T13:22:24,1.0,450900,,,,,,DTSA+LS,N=D,C3,2281,4,0,True
ta35,30,15,450,DTSA,16,2310,451350,450000,167,12.169,,,,,450,0.5,6,6,-5.0,5.0,5ee1241,2026-07-24T13:22:25,1.0,450900,,,,,,DTSA-core,N=D,C3,2310,0,0,True
ta35,30,15,450,DTSA,16,2310,451350,450000,167,12.169,,,,,450,0.5,6,6,-5.0,5.0,5ee1241,2026-07-24T13:22:25,1.0,450900,,,,,,DTSA+LS,N=D,C3,2310,11,0,True
ta35,30,15,450,DTSA,17,2406,451350,450000,167,11.12,,,,,450,0.5,6,6,-5.0,5.0,5ee1241,2026-07-24T13:22:24,1.0,450900,,,,,,DTSA-core,N=D,C3,2406,0,0,True
ta35,30,15,450,DTSA,17,2406,451350,450000,167,11.12,,,,,450,0.5,6,6,-5.0,5.0,5ee1241,2026-07-24T13:22:24,1.0,450900,,,,,,DTSA+LS,N=D,C3,2406,4,0,True
ta35,30,15,450,DTSA,18,2345,451350,450000,167,11.365,,,,,450,0.5,6,6,-5.0,5.0,5ee1241,2026-07-24T13:22:35,1.0,450900,,,,,,DTSA-core,N=D,C3,2345,0,0,True
ta35,30,15,450,DTSA,18,2345,451350,450000,167,11.365,,,,,450,0.5,6,6,-5.0,5.0,5ee1241,2026-07-24T13:22:35,1.0,450900,,,,,,DTSA+LS,N=D,C3,2345,4,0,True
ta35,30,15,450,DTSA,19,2295,451350,450000,167,11.415,,,,,450,0.5,6,6,-5.0,5.0,5ee1241,2026-07-24T13:22:35,1.0,450900,,,,,,DTSA-core,N=D,C3,2295,0,0,True
ta35,30,15,450,DTSA,19,2295,451350,450000,167,11.415,,,,,450,0.5,6,6,-5.0,5.0,5ee1241,2026-07-24T13:22:35,1.0,450900,,,,,,DTSA+LS,N=D,C3,2295,4,0,True
ta41,30,20,600,DTSA,0,2431,601800,600000,167,17.829,,,,,600,0.5,6,6,-5.0,5.0,5ee1241,2026-07-24T13:22:53,1.0,601200,,,,,,DTSA-core,N=D,C3,2431,0,0,True
ta41,30,20,600,DTSA,0,2431,601800,600000,167,17.829,,,,,600,0.5,6,6,-5.0,5.0,5ee1241,2026-07-24T13:22:53,1.0,601200,,,,,,DTSA+LS,N=D,C3,2431,10,0,True
ta41,30,20,600,DTSA,1,2503,601800,600000,167,17.714,,,,,600,0.5,6,6,-5.0,5.0,5ee1241,2026-07-24T13:22:53,1.0,601200,,,,,,DTSA-core,N=D,C3,2503,0,0,True
ta41,30,20,600,DTSA,1,2503,601800,600000,167,17.714,,,,,600,0.5,6,6,-5.0,5.0,5ee1241,2026-07-24T13:22:53,1.0,601200,,,,,,DTSA+LS,N=D,C3,2503,9,0,True
ta41,30,20,600,DTSA,2,2481,601800,600000,167,17.671,,,,,600,0.5,6,6,-5.0,5.0,5ee1241,2026-07-24T13:22:53,1.0,601200,,,,,,DTSA-core,N=D,C3,2481,0,0,True
ta41,30,20,600,DTSA,2,2481,601800,600000,167,17.671,,,,,600,0.5,6,6,-5.0,5.0,5ee1241,2026-07-24T13:22:53,1.0,601200,,,,,,DTSA+LS,N=D,C3,2481,9,0,True
ta41,30,20,600,DTSA,3,2445,601800,600000,167,17.839,,,,,600,0.5,6,6,-5.0,5.0,5ee1241,2026-07-24T13:22:53,1.0,601200,,,,,,DTSA-core,N=D,C3,2445,0,0,True
ta41,30,20,600,DTSA,3,2445,601800,600000,167,17.839,,,,,600,0.5,6,6,-5.0,5.0,5ee1241,2026-07-24T13:22:53,1.0,601200,,,,,,DTSA+LS,N=D,C3,2445,18,0,True
ta41,30,20,600,DTSA,4,2519,601800,600000,167,17.833,,,,,600,0.5,6,6,-5.0,5.0,5ee1241,2026-07-24T13:22:53,1.0,601200,,,,,,DTSA-core,N=D,C3,2519,0,0,True
ta41,30,20,600,DTSA,4,2519,601800,600000,167,17.833,,,,,600,0.5,6,6,-5.0,5.0,5ee1241,2026-07-24T13:22:53,1.0,601200,,,,,,DTSA+LS,N=D,C3,2519,12,0,True
ta41,30,20,600,DTSA,5,2511,601800,600000,167,17.645,,,,,600,0.5,6,6,-5.0,5.0,5ee1241,2026-07-24T13:22:53,1.0,601200,,,,,,DTSA-core,N=D,C3,2511,0,0,True
ta41,30,20,600,DTSA,5,2511,601800,600000,167,17.645,,,,,600,0.5,6,6,-5.0,5.0,5ee1241,2026-07-24T13:22:53,1.0,601200,,,,,,DTSA+LS,N=D,C3,2511,10,0,True
ta41,30,20,600,DTSA,6,2586,601800,600000,167,17.628,,,,,600,0.5,6,6,-5.0,5.0,5ee1241,2026-07-24T13:23:10,1.0,601200,,,,,,DTSA-core,N=D,C3,2586,0,0,True
ta41,30,20,600,DTSA,6,2585,601800,600000,167,17.628,,,,,600,0.5,6,6,-5.0,5.0,5ee1241,2026-07-24T13:23:10,1.0,601200,,,,,,DTSA+LS,N=D,C3,2586,11,1,True
ta41,30,20,600,DTSA,7,2499,601800,600000,167,17.932,,,,,600,0.5,6,6,-5.0,5.0,5ee1241,2026-07-24T13:23:11,1.0,601200,,,,,,DTSA-core,N=D,C3,2499,0,0,True
ta41,30,20,600,DTSA,7,2499,601800,600000,167,17.932,,,,,600,0.5,6,6,-5.0,5.0,5ee1241,2026-07-24T13:23:11,1.0,601200,,,,,,DTSA+LS,N=D,C3,2499,8,0,True
ta41,30,20,600,DTSA,8,2470,601800,600000,167,17.924,,,,,600,0.5,6,6,-5.0,5.0,5ee1241,2026-07-24T13:23:11,1.0,601200,,,,,,DTSA-core,N=D,C3,2470,0,0,True
ta41,30,20,600,DTSA,8,2470,601800,600000,167,17.924,,,,,600,0.5,6,6,-5.0,5.0,5ee1241,2026-07-24T13:23:11,1.0,601200,,,,,,DTSA+LS,N=D,C3,2470,14,0,True
ta41,30,20,600,DTSA,9,2483,601800,600000,167,17.655,,,,,600,0.5,6,6,-5.0,5.0,5ee1241,2026-07-24T13:23:11,1.0,601200,,,,,,DTSA-core,N=D,C3,2483,0,0,True
ta41,30,20,600,DTSA,9,2483,601800,600000,167,17.655,,,,,600,0.5,6,6,-5.0,5.0,5ee1241,2026-07-24T13:23:11,1.0,601200,,,,,,DTSA+LS,N=D,C3,2483,13,0,True
ta41,30,20,600,DTSA,10,2488,601800,600000,167,17.858,,,,,600,0.5,6,6,-5.0,5.0,5ee1241,2026-07-24T13:23:11,1.0,601200,,,,,,DTSA-core,N=D,C3,2488,0,0,True
ta41,30,20,600,DTSA,10,2488,601800,600000,167,17.858,,,,,600,0.5,6,6,-5.0,5.0,5ee1241,2026-07-24T13:23:11,1.0,601200,,,,,,DTSA+LS,N=D,C3,2488,12,0,True
ta41,30,20,600,DTSA,11,2446,601800,600000,167,18.064,,,,,600,0.5,6,6,-5.0,5.0,5ee1241,2026-07-24T13:23:11,1.0,601200,,,,,,DTSA-core,N=D,C3,2446,0,0,True
ta41,30,20,600,DTSA,11,2446,601800,600000,167,18.064,,,,,600,0.5,6,6,-5.0,5.0,5ee1241,2026-07-24T13:23:11,1.0,601200,,,,,,DTSA+LS,N=D,C3,2446,8,0,True
ta41,30,20,600,DTSA,12,2506,601800,600000,167,17.882,,,,,600,0.5,6,6,-5.0,5.0,5ee1241,2026-07-24T13:23:28,1.0,601200,,,,,,DTSA-core,N=D,C3,2506,0,0,True
ta41,30,20,600,DTSA,12,2506,601800,600000,167,17.882,,,,,600,0.5,6,6,-5.0,5.0,5ee1241,2026-07-24T13:23:28,1.0,601200,,,,,,DTSA+LS,N=D,C3,2506,13,0,True
ta41,30,20,600,DTSA,13,2444,601800,600000,167,17.773,,,,,600,0.5,6,6,-5.0,5.0,5ee1241,2026-07-24T13:23:28,1.0,601200,,,,,,DTSA-core,N=D,C3,2444,0,0,True
ta41,30,20,600,DTSA,13,2438,601800,600000,167,17.773,,,,,600,0.5,6,6,-5.0,5.0,5ee1241,2026-07-24T13:23:28,1.0,601200,,,,,,DTSA+LS,N=D,C3,2444,16,4,True
ta41,30,20,600,DTSA,14,2458,601800,600000,167,17.841,,,,,600,0.5,6,6,-5.0,5.0,5ee1241,2026-07-24T13:23:29,1.0,601200,,,,,,DTSA-core,N=D,C3,2458,0,0,True
ta41,30,20,600,DTSA,14,2458,601800,600000,167,17.841,,,,,600,0.5,6,6,-5.0,5.0,5ee1241,2026-07-24T13:23:29,1.0,601200,,,,,,DTSA+LS,N=D,C3,2458,7,0,True
ta41,30,20,600,DTSA,15,2438,601800,600000,167,18.108,,,,,600,0.5,6,6,-5.0,5.0,5ee1241,2026-07-24T13:23:29,1.0,601200,,,,,,DTSA-core,N=D,C3,2438,0,0,True
ta41,30,20,600,DTSA,15,2438,601800,600000,167,18.108,,,,,600,0.5,6,6,-5.0,5.0,5ee1241,2026-07-24T13:23:29,1.0,601200,,,,,,DTSA+LS,N=D,C3,2438,9,0,True
ta41,30,20,600,DTSA,16,2512,601800,600000,167,18.516,,,,,600,0.5,6,6,-5.0,5.0,5ee1241,2026-07-24T13:23:29,1.0,601200,,,,,,DTSA-core,N=D,C3,2512,0,0,True
ta41,30,20,600,DTSA,16,2503,601800,600000,167,18.516,,,,,600,0.5,6,6,-5.0,5.0,5ee1241,2026-07-24T13:23:29,1.0,601200,,,,,,DTSA+LS,N=D,C3,2512,25,3,True
ta41,30,20,600,DTSA,17,2459,601800,600000,167,18.118,,,,,600,0.5,6,6,-5.0,5.0,5ee1241,2026-07-24T13:23:29,1.0,601200,,,,,,DTSA-core,N=D,C3,2459,0,0,True
ta41,30,20,600,DTSA,17,2444,601800,600000,167,18.118,,,,,600,0.5,6,6,-5.0,5.0,5ee1241,2026-07-24T13:23:29,1.0,601200,,,,,,DTSA+LS,N=D,C3,2459,27,5,True
ta41,30,20,600,DTSA,18,2462,601800,600000,167,16.881,,,,,600,0.5,6,6,-5.0,5.0,5ee1241,2026-07-24T13:23:45,1.0,601200,,,,,,DTSA-core,N=D,C3,2462,0,0,True
ta41,30,20,600,DTSA,18,2462,601800,600000,167,16.881,,,,,600,0.5,6,6,-5.0,5.0,5ee1241,2026-07-24T13:23:45,1.0,601200,,,,,,DTSA+LS,N=D,C3,2462,15,0,True
ta41,30,20,600,DTSA,19,2441,601800,600000,167,16.752,,,,,600,0.5,6,6,-5.0,5.0,5ee1241,2026-07-24T13:23:45,1.0,601200,,,,,,DTSA-core,N=D,C3,2441,0,0,True
ta41,30,20,600,DTSA,19,2441,601800,600000,167,16.752,,,,,600,0.5,6,6,-5.0,5.0,5ee1241,2026-07-24T13:23:45,1.0,601200,,,,,,DTSA+LS,N=D,C3,2441,8,0,True
ta42,30,20,600,DTSA,0,2455,601800,600000,167,17.466,,,,,600,0.5,6,6,-5.0,5.0,5ee1241,2026-07-24T13:24:03,1.0,601200,,,,,,DTSA-core,N=D,C3,2455,0,0,True
ta42,30,20,600,DTSA,0,2455,601800,600000,167,17.466,,,,,600,0.5,6,6,-5.0,5.0,5ee1241,2026-07-24T13:24:03,1.0,601200,,,,,,DTSA+LS,N=D,C3,2455,8,0,True
ta42,30,20,600,DTSA,1,2422,601800,600000,167,17.881,,,,,600,0.5,6,6,-5.0,5.0,5ee1241,2026-07-24T13:24:03,1.0,601200,,,,,,DTSA-core,N=D,C3,2422,0,0,True
ta42,30,20,600,DTSA,1,2422,601800,600000,167,17.881,,,,,600,0.5,6,6,-5.0,5.0,5ee1241,2026-07-24T13:24:03,1.0,601200,,,,,,DTSA+LS,N=D,C3,2422,11,0,True
ta42,30,20,600,DTSA,2,2408,601800,600000,167,17.647,,,,,600,0.5,6,6,-5.0,5.0,5ee1241,2026-07-24T13:24:03,1.0,601200,,,,,,DTSA-core,N=D,C3,2408,0,0,True
ta42,30,20,600,DTSA,2,2408,601800,600000,167,17.647,,,,,600,0.5,6,6,-5.0,5.0,5ee1241,2026-07-24T13:24:03,1.0,601200,,,,,,DTSA+LS,N=D,C3,2408,6,0,True
ta42,30,20,600,DTSA,3,2403,601800,600000,167,17.923,,,,,600,0.5,6,6,-5.0,5.0,5ee1241,2026-07-24T13:24:03,1.0,601200,,,,,,DTSA-core,N=D,C3,2403,0,0,True
ta42,30,20,600,DTSA,3,2403,601800,600000,167,17.923,,,,,600,0.5,6,6,-5.0,5.0,5ee1241,2026-07-24T13:24:03,1.0,601200,,,,,,DTSA+LS,N=D,C3,2403,8,0,True
ta42,30,20,600,DTSA,4,2453,601800,600000,167,17.712,,,,,600,0.5,6,6,-5.0,5.0,5ee1241,2026-07-24T13:24:03,1.0,601200,,,,,,DTSA-core,N=D,C3,2453,0,0,True
ta42,30,20,600,DTSA,4,2453,601800,600000,167,17.712,,,,,600,0.5,6,6,-5.0,5.0,5ee1241,2026-07-24T13:24:03,1.0,601200,,,,,,DTSA+LS,N=D,C3,2453,10,0,True
ta42,30,20,600,DTSA,5,2445,601800,600000,167,17.837,,,,,600,0.5,6,6,-5.0,5.0,5ee1241,2026-07-24T13:24:03,1.0,601200,,,,,,DTSA-core,N=D,C3,2445,0,0,True
ta42,30,20,600,DTSA,5,2444,601800,600000,167,17.837,,,,,600,0.5,6,6,-5.0,5.0,5ee1241,2026-07-24T13:24:03,1.0,601200,,,,,,DTSA+LS,N=D,C3,2445,11,1,True
ta42,30,20,600,DTSA,6,2380,601800,600000,167,17.762,,,,,600,0.5,6,6,-5.0,5.0,5ee1241,2026-07-24T13:24:20,1.0,601200,,,,,,DTSA-core,N=D,C3,2380,0,0,True
ta42,30,20,600,DTSA,6,2380,601800,600000,167,17.762,,,,,600,0.5,6,6,-5.0,5.0,5ee1241,2026-07-24T13:24:20,1.0,601200,,,,,,DTSA+LS,N=D,C3,2380,6,0,True
ta42,30,20,600,DTSA,7,2417,601800,600000,167,17.957,,,,,600,0.5,6,6,-5.0,5.0,5ee1241,2026-07-24T13:24:21,1.0,601200,,,,,,DTSA-core,N=D,C3,2417,0,0,True
ta42,30,20,600,DTSA,7,2417,601800,600000,167,17.957,,,,,600,0.5,6,6,-5.0,5.0,5ee1241,2026-07-24T13:24:21,1.0,601200,,,,,,DTSA+LS,N=D,C3,2417,12,0,True
ta42,30,20,600,DTSA,8,2447,601800,600000,167,17.989,,,,,600,0.5,6,6,-5.0,5.0,5ee1241,2026-07-24T13:24:21,1.0,601200,,,,,,DTSA-core,N=D,C3,2447,0,0,True
ta42,30,20,600,DTSA,8,2447,601800,600000,167,17.989,,,,,600,0.5,6,6,-5.0,5.0,5ee1241,2026-07-24T13:24:21,1.0,601200,,,,,,DTSA+LS,N=D,C3,2447,11,0,True
ta42,30,20,600,DTSA,9,2383,601800,600000,167,18.137,,,,,600,0.5,6,6,-5.0,5.0,5ee1241,2026-07-24T13:24:21,1.0,601200,,,,,,DTSA-core,N=D,C3,2383,0,0,True
ta42,30,20,600,DTSA,9,2381,601800,600000,167,18.137,,,,,600,0.5,6,6,-5.0,5.0,5ee1241,2026-07-24T13:24:21,1.0,601200,,,,,,DTSA+LS,N=D,C3,2383,13,2,True
ta42,30,20,600,DTSA,10,2398,601800,600000,167,17.878,,,,,600,0.5,6,6,-5.0,5.0,5ee1241,2026-07-24T13:24:21,1.0,601200,,,,,,DTSA-core,N=D,C3,2398,0,0,True
ta42,30,20,600,DTSA,10,2384,601800,600000,167,17.878,,,,,600,0.5,6,6,-5.0,5.0,5ee1241,2026-07-24T13:24:21,1.0,601200,,,,,,DTSA+LS,N=D,C3,2398,29,4,True
ta42,30,20,600,DTSA,11,2404,601800,600000,167,18.768,,,,,600,0.5,6,6,-5.0,5.0,5ee1241,2026-07-24T13:24:22,1.0,601200,,,,,,DTSA-core,N=D,C3,2404,0,0,True
ta42,30,20,600,DTSA,11,2404,601800,600000,167,18.768,,,,,600,0.5,6,6,-5.0,5.0,5ee1241,2026-07-24T13:24:22,1.0,601200,,,,,,DTSA+LS,N=D,C3,2404,14,0,True
ta42,30,20,600,DTSA,12,2438,601800,600000,167,18.289,,,,,600,0.5,6,6,-5.0,5.0,5ee1241,2026-07-24T13:24:39,1.0,601200,,,,,,DTSA-core,N=D,C3,2438,0,0,True
ta42,30,20,600,DTSA,12,2438,601800,600000,167,18.289,,,,,600,0.5,6,6,-5.0,5.0,5ee1241,2026-07-24T13:24:39,1.0,601200,,,,,,DTSA+LS,N=D,C3,2438,8,0,True
ta42,30,20,600,DTSA,13,2346,601800,600000,167,18.152,,,,,600,0.5,6,6,-5.0,5.0,5ee1241,2026-07-24T13:24:39,1.0,601200,,,,,,DTSA-core,N=D,C3,2346,0,0,True
ta42,30,20,600,DTSA,13,2346,601800,600000,167,18.152,,,,,600,0.5,6,6,-5.0,5.0,5ee1241,2026-07-24T13:24:39,1.0,601200,,,,,,DTSA+LS,N=D,C3,2346,9,0,True
ta42,30,20,600,DTSA,14,2401,601800,600000,167,17.918,,,,,600,0.5,6,6,-5.0,5.0,5ee1241,2026-07-24T13:24:39,1.0,601200,,,,,,DTSA-core,N=D,C3,2401,0,0,True
ta42,30,20,600,DTSA,14,2401,601800,600000,167,17.918,,,,,600,0.5,6,6,-5.0,5.0,5ee1241,2026-07-24T13:24:39,1.0,601200,,,,,,DTSA+LS,N=D,C3,2401,10,0,True
ta42,30,20,600,DTSA,15,2362,601800,600000,167,18.044,,,,,600,0.5,6,6,-5.0,5.0,5ee1241,2026-07-24T13:24:39,1.0,601200,,,,,,DTSA-core,N=D,C3,2362,0,0,True
ta42,30,20,600,DTSA,15,2362,601800,600000,167,18.044,,,,,600,0.5,6,6,-5.0,5.0,5ee1241,2026-07-24T13:24:39,1.0,601200,,,,,,DTSA+LS,N=D,C3,2362,6,0,True
ta42,30,20,600,DTSA,16,2296,601800,600000,167,18.101,,,,,600,0.5,6,6,-5.0,5.0,5ee1241,2026-07-24T13:24:39,1.0,601200,,,,,,DTSA-core,N=D,C3,2296,0,0,True
ta42,30,20,600,DTSA,16,2296,601800,600000,167,18.101,,,,,600,0.5,6,6,-5.0,5.0,5ee1241,2026-07-24T13:24:39,1.0,601200,,,,,,DTSA+LS,N=D,C3,2296,12,0,True
ta42,30,20,600,DTSA,17,2384,601800,600000,167,18.579,,,,,600,0.5,6,6,-5.0,5.0,5ee1241,2026-07-24T13:24:41,1.0,601200,,,,,,DTSA-core,N=D,C3,2384,0,0,True
ta42,30,20,600,DTSA,17,2382,601800,600000,167,18.579,,,,,600,0.5,6,6,-5.0,5.0,5ee1241,2026-07-24T13:24:41,1.0,601200,,,,,,DTSA+LS,N=D,C3,2384,13,1,True
ta42,30,20,600,DTSA,18,2368,601800,600000,167,16.837,,,,,600,0.5,6,6,-5.0,5.0,5ee1241,2026-07-24T13:24:56,1.0,601200,,,,,,DTSA-core,N=D,C3,2368,0,0,True
ta42,30,20,600,DTSA,18,2368,601800,600000,167,16.837,,,,,600,0.5,6,6,-5.0,5.0,5ee1241,2026-07-24T13:24:56,1.0,601200,,,,,,DTSA+LS,N=D,C3,2368,8,0,True
ta42,30,20,600,DTSA,19,2446,601800,600000,167,16.808,,,,,600,0.5,6,6,-5.0,5.0,5ee1241,2026-07-24T13:24:56,1.0,601200,,,,,,DTSA-core,N=D,C3,2446,0,0,True
ta42,30,20,600,DTSA,19,2446,601800,600000,167,16.808,,,,,600,0.5,6,6,-5.0,5.0,5ee1241,2026-07-24T13:24:56,1.0,601200,,,,,,DTSA+LS,N=D,C3,2446,8,0,True
ta43,30,20,600,DTSA,0,2229,601800,600000,167,18.115,,,,,600,0.5,6,6,-5.0,5.0,5ee1241,2026-07-24T13:25:14,1.0,601200,,,,,,DTSA-core,N=D,C3,2229,0,0,True
ta43,30,20,600,DTSA,0,2229,601800,600000,167,18.115,,,,,600,0.5,6,6,-5.0,5.0,5ee1241,2026-07-24T13:25:14,1.0,601200,,,,,,DTSA+LS,N=D,C3,2229,9,0,True
ta43,30,20,600,DTSA,1,2260,601800,600000,167,17.889,,,,,600,0.5,6,6,-5.0,5.0,5ee1241,2026-07-24T13:25:14,1.0,601200,,,,,,DTSA-core,N=D,C3,2260,0,0,True
ta43,30,20,600,DTSA,1,2260,601800,600000,167,17.889,,,,,600,0.5,6,6,-5.0,5.0,5ee1241,2026-07-24T13:25:14,1.0,601200,,,,,,DTSA+LS,N=D,C3,2260,12,0,True
ta43,30,20,600,DTSA,2,2200,601800,600000,167,17.97,,,,,600,0.5,6,6,-5.0,5.0,5ee1241,2026-07-24T13:25:14,1.0,601200,,,,,,DTSA-core,N=D,C3,2200,0,0,True
ta43,30,20,600,DTSA,2,2200,601800,600000,167,17.97,,,,,600,0.5,6,6,-5.0,5.0,5ee1241,2026-07-24T13:25:14,1.0,601200,,,,,,DTSA+LS,N=D,C3,2200,14,0,True
ta43,30,20,600,DTSA,3,2246,601800,600000,167,18.3,,,,,600,0.5,6,6,-5.0,5.0,5ee1241,2026-07-24T13:25:14,1.0,601200,,,,,,DTSA-core,N=D,C3,2246,0,0,True
ta43,30,20,600,DTSA,3,2246,601800,600000,167,18.3,,,,,600,0.5,6,6,-5.0,5.0,5ee1241,2026-07-24T13:25:14,1.0,601200,,,,,,DTSA+LS,N=D,C3,2246,9,0,True
ta43,30,20,600,DTSA,4,2260,601800,600000,167,17.904,,,,,600,0.5,6,6,-5.0,5.0,5ee1241,2026-07-24T13:25:14,1.0,601200,,,,,,DTSA-core,N=D,C3,2260,0,0,True
ta43,30,20,600,DTSA,4,2260,601800,600000,167,17.904,,,,,600,0.5,6,6,-5.0,5.0,5ee1241,2026-07-24T13:25:14,1.0,601200,,,,,,DTSA+LS,N=D,C3,2260,10,0,True
ta43,30,20,600,DTSA,5,2250,601800,600000,167,17.761,,,,,600,0.5,6,6,-5.0,5.0,5ee1241,2026-07-24T13:25:14,1.0,601200,,,,,,DTSA-core,N=D,C3,2250,0,0,True
ta43,30,20,600,DTSA,5,2240,601800,600000,167,17.761,,,,,600,0.5,6,6,-5.0,5.0,5ee1241,2026-07-24T13:25:14,1.0,601200,,,,,,DTSA+LS,N=D,C3,2250,24,4,True
ta43,30,20,600,DTSA,6,2231,601800,600000,167,18.047,,,,,600,0.5,6,6,-5.0,5.0,5ee1241,2026-07-24T13:25:32,1.0,601200,,,,,,DTSA-core,N=D,C3,2231,0,0,True
ta43,30,20,600,DTSA,6,2231,601800,600000,167,18.047,,,,,600,0.5,6,6,-5.0,5.0,5ee1241,2026-07-24T13:25:32,1.0,601200,,,,,,DTSA+LS,N=D,C3,2231,13,0,True
ta43,30,20,600,DTSA,7,2254,601800,600000,167,18.183,,,,,600,0.5,6,6,-5.0,5.0,5ee1241,2026-07-24T13:25:32,1.0,601200,,,,,,DTSA-core,N=D,C3,2254,0,0,True
ta43,30,20,600,DTSA,7,2254,601800,600000,167,18.183,,,,,600,0.5,6,6,-5.0,5.0,5ee1241,2026-07-24T13:25:32,1.0,601200,,,,,,DTSA+LS,N=D,C3,2254,14,0,True
ta43,30,20,600,DTSA,8,2313,601800,600000,167,17.809,,,,,600,0.5,6,6,-5.0,5.0,5ee1241,2026-07-24T13:25:31,1.0,601200,,,,,,DTSA-core,N=D,C3,2313,0,0,True
ta43,30,20,600,DTSA,8,2293,601800,600000,167,17.809,,,,,600,0.5,6,6,-5.0,5.0,5ee1241,2026-07-24T13:25:31,1.0,601200,,,,,,DTSA+LS,N=D,C3,2313,94,10,True
ta43,30,20,600,DTSA,9,2229,601800,600000,167,18.45,,,,,600,0.5,6,6,-5.0,5.0,5ee1241,2026-07-24T13:25:32,1.0,601200,,,,,,DTSA-core,N=D,C3,2229,0,0,True
ta43,30,20,600,DTSA,9,2217,601800,600000,167,18.45,,,,,600,0.5,6,6,-5.0,5.0,5ee1241,2026-07-24T13:25:32,1.0,601200,,,,,,DTSA+LS,N=D,C3,2229,29,6,True
ta43,30,20,600,DTSA,10,2238,601800,600000,167,18.432,,,,,600,0.5,6,6,-5.0,5.0,5ee1241,2026-07-24T13:25:32,1.0,601200,,,,,,DTSA-core,N=D,C3,2238,0,0,True
ta43,30,20,600,DTSA,10,2235,601800,600000,167,18.432,,,,,600,0.5,6,6,-5.0,5.0,5ee1241,2026-07-24T13:25:32,1.0,601200,,,,,,DTSA+LS,N=D,C3,2238,35,3,True
ta43,30,20,600,DTSA,11,2224,601800,600000,167,18.436,,,,,600,0.5,6,6,-5.0,5.0,5ee1241,2026-07-24T13:25:33,1.0,601200,,,,,,DTSA-core,N=D,C3,2224,0,0,True
ta43,30,20,600,DTSA,11,2224,601800,600000,167,18.436,,,,,600,0.5,6,6,-5.0,5.0,5ee1241,2026-07-24T13:25:33,1.0,601200,,,,,,DTSA+LS,N=D,C3,2224,10,0,True
ta43,30,20,600,DTSA,12,2277,601800,600000,167,17.986,,,,,600,0.5,6,6,-5.0,5.0,5ee1241,2026-07-24T13:25:50,1.0,601200,,,,,,DTSA-core,N=D,C3,2277,0,0,True
ta43,30,20,600,DTSA,12,2277,601800,600000,167,17.986,,,,,600,0.5,6,6,-5.0,5.0,5ee1241,2026-07-24T13:25:50,1.0,601200,,,,,,DTSA+LS,N=D,C3,2277,7,0,True
ta43,30,20,600,DTSA,13,2207,601800,600000,167,18.131,,,,,600,0.5,6,6,-5.0,5.0,5ee1241,2026-07-24T13:25:50,1.0,601200,,,,,,DTSA-core,N=D,C3,2207,0,0,True
ta43,30,20,600,DTSA,13,2207,601800,600000,167,18.131,,,,,600,0.5,6,6,-5.0,5.0,5ee1241,2026-07-24T13:25:50,1.0,601200,,,,,,DTSA+LS,N=D,C3,2207,8,0,True
ta43,30,20,600,DTSA,14,2269,601800,600000,167,18.199,,,,,600,0.5,6,6,-5.0,5.0,5ee1241,2026-07-24T13:25:50,1.0,601200,,,,,,DTSA-core,N=D,C3,2269,0,0,True
ta43,30,20,600,DTSA,14,2269,601800,600000,167,18.199,,,,,600,0.5,6,6,-5.0,5.0,5ee1241,2026-07-24T13:25:50,1.0,601200,,,,,,DTSA+LS,N=D,C3,2269,8,0,True
ta43,30,20,600,DTSA,15,2275,601800,600000,167,18.287,,,,,600,0.5,6,6,-5.0,5.0,5ee1241,2026-07-24T13:25:51,1.0,601200,,,,,,DTSA-core,N=D,C3,2275,0,0,True
ta43,30,20,600,DTSA,15,2275,601800,600000,167,18.287,,,,,600,0.5,6,6,-5.0,5.0,5ee1241,2026-07-24T13:25:51,1.0,601200,,,,,,DTSA+LS,N=D,C3,2275,8,0,True
ta43,30,20,600,DTSA,16,2287,601800,600000,167,17.939,,,,,600,0.5,6,6,-5.0,5.0,5ee1241,2026-07-24T13:25:50,1.0,601200,,,,,,DTSA-core,N=D,C3,2287,0,0,True
ta43,30,20,600,DTSA,16,2287,601800,600000,167,17.939,,,,,600,0.5,6,6,-5.0,5.0,5ee1241,2026-07-24T13:25:50,1.0,601200,,,,,,DTSA+LS,N=D,C3,2287,14,0,True
ta43,30,20,600,DTSA,17,2190,601800,600000,167,18.677,,,,,600,0.5,6,6,-5.0,5.0,5ee1241,2026-07-24T13:25:51,1.0,601200,,,,,,DTSA-core,N=D,C3,2190,0,0,True
ta43,30,20,600,DTSA,17,2190,601800,600000,167,18.677,,,,,600,0.5,6,6,-5.0,5.0,5ee1241,2026-07-24T13:25:51,1.0,601200,,,,,,DTSA+LS,N=D,C3,2190,17,0,True
ta43,30,20,600,DTSA,18,2216,601800,600000,167,17.112,,,,,600,0.5,6,6,-5.0,5.0,5ee1241,2026-07-24T13:26:07,1.0,601200,,,,,,DTSA-core,N=D,C3,2216,0,0,True
ta43,30,20,600,DTSA,18,2216,601800,600000,167,17.112,,,,,600,0.5,6,6,-5.0,5.0,5ee1241,2026-07-24T13:26:07,1.0,601200,,,,,,DTSA+LS,N=D,C3,2216,12,0,True
ta43,30,20,600,DTSA,19,2307,601800,600000,167,17.334,,,,,600,0.5,6,6,-5.0,5.0,5ee1241,2026-07-24T13:26:07,1.0,601200,,,,,,DTSA-core,N=D,C3,2307,0,0,True
ta43,30,20,600,DTSA,19,2307,601800,600000,167,17.334,,,,,600,0.5,6,6,-5.0,5.0,5ee1241,2026-07-24T13:26:07,1.0,601200,,,,,,DTSA+LS,N=D,C3,2307,10,0,True
ta44,30,20,600,DTSA,0,2375,601800,600000,167,18.089,,,,,600,0.5,6,6,-5.0,5.0,5ee1241,2026-07-24T13:26:25,1.0,601200,,,,,,DTSA-core,N=D,C3,2375,0,0,True
ta44,30,20,600,DTSA,0,2375,601800,600000,167,18.089,,,,,600,0.5,6,6,-5.0,5.0,5ee1241,2026-07-24T13:26:25,1.0,601200,,,,,,DTSA+LS,N=D,C3,2375,8,0,True
ta44,30,20,600,DTSA,1,2372,601800,600000,167,17.818,,,,,600,0.5,6,6,-5.0,5.0,5ee1241,2026-07-24T13:26:25,1.0,601200,,,,,,DTSA-core,N=D,C3,2372,0,0,True
ta44,30,20,600,DTSA,1,2372,601800,600000,167,17.818,,,,,600,0.5,6,6,-5.0,5.0,5ee1241,2026-07-24T13:26:25,1.0,601200,,,,,,DTSA+LS,N=D,C3,2372,7,0,True
ta44,30,20,600,DTSA,2,2314,601800,600000,167,17.956,,,,,600,0.5,6,6,-5.0,5.0,5ee1241,2026-07-24T13:26:25,1.0,601200,,,,,,DTSA-core,N=D,C3,2314,0,0,True
ta44,30,20,600,DTSA,2,2309,601800,600000,167,17.956,,,,,600,0.5,6,6,-5.0,5.0,5ee1241,2026-07-24T13:26:25,1.0,601200,,,,,,DTSA+LS,N=D,C3,2314,13,1,True
ta44,30,20,600,DTSA,3,2418,601800,600000,167,17.924,,,,,600,0.5,6,6,-5.0,5.0,5ee1241,2026-07-24T13:26:25,1.0,601200,,,,,,DTSA-core,N=D,C3,2418,0,0,True
ta44,30,20,600,DTSA,3,2417,601800,600000,167,17.924,,,,,600,0.5,6,6,-5.0,5.0,5ee1241,2026-07-24T13:26:25,1.0,601200,,,,,,DTSA+LS,N=D,C3,2418,14,1,True
ta44,30,20,600,DTSA,4,2436,601800,600000,167,17.632,,,,,600,0.5,6,6,-5.0,5.0,5ee1241,2026-07-24T13:26:25,1.0,601200,,,,,,DTSA-core,N=D,C3,2436,0,0,True
ta44,30,20,600,DTSA,4,2436,601800,600000,167,17.632,,,,,600,0.5,6,6,-5.0,5.0,5ee1241,2026-07-24T13:26:25,1.0,601200,,,,,,DTSA+LS,N=D,C3,2436,10,0,True
ta44,30,20,600,DTSA,5,2419,601800,600000,167,17.57,,,,,600,0.5,6,6,-5.0,5.0,5ee1241,2026-07-24T13:26:25,1.0,601200,,,,,,DTSA-core,N=D,C3,2419,0,0,True
ta44,30,20,600,DTSA,5,2419,601800,600000,167,17.57,,,,,600,0.5,6,6,-5.0,5.0,5ee1241,2026-07-24T13:26:25,1.0,601200,,,,,,DTSA+LS,N=D,C3,2419,6,0,True
ta44,30,20,600,DTSA,6,2429,601800,600000,167,17.893,,,,,600,0.5,6,6,-5.0,5.0,5ee1241,2026-07-24T13:26:43,1.0,601200,,,,,,DTSA-core,N=D,C3,2429,0,0,True
ta44,30,20,600,DTSA,6,2429,601800,600000,167,17.893,,,,,600,0.5,6,6,-5.0,5.0,5ee1241,2026-07-24T13:26:43,1.0,601200,,,,,,DTSA+LS,N=D,C3,2429,6,0,True
ta44,30,20,600,DTSA,7,2432,601800,600000,167,17.538,,,,,600,0.5,6,6,-5.0,5.0,5ee1241,2026-07-24T13:26:42,1.0,601200,,,,,,DTSA-core,N=D,C3,2432,0,0,True
ta44,30,20,600,DTSA,7,2406,601800,600000,167,17.538,,,,,600,0.5,6,6,-5.0,5.0,5ee1241,2026-07-24T13:26:42,1.0,601200,,,,,,DTSA+LS,N=D,C3,2432,36,7,True
ta44,30,20,600,DTSA,8,2434,601800,600000,167,17.627,,,,,600,0.5,6,6,-5.0,5.0,5ee1241,2026-07-24T13:26:43,1.0,601200,,,,,,DTSA-core,N=D,C3,2434,0,0,True
ta44,30,20,600,DTSA,8,2434,601800,600000,167,17.627,,,,,600,0.5,6,6,-5.0,5.0,5ee1241,2026-07-24T13:26:43,1.0,601200,,,,,,DTSA+LS,N=D,C3,2434,9,0,True
ta44,30,20,600,DTSA,9,2356,601800,600000,167,18.312,,,,,600,0.5,6,6,-5.0,5.0,5ee1241,2026-07-24T13:26:43,1.0,601200,,,,,,DTSA-core,N=D,C3,2356,0,0,True
ta44,30,20,600,DTSA,9,2356,601800,600000,167,18.312,,,,,600,0.5,6,6,-5.0,5.0,5ee1241,2026-07-24T13:26:43,1.0,601200,,,,,,DTSA+LS,N=D,C3,2356,9,0,True
ta44,30,20,600,DTSA,10,2402,601800,600000,167,17.975,,,,,600,0.5,6,6,-5.0,5.0,5ee1241,2026-07-24T13:26:43,1.0,601200,,,,,,DTSA-core,N=D,C3,2402,0,0,True
ta44,30,20,600,DTSA,10,2402,601800,600000,167,17.975,,,,,600,0.5,6,6,-5.0,5.0,5ee1241,2026-07-24T13:26:43,1.0,601200,,,,,,DTSA+LS,N=D,C3,2402,8,0,True
ta44,30,20,600,DTSA,11,2432,601800,600000,167,17.87,,,,,600,0.5,6,6,-5.0,5.0,5ee1241,2026-07-24T13:26:43,1.0,601200,,,,,,DTSA-core,N=D,C3,2432,0,0,True
ta44,30,20,600,DTSA,11,2432,601800,600000,167,17.87,,,,,600,0.5,6,6,-5.0,5.0,5ee1241,2026-07-24T13:26:43,1.0,601200,,,,,,DTSA+LS,N=D,C3,2432,6,0,True
ta44,30,20,600,DTSA,12,2405,601800,600000,167,18.088,,,,,600,0.5,6,6,-5.0,5.0,5ee1241,2026-07-24T13:27:00,1.0,601200,,,,,,DTSA-core,N=D,C3,2405,0,0,True
ta44,30,20,600,DTSA,12,2400,601800,600000,167,18.088,,,,,600,0.5,6,6,-5.0,5.0,5ee1241,2026-07-24T13:27:00,1.0,601200,,,,,,DTSA+LS,N=D,C3,2405,15,2,True
ta44,30,20,600,DTSA,13,2368,601800,600000,167,18.079,,,,,600,0.5,6,6,-5.0,5.0,5ee1241,2026-07-24T13:27:01,1.0,601200,,,,,,DTSA-core,N=D,C3,2368,0,0,True
ta44,30,20,600,DTSA,13,2354,601800,600000,167,18.079,,,,,600,0.5,6,6,-5.0,5.0,5ee1241,2026-07-24T13:27:01,1.0,601200,,,,,,DTSA+LS,N=D,C3,2368,40,6,True
ta44,30,20,600,DTSA,14,2385,601800,600000,167,17.918,,,,,600,0.5,6,6,-5.0,5.0,5ee1241,2026-07-24T13:27:01,1.0,601200,,,,,,DTSA-core,N=D,C3,2385,0,0,True
ta44,30,20,600,DTSA,14,2385,601800,600000,167,17.918,,,,,600,0.5,6,6,-5.0,5.0,5ee1241,2026-07-24T13:27:01,1.0,601200,,,,,,DTSA+LS,N=D,C3,2385,7,0,True
ta44,30,20,600,DTSA,15,2338,601800,600000,167,18.142,,,,,600,0.5,6,6,-5.0,5.0,5ee1241,2026-07-24T13:27:01,1.0,601200,,,,,,DTSA-core,N=D,C3,2338,0,0,True
ta44,30,20,600,DTSA,15,2338,601800,600000,167,18.142,,,,,600,0.5,6,6,-5.0,5.0,5ee1241,2026-07-24T13:27:01,1.0,601200,,,,,,DTSA+LS,N=D,C3,2338,10,0,True
ta44,30,20,600,DTSA,16,2402,601800,600000,167,18.039,,,,,600,0.5,6,6,-5.0,5.0,5ee1241,2026-07-24T13:27:01,1.0,601200,,,,,,DTSA-core,N=D,C3,2402,0,0,True
ta44,30,20,600,DTSA,16,2402,601800,600000,167,18.039,,,,,600,0.5,6,6,-5.0,5.0,5ee1241,2026-07-24T13:27:01,1.0,601200,,,,,,DTSA+LS,N=D,C3,2402,8,0,True
ta44,30,20,600,DTSA,17,2375,601800,600000,167,18.558,,,,,600,0.5,6,6,-5.0,5.0,5ee1241,2026-07-24T13:27:02,1.0,601200,,,,,,DTSA-core,N=D,C3,2375,0,0,True
ta44,30,20,600,DTSA,17,2375,601800,600000,167,18.558,,,,,600,0.5,6,6,-5.0,5.0,5ee1241,2026-07-24T13:27:02,1.0,601200,,,,,,DTSA+LS,N=D,C3,2375,7,0,True
ta44,30,20,600,DTSA,18,2379,601800,600000,167,16.803,,,,,600,0.5,6,6,-5.0,5.0,5ee1241,2026-07-24T13:27:17,1.0,601200,,,,,,DTSA-core,N=D,C3,2379,0,0,True
ta44,30,20,600,DTSA,18,2379,601800,600000,167,16.803,,,,,600,0.5,6,6,-5.0,5.0,5ee1241,2026-07-24T13:27:17,1.0,601200,,,,,,DTSA+LS,N=D,C3,2379,6,0,True
ta44,30,20,600,DTSA,19,2360,601800,600000,167,16.9,,,,,600,0.5,6,6,-5.0,5.0,5ee1241,2026-07-24T13:27:18,1.0,601200,,,,,,DTSA-core,N=D,C3,2360,0,0,True
ta44,30,20,600,DTSA,19,2360,601800,600000,167,16.9,,,,,600,0.5,6,6,-5.0,5.0,5ee1241,2026-07-24T13:27:18,1.0,601200,,,,,,DTSA+LS,N=D,C3,2360,7,0,True
ta45,30,20,600,DTSA,0,2453,601800,600000,167,17.298,,,,,600,0.5,6,6,-5.0,5.0,5ee1241,2026-07-24T13:27:35,1.0,601200,,,,,,DTSA-core,N=D,C3,2453,0,0,True
ta45,30,20,600,DTSA,0,2453,601800,600000,167,17.298,,,,,600,0.5,6,6,-5.0,5.0,5ee1241,2026-07-24T13:27:35,1.0,601200,,,,,,DTSA+LS,N=D,C3,2453,9,0,True
ta45,30,20,600,DTSA,1,2389,601800,600000,167,17.52,,,,,600,0.5,6,6,-5.0,5.0,5ee1241,2026-07-24T13:27:35,1.0,601200,,,,,,DTSA-core,N=D,C3,2389,0,0,True
ta45,30,20,600,DTSA,1,2389,601800,600000,167,17.52,,,,,600,0.5,6,6,-5.0,5.0,5ee1241,2026-07-24T13:27:35,1.0,601200,,,,,,DTSA+LS,N=D,C3,2389,8,0,True
ta45,30,20,600,DTSA,2,2471,601800,600000,167,17.723,,,,,600,0.5,6,6,-5.0,5.0,5ee1241,2026-07-24T13:27:35,1.0,601200,,,,,,DTSA-core,N=D,C3,2471,0,0,True
ta45,30,20,600,DTSA,2,2471,601800,600000,167,17.723,,,,,600,0.5,6,6,-5.0,5.0,5ee1241,2026-07-24T13:27:35,1.0,601200,,,,,,DTSA+LS,N=D,C3,2471,10,0,True
ta45,30,20,600,DTSA,3,2317,601800,600000,167,18.518,,,,,600,0.5,6,6,-5.0,5.0,5ee1241,2026-07-24T13:27:36,1.0,601200,,,,,,DTSA-core,N=D,C3,2317,0,0,True
ta45,30,20,600,DTSA,3,2317,601800,600000,167,18.518,,,,,600,0.5,6,6,-5.0,5.0,5ee1241,2026-07-24T13:27:36,1.0,601200,,,,,,DTSA+LS,N=D,C3,2317,9,0,True
ta45,30,20,600,DTSA,4,2351,601800,600000,167,17.472,,,,,600,0.5,6,6,-5.0,5.0,5ee1241,2026-07-24T13:27:35,1.0,601200,,,,,,DTSA-core,N=D,C3,2351,0,0,True
ta45,30,20,600,DTSA,4,2351,601800,600000,167,17.472,,,,,600,0.5,6,6,-5.0,5.0,5ee1241,2026-07-24T13:27:35,1.0,601200,,,,,,DTSA+LS,N=D,C3,2351,5,0,True
ta45,30,20,600,DTSA,5,2328,601800,600000,167,17.482,,,,,600,0.5,6,6,-5.0,5.0,5ee1241,2026-07-24T13:27:35,1.0,601200,,,,,,DTSA-core,N=D,C3,2328,0,0,True
ta45,30,20,600,DTSA,5,2328,601800,600000,167,17.482,,,,,600,0.5,6,6,-5.0,5.0,5ee1241,2026-07-24T13:27:35,1.0,601200,,,,,,DTSA+LS,N=D,C3,2328,10,0,True
ta45,30,20,600,DTSA,6,2365,601800,600000,167,17.616,,,,,600,0.5,6,6,-5.0,5.0,5ee1241,2026-07-24T13:27:53,1.0,601200,,,,,,DTSA-core,N=D,C3,2365,0,0,True
ta45,30,20,600,DTSA,6,2365,601800,600000,167,17.616,,,,,600,0.5,6,6,-5.0,5.0,5ee1241,2026-07-24T13:27:53,1.0,601200,,,,,,DTSA+LS,N=D,C3,2365,10,0,True
ta45,30,20,600,DTSA,7,2359,601800,600000,167,17.684,,,,,600,0.5,6,6,-5.0,5.0,5ee1241,2026-07-24T13:27:53,1.0,601200,,,,,,DTSA-core,N=D,C3,2359,0,0,True
ta45,30,20,600,DTSA,7,2359,601800,600000,167,17.684,,,,,600,0.5,6,6,-5.0,5.0,5ee1241,2026-07-24T13:27:53,1.0,601200,,,,,,DTSA+LS,N=D,C3,2359,9,0,True
ta45,30,20,600,DTSA,8,2379,601800,600000,167,17.752,,,,,600,0.5,6,6,-5.0,5.0,5ee1241,2026-07-24T13:27:53,1.0,601200,,,,,,DTSA-core,N=D,C3,2379,0,0,True
ta45,30,20,600,DTSA,8,2379,601800,600000,167,17.752,,,,,600,0.5,6,6,-5.0,5.0,5ee1241,2026-07-24T13:27:53,1.0,601200,,,,,,DTSA+LS,N=D,C3,2379,4,0,True
ta45,30,20,600,DTSA,9,2313,601800,600000,167,18.041,,,,,600,0.5,6,6,-5.0,5.0,5ee1241,2026-07-24T13:27:53,1.0,601200,,,,,,DTSA-core,N=D,C3,2313,0,0,True
ta45,30,20,600,DTSA,9,2313,601800,600000,167,18.041,,,,,600,0.5,6,6,-5.0,5.0,5ee1241,2026-07-24T13:27:53,1.0,601200,,,,,,DTSA+LS,N=D,C3,2313,10,0,True
ta45,30,20,600,DTSA,10,2403,601800,600000,167,17.528,,,,,600,0.5,6,6,-5.0,5.0,5ee1241,2026-07-24T13:27:53,1.0,601200,,,,,,DTSA-core,N=D,C3,2403,0,0,True
ta45,30,20,600,DTSA,10,2403,601800,600000,167,17.528,,,,,600,0.5,6,6,-5.0,5.0,5ee1241,2026-07-24T13:27:53,1.0,601200,,,,,,DTSA+LS,N=D,C3,2403,12,0,True
ta45,30,20,600,DTSA,11,2387,601800,600000,167,18.308,,,,,600,0.5,6,6,-5.0,5.0,5ee1241,2026-07-24T13:27:54,1.0,601200,,,,,,DTSA-core,N=D,C3,2387,0,0,True
ta45,30,20,600,DTSA,11,2387,601800,600000,167,18.308,,,,,600,0.5,6,6,-5.0,5.0,5ee1241,2026-07-24T13:27:54,1.0,601200,,,,,,DTSA+LS,N=D,C3,2387,7,0,True
ta45,30,20,600,DTSA,12,2410,601800,600000,167,17.795,,,,,600,0.5,6,6,-5.0,5.0,5ee1241,2026-07-24T13:28:10,1.0,601200,,,,,,DTSA-core,N=D,C3,2410,0,0,True
ta45,30,20,600,DTSA,12,2410,601800,600000,167,17.795,,,,,600,0.5,6,6,-5.0,5.0,5ee1241,2026-07-24T13:28:10,1.0,601200,,,,,,DTSA+LS,N=D,C3,2410,4,0,True
ta45,30,20,600,DTSA,13,2323,601800,600000,167,17.731,,,,,600,0.5,6,6,-5.0,5.0,5ee1241,2026-07-24T13:28:11,1.0,601200,,,,,,DTSA-core,N=D,C3,2323,0,0,True
ta45,30,20,600,DTSA,13,2323,601800,600000,167,17.731,,,,,600,0.5,6,6,-5.0,5.0,5ee1241,2026-07-24T13:28:11,1.0,601200,,,,,,DTSA+LS,N=D,C3,2323,11,0,True
ta45,30,20,600,DTSA,14,2317,601800,600000,167,17.696,,,,,600,0.5,6,6,-5.0,5.0,5ee1241,2026-07-24T13:28:11,1.0,601200,,,,,,DTSA-core,N=D,C3,2317,0,0,True
ta45,30,20,600,DTSA,14,2317,601800,600000,167,17.696,,,,,600,0.5,6,6,-5.0,5.0,5ee1241,2026-07-24T13:28:11,1.0,601200,,,,,,DTSA+LS,N=D,C3,2317,7,0,True
ta45,30,20,600,DTSA,15,2367,601800,600000,167,17.813,,,,,600,0.5,6,6,-5.0,5.0,5ee1241,2026-07-24T13:28:11,1.0,601200,,,,,,DTSA-core,N=D,C3,2367,0,0,True
ta45,30,20,600,DTSA,15,2367,601800,600000,167,17.813,,,,,600,0.5,6,6,-5.0,5.0,5ee1241,2026-07-24T13:28:11,1.0,601200,,,,,,DTSA+LS,N=D,C3,2367,5,0,True
ta45,30,20,600,DTSA,16,2355,601800,600000,167,17.87,,,,,600,0.5,6,6,-5.0,5.0,5ee1241,2026-07-24T13:28:11,1.0,601200,,,,,,DTSA-core,N=D,C3,2355,0,0,True
ta45,30,20,600,DTSA,16,2355,601800,600000,167,17.87,,,,,600,0.5,6,6,-5.0,5.0,5ee1241,2026-07-24T13:28:11,1.0,601200,,,,,,DTSA+LS,N=D,C3,2355,7,0,True
ta45,30,20,600,DTSA,17,2342,601800,600000,167,18.466,,,,,600,0.5,6,6,-5.0,5.0,5ee1241,2026-07-24T13:28:13,1.0,601200,,,,,,DTSA-core,N=D,C3,2342,0,0,True
ta45,30,20,600,DTSA,17,2342,601800,600000,167,18.466,,,,,600,0.5,6,6,-5.0,5.0,5ee1241,2026-07-24T13:28:13,1.0,601200,,,,,,DTSA+LS,N=D,C3,2342,11,0,True
ta45,30,20,600,DTSA,18,2369,601800,600000,167,17.237,,,,,600,0.5,6,6,-5.0,5.0,5ee1241,2026-07-24T13:28:28,1.0,601200,,,,,,DTSA-core,N=D,C3,2369,0,0,True
ta45,30,20,600,DTSA,18,2369,601800,600000,167,17.237,,,,,600,0.5,6,6,-5.0,5.0,5ee1241,2026-07-24T13:28:28,1.0,601200,,,,,,DTSA+LS,N=D,C3,2369,14,0,True
ta45,30,20,600,DTSA,19,2291,601800,600000,167,16.561,,,,,600,0.5,6,6,-5.0,5.0,5ee1241,2026-07-24T13:28:27,1.0,601200,,,,,,DTSA-core,N=D,C3,2291,0,0,True
ta45,30,20,600,DTSA,19,2288,601800,600000,167,16.561,,,,,600,0.5,6,6,-5.0,5.0,5ee1241,2026-07-24T13:28:27,1.0,601200,,,,,,DTSA+LS,N=D,C3,2291,10,1,True
ta51,50,15,750,DTSA,0,3311,752250,750000,167,33.174,,,,,750,0.5,6,6,-5.0,5.0,5ee1241,2026-07-24T13:29:01,1.0,751500,,,,,,DTSA-core,N=D,C3,3311,0,0,True
ta51,50,15,750,DTSA,0,3311,752250,750000,167,33.174,,,,,750,0.5,6,6,-5.0,5.0,5ee1241,2026-07-24T13:29:01,1.0,751500,,,,,,DTSA+LS,N=D,C3,3311,6,0,True
ta51,50,15,750,DTSA,1,3261,752250,750000,167,30.102,,,,,750,0.5,6,6,-5.0,5.0,5ee1241,2026-07-24T13:28:58,1.0,751500,,,,,,DTSA-core,N=D,C3,3261,0,0,True
ta51,50,15,750,DTSA,1,3261,752250,750000,167,30.102,,,,,750,0.5,6,6,-5.0,5.0,5ee1241,2026-07-24T13:28:58,1.0,751500,,,,,,DTSA+LS,N=D,C3,3261,6,0,True
ta51,50,15,750,DTSA,2,3278,752250,750000,167,29.595,,,,,750,0.5,6,6,-5.0,5.0,5ee1241,2026-07-24T13:28:57,1.0,751500,,,,,,DTSA-core,N=D,C3,3278,0,0,True
ta51,50,15,750,DTSA,2,3278,752250,750000,167,29.595,,,,,750,0.5,6,6,-5.0,5.0,5ee1241,2026-07-24T13:28:57,1.0,751500,,,,,,DTSA+LS,N=D,C3,3278,10,0,True
ta51,50,15,750,DTSA,3,3180,752250,750000,167,29.59,,,,,750,0.5,6,6,-5.0,5.0,5ee1241,2026-07-24T13:28:57,1.0,751500,,,,,,DTSA-core,N=D,C3,3180,0,0,True
ta51,50,15,750,DTSA,3,3154,752250,750000,167,29.59,,,,,750,0.5,6,6,-5.0,5.0,5ee1241,2026-07-24T13:28:57,1.0,751500,,,,,,DTSA+LS,N=D,C3,3180,55,12,True
ta51,50,15,750,DTSA,4,3330,752250,750000,167,29.479,,,,,750,0.5,6,6,-5.0,5.0,5ee1241,2026-07-24T13:28:57,1.0,751500,,,,,,DTSA-core,N=D,C3,3330,0,0,True
ta51,50,15,750,DTSA,4,3330,752250,750000,167,29.479,,,,,750,0.5,6,6,-5.0,5.0,5ee1241,2026-07-24T13:28:57,1.0,751500,,,,,,DTSA+LS,N=D,C3,3330,4,0,True
ta51,50,15,750,DTSA,5,3199,752250,750000,167,29.607,,,,,750,0.5,6,6,-5.0,5.0,5ee1241,2026-07-24T13:28:57,1.0,751500,,,,,,DTSA-core,N=D,C3,3199,0,0,True
ta51,50,15,750,DTSA,5,3199,752250,750000,167,29.607,,,,,750,0.5,6,6,-5.0,5.0,5ee1241,2026-07-24T13:28:57,1.0,751500,,,,,,DTSA+LS,N=D,C3,3199,13,0,True
ta51,50,15,750,DTSA,6,3319,752250,750000,167,29.751,,,,,750,0.5,6,6,-5.0,5.0,5ee1241,2026-07-24T13:29:27,1.0,751500,,,,,,DTSA-core,N=D,C3,3319,0,0,True
ta51,50,15,750,DTSA,6,3319,752250,750000,167,29.751,,,,,750,0.5,6,6,-5.0,5.0,5ee1241,2026-07-24T13:29:27,1.0,751500,,,,,,DTSA+LS,N=D,C3,3319,15,0,True
ta51,50,15,750,DTSA,7,3324,752250,750000,167,29.592,,,,,750,0.5,6,6,-5.0,5.0,5ee1241,2026-07-24T13:29:27,1.0,751500,,,,,,DTSA-core,N=D,C3,3324,0,0,True
ta51,50,15,750,DTSA,7,3317,752250,750000,167,29.592,,,,,750,0.5,6,6,-5.0,5.0,5ee1241,2026-07-24T13:29:27,1.0,751500,,,,,,DTSA+LS,N=D,C3,3324,32,6,True
ta51,50,15,750,DTSA,8,3332,752250,750000,167,29.799,,,,,750,0.5,6,6,-5.0,5.0,5ee1241,2026-07-24T13:29:27,1.0,751500,,,,,,DTSA-core,N=D,C3,3332,0,0,True
ta51,50,15,750,DTSA,8,3332,752250,750000,167,29.799,,,,,750,0.5,6,6,-5.0,5.0,5ee1241,2026-07-24T13:29:27,1.0,751500,,,,,,DTSA+LS,N=D,C3,3332,8,0,True
ta51,50,15,750,DTSA,9,3503,752250,750000,167,33.08,,,,,750,0.5,6,6,-5.0,5.0,5ee1241,2026-07-24T13:29:30,1.0,751500,,,,,,DTSA-core,N=D,C3,3503,0,0,True
ta51,50,15,750,DTSA,9,3503,752250,750000,167,33.08,,,,,750,0.5,6,6,-5.0,5.0,5ee1241,2026-07-24T13:29:30,1.0,751500,,,,,,DTSA+LS,N=D,C3,3503,7,0,True
ta51,50,15,750,DTSA,10,3292,752250,750000,167,30.189,,,,,750,0.5,6,6,-5.0,5.0,5ee1241,2026-07-24T13:29:28,1.0,751500,,,,,,DTSA-core,N=D,C3,3292,0,0,True
ta51,50,15,750,DTSA,10,3288,752250,750000,167,30.189,,,,,750,0.5,6,6,-5.0,5.0,5ee1241,2026-07-24T13:29:28,1.0,751500,,,,,,DTSA+LS,N=D,C3,3292,12,3,True
ta51,50,15,750,DTSA,11,3249,752250,750000,167,29.93,,,,,750,0.5,6,6,-5.0,5.0,5ee1241,2026-07-24T13:29:31,1.0,751500,,,,,,DTSA-core,N=D,C3,3249,0,0,True
ta51,50,15,750,DTSA,11,3244,752250,750000,167,29.93,,,,,750,0.5,6,6,-5.0,5.0,5ee1241,2026-07-24T13:29:31,1.0,751500,,,,,,DTSA+LS,N=D,C3,3249,17,2,True
ta51,50,15,750,DTSA,12,3242,752250,750000,167,33.356,,,,,750,0.5,6,6,-5.0,5.0,5ee1241,2026-07-24T13:30:00,1.0,751500,,,,,,DTSA-core,N=D,C3,3242,0,0,True
ta51,50,15,750,DTSA,12,3242,752250,750000,167,33.356,,,,,750,0.5,6,6,-5.0,5.0,5ee1241,2026-07-24T13:30:00,1.0,751500,,,,,,DTSA+LS,N=D,C3,3242,11,0,True
ta51,50,15,750,DTSA,13,3262,752250,750000,167,30.08,,,,,750,0.5,6,6,-5.0,5.0,5ee1241,2026-07-24T13:29:57,1.0,751500,,,,,,DTSA-core,N=D,C3,3262,0,0,True
ta51,50,15,750,DTSA,13,3262,752250,750000,167,30.08,,,,,750,0.5,6,6,-5.0,5.0,5ee1241,2026-07-24T13:29:57,1.0,751500,,,,,,DTSA+LS,N=D,C3,3262,6,0,True
ta51,50,15,750,DTSA,14,3302,752250,750000,167,29.919,,,,,750,0.5,6,6,-5.0,5.0,5ee1241,2026-07-24T13:29:57,1.0,751500,,,,,,DTSA-core,N=D,C3,3302,0,0,True
ta51,50,15,750,DTSA,14,3302,752250,750000,167,29.919,,,,,750,0.5,6,6,-5.0,5.0,5ee1241,2026-07-24T13:29:57,1.0,751500,,,,,,DTSA+LS,N=D,C3,3302,6,0,True
ta51,50,15,750,DTSA,15,3212,752250,750000,167,30.168,,,,,750,0.5,6,6,-5.0,5.0,5ee1241,2026-07-24T13:29:58,1.0,751500,,,,,,DTSA-core,N=D,C3,3212,0,0,True
ta51,50,15,750,DTSA,15,3212,752250,750000,167,30.168,,,,,750,0.5,6,6,-5.0,5.0,5ee1241,2026-07-24T13:29:58,1.0,751500,,,,,,DTSA+LS,N=D,C3,3212,4,0,True
ta51,50,15,750,DTSA,16,3218,752250,750000,167,33.64,,,,,750,0.5,6,6,-5.0,5.0,5ee1241,2026-07-24T13:30:04,1.0,751500,,,,,,DTSA-core,N=D,C3,3218,0,0,True
ta51,50,15,750,DTSA,16,3218,752250,750000,167,33.64,,,,,750,0.5,6,6,-5.0,5.0,5ee1241,2026-07-24T13:30:04,1.0,751500,,,,,,DTSA+LS,N=D,C3,3218,11,0,True
ta51,50,15,750,DTSA,17,3243,752250,750000,167,30.076,,,,,750,0.5,6,6,-5.0,5.0,5ee1241,2026-07-24T13:30:01,1.0,751500,,,,,,DTSA-core,N=D,C3,3243,0,0,True
ta51,50,15,750,DTSA,17,3242,752250,750000,167,30.076,,,,,750,0.5,6,6,-5.0,5.0,5ee1241,2026-07-24T13:30:01,1.0,751500,,,,,,DTSA+LS,N=D,C3,3243,13,1,True
ta51,50,15,750,DTSA,18,3329,752250,750000,167,28.154,,,,,750,0.5,6,6,-5.0,5.0,5ee1241,2026-07-24T13:30:25,1.0,751500,,,,,,DTSA-core,N=D,C3,3329,0,0,True
ta51,50,15,750,DTSA,18,3329,752250,750000,167,28.154,,,,,750,0.5,6,6,-5.0,5.0,5ee1241,2026-07-24T13:30:25,1.0,751500,,,,,,DTSA+LS,N=D,C3,3329,12,0,True
ta51,50,15,750,DTSA,19,3354,752250,750000,167,28.621,,,,,750,0.5,6,6,-5.0,5.0,5ee1241,2026-07-24T13:30:26,1.0,751500,,,,,,DTSA-core,N=D,C3,3354,0,0,True
ta51,50,15,750,DTSA,19,3354,752250,750000,167,28.621,,,,,750,0.5,6,6,-5.0,5.0,5ee1241,2026-07-24T13:30:26,1.0,751500,,,,,,DTSA+LS,N=D,C3,3354,10,0,True
ta52,50,15,750,DTSA,0,3175,752250,750000,167,30.524,,,,,750,0.5,6,6,-5.0,5.0,5ee1241,2026-07-24T13:30:56,1.0,751500,,,,,,DTSA-core,N=D,C3,3175,0,0,True
ta52,50,15,750,DTSA,0,3175,752250,750000,167,30.524,,,,,750,0.5,6,6,-5.0,5.0,5ee1241,2026-07-24T13:30:56,1.0,751500,,,,,,DTSA+LS,N=D,C3,3175,12,0,True
ta52,50,15,750,DTSA,1,3266,752250,750000,167,29.684,,,,,750,0.5,6,6,-5.0,5.0,5ee1241,2026-07-24T13:30:55,1.0,751500,,,,,,DTSA-core,N=D,C3,3266,0,0,True
ta52,50,15,750,DTSA,1,3266,752250,750000,167,29.684,,,,,750,0.5,6,6,-5.0,5.0,5ee1241,2026-07-24T13:30:55,1.0,751500,,,,,,DTSA+LS,N=D,C3,3266,8,0,True
ta52,50,15,750,DTSA,2,3197,752250,750000,167,29.845,,,,,750,0.5,6,6,-5.0,5.0,5ee1241,2026-07-24T13:30:56,1.0,751500,,,,,,DTSA-core,N=D,C3,3197,0,0,True
ta52,50,15,750,DTSA,2,3182,752250,750000,167,29.845,,,,,750,0.5,6,6,-5.0,5.0,5ee1241,2026-07-24T13:30:56,1.0,751500,,,,,,DTSA+LS,N=D,C3,3197,30,7,True
ta52,50,15,750,DTSA,3,3263,752250,750000,167,29.842,,,,,750,0.5,6,6,-5.0,5.0,5ee1241,2026-07-24T13:30:56,1.0,751500,,,,,,DTSA-core,N=D,C3,3263,0,0,True
ta52,50,15,750,DTSA,3,3261,752250,750000,167,29.842,,,,,750,0.5,6,6,-5.0,5.0,5ee1241,2026-07-24T13:30:56,1.0,751500,,,,,,DTSA+LS,N=D,C3,3263,15,1,True
ta52,50,15,750,DTSA,4,3241,752250,750000,167,29.679,,,,,750,0.5,6,6,-5.0,5.0,5ee1241,2026-07-24T13:30:55,1.0,751500,,,,,,DTSA-core,N=D,C3,3241,0,0,True
ta52,50,15,750,DTSA,4,3241,752250,750000,167,29.679,,,,,750,0.5,6,6,-5.0,5.0,5ee1241,2026-07-24T13:30:55,1.0,751500,,,,,,DTSA+LS,N=D,C3,3241,4,0,True
ta52,50,15,750,DTSA,5,3272,752250,750000,167,29.241,,,,,750,0.5,6,6,-5.0,5.0,5ee1241,2026-07-24T13:30:55,1.0,751500,,,,,,DTSA-core,N=D,C3,3272,0,0,True
ta52,50,15,750,DTSA,5,3272,752250,750000,167,29.241,,,,,750,0.5,6,6,-5.0,5.0,5ee1241,2026-07-24T13:30:55,1.0,751500,,,,,,DTSA+LS,N=D,C3,3272,7,0,True
ta52,50,15,750,DTSA,6,3217,752250,750000,167,30.312,,,,,750,0.5,6,6,-5.0,5.0,5ee1241,2026-07-24T13:31:25,1.0,751500,,,,,,DTSA-core,N=D,C3,3217,0,0,True
ta52,50,15,750,DTSA,6,3217,752250,750000,167,30.312,,,,,750,0.5,6,6,-5.0,5.0,5ee1241,2026-07-24T13:31:25,1.0,751500,,,,,,DTSA+LS,N=D,C3,3217,4,0,True
ta52,50,15,750,DTSA,7,3217,752250,750000,167,30.113,,,,,750,0.5,6,6,-5.0,5.0,5ee1241,2026-07-24T13:31:26,1.0,751500,,,,,,DTSA-core,N=D,C3,3217,0,0,True
ta52,50,15,750,DTSA,7,3217,752250,750000,167,30.113,,,,,750,0.5,6,6,-5.0,5.0,5ee1241,2026-07-24T13:31:26,1.0,751500,,,,,,DTSA+LS,N=D,C3,3217,4,0,True
ta52,50,15,750,DTSA,8,3406,752250,750000,167,29.67,,,,,750,0.5,6,6,-5.0,5.0,5ee1241,2026-07-24T13:31:25,1.0,751500,,,,,,DTSA-core,N=D,C3,3406,0,0,True
ta52,50,15,750,DTSA,8,3406,752250,750000,167,29.67,,,,,750,0.5,6,6,-5.0,5.0,5ee1241,2026-07-24T13:31:25,1.0,751500,,,,,,DTSA+LS,N=D,C3,3406,4,0,True
ta52,50,15,750,DTSA,9,3234,752250,750000,167,29.988,,,,,750,0.5,6,6,-5.0,5.0,5ee1241,2026-07-24T13:31:26,1.0,751500,,,,,,DTSA-core,N=D,C3,3234,0,0,True
ta52,50,15,750,DTSA,9,3234,752250,750000,167,29.988,,,,,750,0.5,6,6,-5.0,5.0,5ee1241,2026-07-24T13:31:26,1.0,751500,,,,,,DTSA+LS,N=D,C3,3234,4,0,True
ta52,50,15,750,DTSA,10,3141,752250,750000,167,30.154,,,,,750,0.5,6,6,-5.0,5.0,5ee1241,2026-07-24T13:31:26,1.0,751500,,,,,,DTSA-core,N=D,C3,3141,0,0,True
ta52,50,15,750,DTSA,10,3141,752250,750000,167,30.154,,,,,750,0.5,6,6,-5.0,5.0,5ee1241,2026-07-24T13:31:26,1.0,751500,,,,,,DTSA+LS,N=D,C3,3141,8,0,True
ta52,50,15,750,DTSA,11,3261,752250,750000,167,33.708,,,,,750,0.5,6,6,-5.0,5.0,5ee1241,2026-07-24T13:31:30,1.0,751500,,,,,,DTSA-core,N=D,C3,3261,0,0,True
ta52,50,15,750,DTSA,11,3261,752250,750000,167,33.708,,,,,750,0.5,6,6,-5.0,5.0,5ee1241,2026-07-24T13:31:30,1.0,751500,,,,,,DTSA+LS,N=D,C3,3261,4,0,True
ta52,50,15,750,DTSA,12,3198,752250,750000,167,30.606,,,,,750,0.5,6,6,-5.0,5.0,5ee1241,2026-07-24T13:31:56,1.0,751500,,,,,,DTSA-core,N=D,C3,3198,0,0,True
ta52,50,15,750,DTSA,12,3198,752250,750000,167,30.606,,,,,750,0.5,6,6,-5.0,5.0,5ee1241,2026-07-24T13:31:56,1.0,751500,,,,,,DTSA+LS,N=D,C3,3198,6,0,True
ta52,50,15,750,DTSA,13,3519,752250,750000,167,29.335,,,,,750,0.5,6,6,-5.0,5.0,5ee1241,2026-07-24T13:31:55,1.0,751500,,,,,,DTSA-core,N=D,C3,3519,0,0,True
ta52,50,15,750,DTSA,13,3519,752250,750000,167,29.335,,,,,750,0.5,6,6,-5.0,5.0,5ee1241,2026-07-24T13:31:55,1.0,751500,,,,,,DTSA+LS,N=D,C3,3519,8,0,True
ta52,50,15,750,DTSA,14,3298,752250,750000,167,30.469,,,,,750,0.5,6,6,-5.0,5.0,5ee1241,2026-07-24T13:31:56,1.0,751500,,,,,,DTSA-core,N=D,C3,3298,0,0,True
ta52,50,15,750,DTSA,14,3298,752250,750000,167,30.469,,,,,750,0.5,6,6,-5.0,5.0,5ee1241,2026-07-24T13:31:56,1.0,751500,,,,,,DTSA+LS,N=D,C3,3298,4,0,True
ta52,50,15,750,DTSA,15,3174,752250,750000,167,30.534,,,,,750,0.5,6,6,-5.0,5.0,5ee1241,2026-07-24T13:31:56,1.0,751500,,,,,,DTSA-core,N=D,C3,3174,0,0,True
ta52,50,15,750,DTSA,15,3174,752250,750000,167,30.534,,,,,750,0.5,6,6,-5.0,5.0,5ee1241,2026-07-24T13:31:56,1.0,751500,,,,,,DTSA+LS,N=D,C3,3174,7,0,True
ta52,50,15,750,DTSA,16,3193,752250,750000,167,30.374,,,,,750,0.5,6,6,-5.0,5.0,5ee1241,2026-07-24T13:31:56,1.0,751500,,,,,,DTSA-core,N=D,C3,3193,0,0,True
ta52,50,15,750,DTSA,16,3193,752250,750000,167,30.374,,,,,750,0.5,6,6,-5.0,5.0,5ee1241,2026-07-24T13:31:56,1.0,751500,,,,,,DTSA+LS,N=D,C3,3193,4,0,True
ta52,50,15,750,DTSA,17,3255,752250,750000,167,30.191,,,,,750,0.5,6,6,-5.0,5.0,5ee1241,2026-07-24T13:32:00,1.0,751500,,,,,,DTSA-core,N=D,C3,3255,0,0,True
ta52,50,15,750,DTSA,17,3255,752250,750000,167,30.191,,,,,750,0.5,6,6,-5.0,5.0,5ee1241,2026-07-24T13:32:00,1.0,751500,,,,,,DTSA+LS,N=D,C3,3255,4,0,True
ta52,50,15,750,DTSA,18,3253,752250,750000,167,31.237,,,,,750,0.5,6,6,-5.0,5.0,5ee1241,2026-07-24T13:32:26,1.0,751500,,,,,,DTSA-core,N=D,C3,3253,0,0,True
ta52,50,15,750,DTSA,18,3246,752250,750000,167,31.237,,,,,750,0.5,6,6,-5.0,5.0,5ee1241,2026-07-24T13:32:26,1.0,751500,,,,,,DTSA+LS,N=D,C3,3253,20,5,True
ta52,50,15,750,DTSA,19,3275,752250,750000,167,28.003,,,,,750,0.5,6,6,-5.0,5.0,5ee1241,2026-07-24T13:32:24,1.0,751500,,,,,,DTSA-core,N=D,C3,3275,0,0,True
ta52,50,15,750,DTSA,19,3275,752250,750000,167,28.003,,,,,750,0.5,6,6,-5.0,5.0,5ee1241,2026-07-24T13:32:24,1.0,751500,,,,,,DTSA+LS,N=D,C3,3275,6,0,True
ta53,50,15,750,DTSA,0,3016,752250,750000,167,29.392,,,,,750,0.5,6,6,-5.0,5.0,5ee1241,2026-07-24T13:32:55,1.0,751500,,,,,,DTSA-core,N=D,C3,3016,0,0,True
ta53,50,15,750,DTSA,0,3016,752250,750000,167,29.392,,,,,750,0.5,6,6,-5.0,5.0,5ee1241,2026-07-24T13:32:55,1.0,751500,,,,,,DTSA+LS,N=D,C3,3016,12,0,True
ta53,50,15,750,DTSA,1,2968,752250,750000,167,29.363,,,,,750,0.5,6,6,-5.0,5.0,5ee1241,2026-07-24T13:32:55,1.0,751500,,,,,,DTSA-core,N=D,C3,2968,0,0,True
ta53,50,15,750,DTSA,1,2968,752250,750000,167,29.363,,,,,750,0.5,6,6,-5.0,5.0,5ee1241,2026-07-24T13:32:55,1.0,751500,,,,,,DTSA+LS,N=D,C3,2968,4,0,True
ta53,50,15,750,DTSA,2,3047,752250,750000,167,28.908,,,,,750,0.5,6,6,-5.0,5.0,5ee1241,2026-07-24T13:32:55,1.0,751500,,,,,,DTSA-core,N=D,C3,3047,0,0,True
ta53,50,15,750,DTSA,2,3047,752250,750000,167,28.908,,,,,750,0.5,6,6,-5.0,5.0,5ee1241,2026-07-24T13:32:55,1.0,751500,,,,,,DTSA+LS,N=D,C3,3047,13,0,True
ta53,50,15,750,DTSA,3,2955,752250,750000,167,29.247,,,,,750,0.5,6,6,-5.0,5.0,5ee1241,2026-07-24T13:32:55,1.0,751500,,,,,,DTSA-core,N=D,C3,2955,0,0,True
ta53,50,15,750,DTSA,3,2955,752250,750000,167,29.247,,,,,750,0.5,6,6,-5.0,5.0,5ee1241,2026-07-24T13:32:55,1.0,751500,,,,,,DTSA+LS,N=D,C3,2955,10,0,True
ta53,50,15,750,DTSA,4,2992,752250,750000,167,29.297,,,,,750,0.5,6,6,-5.0,5.0,5ee1241,2026-07-24T13:32:55,1.0,751500,,,,,,DTSA-core,N=D,C3,2992,0,0,True
ta53,50,15,750,DTSA,4,2992,752250,750000,167,29.297,,,,,750,0.5,6,6,-5.0,5.0,5ee1241,2026-07-24T13:32:55,1.0,751500,,,,,,DTSA+LS,N=D,C3,2992,10,0,True
ta53,50,15,750,DTSA,5,3020,752250,750000,167,28.732,,,,,750,0.5,6,6,-5.0,5.0,5ee1241,2026-07-24T13:32:55,1.0,751500,,,,,,DTSA-core,N=D,C3,3020,0,0,True
ta53,50,15,750,DTSA,5,3020,752250,750000,167,28.732,,,,,750,0.5,6,6,-5.0,5.0,5ee1241,2026-07-24T13:32:55,1.0,751500,,,,,,DTSA+LS,N=D,C3,3020,10,0,True
ta53,50,15,750,DTSA,6,2932,752250,750000,167,29.942,,,,,750,0.5,6,6,-5.0,5.0,5ee1241,2026-07-24T13:33:25,1.0,751500,,,,,,DTSA-core,N=D,C3,2932,0,0,True
ta53,50,15,750,DTSA,6,2920,752250,750000,167,29.942,,,,,750,0.5,6,6,-5.0,5.0,5ee1241,2026-07-24T13:33:25,1.0,751500,,,,,,DTSA+LS,N=D,C3,2932,20,5,True
ta53,50,15,750,DTSA,7,2980,752250,750000,167,29.59,,,,,750,0.5,6,6,-5.0,5.0,5ee1241,2026-07-24T13:33:25,1.0,751500,,,,,,DTSA-core,N=D,C3,2980,0,0,True
ta53,50,15,750,DTSA,7,2980,752250,750000,167,29.59,,,,,750,0.5,6,6,-5.0,5.0,5ee1241,2026-07-24T13:33:25,1.0,751500,,,,,,DTSA+LS,N=D,C3,2980,8,0,True
ta53,50,15,750,DTSA,8,2957,752250,750000,167,29.837,,,,,750,0.5,6,6,-5.0,5.0,5ee1241,2026-07-24T13:33:25,1.0,751500,,,,,,DTSA-core,N=D,C3,2957,0,0,True
ta53,50,15,750,DTSA,8,2948,752250,750000,167,29.837,,,,,750,0.5,6,6,-5.0,5.0,5ee1241,2026-07-24T13:33:25,1.0,751500,,,,,,DTSA+LS,N=D,C3,2957,17,5,True
ta53,50,15,750,DTSA,9,2941,752250,750000,167,29.728,,,,,750,0.5,6,6,-5.0,5.0,5ee1241,2026-07-24T13:33:25,1.0,751500,,,,,,DTSA-core,N=D,C3,2941,0,0,True
ta53,50,15,750,DTSA,9,2941,752250,750000,167,29.728,,,,,750,0.5,6,6,-5.0,5.0,5ee1241,2026-07-24T13:33:25,1.0,751500,,,,,,DTSA+LS,N=D,C3,2941,9,0,True
ta53,50,15,750,DTSA,10,2994,752250,750000,167,29.574,,,,,750,0.5,6,6,-5.0,5.0,5ee1241,2026-07-24T13:33:25,1.0,751500,,,,,,DTSA-core,N=D,C3,2994,0,0,True
ta53,50,15,750,DTSA,10,2982,752250,750000,167,29.574,,,,,750,0.5,6,6,-5.0,5.0,5ee1241,2026-07-24T13:33:25,1.0,751500,,,,,,DTSA+LS,N=D,C3,2994,18,5,True
ta53,50,15,750,DTSA,11,2971,752250,750000,167,29.404,,,,,750,0.5,6,6,-5.0,5.0,5ee1241,2026-07-24T13:33:25,1.0,751500,,,,,,DTSA-core,N=D,C3,2971,0,0,True
ta53,50,15,750,DTSA,11,2969,752250,750000,167,29.404,,,,,750,0.5,6,6,-5.0,5.0,5ee1241,2026-07-24T13:33:25,1.0,751500,,,,,,DTSA+LS,N=D,C3,2971,15,2,True
ta53,50,15,750,DTSA,12,2983,752250,750000,167,29.687,,,,,750,0.5,6,6,-5.0,5.0,5ee1241,2026-07-24T13:33:54,1.0,751500,,,,,,DTSA-core,N=D,C3,2983,0,0,True
ta53,50,15,750,DTSA,12,2983,752250,750000,167,29.687,,,,,750,0.5,6,6,-5.0,5.0,5ee1241,2026-07-24T13:33:54,1.0,751500,,,,,,DTSA+LS,N=D,C3,2983,6,0,True
ta53,50,15,750,DTSA,13,2975,752250,750000,167,29.557,,,,,750,0.5,6,6,-5.0,5.0,5ee1241,2026-07-24T13:33:54,1.0,751500,,,,,,DTSA-core,N=D,C3,2975,0,0,True
ta53,50,15,750,DTSA,13,2975,752250,750000,167,29.557,,,,,750,0.5,6,6,-5.0,5.0,5ee1241,2026-07-24T13:33:54,1.0,751500,,,,,,DTSA+LS,N=D,C3,2975,8,0,True
ta53,50,15,750,DTSA,14,2983,752250,750000,167,29.596,,,,,750,0.5,6,6,-5.0,5.0,5ee1241,2026-07-24T13:33:54,1.0,751500,,,,,,DTSA-core,N=D,C3,2983,0,0,True
ta53,50,15,750,DTSA,14,2975,752250,750000,167,29.596,,,,,750,0.5,6,6,-5.0,5.0,5ee1241,2026-07-24T13:33:54,1.0,751500,,,,,,DTSA+LS,N=D,C3,2983,20,5,True
ta53,50,15,750,DTSA,15,2965,752250,750000,167,29.422,,,,,750,0.5,6,6,-5.0,5.0,5ee1241,2026-07-24T13:33:54,1.0,751500,,,,,,DTSA-core,N=D,C3,2965,0,0,True
ta53,50,15,750,DTSA,15,2965,752250,750000,167,29.422,,,,,750,0.5,6,6,-5.0,5.0,5ee1241,2026-07-24T13:33:54,1.0,751500,,,,,,DTSA+LS,N=D,C3,2965,12,0,True
ta53,50,15,750,DTSA,16,2957,752250,750000,167,29.732,,,,,750,0.5,6,6,-5.0,5.0,5ee1241,2026-07-24T13:33:55,1.0,751500,,,,,,DTSA-core,N=D,C3,2957,0,0,True
ta53,50,15,750,DTSA,16,2954,752250,750000,167,29.732,,,,,750,0.5,6,6,-5.0,5.0,5ee1241,2026-07-24T13:33:55,1.0,751500,,,,,,DTSA+LS,N=D,C3,2957,21,1,True
ta53,50,15,750,DTSA,17,2965,752250,750000,167,30.235,,,,,750,0.5,6,6,-5.0,5.0,5ee1241,2026-07-24T13:33:55,1.0,751500,,,,,,DTSA-core,N=D,C3,2965,0,0,True
ta53,50,15,750,DTSA,17,2965,752250,750000,167,30.235,,,,,750,0.5,6,6,-5.0,5.0,5ee1241,2026-07-24T13:33:55,1.0,751500,,,,,,DTSA+LS,N=D,C3,2965,4,0,True
ta53,50,15,750,DTSA,18,2987,752250,750000,167,27.844,,,,,750,0.5,6,6,-5.0,5.0,5ee1241,2026-07-24T13:34:22,1.0,751500,,,,,,DTSA-core,N=D,C3,2987,0,0,True
ta53,50,15,750,DTSA,18,2987,752250,750000,167,27.844,,,,,750,0.5,6,6,-5.0,5.0,5ee1241,2026-07-24T13:34:22,1.0,751500,,,,,,DTSA+LS,N=D,C3,2987,8,0,True
ta53,50,15,750,DTSA,19,2940,752250,750000,167,27.541,,,,,750,0.5,6,6,-5.0,5.0,5ee1241,2026-07-24T13:34:22,1.0,751500,,,,,,DTSA-core,N=D,C3,2940,0,0,True
ta53,50,15,750,DTSA,19,2940,752250,750000,167,27.541,,,,,750,0.5,6,6,-5.0,5.0,5ee1241,2026-07-24T13:34:22,1.0,751500,,,,,,DTSA+LS,N=D,C3,2940,13,0,True
ta54,50,15,750,DTSA,0,3112,752250,750000,167,33.081,,,,,750,0.5,6,6,-5.0,5.0,5ee1241,2026-07-24T13:34:55,1.0,751500,,,,,,DTSA-core,N=D,C3,3112,0,0,True
ta54,50,15,750,DTSA,0,3097,752250,750000,167,33.081,,,,,750,0.5,6,6,-5.0,5.0,5ee1241,2026-07-24T13:34:55,1.0,751500,,,,,,DTSA+LS,N=D,C3,3112,37,5,True
ta54,50,15,750,DTSA,1,3047,752250,750000,167,33.253,,,,,750,0.5,6,6,-5.0,5.0,5ee1241,2026-07-24T13:34:55,1.0,751500,,,,,,DTSA-core,N=D,C3,3047,0,0,True
ta54,50,15,750,DTSA,1,3047,752250,750000,167,33.253,,,,,750,0.5,6,6,-5.0,5.0,5ee1241,2026-07-24T13:34:55,1.0,751500,,,,,,DTSA+LS,N=D,C3,3047,6,0,True
ta54,50,15,750,DTSA,2,3147,752250,750000,167,32.693,,,,,750,0.5,6,6,-5.0,5.0,5ee1241,2026-07-24T13:34:55,1.0,751500,,,,,,DTSA-core,N=D,C3,3147,0,0,True
ta54,50,15,750,DTSA,2,3147,752250,750000,167,32.693,,,,,750,0.5,6,6,-5.0,5.0,5ee1241,2026-07-24T13:34:55,1.0,751500,,,,,,DTSA+LS,N=D,C3,3147,7,0,True
ta54,50,15,750,DTSA,3,3112,752250,750000,167,30.266,,,,,750,0.5,6,6,-5.0,5.0,5ee1241,2026-07-24T13:34:52,1.0,751500,,,,,,DTSA-core,N=D,C3,3112,0,0,True
ta54,50,15,750,DTSA,3,3112,752250,750000,167,30.266,,,,,750,0.5,6,6,-5.0,5.0,5ee1241,2026-07-24T13:34:52,1.0,751500,,,,,,DTSA+LS,N=D,C3,3112,7,0,True
ta54,50,15,750,DTSA,4,3208,752250,750000,167,32.96,,,,,750,0.5,6,6,-5.0,5.0,5ee1241,2026-07-24T13:34:55,1.0,751500,,,,,,DTSA-core,N=D,C3,3208,0,0,True
ta54,50,15,750,DTSA,4,3203,752250,750000,167,32.96,,,,,750,0.5,6,6,-5.0,5.0,5ee1241,2026-07-24T13:34:55,1.0,751500,,,,,,DTSA+LS,N=D,C3,3208,7,1,True
ta54,50,15,750,DTSA,5,3135,752250,750000,167,32.919,,,,,750,0.5,6,6,-5.0,5.0,5ee1241,2026-07-24T13:34:55,1.0,751500,,,,,,DTSA-core,N=D,C3,3135,0,0,True
ta54,50,15,750,DTSA,5,3135,752250,750000,167,32.919,,,,,750,0.5,6,6,-5.0,5.0,5ee1241,2026-07-24T13:34:55,1.0,751500,,,,,,DTSA+LS,N=D,C3,3135,5,0,True
ta54,50,15,750,DTSA,6,3145,752250,750000,167,33.645,,,,,750,0.5,6,6,-5.0,5.0,5ee1241,2026-07-24T13:35:26,1.0,751500,,,,,,DTSA-core,N=D,C3,3145,0,0,True
ta54,50,15,750,DTSA,6,3145,752250,750000,167,33.645,,,,,750,0.5,6,6,-5.0,5.0,5ee1241,2026-07-24T13:35:26,1.0,751500,,,,,,DTSA+LS,N=D,C3,3145,8,0,True
ta54,50,15,750,DTSA,7,3176,752250,750000,167,30.552,,,,,750,0.5,6,6,-5.0,5.0,5ee1241,2026-07-24T13:35:25,1.0,751500,,,,,,DTSA-core,N=D,C3,3176,0,0,True
ta54,50,15,750,DTSA,7,3146,752250,750000,167,30.552,,,,,750,0.5,6,6,-5.0,5.0,5ee1241,2026-07-24T13:35:25,1.0,751500,,,,,,DTSA+LS,N=D,C3,3176,73,14,True
ta54,50,15,750,DTSA,8,3069,752250,750000,167,29.94,,,,,750,0.5,6,6,-5.0,5.0,5ee1241,2026-07-24T13:35:25,1.0,751500,,,,,,DTSA-core,N=D,C3,3069,0,0,True
ta54,50,15,750,DTSA,8,3069,752250,750000,167,29.94,,,,,750,0.5,6,6,-5.0,5.0,5ee1241,2026-07-24T13:35:25,1.0,751500,,,,,,DTSA+LS,N=D,C3,3069,4,0,True
ta54,50,15,750,DTSA,9,3057,752250,750000,167,33.623,,,,,750,0.5,6,6,-5.0,5.0,5ee1241,2026-07-24T13:35:29,1.0,751500,,,,,,DTSA-core,N=D,C3,3057,0,0,True
ta54,50,15,750,DTSA,9,3057,752250,750000,167,33.623,,,,,750,0.5,6,6,-5.0,5.0,5ee1241,2026-07-24T13:35:29,1.0,751500,,,,,,DTSA+LS,N=D,C3,3057,9,0,True
ta54,50,15,750,DTSA,10,3075,752250,750000,167,30.429,,,,,750,0.5,6,6,-5.0,5.0,5ee1241,2026-07-24T13:35:26,1.0,751500,,,,,,DTSA-core,N=D,C3,3075,0,0,True
ta54,50,15,750,DTSA,10,3063,752250,750000,167,30.429,,,,,750,0.5,6,6,-5.0,5.0,5ee1241,2026-07-24T13:35:26,1.0,751500,,,,,,DTSA+LS,N=D,C3,3075,13,4,True
ta54,50,15,750,DTSA,11,3115,752250,750000,167,30.072,,,,,750,0.5,6,6,-5.0,5.0,5ee1241,2026-07-24T13:35:26,1.0,751500,,,,,,DTSA-core,N=D,C3,3115,0,0,True
ta54,50,15,750,DTSA,11,3115,752250,750000,167,30.072,,,,,750,0.5,6,6,-5.0,5.0,5ee1241,2026-07-24T13:35:26,1.0,751500,,,,,,DTSA+LS,N=D,C3,3115,4,0,True
ta54,50,15,750,DTSA,12,3104,752250,750000,167,33.641,,,,,750,0.5,6,6,-5.0,5.0,5ee1241,2026-07-24T13:35:59,1.0,751500,,,,,,DTSA-core,N=D,C3,3104,0,0,True
ta54,50,15,750,DTSA,12,3104,752250,750000,167,33.641,,,,,750,0.5,6,6,-5.0,5.0,5ee1241,2026-07-24T13:35:59,1.0,751500,,,,,,DTSA+LS,N=D,C3,3104,7,0,True
ta54,50,15,750,DTSA,13,3072,752250,750000,167,30.132,,,,,750,0.5,6,6,-5.0,5.0,5ee1241,2026-07-24T13:35:56,1.0,751500,,,,,,DTSA-core,N=D,C3,3072,0,0,True
ta54,50,15,750,DTSA,13,3072,752250,750000,167,30.132,,,,,750,0.5,6,6,-5.0,5.0,5ee1241,2026-07-24T13:35:56,1.0,751500,,,,,,DTSA+LS,N=D,C3,3072,4,0,True
ta54,50,15,750,DTSA,14,3139,752250,750000,167,33.496,,,,,750,0.5,6,6,-5.0,5.0,5ee1241,2026-07-24T13:35:59,1.0,751500,,,,,,DTSA-core,N=D,C3,3139,0,0,True
ta54,50,15,750,DTSA,14,3139,752250,750000,167,33.496,,,,,750,0.5,6,6,-5.0,5.0,5ee1241,2026-07-24T13:35:59,1.0,751500,,,,,,DTSA+LS,N=D,C3,3139,4,0,True
ta54,50,15,750,DTSA,15,3076,752250,750000,167,30.521,,,,,750,0.5,6,6,-5.0,5.0,5ee1241,2026-07-24T13:35:56,1.0,751500,,,,,,DTSA-core,N=D,C3,3076,0,0,True
ta54,50,15,750,DTSA,15,3075,752250,750000,167,30.521,,,,,750,0.5,6,6,-5.0,5.0,5ee1241,2026-07-24T13:35:56,1.0,751500,,,,,,DTSA+LS,N=D,C3,3076,15,1,True
ta54,50,15,750,DTSA,16,3199,752250,750000,167,33.42,,,,,750,0.5,6,6,-5.0,5.0,5ee1241,2026-07-24T13:36:00,1.0,751500,,,,,,DTSA-core,N=D,C3,3199,0,0,True
ta54,50,15,750,DTSA,16,3199,752250,750000,167,33.42,,,,,750,0.5,6,6,-5.0,5.0,5ee1241,2026-07-24T13:36:00,1.0,751500,,,,,,DTSA+LS,N=D,C3,3199,7,0,True
ta54,50,15,750,DTSA,17,3000,752250,750000,167,31.068,,,,,750,0.5,6,6,-5.0,5.0,5ee1241,2026-07-24T13:36:00,1.0,751500,,,,,,DTSA-core,N=D,C3,3000,0,0,True
ta54,50,15,750,DTSA,17,3000,752250,750000,167,31.068,,,,,750,0.5,6,6,-5.0,5.0,5ee1241,2026-07-24T13:36:00,1.0,751500,,,,,,DTSA+LS,N=D,C3,3000,10,0,True
ta54,50,15,750,DTSA,18,3177,752250,750000,167,31.785,,,,,750,0.5,6,6,-5.0,5.0,5ee1241,2026-07-24T13:36:27,1.0,751500,,,,,,DTSA-core,N=D,C3,3177,0,0,True
ta54,50,15,750,DTSA,18,3176,752250,750000,167,31.785,,,,,750,0.5,6,6,-5.0,5.0,5ee1241,2026-07-24T13:36:27,1.0,751500,,,,,,DTSA+LS,N=D,C3,3177,12,1,True
ta54,50,15,750,DTSA,19,3183,752250,750000,167,31.939,,,,,750,0.5,6,6,-5.0,5.0,5ee1241,2026-07-24T13:36:28,1.0,751500,,,,,,DTSA-core,N=D,C3,3183,0,0,True
ta54,50,15,750,DTSA,19,3164,752250,750000,167,31.939,,,,,750,0.5,6,6,-5.0,5.0,5ee1241,2026-07-24T13:36:28,1.0,751500,,,,,,DTSA+LS,N=D,C3,3183,35,7,True
ta55,50,15,750,DTSA,0,3215,752250,750000,167,33.091,,,,,750,0.5,6,6,-5.0,5.0,5ee1241,2026-07-24T13:37:01,1.0,751500,,,,,,DTSA-core,N=D,C3,3215,0,0,True
ta55,50,15,750,DTSA,0,3215,752250,750000,167,33.091,,,,,750,0.5,6,6,-5.0,5.0,5ee1241,2026-07-24T13:37:01,1.0,751500,,,,,,DTSA+LS,N=D,C3,3215,10,0,True
ta55,50,15,750,DTSA,1,3250,752250,750000,167,33.006,,,,,750,0.5,6,6,-5.0,5.0,5ee1241,2026-07-24T13:37:01,1.0,751500,,,,,,DTSA-core,N=D,C3,3250,0,0,True
ta55,50,15,750,DTSA,1,3250,752250,750000,167,33.006,,,,,750,0.5,6,6,-5.0,5.0,5ee1241,2026-07-24T13:37:01,1.0,751500,,,,,,DTSA+LS,N=D,C3,3250,13,0,True
ta55,50,15,750,DTSA,2,3172,752250,750000,167,33.21,,,,,750,0.5,6,6,-5.0,5.0,5ee1241,2026-07-24T13:37:02,1.0,751500,,,,,,DTSA-core,N=D,C3,3172,0,0,True
ta55,50,15,750,DTSA,2,3172,752250,750000,167,33.21,,,,,750,0.5,6,6,-5.0,5.0,5ee1241,2026-07-24T13:37:02,1.0,751500,,,,,,DTSA+LS,N=D,C3,3172,13,0,True
ta55,50,15,750,DTSA,3,3240,752250,750000,167,33.017,,,,,750,0.5,6,6,-5.0,5.0,5ee1241,2026-07-24T13:37:01,1.0,751500,,,,,,DTSA-core,N=D,C3,3240,0,0,True
ta55,50,15,750,DTSA,3,3240,752250,750000,167,33.017,,,,,750,0.5,6,6,-5.0,5.0,5ee1241,2026-07-24T13:37:01,1.0,751500,,,,,,DTSA+LS,N=D,C3,3240,4,0,True
ta55,50,15,750,DTSA,4,3228,752250,750000,167,33.077,,,,,750,0.5,6,6,-5.0,5.0,5ee1241,2026-07-24T13:37:01,1.0,751500,,,,,,DTSA-core,N=D,C3,3228,0,0,True
ta55,50,15,750,DTSA,4,3204,752250,750000,167,33.077,,,,,750,0.5,6,6,-5.0,5.0,5ee1241,2026-07-24T13:37:01,1.0,751500,,,,,,DTSA+LS,N=D,C3,3228,45,8,True
ta55,50,15,750,DTSA,5,3111,752250,750000,167,33.077,,,,,750,0.5,6,6,-5.0,5.0,5ee1241,2026-07-24T13:37:01,1.0,751500,,,,,,DTSA-core,N=D,C3,3111,0,0,True
ta55,50,15,750,DTSA,5,3104,752250,750000,167,33.077,,,,,750,0.5,6,6,-5.0,5.0,5ee1241,2026-07-24T13:37:01,1.0,751500,,,,,,DTSA+LS,N=D,C3,3111,13,2,True
ta55,50,15,750,DTSA,6,3259,752250,750000,167,33.396,,,,,750,0.5,6,6,-5.0,5.0,5ee1241,2026-07-24T13:37:35,1.0,751500,,,,,,DTSA-core,N=D,C3,3259,0,0,True
ta55,50,15,750,DTSA,6,3259,752250,750000,167,33.396,,,,,750,0.5,6,6,-5.0,5.0,5ee1241,2026-07-24T13:37:35,1.0,751500,,,,,,DTSA+LS,N=D,C3,3259,4,0,True
ta55,50,15,750,DTSA,7,3317,752250,750000,167,33.127,,,,,750,0.5,6,6,-5.0,5.0,5ee1241,2026-07-24T13:37:34,1.0,751500,,,,,,DTSA-core,N=D,C3,3317,0,0,True
ta55,50,15,750,DTSA,7,3317,752250,750000,167,33.127,,,,,750,0.5,6,6,-5.0,5.0,5ee1241,2026-07-24T13:37:34,1.0,751500,,,,,,DTSA+LS,N=D,C3,3317,19,0,True
ta55,50,15,750,DTSA,8,3200,752250,750000,167,33.295,,,,,750,0.5,6,6,-5.0,5.0,5ee1241,2026-07-24T13:37:35,1.0,751500,,,,,,DTSA-core,N=D,C3,3200,0,0,True
ta55,50,15,750,DTSA,8,3199,752250,750000,167,33.295,,,,,750,0.5,6,6,-5.0,5.0,5ee1241,2026-07-24T13:37:35,1.0,751500,,,,,,DTSA+LS,N=D,C3,3200,12,1,True
ta55,50,15,750,DTSA,9,3147,752250,750000,167,33.131,,,,,750,0.5,6,6,-5.0,5.0,5ee1241,2026-07-24T13:37:35,1.0,751500,,,,,,DTSA-core,N=D,C3,3147,0,0,True
ta55,50,15,750,DTSA,9,3147,752250,750000,167,33.131,,,,,750,0.5,6,6,-5.0,5.0,5ee1241,2026-07-24T13:37:35,1.0,751500,,,,,,DTSA+LS,N=D,C3,3147,13,0,True
ta55,50,15,750,DTSA,10,3137,752250,750000,167,33.695,,,,,750,0.5,6,6,-5.0,5.0,5ee1241,2026-07-24T13:37:35,1.0,751500,,,,,,DTSA-core,N=D,C3,3137,0,0,True
ta55,50,15,750,DTSA,10,3136,752250,750000,167,33.695,,,,,750,0.5,6,6,-5.0,5.0,5ee1241,2026-07-24T13:37:35,1.0,751500,,,,,,DTSA+LS,N=D,C3,3137,9,1,True
ta55,50,15,750,DTSA,11,3188,752250,750000,167,33.739,,,,,750,0.5,6,6,-5.0,5.0,5ee1241,2026-07-24T13:37:35,1.0,751500,,,,,,DTSA-core,N=D,C3,3188,0,0,True
ta55,50,15,750,DTSA,11,3188,752250,750000,167,33.739,,,,,750,0.5,6,6,-5.0,5.0,5ee1241,2026-07-24T13:37:35,1.0,751500,,,,,,DTSA+LS,N=D,C3,3188,8,0,True
ta55,50,15,750,DTSA,12,3076,752250,750000,167,33.868,,,,,750,0.5,6,6,-5.0,5.0,5ee1241,2026-07-24T13:38:08,1.0,751500,,,,,,DTSA-core,N=D,C3,3076,0,0,True
ta55,50,15,750,DTSA,12,3076,752250,750000,167,33.868,,,,,750,0.5,6,6,-5.0,5.0,5ee1241,2026-07-24T13:38:08,1.0,751500,,,,,,DTSA+LS,N=D,C3,3076,10,0,True
ta55,50,15,750,DTSA,13,3157,752250,750000,167,33.344,,,,,750,0.5,6,6,-5.0,5.0,5ee1241,2026-07-24T13:38:08,1.0,751500,,,,,,DTSA-core,N=D,C3,3157,0,0,True
ta55,50,15,750,DTSA,13,3157,752250,750000,167,33.344,,,,,750,0.5,6,6,-5.0,5.0,5ee1241,2026-07-24T13:38:08,1.0,751500,,,,,,DTSA+LS,N=D,C3,3157,10,0,True
ta55,50,15,750,DTSA,14,3238,752250,750000,167,33.752,,,,,750,0.5,6,6,-5.0,5.0,5ee1241,2026-07-24T13:38:09,1.0,751500,,,,,,DTSA-core,N=D,C3,3238,0,0,True
ta55,50,15,750,DTSA,14,3238,752250,750000,167,33.752,,,,,750,0.5,6,6,-5.0,5.0,5ee1241,2026-07-24T13:38:09,1.0,751500,,,,,,DTSA+LS,N=D,C3,3238,7,0,True
ta55,50,15,750,DTSA,15,3220,752250,750000,167,33.344,,,,,750,0.5,6,6,-5.0,5.0,5ee1241,2026-07-24T13:38:08,1.0,751500,,,,,,DTSA-core,N=D,C3,3220,0,0,True
ta55,50,15,750,DTSA,15,3210,752250,750000,167,33.344,,,,,750,0.5,6,6,-5.0,5.0,5ee1241,2026-07-24T13:38:08,1.0,751500,,,,,,DTSA+LS,N=D,C3,3220,26,6,True
ta55,50,15,750,DTSA,16,3152,752250,750000,167,33.304,,,,,750,0.5,6,6,-5.0,5.0,5ee1241,2026-07-24T13:38:08,1.0,751500,,,,,,DTSA-core,N=D,C3,3152,0,0,True
ta55,50,15,750,DTSA,16,3140,752250,750000,167,33.304,,,,,750,0.5,6,6,-5.0,5.0,5ee1241,2026-07-24T13:38:08,1.0,751500,,,,,,DTSA+LS,N=D,C3,3152,23,6,True
ta55,50,15,750,DTSA,17,3163,752250,750000,167,33.974,,,,,750,0.5,6,6,-5.0,5.0,5ee1241,2026-07-24T13:38:09,1.0,751500,,,,,,DTSA-core,N=D,C3,3163,0,0,True
ta55,50,15,750,DTSA,17,3163,752250,750000,167,33.974,,,,,750,0.5,6,6,-5.0,5.0,5ee1241,2026-07-24T13:38:09,1.0,751500,,,,,,DTSA+LS,N=D,C3,3163,13,0,True
ta55,50,15,750,DTSA,18,3201,752250,750000,167,31.605,,,,,750,0.5,6,6,-5.0,5.0,5ee1241,2026-07-24T13:38:40,1.0,751500,,,,,,DTSA-core,N=D,C3,3201,0,0,True
ta55,50,15,750,DTSA,18,3194,752250,750000,167,31.605,,,,,750,0.5,6,6,-5.0,5.0,5ee1241,2026-07-24T13:38:40,1.0,751500,,,,,,DTSA+LS,N=D,C3,3201,19,2,True
ta55,50,15,750,DTSA,19,3145,752250,750000,167,31.456,,,,,750,0.5,6,6,-5.0,5.0,5ee1241,2026-07-24T13:38:40,1.0,751500,,,,,,DTSA-core,N=D,C3,3145,0,0,True
ta55,50,15,750,DTSA,19,3145,752250,750000,167,31.456,,,,,750,0.5,6,6,-5.0,5.0,5ee1241,2026-07-24T13:38:40,1.0,751500,,,,,,DTSA+LS,N=D,C3,3145,6,0,True
ta61,50,20,1000,DTSA,0,3372,1003000,1000000,167,50.986,,,,,1000,0.5,6,6,-5.0,5.0,5ee1241,2026-07-24T13:39:31,1.0,1002000,,,,,,DTSA-core,N=D,C3,3372,0,0,True
ta61,50,20,1000,DTSA,0,3372,1003000,1000000,167,50.986,,,,,1000,0.5,6,6,-5.0,5.0,5ee1241,2026-07-24T13:39:31,1.0,1002000,,,,,,DTSA+LS,N=D,C3,3372,14,0,True
ta61,50,20,1000,DTSA,1,3384,1003000,1000000,167,50.977,,,,,1000,0.5,6,6,-5.0,5.0,5ee1241,2026-07-24T13:39:31,1.0,1002000,,,,,,DTSA-core,N=D,C3,3384,0,0,True
ta61,50,20,1000,DTSA,1,3384,1003000,1000000,167,50.977,,,,,1000,0.5,6,6,-5.0,5.0,5ee1241,2026-07-24T13:39:31,1.0,1002000,,,,,,DTSA+LS,N=D,C3,3384,8,0,True
ta61,50,20,1000,DTSA,2,3324,1003000,1000000,167,50.871,,,,,1000,0.5,6,6,-5.0,5.0,5ee1241,2026-07-24T13:39:31,1.0,1002000,,,,,,DTSA-core,N=D,C3,3324,0,0,True
ta61,50,20,1000,DTSA,2,3324,1003000,1000000,167,50.871,,,,,1000,0.5,6,6,-5.0,5.0,5ee1241,2026-07-24T13:39:31,1.0,1002000,,,,,,DTSA+LS,N=D,C3,3324,8,0,True
ta61,50,20,1000,DTSA,3,3410,1003000,1000000,167,50.923,,,,,1000,0.5,6,6,-5.0,5.0,5ee1241,2026-07-24T13:39:31,1.0,1002000,,,,,,DTSA-core,N=D,C3,3410,0,0,True
ta61,50,20,1000,DTSA,3,3395,1003000,1000000,167,50.923,,,,,1000,0.5,6,6,-5.0,5.0,5ee1241,2026-07-24T13:39:31,1.0,1002000,,,,,,DTSA+LS,N=D,C3,3410,36,8,True
ta61,50,20,1000,DTSA,4,3410,1003000,1000000,167,49.613,,,,,1000,0.5,6,6,-5.0,5.0,5ee1241,2026-07-24T13:39:29,1.0,1002000,,,,,,DTSA-core,N=D,C3,3410,0,0,True
ta61,50,20,1000,DTSA,4,3410,1003000,1000000,167,49.613,,,,,1000,0.5,6,6,-5.0,5.0,5ee1241,2026-07-24T13:39:29,1.0,1002000,,,,,,DTSA+LS,N=D,C3,3410,4,0,True
ta61,50,20,1000,DTSA,5,3326,1003000,1000000,167,49.964,,,,,1000,0.5,6,6,-5.0,5.0,5ee1241,2026-07-24T13:39:30,1.0,1002000,,,,,,DTSA-core,N=D,C3,3326,0,0,True
ta61,50,20,1000,DTSA,5,3326,1003000,1000000,167,49.964,,,,,1000,0.5,6,6,-5.0,5.0,5ee1241,2026-07-24T13:39:30,1.0,1002000,,,,,,DTSA+LS,N=D,C3,3326,18,0,True
ta61,50,20,1000,DTSA,6,3333,1003000,1000000,167,51.251,,,,,1000,0.5,6,6,-5.0,5.0,5ee1241,2026-07-24T13:40:21,1.0,1002000,,,,,,DTSA-core,N=D,C3,3333,0,0,True
ta61,50,20,1000,DTSA,6,3331,1003000,1000000,167,51.251,,,,,1000,0.5,6,6,-5.0,5.0,5ee1241,2026-07-24T13:40:21,1.0,1002000,,,,,,DTSA+LS,N=D,C3,3333,11,1,True
ta61,50,20,1000,DTSA,7,3340,1003000,1000000,167,51.128,,,,,1000,0.5,6,6,-5.0,5.0,5ee1241,2026-07-24T13:40:21,1.0,1002000,,,,,,DTSA-core,N=D,C3,3340,0,0,True
ta61,50,20,1000,DTSA,7,3325,1003000,1000000,167,51.128,,,,,1000,0.5,6,6,-5.0,5.0,5ee1241,2026-07-24T13:40:21,1.0,1002000,,,,,,DTSA+LS,N=D,C3,3340,22,6,True
ta61,50,20,1000,DTSA,8,3324,1003000,1000000,167,51.029,,,,,1000,0.5,6,6,-5.0,5.0,5ee1241,2026-07-24T13:40:22,1.0,1002000,,,,,,DTSA-core,N=D,C3,3324,0,0,True
ta61,50,20,1000,DTSA,8,3324,1003000,1000000,167,51.029,,,,,1000,0.5,6,6,-5.0,5.0,5ee1241,2026-07-24T13:40:22,1.0,1002000,,,,,,DTSA+LS,N=D,C3,3324,10,0,True
ta61,50,20,1000,DTSA,9,3374,1003000,1000000,167,51.158,,,,,1000,0.5,6,6,-5.0,5.0,5ee1241,2026-07-24T13:40:22,1.0,1002000,,,,,,DTSA-core,N=D,C3,3374,0,0,True
ta61,50,20,1000,DTSA,9,3374,1003000,1000000,167,51.158,,,,,1000,0.5,6,6,-5.0,5.0,5ee1241,2026-07-24T13:40:22,1.0,1002000,,,,,,DTSA+LS,N=D,C3,3374,12,0,True
ta61,50,20,1000,DTSA,10,3298,1003000,1000000,167,51.726,,,,,1000,0.5,6,6,-5.0,5.0,5ee1241,2026-07-24T13:40:22,1.0,1002000,,,,,,DTSA-core,N=D,C3,3298,0,0,True
ta61,50,20,1000,DTSA,10,3298,1003000,1000000,167,51.726,,,,,1000,0.5,6,6,-5.0,5.0,5ee1241,2026-07-24T13:40:22,1.0,1002000,,,,,,DTSA+LS,N=D,C3,3298,13,0,True
ta61,50,20,1000,DTSA,11,3405,1003000,1000000,167,51.159,,,,,1000,0.5,6,6,-5.0,5.0,5ee1241,2026-07-24T13:40:22,1.0,1002000,,,,,,DTSA-core,N=D,C3,3405,0,0,True
ta61,50,20,1000,DTSA,11,3405,1003000,1000000,167,51.159,,,,,1000,0.5,6,6,-5.0,5.0,5ee1241,2026-07-24T13:40:22,1.0,1002000,,,,,,DTSA+LS,N=D,C3,3405,9,0,True
ta61,50,20,1000,DTSA,12,3353,1003000,1000000,167,51.764,,,,,1000,0.5,6,6,-5.0,5.0,5ee1241,2026-07-24T13:41:12,1.0,1002000,,,,,,DTSA-core,N=D,C3,3353,0,0,True
ta61,50,20,1000,DTSA,12,3353,1003000,1000000,167,51.764,,,,,1000,0.5,6,6,-5.0,5.0,5ee1241,2026-07-24T13:41:12,1.0,1002000,,,,,,DTSA+LS,N=D,C3,3353,8,0,True
ta61,50,20,1000,DTSA,13,3467,1003000,1000000,167,50.578,,,,,1000,0.5,6,6,-5.0,5.0,5ee1241,2026-07-24T13:41:11,1.0,1002000,,,,,,DTSA-core,N=D,C3,3467,0,0,True
ta61,50,20,1000,DTSA,13,3467,1003000,1000000,167,50.578,,,,,1000,0.5,6,6,-5.0,5.0,5ee1241,2026-07-24T13:41:11,1.0,1002000,,,,,,DTSA+LS,N=D,C3,3467,8,0,True
ta61,50,20,1000,DTSA,14,3325,1003000,1000000,167,51.935,,,,,1000,0.5,6,6,-5.0,5.0,5ee1241,2026-07-24T13:41:14,1.0,1002000,,,,,,DTSA-core,N=D,C3,3325,0,0,True
ta61,50,20,1000,DTSA,14,3325,1003000,1000000,167,51.935,,,,,1000,0.5,6,6,-5.0,5.0,5ee1241,2026-07-24T13:41:14,1.0,1002000,,,,,,DTSA+LS,N=D,C3,3325,13,0,True
ta61,50,20,1000,DTSA,15,3360,1003000,1000000,167,51.153,,,,,1000,0.5,6,6,-5.0,5.0,5ee1241,2026-07-24T13:41:13,1.0,1002000,,,,,,DTSA-core,N=D,C3,3360,0,0,True
ta61,50,20,1000,DTSA,15,3360,1003000,1000000,167,51.153,,,,,1000,0.5,6,6,-5.0,5.0,5ee1241,2026-07-24T13:41:13,1.0,1002000,,,,,,DTSA+LS,N=D,C3,3360,10,0,True
ta61,50,20,1000,DTSA,16,3375,1003000,1000000,167,50.86,,,,,1000,0.5,6,6,-5.0,5.0,5ee1241,2026-07-24T13:41:13,1.0,1002000,,,,,,DTSA-core,N=D,C3,3375,0,0,True
ta61,50,20,1000,DTSA,16,3375,1003000,1000000,167,50.86,,,,,1000,0.5,6,6,-5.0,5.0,5ee1241,2026-07-24T13:41:13,1.0,1002000,,,,,,DTSA+LS,N=D,C3,3375,13,0,True
ta61,50,20,1000,DTSA,17,3302,1003000,1000000,167,51.426,,,,,1000,0.5,6,6,-5.0,5.0,5ee1241,2026-07-24T13:41:14,1.0,1002000,,,,,,DTSA-core,N=D,C3,3302,0,0,True
ta61,50,20,1000,DTSA,17,3293,1003000,1000000,167,51.426,,,,,1000,0.5,6,6,-5.0,5.0,5ee1241,2026-07-24T13:41:14,1.0,1002000,,,,,,DTSA+LS,N=D,C3,3302,30,4,True
ta61,50,20,1000,DTSA,18,3344,1003000,1000000,167,48.157,,,,,1000,0.5,6,6,-5.0,5.0,5ee1241,2026-07-24T13:42:00,1.0,1002000,,,,,,DTSA-core,N=D,C3,3344,0,0,True
ta61,50,20,1000,DTSA,18,3344,1003000,1000000,167,48.157,,,,,1000,0.5,6,6,-5.0,5.0,5ee1241,2026-07-24T13:42:00,1.0,1002000,,,,,,DTSA+LS,N=D,C3,3344,7,0,True
ta61,50,20,1000,DTSA,19,3287,1003000,1000000,167,48.259,,,,,1000,0.5,6,6,-5.0,5.0,5ee1241,2026-07-24T13:42:01,1.0,1002000,,,,,,DTSA-core,N=D,C3,3287,0,0,True
ta61,50,20,1000,DTSA,19,3277,1003000,1000000,167,48.259,,,,,1000,0.5,6,6,-5.0,5.0,5ee1241,2026-07-24T13:42:01,1.0,1002000,,,,,,DTSA+LS,N=D,C3,3287,41,6,True
ta62,50,20,1000,DTSA,0,3495,1003000,1000000,167,50.724,,,,,1000,0.5,6,6,-5.0,5.0,5ee1241,2026-07-24T13:42:51,1.0,1002000,,,,,,DTSA-core,N=D,C3,3495,0,0,True
ta62,50,20,1000,DTSA,0,3495,1003000,1000000,167,50.724,,,,,1000,0.5,6,6,-5.0,5.0,5ee1241,2026-07-24T13:42:51,1.0,1002000,,,,,,DTSA+LS,N=D,C3,3495,10,0,True
ta62,50,20,1000,DTSA,1,3400,1003000,1000000,167,51.343,,,,,1000,0.5,6,6,-5.0,5.0,5ee1241,2026-07-24T13:42:52,1.0,1002000,,,,,,DTSA-core,N=D,C3,3400,0,0,True
ta62,50,20,1000,DTSA,1,3400,1003000,1000000,167,51.343,,,,,1000,0.5,6,6,-5.0,5.0,5ee1241,2026-07-24T13:42:52,1.0,1002000,,,,,,DTSA+LS,N=D,C3,3400,6,0,True
ta62,50,20,1000,DTSA,2,3355,1003000,1000000,167,51.343,,,,,1000,0.5,6,6,-5.0,5.0,5ee1241,2026-07-24T13:42:52,1.0,1002000,,,,,,DTSA-core,N=D,C3,3355,0,0,True
ta62,50,20,1000,DTSA,2,3355,1003000,1000000,167,51.343,,,,,1000,0.5,6,6,-5.0,5.0,5ee1241,2026-07-24T13:42:52,1.0,1002000,,,,,,DTSA+LS,N=D,C3,3355,12,0,True
ta62,50,20,1000,DTSA,3,3452,1003000,1000000,167,51.076,,,,,1000,0.5,6,6,-5.0,5.0,5ee1241,2026-07-24T13:42:52,1.0,1002000,,,,,,DTSA-core,N=D,C3,3452,0,0,True
ta62,50,20,1000,DTSA,3,3452,1003000,1000000,167,51.076,,,,,1000,0.5,6,6,-5.0,5.0,5ee1241,2026-07-24T13:42:52,1.0,1002000,,,,,,DTSA+LS,N=D,C3,3452,14,0,True
ta62,50,20,1000,DTSA,4,3374,1003000,1000000,167,51.361,,,,,1000,0.5,6,6,-5.0,5.0,5ee1241,2026-07-24T13:42:52,1.0,1002000,,,,,,DTSA-core,N=D,C3,3374,0,0,True
ta62,50,20,1000,DTSA,4,3374,1003000,1000000,167,51.361,,,,,1000,0.5,6,6,-5.0,5.0,5ee1241,2026-07-24T13:42:52,1.0,1002000,,,,,,DTSA+LS,N=D,C3,3374,11,0,True
ta62,50,20,1000,DTSA,5,3468,1003000,1000000,167,50.789,,,,,1000,0.5,6,6,-5.0,5.0,5ee1241,2026-07-24T13:42:52,1.0,1002000,,,,,,DTSA-core,N=D,C3,3468,0,0,True
ta62,50,20,1000,DTSA,5,3468,1003000,1000000,167,50.789,,,,,1000,0.5,6,6,-5.0,5.0,5ee1241,2026-07-24T13:42:52,1.0,1002000,,,,,,DTSA+LS,N=D,C3,3468,15,0,True
ta62,50,20,1000,DTSA,6,3464,1003000,1000000,167,51.84,,,,,1000,0.5,6,6,-5.0,5.0,5ee1241,2026-07-24T13:43:43,1.0,1002000,,,,,,DTSA-core,N=D,C3,3464,0,0,True
ta62,50,20,1000,DTSA,6,3464,1003000,1000000,167,51.84,,,,,1000,0.5,6,6,-5.0,5.0,5ee1241,2026-07-24T13:43:43,1.0,1002000,,,,,,DTSA+LS,N=D,C3,3464,17,0,True
ta62,50,20,1000,DTSA,7,3387,1003000,1000000,167,51.005,,,,,1000,0.5,6,6,-5.0,5.0,5ee1241,2026-07-24T13:43:43,1.0,1002000,,,,,,DTSA-core,N=D,C3,3387,0,0,True
ta62,50,20,1000,DTSA,7,3369,1003000,1000000,167,51.005,,,,,1000,0.5,6,6,-5.0,5.0,5ee1241,2026-07-24T13:43:43,1.0,1002000,,,,,,DTSA+LS,N=D,C3,3387,35,9,True
ta62,50,20,1000,DTSA,8,3348,1003000,1000000,167,51.623,,,,,1000,0.5,6,6,-5.0,5.0,5ee1241,2026-07-24T13:43:43,1.0,1002000,,,,,,DTSA-core,N=D,C3,3348,0,0,True
ta62,50,20,1000,DTSA,8,3348,1003000,1000000,167,51.623,,,,,1000,0.5,6,6,-5.0,5.0,5ee1241,2026-07-24T13:43:43,1.0,1002000,,,,,,DTSA+LS,N=D,C3,3348,9,0,True
ta62,50,20,1000,DTSA,9,3454,1003000,1000000,167,52.068,,,,,1000,0.5,6,6,-5.0,5.0,5ee1241,2026-07-24T13:43:44,1.0,1002000,,,,,,DTSA-core,N=D,C3,3454,0,0,True
ta62,50,20,1000,DTSA,9,3432,1003000,1000000,167,52.068,,,,,1000,0.5,6,6,-5.0,5.0,5ee1241,2026-07-24T13:43:44,1.0,1002000,,,,,,DTSA+LS,N=D,C3,3454,51,7,True
ta62,50,20,1000,DTSA,10,3421,1003000,1000000,167,52.106,,,,,1000,0.5,6,6,-5.0,5.0,5ee1241,2026-07-24T13:43:44,1.0,1002000,,,,,,DTSA-core,N=D,C3,3421,0,0,True
ta62,50,20,1000,DTSA,10,3418,1003000,1000000,167,52.106,,,,,1000,0.5,6,6,-5.0,5.0,5ee1241,2026-07-24T13:43:44,1.0,1002000,,,,,,DTSA+LS,N=D,C3,3421,17,2,True
ta62,50,20,1000,DTSA,11,3448,1003000,1000000,167,51.06,,,,,1000,0.5,6,6,-5.0,5.0,5ee1241,2026-07-24T13:43:43,1.0,1002000,,,,,,DTSA-core,N=D,C3,3448,0,0,True
ta62,50,20,1000,DTSA,11,3448,1003000,1000000,167,51.06,,,,,1000,0.5,6,6,-5.0,5.0,5ee1241,2026-07-24T13:43:43,1.0,1002000,,,,,,DTSA+LS,N=D,C3,3448,12,0,True
ta62,50,20,1000,DTSA,12,3416,1003000,1000000,167,51.336,,,,,1000,0.5,6,6,-5.0,5.0,5ee1241,2026-07-24T13:44:34,1.0,1002000,,,,,,DTSA-core,N=D,C3,3416,0,0,True
ta62,50,20,1000,DTSA,12,3416,1003000,1000000,167,51.336,,,,,1000,0.5,6,6,-5.0,5.0,5ee1241,2026-07-24T13:44:34,1.0,1002000,,,,,,DTSA+LS,N=D,C3,3416,10,0,True
ta62,50,20,1000,DTSA,13,3391,1003000,1000000,167,52.156,,,,,1000,0.5,6,6,-5.0,5.0,5ee1241,2026-07-24T13:44:35,1.0,1002000,,,,,,DTSA-core,N=D,C3,3391,0,0,True
ta62,50,20,1000,DTSA,13,3391,1003000,1000000,167,52.156,,,,,1000,0.5,6,6,-5.0,5.0,5ee1241,2026-07-24T13:44:35,1.0,1002000,,,,,,DTSA+LS,N=D,C3,3391,4,0,True
ta62,50,20,1000,DTSA,14,3434,1003000,1000000,167,51.946,,,,,1000,0.5,6,6,-5.0,5.0,5ee1241,2026-07-24T13:44:35,1.0,1002000,,,,,,DTSA-core,N=D,C3,3434,0,0,True
ta62,50,20,1000,DTSA,14,3434,1003000,1000000,167,51.946,,,,,1000,0.5,6,6,-5.0,5.0,5ee1241,2026-07-24T13:44:35,1.0,1002000,,,,,,DTSA+LS,N=D,C3,3434,10,0,True
ta62,50,20,1000,DTSA,15,3393,1003000,1000000,167,51.862,,,,,1000,0.5,6,6,-5.0,5.0,5ee1241,2026-07-24T13:44:35,1.0,1002000,,,,,,DTSA-core,N=D,C3,3393,0,0,True
ta62,50,20,1000,DTSA,15,3393,1003000,1000000,167,51.862,,,,,1000,0.5,6,6,-5.0,5.0,5ee1241,2026-07-24T13:44:35,1.0,1002000,,,,,,DTSA+LS,N=D,C3,3393,4,0,True
ta62,50,20,1000,DTSA,16,3358,1003000,1000000,167,52.104,,,,,1000,0.5,6,6,-5.0,5.0,5ee1241,2026-07-24T13:44:36,1.0,1002000,,,,,,DTSA-core,N=D,C3,3358,0,0,True
ta62,50,20,1000,DTSA,16,3357,1003000,1000000,167,52.104,,,,,1000,0.5,6,6,-5.0,5.0,5ee1241,2026-07-24T13:44:36,1.0,1002000,,,,,,DTSA+LS,N=D,C3,3358,18,1,True
ta62,50,20,1000,DTSA,17,3394,1003000,1000000,167,52.438,,,,,1000,0.5,6,6,-5.0,5.0,5ee1241,2026-07-24T13:44:37,1.0,1002000,,,,,,DTSA-core,N=D,C3,3394,0,0,True
ta62,50,20,1000,DTSA,17,3394,1003000,1000000,167,52.438,,,,,1000,0.5,6,6,-5.0,5.0,5ee1241,2026-07-24T13:44:37,1.0,1002000,,,,,,DTSA+LS,N=D,C3,3394,10,0,True
ta62,50,20,1000,DTSA,18,3369,1003000,1000000,167,48.393,,,,,1000,0.5,6,6,-5.0,5.0,5ee1241,2026-07-24T13:45:22,1.0,1002000,,,,,,DTSA-core,N=D,C3,3369,0,0,True
ta62,50,20,1000,DTSA,18,3369,1003000,1000000,167,48.393,,,,,1000,0.5,6,6,-5.0,5.0,5ee1241,2026-07-24T13:45:22,1.0,1002000,,,,,,DTSA+LS,N=D,C3,3369,8,0,True
ta62,50,20,1000,DTSA,19,3393,1003000,1000000,167,49.097,,,,,1000,0.5,6,6,-5.0,5.0,5ee1241,2026-07-24T13:45:24,1.0,1002000,,,,,,DTSA-core,N=D,C3,3393,0,0,True
ta62,50,20,1000,DTSA,19,3393,1003000,1000000,167,49.097,,,,,1000,0.5,6,6,-5.0,5.0,5ee1241,2026-07-24T13:45:24,1.0,1002000,,,,,,DTSA+LS,N=D,C3,3393,17,0,True
ta63,50,20,1000,DTSA,0,3159,1003000,1000000,167,50.447,,,,,1000,0.5,6,6,-5.0,5.0,5ee1241,2026-07-24T13:46:15,1.0,1002000,,,,,,DTSA-core,N=D,C3,3159,0,0,True
ta63,50,20,1000,DTSA,0,3154,1003000,1000000,167,50.447,,,,,1000,0.5,6,6,-5.0,5.0,5ee1241,2026-07-24T13:46:15,1.0,1002000,,,,,,DTSA+LS,N=D,C3,3159,22,2,True
ta63,50,20,1000,DTSA,1,3217,1003000,1000000,167,49.974,,,,,1000,0.5,6,6,-5.0,5.0,5ee1241,2026-07-24T13:46:14,1.0,1002000,,,,,,DTSA-core,N=D,C3,3217,0,0,True
ta63,50,20,1000,DTSA,1,3217,1003000,1000000,167,49.974,,,,,1000,0.5,6,6,-5.0,5.0,5ee1241,2026-07-24T13:46:14,1.0,1002000,,,,,,DTSA+LS,N=D,C3,3217,14,0,True
ta63,50,20,1000,DTSA,2,3197,1003000,1000000,167,50.122,,,,,1000,0.5,6,6,-5.0,5.0,5ee1241,2026-07-24T13:46:15,1.0,1002000,,,,,,DTSA-core,N=D,C3,3197,0,0,True
ta63,50,20,1000,DTSA,2,3197,1003000,1000000,167,50.122,,,,,1000,0.5,6,6,-5.0,5.0,5ee1241,2026-07-24T13:46:15,1.0,1002000,,,,,,DTSA+LS,N=D,C3,3197,7,0,True
ta63,50,20,1000,DTSA,3,3162,1003000,1000000,167,50.697,,,,,1000,0.5,6,6,-5.0,5.0,5ee1241,2026-07-24T13:46:15,1.0,1002000,,,,,,DTSA-core,N=D,C3,3162,0,0,True
ta63,50,20,1000,DTSA,3,3162,1003000,1000000,167,50.697,,,,,1000,0.5,6,6,-5.0,5.0,5ee1241,2026-07-24T13:46:15,1.0,1002000,,,,,,DTSA+LS,N=D,C3,3162,12,0,True
ta63,50,20,1000,DTSA,4,3289,1003000,1000000,167,49.282,,,,,1000,0.5,6,6,-5.0,5.0,5ee1241,2026-07-24T13:46:14,1.0,1002000,,,,,,DTSA-core,N=D,C3,3289,0,0,True
ta63,50,20,1000,DTSA,4,3289,1003000,1000000,167,49.282,,,,,1000,0.5,6,6,-5.0,5.0,5ee1241,2026-07-24T13:46:14,1.0,1002000,,,,,,DTSA+LS,N=D,C3,3289,14,0,True
ta63,50,20,1000,DTSA,5,3147,1003000,1000000,167,50.373,,,,,1000,0.5,6,6,-5.0,5.0,5ee1241,2026-07-24T13:46:15,1.0,1002000,,,,,,DTSA-core,N=D,C3,3147,0,0,True
ta63,50,20,1000,DTSA,5,3137,1003000,1000000,167,50.373,,,,,1000,0.5,6,6,-5.0,5.0,5ee1241,2026-07-24T13:46:15,1.0,1002000,,,,,,DTSA+LS,N=D,C3,3147,12,3,True
ta63,50,20,1000,DTSA,6,3139,1003000,1000000,167,51.16,,,,,1000,0.5,6,6,-5.0,5.0,5ee1241,2026-07-24T13:47:05,1.0,1002000,,,,,,DTSA-core,N=D,C3,3139,0,0,True
ta63,50,20,1000,DTSA,6,3127,1003000,1000000,167,51.16,,,,,1000,0.5,6,6,-5.0,5.0,5ee1241,2026-07-24T13:47:05,1.0,1002000,,,,,,DTSA+LS,N=D,C3,3139,27,5,True
ta63,50,20,1000,DTSA,7,3202,1003000,1000000,167,50.827,,,,,1000,0.5,6,6,-5.0,5.0,5ee1241,2026-07-24T13:47:05,1.0,1002000,,,,,,DTSA-core,N=D,C3,3202,0,0,True
ta63,50,20,1000,DTSA,7,3202,1003000,1000000,167,50.827,,,,,1000,0.5,6,6,-5.0,5.0,5ee1241,2026-07-24T13:47:05,1.0,1002000,,,,,,DTSA+LS,N=D,C3,3202,8,0,True
ta63,50,20,1000,DTSA,8,3168,1003000,1000000,167,51.165,,,,,1000,0.5,6,6,-5.0,5.0,5ee1241,2026-07-24T13:47:06,1.0,1002000,,,,,,DTSA-core,N=D,C3,3168,0,0,True
ta63,50,20,1000,DTSA,8,3168,1003000,1000000,167,51.165,,,,,1000,0.5,6,6,-5.0,5.0,5ee1241,2026-07-24T13:47:06,1.0,1002000,,,,,,DTSA+LS,N=D,C3,3168,15,0,True
ta63,50,20,1000,DTSA,9,3130,1003000,1000000,167,51.507,,,,,1000,0.5,6,6,-5.0,5.0,5ee1241,2026-07-24T13:47:06,1.0,1002000,,,,,,DTSA-core,N=D,C3,3130,0,0,True
ta63,50,20,1000,DTSA,9,3130,1003000,1000000,167,51.507,,,,,1000,0.5,6,6,-5.0,5.0,5ee1241,2026-07-24T13:47:06,1.0,1002000,,,,,,DTSA+LS,N=D,C3,3130,18,0,True
ta63,50,20,1000,DTSA,10,3179,1003000,1000000,167,50.761,,,,,1000,0.5,6,6,-5.0,5.0,5ee1241,2026-07-24T13:47:06,1.0,1002000,,,,,,DTSA-core,N=D,C3,3179,0,0,True
ta63,50,20,1000,DTSA,10,3176,1003000,1000000,167,50.761,,,,,1000,0.5,6,6,-5.0,5.0,5ee1241,2026-07-24T13:47:06,1.0,1002000,,,,,,DTSA+LS,N=D,C3,3179,17,2,True
ta63,50,20,1000,DTSA,11,3139,1003000,1000000,167,51.581,,,,,1000,0.5,6,6,-5.0,5.0,5ee1241,2026-07-24T13:47:07,1.0,1002000,,,,,,DTSA-core,N=D,C3,3139,0,0,True
ta63,50,20,1000,DTSA,11,3139,1003000,1000000,167,51.581,,,,,1000,0.5,6,6,-5.0,5.0,5ee1241,2026-07-24T13:47:07,1.0,1002000,,,,,,DTSA+LS,N=D,C3,3139,14,0,True
ta63,50,20,1000,DTSA,12,3197,1003000,1000000,167,51.264,,,,,1000,0.5,6,6,-5.0,5.0,5ee1241,2026-07-24T13:47:56,1.0,1002000,,,,,,DTSA-core,N=D,C3,3197,0,0,True
ta63,50,20,1000,DTSA,12,3197,1003000,1000000,167,51.264,,,,,1000,0.5,6,6,-5.0,5.0,5ee1241,2026-07-24T13:47:56,1.0,1002000,,,,,,DTSA+LS,N=D,C3,3197,14,0,True
ta63,50,20,1000,DTSA,13,3165,1003000,1000000,167,51.284,,,,,1000,0.5,6,6,-5.0,5.0,5ee1241,2026-07-24T13:47:57,1.0,1002000,,,,,,DTSA-core,N=D,C3,3165,0,0,True
ta63,50,20,1000,DTSA,13,3165,1003000,1000000,167,51.284,,,,,1000,0.5,6,6,-5.0,5.0,5ee1241,2026-07-24T13:47:57,1.0,1002000,,,,,,DTSA+LS,N=D,C3,3165,9,0,True
ta63,50,20,1000,DTSA,14,3232,1003000,1000000,167,51.925,,,,,1000,0.5,6,6,-5.0,5.0,5ee1241,2026-07-24T13:47:58,1.0,1002000,,,,,,DTSA-core,N=D,C3,3232,0,0,True
ta63,50,20,1000,DTSA,14,3232,1003000,1000000,167,51.925,,,,,1000,0.5,6,6,-5.0,5.0,5ee1241,2026-07-24T13:47:58,1.0,1002000,,,,,,DTSA+LS,N=D,C3,3232,9,0,True
ta63,50,20,1000,DTSA,15,3177,1003000,1000000,167,52.445,,,,,1000,0.5,6,6,-5.0,5.0,5ee1241,2026-07-24T13:47:58,1.0,1002000,,,,,,DTSA-core,N=D,C3,3177,0,0,True
ta63,50,20,1000,DTSA,15,3177,1003000,1000000,167,52.445,,,,,1000,0.5,6,6,-5.0,5.0,5ee1241,2026-07-24T13:47:58,1.0,1002000,,,,,,DTSA+LS,N=D,C3,3177,11,0,True
ta63,50,20,1000,DTSA,16,3179,1003000,1000000,167,52.228,,,,,1000,0.5,6,6,-5.0,5.0,5ee1241,2026-07-24T13:47:59,1.0,1002000,,,,,,DTSA-core,N=D,C3,3179,0,0,True
ta63,50,20,1000,DTSA,16,3179,1003000,1000000,167,52.228,,,,,1000,0.5,6,6,-5.0,5.0,5ee1241,2026-07-24T13:47:59,1.0,1002000,,,,,,DTSA+LS,N=D,C3,3179,10,0,True
ta63,50,20,1000,DTSA,17,3220,1003000,1000000,167,51.581,,,,,1000,0.5,6,6,-5.0,5.0,5ee1241,2026-07-24T13:47:58,1.0,1002000,,,,,,DTSA-core,N=D,C3,3220,0,0,True
ta63,50,20,1000,DTSA,17,3220,1003000,1000000,167,51.581,,,,,1000,0.5,6,6,-5.0,5.0,5ee1241,2026-07-24T13:47:58,1.0,1002000,,,,,,DTSA+LS,N=D,C3,3220,9,0,True
ta63,50,20,1000,DTSA,18,3199,1003000,1000000,167,48.172,,,,,1000,0.5,6,6,-5.0,5.0,5ee1241,2026-07-24T13:48:45,1.0,1002000,,,,,,DTSA-core,N=D,C3,3199,0,0,True
ta63,50,20,1000,DTSA,18,3199,1003000,1000000,167,48.172,,,,,1000,0.5,6,6,-5.0,5.0,5ee1241,2026-07-24T13:48:45,1.0,1002000,,,,,,DTSA+LS,N=D,C3,3199,15,0,True
ta63,50,20,1000,DTSA,19,3128,1003000,1000000,167,48.124,,,,,1000,0.5,6,6,-5.0,5.0,5ee1241,2026-07-24T13:48:45,1.0,1002000,,,,,,DTSA-core,N=D,C3,3128,0,0,True
ta63,50,20,1000,DTSA,19,3109,1003000,1000000,167,48.124,,,,,1000,0.5,6,6,-5.0,5.0,5ee1241,2026-07-24T13:48:45,1.0,1002000,,,,,,DTSA+LS,N=D,C3,3128,54,10,True
ta64,50,20,1000,DTSA,0,3216,1003000,1000000,167,50.86,,,,,1000,0.5,6,6,-5.0,5.0,5ee1241,2026-07-24T13:49:36,1.0,1002000,,,,,,DTSA-core,N=D,C3,3216,0,0,True
ta64,50,20,1000,DTSA,0,3216,1003000,1000000,167,50.86,,,,,1000,0.5,6,6,-5.0,5.0,5ee1241,2026-07-24T13:49:36,1.0,1002000,,,,,,DTSA+LS,N=D,C3,3216,15,0,True
ta64,50,20,1000,DTSA,1,3279,1003000,1000000,167,50.724,,,,,1000,0.5,6,6,-5.0,5.0,5ee1241,2026-07-24T13:49:36,1.0,1002000,,,,,,DTSA-core,N=D,C3,3279,0,0,True
ta64,50,20,1000,DTSA,1,3268,1003000,1000000,167,50.724,,,,,1000,0.5,6,6,-5.0,5.0,5ee1241,2026-07-24T13:49:36,1.0,1002000,,,,,,DTSA+LS,N=D,C3,3279,34,4,True
ta64,50,20,1000,DTSA,2,3249,1003000,1000000,167,50.668,,,,,1000,0.5,6,6,-5.0,5.0,5ee1241,2026-07-24T13:49:36,1.0,1002000,,,,,,DTSA-core,N=D,C3,3249,0,0,True
ta64,50,20,1000,DTSA,2,3249,1003000,1000000,167,50.668,,,,,1000,0.5,6,6,-5.0,5.0,5ee1241,2026-07-24T13:49:36,1.0,1002000,,,,,,DTSA+LS,N=D,C3,3249,7,0,True
ta64,50,20,1000,DTSA,3,3240,1003000,1000000,167,49.787,,,,,1000,0.5,6,6,-5.0,5.0,5ee1241,2026-07-24T13:49:35,1.0,1002000,,,,,,DTSA-core,N=D,C3,3240,0,0,True
ta64,50,20,1000,DTSA,3,3227,1003000,1000000,167,49.787,,,,,1000,0.5,6,6,-5.0,5.0,5ee1241,2026-07-24T13:49:35,1.0,1002000,,,,,,DTSA+LS,N=D,C3,3240,38,5,True
ta64,50,20,1000,DTSA,4,3196,1003000,1000000,167,50.094,,,,,1000,0.5,6,6,-5.0,5.0,5ee1241,2026-07-24T13:49:35,1.0,1002000,,,,,,DTSA-core,N=D,C3,3196,0,0,True
ta64,50,20,1000,DTSA,4,3196,1003000,1000000,167,50.094,,,,,1000,0.5,6,6,-5.0,5.0,5ee1241,2026-07-24T13:49:35,1.0,1002000,,,,,,DTSA+LS,N=D,C3,3196,4,0,True
ta64,50,20,1000,DTSA,5,3287,1003000,1000000,167,50.455,,,,,1000,0.5,6,6,-5.0,5.0,5ee1241,2026-07-24T13:49:35,1.0,1002000,,,,,,DTSA-core,N=D,C3,3287,0,0,True
ta64,50,20,1000,DTSA,5,3257,1003000,1000000,167,50.455,,,,,1000,0.5,6,6,-5.0,5.0,5ee1241,2026-07-24T13:49:35,1.0,1002000,,,,,,DTSA+LS,N=D,C3,3287,49,10,True
ta64,50,20,1000,DTSA,6,3193,1003000,1000000,167,51.448,,,,,1000,0.5,6,6,-5.0,5.0,5ee1241,2026-07-24T13:50:26,1.0,1002000,,,,,,DTSA-core,N=D,C3,3193,0,0,True
ta64,50,20,1000,DTSA,6,3193,1003000,1000000,167,51.448,,,,,1000,0.5,6,6,-5.0,5.0,5ee1241,2026-07-24T13:50:26,1.0,1002000,,,,,,DTSA+LS,N=D,C3,3193,13,0,True
ta64,50,20,1000,DTSA,7,3266,1003000,1000000,167,50.544,,,,,1000,0.5,6,6,-5.0,5.0,5ee1241,2026-07-24T13:50:26,1.0,1002000,,,,,,DTSA-core,N=D,C3,3266,0,0,True
ta64,50,20,1000,DTSA,7,3266,1003000,1000000,167,50.544,,,,,1000,0.5,6,6,-5.0,5.0,5ee1241,2026-07-24T13:50:26,1.0,1002000,,,,,,DTSA+LS,N=D,C3,3266,12,0,True
ta64,50,20,1000,DTSA,8,3278,1003000,1000000,167,50.692,,,,,1000,0.5,6,6,-5.0,5.0,5ee1241,2026-07-24T13:50:26,1.0,1002000,,,,,,DTSA-core,N=D,C3,3278,0,0,True
ta64,50,20,1000,DTSA,8,3278,1003000,1000000,167,50.692,,,,,1000,0.5,6,6,-5.0,5.0,5ee1241,2026-07-24T13:50:26,1.0,1002000,,,,,,DTSA+LS,N=D,C3,3278,17,0,True
ta64,50,20,1000,DTSA,9,3330,1003000,1000000,167,50.995,,,,,1000,0.5,6,6,-5.0,5.0,5ee1241,2026-07-24T13:50:27,1.0,1002000,,,,,,DTSA-core,N=D,C3,3330,0,0,True
ta64,50,20,1000,DTSA,9,3330,1003000,1000000,167,50.995,,,,,1000,0.5,6,6,-5.0,5.0,5ee1241,2026-07-24T13:50:27,1.0,1002000,,,,,,DTSA+LS,N=D,C3,3330,14,0,True
ta64,50,20,1000,DTSA,10,3321,1003000,1000000,167,51.533,,,,,1000,0.5,6,6,-5.0,5.0,5ee1241,2026-07-24T13:50:27,1.0,1002000,,,,,,DTSA-core,N=D,C3,3321,0,0,True
ta64,50,20,1000,DTSA,10,3321,1003000,1000000,167,51.533,,,,,1000,0.5,6,6,-5.0,5.0,5ee1241,2026-07-24T13:50:27,1.0,1002000,,,,,,DTSA+LS,N=D,C3,3321,11,0,True
ta64,50,20,1000,DTSA,11,3255,1003000,1000000,167,50.96,,,,,1000,0.5,6,6,-5.0,5.0,5ee1241,2026-07-24T13:50:27,1.0,1002000,,,,,,DTSA-core,N=D,C3,3255,0,0,True
ta64,50,20,1000,DTSA,11,3255,1003000,1000000,167,50.96,,,,,1000,0.5,6,6,-5.0,5.0,5ee1241,2026-07-24T13:50:27,1.0,1002000,,,,,,DTSA+LS,N=D,C3,3255,12,0,True
ta64,50,20,1000,DTSA,12,3264,1003000,1000000,167,50.966,,,,,1000,0.5,6,6,-5.0,5.0,5ee1241,2026-07-24T13:51:17,1.0,1002000,,,,,,DTSA-core,N=D,C3,3264,0,0,True
ta64,50,20,1000,DTSA,12,3264,1003000,1000000,167,50.966,,,,,1000,0.5,6,6,-5.0,5.0,5ee1241,2026-07-24T13:51:17,1.0,1002000,,,,,,DTSA+LS,N=D,C3,3264,14,0,True
ta64,50,20,1000,DTSA,13,3282,1003000,1000000,167,51.146,,,,,1000,0.5,6,6,-5.0,5.0,5ee1241,2026-07-24T13:51:17,1.0,1002000,,,,,,DTSA-core,N=D,C3,3282,0,0,True
ta64,50,20,1000,DTSA,13,3282,1003000,1000000,167,51.146,,,,,1000,0.5,6,6,-5.0,5.0,5ee1241,2026-07-24T13:51:17,1.0,1002000,,,,,,DTSA+LS,N=D,C3,3282,14,0,True
ta64,50,20,1000,DTSA,14,3237,1003000,1000000,167,51.456,,,,,1000,0.5,6,6,-5.0,5.0,5ee1241,2026-07-24T13:51:18,1.0,1002000,,,,,,DTSA-core,N=D,C3,3237,0,0,True
ta64,50,20,1000,DTSA,14,3223,1003000,1000000,167,51.456,,,,,1000,0.5,6,6,-5.0,5.0,5ee1241,2026-07-24T13:51:18,1.0,1002000,,,,,,DTSA+LS,N=D,C3,3237,39,8,True
ta64,50,20,1000,DTSA,15,3239,1003000,1000000,167,51.877,,,,,1000,0.5,6,6,-5.0,5.0,5ee1241,2026-07-24T13:51:19,1.0,1002000,,,,,,DTSA-core,N=D,C3,3239,0,0,True
ta64,50,20,1000,DTSA,15,3239,1003000,1000000,167,51.877,,,,,1000,0.5,6,6,-5.0,5.0,5ee1241,2026-07-24T13:51:19,1.0,1002000,,,,,,DTSA+LS,N=D,C3,3239,17,0,True
ta64,50,20,1000,DTSA,16,3250,1003000,1000000,167,51.365,,,,,1000,0.5,6,6,-5.0,5.0,5ee1241,2026-07-24T13:51:18,1.0,1002000,,,,,,DTSA-core,N=D,C3,3250,0,0,True
ta64,50,20,1000,DTSA,16,3250,1003000,1000000,167,51.365,,,,,1000,0.5,6,6,-5.0,5.0,5ee1241,2026-07-24T13:51:18,1.0,1002000,,,,,,DTSA+LS,N=D,C3,3250,8,0,True
ta64,50,20,1000,DTSA,17,3308,1003000,1000000,167,50.864,,,,,1000,0.5,6,6,-5.0,5.0,5ee1241,2026-07-24T13:51:18,1.0,1002000,,,,,,DTSA-core,N=D,C3,3308,0,0,True
ta64,50,20,1000,DTSA,17,3308,1003000,1000000,167,50.864,,,,,1000,0.5,6,6,-5.0,5.0,5ee1241,2026-07-24T13:51:18,1.0,1002000,,,,,,DTSA+LS,N=D,C3,3308,12,0,True
ta64,50,20,1000,DTSA,18,3235,1003000,1000000,167,47.919,,,,,1000,0.5,6,6,-5.0,5.0,5ee1241,2026-07-24T13:52:05,1.0,1002000,,,,,,DTSA-core,N=D,C3,3235,0,0,True
ta64,50,20,1000,DTSA,18,3235,1003000,1000000,167,47.919,,,,,1000,0.5,6,6,-5.0,5.0,5ee1241,2026-07-24T13:52:05,1.0,1002000,,,,,,DTSA+LS,N=D,C3,3235,13,0,True
ta64,50,20,1000,DTSA,19,3144,1003000,1000000,167,47.69,,,,,1000,0.5,6,6,-5.0,5.0,5ee1241,2026-07-24T13:52:05,1.0,1002000,,,,,,DTSA-core,N=D,C3,3144,0,0,True
ta64,50,20,1000,DTSA,19,3144,1003000,1000000,167,47.69,,,,,1000,0.5,6,6,-5.0,5.0,5ee1241,2026-07-24T13:52:05,1.0,1002000,,,,,,DTSA+LS,N=D,C3,3144,14,0,True
ta65,50,20,1000,DTSA,0,3339,1003000,1000000,167,50.386,,,,,1000,0.5,6,6,-5.0,5.0,5ee1241,2026-07-24T13:52:55,1.0,1002000,,,,,,DTSA-core,N=D,C3,3339,0,0,True
ta65,50,20,1000,DTSA,0,3339,1003000,1000000,167,50.386,,,,,1000,0.5,6,6,-5.0,5.0,5ee1241,2026-07-24T13:52:55,1.0,1002000,,,,,,DTSA+LS,N=D,C3,3339,6,0,True
ta65,50,20,1000,DTSA,1,3355,1003000,1000000,167,50.257,,,,,1000,0.5,6,6,-5.0,5.0,5ee1241,2026-07-24T13:52:55,1.0,1002000,,,,,,DTSA-core,N=D,C3,3355,0,0,True
ta65,50,20,1000,DTSA,1,3355,1003000,1000000,167,50.257,,,,,1000,0.5,6,6,-5.0,5.0,5ee1241,2026-07-24T13:52:55,1.0,1002000,,,,,,DTSA+LS,N=D,C3,3355,9,0,True
ta65,50,20,1000,DTSA,2,3336,1003000,1000000,167,50.217,,,,,1000,0.5,6,6,-5.0,5.0,5ee1241,2026-07-24T13:52:55,1.0,1002000,,,,,,DTSA-core,N=D,C3,3336,0,0,True
ta65,50,20,1000,DTSA,2,3336,1003000,1000000,167,50.217,,,,,1000,0.5,6,6,-5.0,5.0,5ee1241,2026-07-24T13:52:55,1.0,1002000,,,,,,DTSA+LS,N=D,C3,3336,8,0,True
ta65,50,20,1000,DTSA,3,3373,1003000,1000000,167,50.682,,,,,1000,0.5,6,6,-5.0,5.0,5ee1241,2026-07-24T13:52:56,1.0,1002000,,,,,,DTSA-core,N=D,C3,3373,0,0,True
ta65,50,20,1000,DTSA,3,3351,1003000,1000000,167,50.682,,,,,1000,0.5,6,6,-5.0,5.0,5ee1241,2026-07-24T13:52:56,1.0,1002000,,,,,,DTSA+LS,N=D,C3,3373,34,8,True
ta65,50,20,1000,DTSA,4,3289,1003000,1000000,167,50.814,,,,,1000,0.5,6,6,-5.0,5.0,5ee1241,2026-07-24T13:52:56,1.0,1002000,,,,,,DTSA-core,N=D,C3,3289,0,0,True
ta65,50,20,1000,DTSA,4,3281,1003000,1000000,167,50.814,,,,,1000,0.5,6,6,-5.0,5.0,5ee1241,2026-07-24T13:52:56,1.0,1002000,,,,,,DTSA+LS,N=D,C3,3289,26,4,True
ta65,50,20,1000,DTSA,5,3349,1003000,1000000,167,50.852,,,,,1000,0.5,6,6,-5.0,5.0,5ee1241,2026-07-24T13:52:56,1.0,1002000,,,,,,DTSA-core,N=D,C3,3349,0,0,True
ta65,50,20,1000,DTSA,5,3349,1003000,1000000,167,50.852,,,,,1000,0.5,6,6,-5.0,5.0,5ee1241,2026-07-24T13:52:56,1.0,1002000,,,,,,DTSA+LS,N=D,C3,3349,9,0,True
ta65,50,20,1000,DTSA,6,3408,1003000,1000000,167,51.248,,,,,1000,0.5,6,6,-5.0,5.0,5ee1241,2026-07-24T13:53:47,1.0,1002000,,,,,,DTSA-core,N=D,C3,3408,0,0,True
ta65,50,20,1000,DTSA,6,3408,1003000,1000000,167,51.248,,,,,1000,0.5,6,6,-5.0,5.0,5ee1241,2026-07-24T13:53:47,1.0,1002000,,,,,,DTSA+LS,N=D,C3,3408,13,0,True
ta65,50,20,1000,DTSA,7,3447,1003000,1000000,167,51.354,,,,,1000,0.5,6,6,-5.0,5.0,5ee1241,2026-07-24T13:53:47,1.0,1002000,,,,,,DTSA-core,N=D,C3,3447,0,0,True
ta65,50,20,1000,DTSA,7,3447,1003000,1000000,167,51.354,,,,,1000,0.5,6,6,-5.0,5.0,5ee1241,2026-07-24T13:53:47,1.0,1002000,,,,,,DTSA+LS,N=D,C3,3447,11,0,True
ta65,50,20,1000,DTSA,8,3331,1003000,1000000,167,51.874,,,,,1000,0.5,6,6,-5.0,5.0,5ee1241,2026-07-24T13:53:47,1.0,1002000,,,,,,DTSA-core,N=D,C3,3331,0,0,True
ta65,50,20,1000,DTSA,8,3331,1003000,1000000,167,51.874,,,,,1000,0.5,6,6,-5.0,5.0,5ee1241,2026-07-24T13:53:47,1.0,1002000,,,,,,DTSA+LS,N=D,C3,3331,13,0,True
ta65,50,20,1000,DTSA,9,3370,1003000,1000000,167,51.799,,,,,1000,0.5,6,6,-5.0,5.0,5ee1241,2026-07-24T13:53:48,1.0,1002000,,,,,,DTSA-core,N=D,C3,3370,0,0,True
ta65,50,20,1000,DTSA,9,3370,1003000,1000000,167,51.799,,,,,1000,0.5,6,6,-5.0,5.0,5ee1241,2026-07-24T13:53:48,1.0,1002000,,,,,,DTSA+LS,N=D,C3,3370,12,0,True
ta65,50,20,1000,DTSA,10,3310,1003000,1000000,167,50.475,,,,,1000,0.5,6,6,-5.0,5.0,5ee1241,2026-07-24T13:53:46,1.0,1002000,,,,,,DTSA-core,N=D,C3,3310,0,0,True
ta65,50,20,1000,DTSA,10,3310,1003000,1000000,167,50.475,,,,,1000,0.5,6,6,-5.0,5.0,5ee1241,2026-07-24T13:53:46,1.0,1002000,,,,,,DTSA+LS,N=D,C3,3310,13,0,True
ta65,50,20,1000,DTSA,11,3254,1003000,1000000,167,51.788,,,,,1000,0.5,6,6,-5.0,5.0,5ee1241,2026-07-24T13:53:48,1.0,1002000,,,,,,DTSA-core,N=D,C3,3254,0,0,True
ta65,50,20,1000,DTSA,11,3252,1003000,1000000,167,51.788,,,,,1000,0.5,6,6,-5.0,5.0,5ee1241,2026-07-24T13:53:48,1.0,1002000,,,,,,DTSA+LS,N=D,C3,3254,22,1,True
ta65,50,20,1000,DTSA,12,3249,1003000,1000000,167,51.982,,,,,1000,0.5,6,6,-5.0,5.0,5ee1241,2026-07-24T13:54:38,1.0,1002000,,,,,,DTSA-core,N=D,C3,3249,0,0,True
ta65,50,20,1000,DTSA,12,3249,1003000,1000000,167,51.982,,,,,1000,0.5,6,6,-5.0,5.0,5ee1241,2026-07-24T13:54:38,1.0,1002000,,,,,,DTSA+LS,N=D,C3,3249,12,0,True
ta65,50,20,1000,DTSA,13,3318,1003000,1000000,167,52.403,,,,,1000,0.5,6,6,-5.0,5.0,5ee1241,2026-07-24T13:54:39,1.0,1002000,,,,,,DTSA-core,N=D,C3,3318,0,0,True
ta65,50,20,1000,DTSA,13,3318,1003000,1000000,167,52.403,,,,,1000,0.5,6,6,-5.0,5.0,5ee1241,2026-07-24T13:54:39,1.0,1002000,,,,,,DTSA+LS,N=D,C3,3318,6,0,True
ta65,50,20,1000,DTSA,14,3302,1003000,1000000,167,52.634,,,,,1000,0.5,6,6,-5.0,5.0,5ee1241,2026-07-24T13:54:39,1.0,1002000,,,,,,DTSA-core,N=D,C3,3302,0,0,True
ta65,50,20,1000,DTSA,14,3302,1003000,1000000,167,52.634,,,,,1000,0.5,6,6,-5.0,5.0,5ee1241,2026-07-24T13:54:39,1.0,1002000,,,,,,DTSA+LS,N=D,C3,3302,11,0,True
ta65,50,20,1000,DTSA,15,3325,1003000,1000000,167,51.202,,,,,1000,0.5,6,6,-5.0,5.0,5ee1241,2026-07-24T13:54:39,1.0,1002000,,,,,,DTSA-core,N=D,C3,3325,0,0,True
ta65,50,20,1000,DTSA,15,3325,1003000,1000000,167,51.202,,,,,1000,0.5,6,6,-5.0,5.0,5ee1241,2026-07-24T13:54:39,1.0,1002000,,,,,,DTSA+LS,N=D,C3,3325,12,0,True
ta65,50,20,1000,DTSA,16,3304,1003000,1000000,167,52.316,,,,,1000,0.5,6,6,-5.0,5.0,5ee1241,2026-07-24T13:54:40,1.0,1002000,,,,,,DTSA-core,N=D,C3,3304,0,0,True
ta65,50,20,1000,DTSA,16,3294,1003000,1000000,167,52.316,,,,,1000,0.5,6,6,-5.0,5.0,5ee1241,2026-07-24T13:54:40,1.0,1002000,,,,,,DTSA+LS,N=D,C3,3304,26,6,True
ta65,50,20,1000,DTSA,17,3317,1003000,1000000,167,51.469,,,,,1000,0.5,6,6,-5.0,5.0,5ee1241,2026-07-24T13:54:39,1.0,1002000,,,,,,DTSA-core,N=D,C3,3317,0,0,True
ta65,50,20,1000,DTSA,17,3317,1003000,1000000,167,51.469,,,,,1000,0.5,6,6,-5.0,5.0,5ee1241,2026-07-24T13:54:39,1.0,1002000,,,,,,DTSA+LS,N=D,C3,3317,8,0,True
ta65,50,20,1000,DTSA,18,3378,1003000,1000000,167,47.46,,,,,1000,0.5,6,6,-5.0,5.0,5ee1241,2026-07-24T13:55:26,1.0,1002000,,,,,,DTSA-core,N=D,C3,3378,0,0,True
ta65,50,20,1000,DTSA,18,3374,1003000,1000000,167,47.46,,,,,1000,0.5,6,6,-5.0,5.0,5ee1241,2026-07-24T13:55:26,1.0,1002000,,,,,,DTSA+LS,N=D,C3,3378,19,2,True
ta65,50,20,1000,DTSA,19,3274,1003000,1000000,167,47.618,,,,,1000,0.5,6,6,-5.0,5.0,5ee1241,2026-07-24T13:55:26,1.0,1002000,,,,,,DTSA-core,N=D,C3,3274,0,0,True
ta65,50,20,1000,DTSA,19,3274,1003000,1000000,167,47.618,,,,,1000,0.5,6,6,-5.0,5.0,5ee1241,2026-07-24T13:55:26,1.0,1002000,,,,,,DTSA+LS,N=D,C3,3274,10,0,True
ta71,100,20,2000,DTSA,0,6276,2006000,2000000,167,220.691,,,,,2000,0.5,6,6,-5.0,5.0,5ee1241,2026-07-24T13:59:07,1.0,2004000,,,,,,DTSA-core,N=D,C3,6276,0,0,True
ta71,100,20,2000,DTSA,0,6276,2006000,2000000,167,220.691,,,,,2000,0.5,6,6,-5.0,5.0,5ee1241,2026-07-24T13:59:07,1.0,2004000,,,,,,DTSA+LS,N=D,C3,6276,9,0,True
ta71,100,20,2000,DTSA,1,6218,2006000,2000000,167,220.208,,,,,2000,0.5,6,6,-5.0,5.0,5ee1241,2026-07-24T13:59:07,1.0,2004000,,,,,,DTSA-core,N=D,C3,6218,0,0,True
ta71,100,20,2000,DTSA,1,6209,2006000,2000000,167,220.208,,,,,2000,0.5,6,6,-5.0,5.0,5ee1241,2026-07-24T13:59:07,1.0,2004000,,,,,,DTSA+LS,N=D,C3,6218,21,2,True
ta71,100,20,2000,DTSA,2,6299,2006000,2000000,167,222.413,,,,,2000,0.5,6,6,-5.0,5.0,5ee1241,2026-07-24T13:59:09,1.0,2004000,,,,,,DTSA-core,N=D,C3,6299,0,0,True
ta71,100,20,2000,DTSA,2,6299,2006000,2000000,167,222.413,,,,,2000,0.5,6,6,-5.0,5.0,5ee1241,2026-07-24T13:59:09,1.0,2004000,,,,,,DTSA+LS,N=D,C3,6299,11,0,True
ta71,100,20,2000,DTSA,3,6272,2006000,2000000,167,220.733,,,,,2000,0.5,6,6,-5.0,5.0,5ee1241,2026-07-24T13:59:07,1.0,2004000,,,,,,DTSA-core,N=D,C3,6272,0,0,True
ta71,100,20,2000,DTSA,3,6272,2006000,2000000,167,220.733,,,,,2000,0.5,6,6,-5.0,5.0,5ee1241,2026-07-24T13:59:07,1.0,2004000,,,,,,DTSA+LS,N=D,C3,6272,6,0,True
ta71,100,20,2000,DTSA,4,6266,2006000,2000000,167,220.46,,,,,2000,0.5,6,6,-5.0,5.0,5ee1241,2026-07-24T13:59:07,1.0,2004000,,,,,,DTSA-core,N=D,C3,6266,0,0,True
ta71,100,20,2000,DTSA,4,6266,2006000,2000000,167,220.46,,,,,2000,0.5,6,6,-5.0,5.0,5ee1241,2026-07-24T13:59:07,1.0,2004000,,,,,,DTSA+LS,N=D,C3,6266,8,0,True
ta71,100,20,2000,DTSA,5,6399,2006000,2000000,167,220.656,,,,,2000,0.5,6,6,-5.0,5.0,5ee1241,2026-07-24T13:59:07,1.0,2004000,,,,,,DTSA-core,N=D,C3,6399,0,0,True
ta71,100,20,2000,DTSA,5,6399,2006000,2000000,167,220.656,,,,,2000,0.5,6,6,-5.0,5.0,5ee1241,2026-07-24T13:59:07,1.0,2004000,,,,,,DTSA+LS,N=D,C3,6399,12,0,True
ta71,100,20,2000,DTSA,6,6192,2006000,2000000,167,221.827,,,,,2000,0.5,6,6,-5.0,5.0,5ee1241,2026-07-24T14:02:48,1.0,2004000,,,,,,DTSA-core,N=D,C3,6192,0,0,True
ta71,100,20,2000,DTSA,6,6192,2006000,2000000,167,221.827,,,,,2000,0.5,6,6,-5.0,5.0,5ee1241,2026-07-24T14:02:48,1.0,2004000,,,,,,DTSA+LS,N=D,C3,6192,8,0,True
ta71,100,20,2000,DTSA,7,6249,2006000,2000000,167,220.797,,,,,2000,0.5,6,6,-5.0,5.0,5ee1241,2026-07-24T14:02:48,1.0,2004000,,,,,,DTSA-core,N=D,C3,6249,0,0,True
ta71,100,20,2000,DTSA,7,6243,2006000,2000000,167,220.797,,,,,2000,0.5,6,6,-5.0,5.0,5ee1241,2026-07-24T14:02:48,1.0,2004000,,,,,,DTSA+LS,N=D,C3,6249,34,4,True
ta71,100,20,2000,DTSA,8,6306,2006000,2000000,167,223.134,,,,,2000,0.5,6,6,-5.0,5.0,5ee1241,2026-07-24T14:02:50,1.0,2004000,,,,,,DTSA-core,N=D,C3,6306,0,0,True
ta71,100,20,2000,DTSA,8,6304,2006000,2000000,167,223.134,,,,,2000,0.5,6,6,-5.0,5.0,5ee1241,2026-07-24T14:02:50,1.0,2004000,,,,,,DTSA+LS,N=D,C3,6306,11,2,True
ta71,100,20,2000,DTSA,9,6360,2006000,2000000,167,221.856,,,,,2000,0.5,6,6,-5.0,5.0,5ee1241,2026-07-24T14:02:49,1.0,2004000,,,,,,DTSA-core,N=D,C3,6360,0,0,True
ta71,100,20,2000,DTSA,9,6360,2006000,2000000,167,221.856,,,,,2000,0.5,6,6,-5.0,5.0,5ee1241,2026-07-24T14:02:49,1.0,2004000,,,,,,DTSA+LS,N=D,C3,6360,19,0,True
ta71,100,20,2000,DTSA,10,6268,2006000,2000000,167,222.767,,,,,2000,0.5,6,6,-5.0,5.0,5ee1241,2026-07-24T14:02:50,1.0,2004000,,,,,,DTSA-core,N=D,C3,6268,0,0,True
ta71,100,20,2000,DTSA,10,6268,2006000,2000000,167,222.767,,,,,2000,0.5,6,6,-5.0,5.0,5ee1241,2026-07-24T14:02:50,1.0,2004000,,,,,,DTSA+LS,N=D,C3,6268,12,0,True
ta71,100,20,2000,DTSA,11,6296,2006000,2000000,167,222.716,,,,,2000,0.5,6,6,-5.0,5.0,5ee1241,2026-07-24T14:02:52,1.0,2004000,,,,,,DTSA-core,N=D,C3,6296,0,0,True
ta71,100,20,2000,DTSA,11,6296,2006000,2000000,167,222.716,,,,,2000,0.5,6,6,-5.0,5.0,5ee1241,2026-07-24T14:02:52,1.0,2004000,,,,,,DTSA+LS,N=D,C3,6296,6,0,True
ta71,100,20,2000,DTSA,12,6230,2006000,2000000,167,222.91,,,,,2000,0.5,6,6,-5.0,5.0,5ee1241,2026-07-24T14:06:31,1.0,2004000,,,,,,DTSA-core,N=D,C3,6230,0,0,True
ta71,100,20,2000,DTSA,12,6217,2006000,2000000,167,222.91,,,,,2000,0.5,6,6,-5.0,5.0,5ee1241,2026-07-24T14:06:31,1.0,2004000,,,,,,DTSA+LS,N=D,C3,6230,14,4,True
ta71,100,20,2000,DTSA,13,6219,2006000,2000000,167,224.125,,,,,2000,0.5,6,6,-5.0,5.0,5ee1241,2026-07-24T14:06:33,1.0,2004000,,,,,,DTSA-core,N=D,C3,6219,0,0,True
ta71,100,20,2000,DTSA,13,6218,2006000,2000000,167,224.125,,,,,2000,0.5,6,6,-5.0,5.0,5ee1241,2026-07-24T14:06:33,1.0,2004000,,,,,,DTSA+LS,N=D,C3,6219,21,1,True
ta71,100,20,2000,DTSA,14,6339,2006000,2000000,167,223.566,,,,,2000,0.5,6,6,-5.0,5.0,5ee1241,2026-07-24T14:06:33,1.0,2004000,,,,,,DTSA-core,N=D,C3,6339,0,0,True
ta71,100,20,2000,DTSA,14,6334,2006000,2000000,167,223.566,,,,,2000,0.5,6,6,-5.0,5.0,5ee1241,2026-07-24T14:06:33,1.0,2004000,,,,,,DTSA+LS,N=D,C3,6339,11,1,True
ta71,100,20,2000,DTSA,15,6289,2006000,2000000,167,222.49,,,,,2000,0.5,6,6,-5.0,5.0,5ee1241,2026-07-24T14:06:32,1.0,2004000,,,,,,DTSA-core,N=D,C3,6289,0,0,True
ta71,100,20,2000,DTSA,15,6289,2006000,2000000,167,222.49,,,,,2000,0.5,6,6,-5.0,5.0,5ee1241,2026-07-24T14:06:32,1.0,2004000,,,,,,DTSA+LS,N=D,C3,6289,6,0,True
ta71,100,20,2000,DTSA,16,6318,2006000,2000000,167,223.262,,,,,2000,0.5,6,6,-5.0,5.0,5ee1241,2026-07-24T14:06:34,1.0,2004000,,,,,,DTSA-core,N=D,C3,6318,0,0,True
ta71,100,20,2000,DTSA,16,6318,2006000,2000000,167,223.262,,,,,2000,0.5,6,6,-5.0,5.0,5ee1241,2026-07-24T14:06:34,1.0,2004000,,,,,,DTSA+LS,N=D,C3,6318,8,0,True
ta71,100,20,2000,DTSA,17,6290,2006000,2000000,167,223.759,,,,,2000,0.5,6,6,-5.0,5.0,5ee1241,2026-07-24T14:06:35,1.0,2004000,,,,,,DTSA-core,N=D,C3,6290,0,0,True
ta71,100,20,2000,DTSA,17,6290,2006000,2000000,167,223.759,,,,,2000,0.5,6,6,-5.0,5.0,5ee1241,2026-07-24T14:06:35,1.0,2004000,,,,,,DTSA+LS,N=D,C3,6290,6,0,True
ta71,100,20,2000,DTSA,18,6226,2006000,2000000,167,207.812,,,,,2000,0.5,6,6,-5.0,5.0,5ee1241,2026-07-24T14:09:59,1.0,2004000,,,,,,DTSA-core,N=D,C3,6226,0,0,True
ta71,100,20,2000,DTSA,18,6226,2006000,2000000,167,207.812,,,,,2000,0.5,6,6,-5.0,5.0,5ee1241,2026-07-24T14:09:59,1.0,2004000,,,,,,DTSA+LS,N=D,C3,6226,8,0,True
ta71,100,20,2000,DTSA,19,6268,2006000,2000000,167,207.303,,,,,2000,0.5,6,6,-5.0,5.0,5ee1241,2026-07-24T14:10:00,1.0,2004000,,,,,,DTSA-core,N=D,C3,6268,0,0,True
ta71,100,20,2000,DTSA,19,6266,2006000,2000000,167,207.303,,,,,2000,0.5,6,6,-5.0,5.0,5ee1241,2026-07-24T14:10:00,1.0,2004000,,,,,,DTSA+LS,N=D,C3,6268,8,1,True
ta72,100,20,2000,DTSA,0,5857,2006000,2000000,167,217.854,,,,,2000,0.5,6,6,-5.0,5.0,5ee1241,2026-07-24T14:13:38,1.0,2004000,,,,,,DTSA-core,N=D,C3,5857,0,0,True
ta72,100,20,2000,DTSA,0,5800,2006000,2000000,167,217.854,,,,,2000,0.5,6,6,-5.0,5.0,5ee1241,2026-07-24T14:13:38,1.0,2004000,,,,,,DTSA+LS,N=D,C3,5857,98,24,True
ta72,100,20,2000,DTSA,1,5755,2006000,2000000,167,218.324,,,,,2000,0.5,6,6,-5.0,5.0,5ee1241,2026-07-24T14:13:38,1.0,2004000,,,,,,DTSA-core,N=D,C3,5755,0,0,True
ta72,100,20,2000,DTSA,1,5755,2006000,2000000,167,218.324,,,,,2000,0.5,6,6,-5.0,5.0,5ee1241,2026-07-24T14:13:38,1.0,2004000,,,,,,DTSA+LS,N=D,C3,5755,11,0,True
ta72,100,20,2000,DTSA,2,5708,2006000,2000000,167,221.643,,,,,2000,0.5,6,6,-5.0,5.0,5ee1241,2026-07-24T14:13:42,1.0,2004000,,,,,,DTSA-core,N=D,C3,5708,0,0,True
ta72,100,20,2000,DTSA,2,5708,2006000,2000000,167,221.643,,,,,2000,0.5,6,6,-5.0,5.0,5ee1241,2026-07-24T14:13:42,1.0,2004000,,,,,,DTSA+LS,N=D,C3,5708,9,0,True
ta72,100,20,2000,DTSA,3,5736,2006000,2000000,167,217.713,,,,,2000,0.5,6,6,-5.0,5.0,5ee1241,2026-07-24T14:13:38,1.0,2004000,,,,,,DTSA-core,N=D,C3,5736,0,0,True
ta72,100,20,2000,DTSA,3,5721,2006000,2000000,167,217.713,,,,,2000,0.5,6,6,-5.0,5.0,5ee1241,2026-07-24T14:13:38,1.0,2004000,,,,,,DTSA+LS,N=D,C3,5736,38,7,True
ta72,100,20,2000,DTSA,4,5831,2006000,2000000,167,215.417,,,,,2000,0.5,6,6,-5.0,5.0,5ee1241,2026-07-24T14:13:35,1.0,2004000,,,,,,DTSA-core,N=D,C3,5831,0,0,True
ta72,100,20,2000,DTSA,4,5831,2006000,2000000,167,215.417,,,,,2000,0.5,6,6,-5.0,5.0,5ee1241,2026-07-24T14:13:35,1.0,2004000,,,,,,DTSA+LS,N=D,C3,5831,13,0,True
ta72,100,20,2000,DTSA,5,5778,2006000,2000000,167,216.065,,,,,2000,0.5,6,6,-5.0,5.0,5ee1241,2026-07-24T14:13:36,1.0,2004000,,,,,,DTSA-core,N=D,C3,5778,0,0,True
ta72,100,20,2000,DTSA,5,5778,2006000,2000000,167,216.065,,,,,2000,0.5,6,6,-5.0,5.0,5ee1241,2026-07-24T14:13:36,1.0,2004000,,,,,,DTSA+LS,N=D,C3,5778,6,0,True
ta72,100,20,2000,DTSA,6,5681,2006000,2000000,167,220.572,,,,,2000,0.5,6,6,-5.0,5.0,5ee1241,2026-07-24T14:17:16,1.0,2004000,,,,,,DTSA-core,N=D,C3,5681,0,0,True
ta72,100,20,2000,DTSA,6,5681,2006000,2000000,167,220.572,,,,,2000,0.5,6,6,-5.0,5.0,5ee1241,2026-07-24T14:17:16,1.0,2004000,,,,,,DTSA+LS,N=D,C3,5681,8,0,True
ta72,100,20,2000,DTSA,7,5797,2006000,2000000,167,221.469,,,,,2000,0.5,6,6,-5.0,5.0,5ee1241,2026-07-24T14:17:18,1.0,2004000,,,,,,DTSA-core,N=D,C3,5797,0,0,True
ta72,100,20,2000,DTSA,7,5797,2006000,2000000,167,221.469,,,,,2000,0.5,6,6,-5.0,5.0,5ee1241,2026-07-24T14:17:18,1.0,2004000,,,,,,DTSA+LS,N=D,C3,5797,17,0,True
ta72,100,20,2000,DTSA,8,5806,2006000,2000000,167,223.294,,,,,2000,0.5,6,6,-5.0,5.0,5ee1241,2026-07-24T14:17:21,1.0,2004000,,,,,,DTSA-core,N=D,C3,5806,0,0,True
ta72,100,20,2000,DTSA,8,5787,2006000,2000000,167,223.294,,,,,2000,0.5,6,6,-5.0,5.0,5ee1241,2026-07-24T14:17:21,1.0,2004000,,,,,,DTSA+LS,N=D,C3,5806,25,6,True
ta72,100,20,2000,DTSA,9,5798,2006000,2000000,167,221.802,,,,,2000,0.5,6,6,-5.0,5.0,5ee1241,2026-07-24T14:17:20,1.0,2004000,,,,,,DTSA-core,N=D,C3,5798,0,0,True
ta72,100,20,2000,DTSA,9,5798,2006000,2000000,167,221.802,,,,,2000,0.5,6,6,-5.0,5.0,5ee1241,2026-07-24T14:17:20,1.0,2004000,,,,,,DTSA+LS,N=D,C3,5798,8,0,True
ta72,100,20,2000,DTSA,10,5650,2006000,2000000,167,223.079,,,,,2000,0.5,6,6,-5.0,5.0,5ee1241,2026-07-24T14:17:21,1.0,2004000,,,,,,DTSA-core,N=D,C3,5650,0,0,True
ta72,100,20,2000,DTSA,10,5650,2006000,2000000,167,223.079,,,,,2000,0.5,6,6,-5.0,5.0,5ee1241,2026-07-24T14:17:21,1.0,2004000,,,,,,DTSA+LS,N=D,C3,5650,15,0,True
ta72,100,20,2000,DTSA,11,5738,2006000,2000000,167,226.65,,,,,2000,0.5,6,6,-5.0,5.0,5ee1241,2026-07-24T14:17:28,1.0,2004000,,,,,,DTSA-core,N=D,C3,5738,0,0,True
ta72,100,20,2000,DTSA,11,5738,2006000,2000000,167,226.65,,,,,2000,0.5,6,6,-5.0,5.0,5ee1241,2026-07-24T14:17:28,1.0,2004000,,,,,,DTSA+LS,N=D,C3,5738,14,0,True
ta72,100,20,2000,DTSA,12,5872,2006000,2000000,167,219.854,,,,,2000,0.5,6,6,-5.0,5.0,5ee1241,2026-07-24T14:20:56,1.0,2004000,,,,,,DTSA-core,N=D,C3,5872,0,0,True
ta72,100,20,2000,DTSA,12,5872,2006000,2000000,167,219.854,,,,,2000,0.5,6,6,-5.0,5.0,5ee1241,2026-07-24T14:20:56,1.0,2004000,,,,,,DTSA+LS,N=D,C3,5872,10,0,True
ta72,100,20,2000,DTSA,13,5658,2006000,2000000,167,220.603,,,,,2000,0.5,6,6,-5.0,5.0,5ee1241,2026-07-24T14:20:58,1.0,2004000,,,,,,DTSA-core,N=D,C3,5658,0,0,True
ta72,100,20,2000,DTSA,13,5656,2006000,2000000,167,220.603,,,,,2000,0.5,6,6,-5.0,5.0,5ee1241,2026-07-24T14:20:58,1.0,2004000,,,,,,DTSA+LS,N=D,C3,5658,18,2,True
ta72,100,20,2000,DTSA,14,5812,2006000,2000000,167,219.442,,,,,2000,0.5,6,6,-5.0,5.0,5ee1241,2026-07-24T14:20:59,1.0,2004000,,,,,,DTSA-core,N=D,C3,5812,0,0,True
ta72,100,20,2000,DTSA,14,5812,2006000,2000000,167,219.442,,,,,2000,0.5,6,6,-5.0,5.0,5ee1241,2026-07-24T14:20:59,1.0,2004000,,,,,,DTSA+LS,N=D,C3,5812,12,0,True
ta72,100,20,2000,DTSA,15,5750,2006000,2000000,167,221.936,,,,,2000,0.5,6,6,-5.0,5.0,5ee1241,2026-07-24T14:21:03,1.0,2004000,,,,,,DTSA-core,N=D,C3,5750,0,0,True
ta72,100,20,2000,DTSA,15,5750,2006000,2000000,167,221.936,,,,,2000,0.5,6,6,-5.0,5.0,5ee1241,2026-07-24T14:21:03,1.0,2004000,,,,,,DTSA+LS,N=D,C3,5750,13,0,True
ta72,100,20,2000,DTSA,16,5799,2006000,2000000,167,220.177,,,,,2000,0.5,6,6,-5.0,5.0,5ee1241,2026-07-24T14:21:02,1.0,2004000,,,,,,DTSA-core,N=D,C3,5799,0,0,True
ta72,100,20,2000,DTSA,16,5787,2006000,2000000,167,220.177,,,,,2000,0.5,6,6,-5.0,5.0,5ee1241,2026-07-24T14:21:02,1.0,2004000,,,,,,DTSA+LS,N=D,C3,5799,21,4,True
ta72,100,20,2000,DTSA,17,5734,2006000,2000000,167,224.304,,,,,2000,0.5,6,6,-5.0,5.0,5ee1241,2026-07-24T14:21:13,1.0,2004000,,,,,,DTSA-core,N=D,C3,5734,0,0,True
ta72,100,20,2000,DTSA,17,5723,2006000,2000000,167,224.304,,,,,2000,0.5,6,6,-5.0,5.0,5ee1241,2026-07-24T14:21:13,1.0,2004000,,,,,,DTSA+LS,N=D,C3,5734,34,6,True
ta72,100,20,2000,DTSA,18,5829,2006000,2000000,167,204.903,,,,,2000,0.5,6,6,-5.0,5.0,5ee1241,2026-07-24T14:24:21,1.0,2004000,,,,,,DTSA-core,N=D,C3,5829,0,0,True
ta72,100,20,2000,DTSA,18,5823,2006000,2000000,167,204.903,,,,,2000,0.5,6,6,-5.0,5.0,5ee1241,2026-07-24T14:24:21,1.0,2004000,,,,,,DTSA+LS,N=D,C3,5829,17,1,True
ta72,100,20,2000,DTSA,19,5822,2006000,2000000,167,206.702,,,,,2000,0.5,6,6,-5.0,5.0,5ee1241,2026-07-24T14:24:25,1.0,2004000,,,,,,DTSA-core,N=D,C3,5822,0,0,True
ta72,100,20,2000,DTSA,19,5797,2006000,2000000,167,206.702,,,,,2000,0.5,6,6,-5.0,5.0,5ee1241,2026-07-24T14:24:25,1.0,2004000,,,,,,DTSA+LS,N=D,C3,5822,28,9,True
ta73,100,20,2000,DTSA,0,6344,2006000,2000000,167,216.275,,,,,2000,0.5,6,6,-5.0,5.0,5ee1241,2026-07-24T14:28:01,1.0,2004000,,,,,,DTSA-core,N=D,C3,6344,0,0,True
ta73,100,20,2000,DTSA,0,6342,2006000,2000000,167,216.275,,,,,2000,0.5,6,6,-5.0,5.0,5ee1241,2026-07-24T14:28:01,1.0,2004000,,,,,,DTSA+LS,N=D,C3,6344,10,1,True
ta73,100,20,2000,DTSA,1,6257,2006000,2000000,167,217.542,,,,,2000,0.5,6,6,-5.0,5.0,5ee1241,2026-07-24T14:28:03,1.0,2004000,,,,,,DTSA-core,N=D,C3,6257,0,0,True
ta73,100,20,2000,DTSA,1,6257,2006000,2000000,167,217.542,,,,,2000,0.5,6,6,-5.0,5.0,5ee1241,2026-07-24T14:28:03,1.0,2004000,,,,,,DTSA+LS,N=D,C3,6257,6,0,True
ta73,100,20,2000,DTSA,2,6192,2006000,2000000,167,221.076,,,,,2000,0.5,6,6,-5.0,5.0,5ee1241,2026-07-24T14:28:06,1.0,2004000,,,,,,DTSA-core,N=D,C3,6192,0,0,True
ta73,100,20,2000,DTSA,2,6192,2006000,2000000,167,221.076,,,,,2000,0.5,6,6,-5.0,5.0,5ee1241,2026-07-24T14:28:06,1.0,2004000,,,,,,DTSA+LS,N=D,C3,6192,12,0,True
ta73,100,20,2000,DTSA,3,6292,2006000,2000000,167,221.266,,,,,2000,0.5,6,6,-5.0,5.0,5ee1241,2026-07-24T14:28:06,1.0,2004000,,,,,,DTSA-core,N=D,C3,6292,0,0,True
ta73,100,20,2000,DTSA,3,6277,2006000,2000000,167,221.266,,,,,2000,0.5,6,6,-5.0,5.0,5ee1241,2026-07-24T14:28:06,1.0,2004000,,,,,,DTSA+LS,N=D,C3,6292,38,7,True
ta73,100,20,2000,DTSA,4,6423,2006000,2000000,167,216.209,,,,,2000,0.5,6,6,-5.0,5.0,5ee1241,2026-07-24T14:28:01,1.0,2004000,,,,,,DTSA-core,N=D,C3,6423,0,0,True
ta73,100,20,2000,DTSA,4,6423,2006000,2000000,167,216.209,,,,,2000,0.5,6,6,-5.0,5.0,5ee1241,2026-07-24T14:28:01,1.0,2004000,,,,,,DTSA+LS,N=D,C3,6423,15,0,True
ta73,100,20,2000,DTSA,5,6242,2006000,2000000,167,217.556,,,,,2000,0.5,6,6,-5.0,5.0,5ee1241,2026-07-24T14:28:03,1.0,2004000,,,,,,DTSA-core,N=D,C3,6242,0,0,True
ta73,100,20,2000,DTSA,5,6242,2006000,2000000,167,217.556,,,,,2000,0.5,6,6,-5.0,5.0,5ee1241,2026-07-24T14:28:03,1.0,2004000,,,,,,DTSA+LS,N=D,C3,6242,12,0,True
ta73,100,20,2000,DTSA,6,6252,2006000,2000000,167,220.523,,,,,2000,0.5,6,6,-5.0,5.0,5ee1241,2026-07-24T14:31:42,1.0,2004000,,,,,,DTSA-core,N=D,C3,6252,0,0,True
ta73,100,20,2000,DTSA,6,6252,2006000,2000000,167,220.523,,,,,2000,0.5,6,6,-5.0,5.0,5ee1241,2026-07-24T14:31:42,1.0,2004000,,,,,,DTSA+LS,N=D,C3,6252,4,0,True
ta73,100,20,2000,DTSA,7,6186,2006000,2000000,167,220.911,,,,,2000,0.5,6,6,-5.0,5.0,5ee1241,2026-07-24T14:31:42,1.0,2004000,,,,,,DTSA-core,N=D,C3,6186,0,0,True
ta73,100,20,2000,DTSA,7,6186,2006000,2000000,167,220.911,,,,,2000,0.5,6,6,-5.0,5.0,5ee1241,2026-07-24T14:31:42,1.0,2004000,,,,,,DTSA+LS,N=D,C3,6186,16,0,True
ta73,100,20,2000,DTSA,8,6218,2006000,2000000,167,220.637,,,,,2000,0.5,6,6,-5.0,5.0,5ee1241,2026-07-24T14:31:43,1.0,2004000,,,,,,DTSA-core,N=D,C3,6218,0,0,True
ta73,100,20,2000,DTSA,8,6218,2006000,2000000,167,220.637,,,,,2000,0.5,6,6,-5.0,5.0,5ee1241,2026-07-24T14:31:43,1.0,2004000,,,,,,DTSA+LS,N=D,C3,6218,4,0,True
ta73,100,20,2000,DTSA,9,6249,2006000,2000000,167,221.46,,,,,2000,0.5,6,6,-5.0,5.0,5ee1241,2026-07-24T14:31:44,1.0,2004000,,,,,,DTSA-core,N=D,C3,6249,0,0,True
ta73,100,20,2000,DTSA,9,6249,2006000,2000000,167,221.46,,,,,2000,0.5,6,6,-5.0,5.0,5ee1241,2026-07-24T14:31:44,1.0,2004000,,,,,,DTSA+LS,N=D,C3,6249,11,0,True
ta73,100,20,2000,DTSA,10,6341,2006000,2000000,167,220.866,,,,,2000,0.5,6,6,-5.0,5.0,5ee1241,2026-07-24T14:31:47,1.0,2004000,,,,,,DTSA-core,N=D,C3,6341,0,0,True
ta73,100,20,2000,DTSA,10,6341,2006000,2000000,167,220.866,,,,,2000,0.5,6,6,-5.0,5.0,5ee1241,2026-07-24T14:31:47,1.0,2004000,,,,,,DTSA+LS,N=D,C3,6341,4,0,True
ta73,100,20,2000,DTSA,11,6211,2006000,2000000,167,226.413,,,,,2000,0.5,6,6,-5.0,5.0,5ee1241,2026-07-24T14:31:53,1.0,2004000,,,,,,DTSA-core,N=D,C3,6211,0,0,True
ta73,100,20,2000,DTSA,11,6203,2006000,2000000,167,226.413,,,,,2000,0.5,6,6,-5.0,5.0,5ee1241,2026-07-24T14:31:53,1.0,2004000,,,,,,DTSA+LS,N=D,C3,6211,16,3,True
ta73,100,20,2000,DTSA,12,6197,2006000,2000000,167,222.792,,,,,2000,0.5,6,6,-5.0,5.0,5ee1241,2026-07-24T14:35:25,1.0,2004000,,,,,,DTSA-core,N=D,C3,6197,0,0,True
ta73,100,20,2000,DTSA,12,6197,2006000,2000000,167,222.792,,,,,2000,0.5,6,6,-5.0,5.0,5ee1241,2026-07-24T14:35:25,1.0,2004000,,,,,,DTSA+LS,N=D,C3,6197,8,0,True
ta73,100,20,2000,DTSA,13,6279,2006000,2000000,167,219.982,,,,,2000,0.5,6,6,-5.0,5.0,5ee1241,2026-07-24T14:35:22,1.0,2004000,,,,,,DTSA-core,N=D,C3,6279,0,0,True
ta73,100,20,2000,DTSA,13,6274,2006000,2000000,167,219.982,,,,,2000,0.5,6,6,-5.0,5.0,5ee1241,2026-07-24T14:35:22,1.0,2004000,,,,,,DTSA+LS,N=D,C3,6279,17,2,True
ta73,100,20,2000,DTSA,14,6265,2006000,2000000,167,221.027,,,,,2000,0.5,6,6,-5.0,5.0,5ee1241,2026-07-24T14:35:25,1.0,2004000,,,,,,DTSA-core,N=D,C3,6265,0,0,True
ta73,100,20,2000,DTSA,14,6254,2006000,2000000,167,221.027,,,,,2000,0.5,6,6,-5.0,5.0,5ee1241,2026-07-24T14:35:25,1.0,2004000,,,,,,DTSA+LS,N=D,C3,6265,22,5,True
ta73,100,20,2000,DTSA,15,6229,2006000,2000000,167,221.042,,,,,2000,0.5,6,6,-5.0,5.0,5ee1241,2026-07-24T14:35:25,1.0,2004000,,,,,,DTSA-core,N=D,C3,6229,0,0,True
ta73,100,20,2000,DTSA,15,6229,2006000,2000000,167,221.042,,,,,2000,0.5,6,6,-5.0,5.0,5ee1241,2026-07-24T14:35:25,1.0,2004000,,,,,,DTSA+LS,N=D,C3,6229,12,0,True
ta73,100,20,2000,DTSA,16,6379,2006000,2000000,167,220.503,,,,,2000,0.5,6,6,-5.0,5.0,5ee1241,2026-07-24T14:35:28,1.0,2004000,,,,,,DTSA-core,N=D,C3,6379,0,0,True
ta73,100,20,2000,DTSA,16,6379,2006000,2000000,167,220.503,,,,,2000,0.5,6,6,-5.0,5.0,5ee1241,2026-07-24T14:35:28,1.0,2004000,,,,,,DTSA+LS,N=D,C3,6379,10,0,True
ta73,100,20,2000,DTSA,17,6257,2006000,2000000,167,225.005,,,,,2000,0.5,6,6,-5.0,5.0,5ee1241,2026-07-24T14:35:38,1.0,2004000,,,,,,DTSA-core,N=D,C3,6257,0,0,True
ta73,100,20,2000,DTSA,17,6255,2006000,2000000,167,225.005,,,,,2000,0.5,6,6,-5.0,5.0,5ee1241,2026-07-24T14:35:38,1.0,2004000,,,,,,DTSA+LS,N=D,C3,6257,11,1,True
ta73,100,20,2000,DTSA,18,6251,2006000,2000000,167,205.781,,,,,2000,0.5,6,6,-5.0,5.0,5ee1241,2026-07-24T14:38:48,1.0,2004000,,,,,,DTSA-core,N=D,C3,6251,0,0,True
ta73,100,20,2000,DTSA,18,6251,2006000,2000000,167,205.781,,,,,2000,0.5,6,6,-5.0,5.0,5ee1241,2026-07-24T14:38:48,1.0,2004000,,,,,,DTSA+LS,N=D,C3,6251,10,0,True
ta73,100,20,2000,DTSA,19,6186,2006000,2000000,167,207.574,,,,,2000,0.5,6,6,-5.0,5.0,5ee1241,2026-07-24T14:38:52,1.0,2004000,,,,,,DTSA-core,N=D,C3,6186,0,0,True
ta73,100,20,2000,DTSA,19,6186,2006000,2000000,167,207.574,,,,,2000,0.5,6,6,-5.0,5.0,5ee1241,2026-07-24T14:38:52,1.0,2004000,,,,,,DTSA+LS,N=D,C3,6186,7,0,True
ta74,100,20,2000,DTSA,0,5800,2006000,2000000,167,217.343,,,,,2000,0.5,6,6,-5.0,5.0,5ee1241,2026-07-24T14:42:30,1.0,2004000,,,,,,DTSA-core,N=D,C3,5800,0,0,True
ta74,100,20,2000,DTSA,0,5800,2006000,2000000,167,217.343,,,,,2000,0.5,6,6,-5.0,5.0,5ee1241,2026-07-24T14:42:30,1.0,2004000,,,,,,DTSA+LS,N=D,C3,5800,9,0,True
ta74,100,20,2000,DTSA,1,5850,2006000,2000000,167,217.513,,,,,2000,0.5,6,6,-5.0,5.0,5ee1241,2026-07-24T14:42:30,1.0,2004000,,,,,,DTSA-core,N=D,C3,5850,0,0,True
ta74,100,20,2000,DTSA,1,5850,2006000,2000000,167,217.513,,,,,2000,0.5,6,6,-5.0,5.0,5ee1241,2026-07-24T14:42:30,1.0,2004000,,,,,,DTSA+LS,N=D,C3,5850,19,0,True
ta74,100,20,2000,DTSA,2,5908,2006000,2000000,167,218.323,,,,,2000,0.5,6,6,-5.0,5.0,5ee1241,2026-07-24T14:42:31,1.0,2004000,,,,,,DTSA-core,N=D,C3,5908,0,0,True
ta74,100,20,2000,DTSA,2,5904,2006000,2000000,167,218.323,,,,,2000,0.5,6,6,-5.0,5.0,5ee1241,2026-07-24T14:42:31,1.0,2004000,,,,,,DTSA+LS,N=D,C3,5908,25,4,True
ta74,100,20,2000,DTSA,3,5817,2006000,2000000,167,218.559,,,,,2000,0.5,6,6,-5.0,5.0,5ee1241,2026-07-24T14:42:31,1.0,2004000,,,,,,DTSA-core,N=D,C3,5817,0,0,True
ta74,100,20,2000,DTSA,3,5808,2006000,2000000,167,218.559,,,,,2000,0.5,6,6,-5.0,5.0,5ee1241,2026-07-24T14:42:31,1.0,2004000,,,,,,DTSA+LS,N=D,C3,5817,20,6,True
ta74,100,20,2000,DTSA,4,5873,2006000,2000000,167,215.872,,,,,2000,0.5,6,6,-5.0,5.0,5ee1241,2026-07-24T14:42:28,1.0,2004000,,,,,,DTSA-core,N=D,C3,5873,0,0,True
ta74,100,20,2000,DTSA,4,5873,2006000,2000000,167,215.872,,,,,2000,0.5,6,6,-5.0,5.0,5ee1241,2026-07-24T14:42:28,1.0,2004000,,,,,,DTSA+LS,N=D,C3,5873,10,0,True
ta74,100,20,2000,DTSA,5,5873,2006000,2000000,167,216.857,,,,,2000,0.5,6,6,-5.0,5.0,5ee1241,2026-07-24T14:42:29,1.0,2004000,,,,,,DTSA-core,N=D,C3,5873,0,0,True
ta74,100,20,2000,DTSA,5,5873,2006000,2000000,167,216.857,,,,,2000,0.5,6,6,-5.0,5.0,5ee1241,2026-07-24T14:42:29,1.0,2004000,,,,,,DTSA+LS,N=D,C3,5873,8,0,True
ta74,100,20,2000,DTSA,6,5831,2006000,2000000,167,219.796,,,,,2000,0.5,6,6,-5.0,5.0,5ee1241,2026-07-24T14:46:08,1.0,2004000,,,,,,DTSA-core,N=D,C3,5831,0,0,True
ta74,100,20,2000,DTSA,6,5831,2006000,2000000,167,219.796,,,,,2000,0.5,6,6,-5.0,5.0,5ee1241,2026-07-24T14:46:08,1.0,2004000,,,,,,DTSA+LS,N=D,C3,5831,6,0,True
ta74,100,20,2000,DTSA,7,5833,2006000,2000000,167,219.554,,,,,2000,0.5,6,6,-5.0,5.0,5ee1241,2026-07-24T14:46:09,1.0,2004000,,,,,,DTSA-core,N=D,C3,5833,0,0,True
ta74,100,20,2000,DTSA,7,5833,2006000,2000000,167,219.554,,,,,2000,0.5,6,6,-5.0,5.0,5ee1241,2026-07-24T14:46:09,1.0,2004000,,,,,,DTSA+LS,N=D,C3,5833,17,0,True
ta74,100,20,2000,DTSA,8,5812,2006000,2000000,167,219.025,,,,,2000,0.5,6,6,-5.0,5.0,5ee1241,2026-07-24T14:46:09,1.0,2004000,,,,,,DTSA-core,N=D,C3,5812,0,0,True
ta74,100,20,2000,DTSA,8,5793,2006000,2000000,167,219.025,,,,,2000,0.5,6,6,-5.0,5.0,5ee1241,2026-07-24T14:46:09,1.0,2004000,,,,,,DTSA+LS,N=D,C3,5812,26,8,True
ta74,100,20,2000,DTSA,9,5809,2006000,2000000,167,220.914,,,,,2000,0.5,6,6,-5.0,5.0,5ee1241,2026-07-24T14:46:11,1.0,2004000,,,,,,DTSA-core,N=D,C3,5809,0,0,True
ta74,100,20,2000,DTSA,9,5809,2006000,2000000,167,220.914,,,,,2000,0.5,6,6,-5.0,5.0,5ee1241,2026-07-24T14:46:11,1.0,2004000,,,,,,DTSA+LS,N=D,C3,5809,12,0,True
ta74,100,20,2000,DTSA,10,5840,2006000,2000000,167,220.553,,,,,2000,0.5,6,6,-5.0,5.0,5ee1241,2026-07-24T14:46:11,1.0,2004000,,,,,,DTSA-core,N=D,C3,5840,0,0,True
ta74,100,20,2000,DTSA,10,5838,2006000,2000000,167,220.553,,,,,2000,0.5,6,6,-5.0,5.0,5ee1241,2026-07-24T14:46:11,1.0,2004000,,,,,,DTSA+LS,N=D,C3,5840,9,2,True
ta74,100,20,2000,DTSA,11,5865,2006000,2000000,167,223.572,,,,,2000,0.5,6,6,-5.0,5.0,5ee1241,2026-07-24T14:46:14,1.0,2004000,,,,,,DTSA-core,N=D,C3,5865,0,0,True
ta74,100,20,2000,DTSA,11,5838,2006000,2000000,167,223.572,,,,,2000,0.5,6,6,-5.0,5.0,5ee1241,2026-07-24T14:46:14,1.0,2004000,,,,,,DTSA+LS,N=D,C3,5865,27,9,True
ta74,100,20,2000,DTSA,12,5862,2006000,2000000,167,219.963,,,,,2000,0.5,6,6,-5.0,5.0,5ee1241,2026-07-24T14:49:48,1.0,2004000,,,,,,DTSA-core,N=D,C3,5862,0,0,True
ta74,100,20,2000,DTSA,12,5862,2006000,2000000,167,219.963,,,,,2000,0.5,6,6,-5.0,5.0,5ee1241,2026-07-24T14:49:48,1.0,2004000,,,,,,DTSA+LS,N=D,C3,5862,6,0,True
ta74,100,20,2000,DTSA,13,5875,2006000,2000000,167,219.677,,,,,2000,0.5,6,6,-5.0,5.0,5ee1241,2026-07-24T14:49:48,1.0,2004000,,,,,,DTSA-core,N=D,C3,5875,0,0,True
ta74,100,20,2000,DTSA,13,5875,2006000,2000000,167,219.677,,,,,2000,0.5,6,6,-5.0,5.0,5ee1241,2026-07-24T14:49:48,1.0,2004000,,,,,,DTSA+LS,N=D,C3,5875,16,0,True
ta74,100,20,2000,DTSA,14,5972,2006000,2000000,167,218.681,,,,,2000,0.5,6,6,-5.0,5.0,5ee1241,2026-07-24T14:49:48,1.0,2004000,,,,,,DTSA-core,N=D,C3,5972,0,0,True
ta74,100,20,2000,DTSA,14,5972,2006000,2000000,167,218.681,,,,,2000,0.5,6,6,-5.0,5.0,5ee1241,2026-07-24T14:49:48,1.0,2004000,,,,,,DTSA+LS,N=D,C3,5972,10,0,True
ta74,100,20,2000,DTSA,15,5882,2006000,2000000,167,219.634,,,,,2000,0.5,6,6,-5.0,5.0,5ee1241,2026-07-24T14:49:50,1.0,2004000,,,,,,DTSA-core,N=D,C3,5882,0,0,True
ta74,100,20,2000,DTSA,15,5858,2006000,2000000,167,219.634,,,,,2000,0.5,6,6,-5.0,5.0,5ee1241,2026-07-24T14:49:50,1.0,2004000,,,,,,DTSA+LS,N=D,C3,5882,49,9,True
ta74,100,20,2000,DTSA,16,5776,2006000,2000000,167,221.855,,,,,2000,0.5,6,6,-5.0,5.0,5ee1241,2026-07-24T14:49:53,1.0,2004000,,,,,,DTSA-core,N=D,C3,5776,0,0,True
ta74,100,20,2000,DTSA,16,5772,2006000,2000000,167,221.855,,,,,2000,0.5,6,6,-5.0,5.0,5ee1241,2026-07-24T14:49:53,1.0,2004000,,,,,,DTSA+LS,N=D,C3,5776,16,3,True
ta74,100,20,2000,DTSA,17,5861,2006000,2000000,167,225.014,,,,,2000,0.5,6,6,-5.0,5.0,5ee1241,2026-07-24T14:50:00,1.0,2004000,,,,,,DTSA-core,N=D,C3,5861,0,0,True
ta74,100,20,2000,DTSA,17,5861,2006000,2000000,167,225.014,,,,,2000,0.5,6,6,-5.0,5.0,5ee1241,2026-07-24T14:50:00,1.0,2004000,,,,,,DTSA+LS,N=D,C3,5861,16,0,True
ta74,100,20,2000,DTSA,18,5913,2006000,2000000,167,205.471,,,,,2000,0.5,6,6,-5.0,5.0,5ee1241,2026-07-24T14:53:13,1.0,2004000,,,,,,DTSA-core,N=D,C3,5913,0,0,True
ta74,100,20,2000,DTSA,18,5913,2006000,2000000,167,205.471,,,,,2000,0.5,6,6,-5.0,5.0,5ee1241,2026-07-24T14:53:13,1.0,2004000,,,,,,DTSA+LS,N=D,C3,5913,6,0,True
ta74,100,20,2000,DTSA,19,5889,2006000,2000000,167,206.328,,,,,2000,0.5,6,6,-5.0,5.0,5ee1241,2026-07-24T14:53:14,1.0,2004000,,,,,,DTSA-core,N=D,C3,5889,0,0,True
ta74,100,20,2000,DTSA,19,5886,2006000,2000000,167,206.328,,,,,2000,0.5,6,6,-5.0,5.0,5ee1241,2026-07-24T14:53:14,1.0,2004000,,,,,,DTSA+LS,N=D,C3,5889,35,3,True
ta75,100,20,2000,DTSA,0,6159,2006000,2000000,167,221.372,,,,,2000,0.5,6,6,-5.0,5.0,5ee1241,2026-07-24T14:56:56,1.0,2004000,,,,,,DTSA-core,N=D,C3,6159,0,0,True
ta75,100,20,2000,DTSA,0,6148,2006000,2000000,167,221.372,,,,,2000,0.5,6,6,-5.0,5.0,5ee1241,2026-07-24T14:56:56,1.0,2004000,,,,,,DTSA+LS,N=D,C3,6159,66,7,True
ta75,100,20,2000,DTSA,1,6205,2006000,2000000,167,219.005,,,,,2000,0.5,6,6,-5.0,5.0,5ee1241,2026-07-24T14:56:54,1.0,2004000,,,,,,DTSA-core,N=D,C3,6205,0,0,True
ta75,100,20,2000,DTSA,1,6203,2006000,2000000,167,219.005,,,,,2000,0.5,6,6,-5.0,5.0,5ee1241,2026-07-24T14:56:54,1.0,2004000,,,,,,DTSA+LS,N=D,C3,6205,11,2,True
ta75,100,20,2000,DTSA,2,6134,2006000,2000000,167,220.915,,,,,2000,0.5,6,6,-5.0,5.0,5ee1241,2026-07-24T14:56:55,1.0,2004000,,,,,,DTSA-core,N=D,C3,6134,0,0,True
ta75,100,20,2000,DTSA,2,6134,2006000,2000000,167,220.915,,,,,2000,0.5,6,6,-5.0,5.0,5ee1241,2026-07-24T14:56:55,1.0,2004000,,,,,,DTSA+LS,N=D,C3,6134,11,0,True
ta75,100,20,2000,DTSA,3,6148,2006000,2000000,167,225.545,,,,,2000,0.5,6,6,-5.0,5.0,5ee1241,2026-07-24T14:57:00,1.0,2004000,,,,,,DTSA-core,N=D,C3,6148,0,0,True
ta75,100,20,2000,DTSA,3,6148,2006000,2000000,167,225.545,,,,,2000,0.5,6,6,-5.0,5.0,5ee1241,2026-07-24T14:57:00,1.0,2004000,,,,,,DTSA+LS,N=D,C3,6148,6,0,True
ta75,100,20,2000,DTSA,4,6117,2006000,2000000,167,220.115,,,,,2000,0.5,6,6,-5.0,5.0,5ee1241,2026-07-24T14:56:55,1.0,2004000,,,,,,DTSA-core,N=D,C3,6117,0,0,True
ta75,100,20,2000,DTSA,4,6117,2006000,2000000,167,220.115,,,,,2000,0.5,6,6,-5.0,5.0,5ee1241,2026-07-24T14:56:55,1.0,2004000,,,,,,DTSA+LS,N=D,C3,6117,10,0,True
ta75,100,20,2000,DTSA,5,6122,2006000,2000000,167,220.673,,,,,2000,0.5,6,6,-5.0,5.0,5ee1241,2026-07-24T14:56:55,1.0,2004000,,,,,,DTSA-core,N=D,C3,6122,0,0,True
ta75,100,20,2000,DTSA,5,6118,2006000,2000000,167,220.673,,,,,2000,0.5,6,6,-5.0,5.0,5ee1241,2026-07-24T14:56:55,1.0,2004000,,,,,,DTSA+LS,N=D,C3,6122,19,2,True
ta75,100,20,2000,DTSA,6,6022,2006000,2000000,167,222.747,,,,,2000,0.5,6,6,-5.0,5.0,5ee1241,2026-07-24T15:00:36,1.0,2004000,,,,,,DTSA-core,N=D,C3,6022,0,0,True
ta75,100,20,2000,DTSA,6,6022,2006000,2000000,167,222.747,,,,,2000,0.5,6,6,-5.0,5.0,5ee1241,2026-07-24T15:00:36,1.0,2004000,,,,,,DTSA+LS,N=D,C3,6022,6,0,True
ta75,100,20,2000,DTSA,7,6145,2006000,2000000,167,222.977,,,,,2000,0.5,6,6,-5.0,5.0,5ee1241,2026-07-24T15:00:38,1.0,2004000,,,,,,DTSA-core,N=D,C3,6145,0,0,True
ta75,100,20,2000,DTSA,7,6145,2006000,2000000,167,222.977,,,,,2000,0.5,6,6,-5.0,5.0,5ee1241,2026-07-24T15:00:38,1.0,2004000,,,,,,DTSA+LS,N=D,C3,6145,5,0,True
ta75,100,20,2000,DTSA,8,6091,2006000,2000000,167,221.204,,,,,2000,0.5,6,6,-5.0,5.0,5ee1241,2026-07-24T15:00:37,1.0,2004000,,,,,,DTSA-core,N=D,C3,6091,0,0,True
ta75,100,20,2000,DTSA,8,6091,2006000,2000000,167,221.204,,,,,2000,0.5,6,6,-5.0,5.0,5ee1241,2026-07-24T15:00:37,1.0,2004000,,,,,,DTSA+LS,N=D,C3,6091,6,0,True
ta75,100,20,2000,DTSA,9,6083,2006000,2000000,167,223.802,,,,,2000,0.5,6,6,-5.0,5.0,5ee1241,2026-07-24T15:00:39,1.0,2004000,,,,,,DTSA-core,N=D,C3,6083,0,0,True
ta75,100,20,2000,DTSA,9,6083,2006000,2000000,167,223.802,,,,,2000,0.5,6,6,-5.0,5.0,5ee1241,2026-07-24T15:00:39,1.0,2004000,,,,,,DTSA+LS,N=D,C3,6083,8,0,True
ta75,100,20,2000,DTSA,10,6181,2006000,2000000,167,223.471,,,,,2000,0.5,6,6,-5.0,5.0,5ee1241,2026-07-24T15:00:39,1.0,2004000,,,,,,DTSA-core,N=D,C3,6181,0,0,True
ta75,100,20,2000,DTSA,10,6181,2006000,2000000,167,223.471,,,,,2000,0.5,6,6,-5.0,5.0,5ee1241,2026-07-24T15:00:39,1.0,2004000,,,,,,DTSA+LS,N=D,C3,6181,19,0,True
ta75,100,20,2000,DTSA,11,6138,2006000,2000000,167,229.034,,,,,2000,0.5,6,6,-5.0,5.0,5ee1241,2026-07-24T15:00:49,1.0,2004000,,,,,,DTSA-core,N=D,C3,6138,0,0,True
ta75,100,20,2000,DTSA,11,6138,2006000,2000000,167,229.034,,,,,2000,0.5,6,6,-5.0,5.0,5ee1241,2026-07-24T15:00:49,1.0,2004000,,,,,,DTSA+LS,N=D,C3,6138,9,0,True
ta75,100,20,2000,DTSA,12,6108,2006000,2000000,167,224.947,,,,,2000,0.5,6,6,-5.0,5.0,5ee1241,2026-07-24T15:04:21,1.0,2004000,,,,,,DTSA-core,N=D,C3,6108,0,0,True
ta75,100,20,2000,DTSA,12,6108,2006000,2000000,167,224.947,,,,,2000,0.5,6,6,-5.0,5.0,5ee1241,2026-07-24T15:04:21,1.0,2004000,,,,,,DTSA+LS,N=D,C3,6108,10,0,True
ta75,100,20,2000,DTSA,13,6086,2006000,2000000,167,223.624,,,,,2000,0.5,6,6,-5.0,5.0,5ee1241,2026-07-24T15:04:20,1.0,2004000,,,,,,DTSA-core,N=D,C3,6086,0,0,True
ta75,100,20,2000,DTSA,13,6082,2006000,2000000,167,223.624,,,,,2000,0.5,6,6,-5.0,5.0,5ee1241,2026-07-24T15:04:20,1.0,2004000,,,,,,DTSA+LS,N=D,C3,6086,13,3,True
ta75,100,20,2000,DTSA,14,6136,2006000,2000000,167,223.395,,,,,2000,0.5,6,6,-5.0,5.0,5ee1241,2026-07-24T15:04:21,1.0,2004000,,,,,,DTSA-core,N=D,C3,6136,0,0,True
ta75,100,20,2000,DTSA,14,6136,2006000,2000000,167,223.395,,,,,2000,0.5,6,6,-5.0,5.0,5ee1241,2026-07-24T15:04:21,1.0,2004000,,,,,,DTSA+LS,N=D,C3,6136,14,0,True
ta75,100,20,2000,DTSA,15,6053,2006000,2000000,167,226.074,,,,,2000,0.5,6,6,-5.0,5.0,5ee1241,2026-07-24T15:04:26,1.0,2004000,,,,,,DTSA-core,N=D,C3,6053,0,0,True
ta75,100,20,2000,DTSA,15,6053,2006000,2000000,167,226.074,,,,,2000,0.5,6,6,-5.0,5.0,5ee1241,2026-07-24T15:04:26,1.0,2004000,,,,,,DTSA+LS,N=D,C3,6053,6,0,True
ta75,100,20,2000,DTSA,16,6079,2006000,2000000,167,223.027,,,,,2000,0.5,6,6,-5.0,5.0,5ee1241,2026-07-24T15:04:23,1.0,2004000,,,,,,DTSA-core,N=D,C3,6079,0,0,True
ta75,100,20,2000,DTSA,16,6079,2006000,2000000,167,223.027,,,,,2000,0.5,6,6,-5.0,5.0,5ee1241,2026-07-24T15:04:23,1.0,2004000,,,,,,DTSA+LS,N=D,C3,6079,4,0,True
ta75,100,20,2000,DTSA,17,6100,2006000,2000000,167,229.014,,,,,2000,0.5,6,6,-5.0,5.0,5ee1241,2026-07-24T15:04:38,1.0,2004000,,,,,,DTSA-core,N=D,C3,6100,0,0,True
ta75,100,20,2000,DTSA,17,6100,2006000,2000000,167,229.014,,,,,2000,0.5,6,6,-5.0,5.0,5ee1241,2026-07-24T15:04:38,1.0,2004000,,,,,,DTSA+LS,N=D,C3,6100,13,0,True
ta75,100,20,2000,DTSA,18,6116,2006000,2000000,167,208.777,,,,,2000,0.5,6,6,-5.0,5.0,5ee1241,2026-07-24T15:07:49,1.0,2004000,,,,,,DTSA-core,N=D,C3,6116,0,0,True
ta75,100,20,2000,DTSA,18,6116,2006000,2000000,167,208.777,,,,,2000,0.5,6,6,-5.0,5.0,5ee1241,2026-07-24T15:07:49,1.0,2004000,,,,,,DTSA+LS,N=D,C3,6116,12,0,True
ta75,100,20,2000,DTSA,19,6115,2006000,2000000,167,208.607,,,,,2000,0.5,6,6,-5.0,5.0,5ee1241,2026-07-24T15:07:50,1.0,2004000,,,,,,DTSA-core,N=D,C3,6115,0,0,True
ta75,100,20,2000,DTSA,19,6115,2006000,2000000,167,208.607,,,,,2000,0.5,6,6,-5.0,5.0,5ee1241,2026-07-24T15:07:50,1.0,2004000,,,,,,DTSA+LS,N=D,C3,6115,9,0,True
