instance,n,m,D,algorithm,seed,cmax,fes_used,max_fes,iters,wall_s,st_sense,operator_space,branch_granularity,strict_fe_cap,N,ST,L,U,dmin,dmax,git_sha,timestamp,fe_per_seed,n_seeds,branch_A_swap,branch_B_sym_shift,branch_C_eq3,branch_D_eq4,branch_E_eq_perdim
ta02,15,15,225,ATSA,0,1388,225304,225000,574,2.295,rand_lt_st,continuous,seed,False,40,0.2,4,10,-5.0,5.0,be99d56,2026-07-16T11:53:31+00:00,1.3998,160928,16157,64336,60161,20274,0
ta02,15,15,225,ATSA,1,1447,225257,225000,575,2.317,rand_lt_st,continuous,seed,False,40,0.2,4,10,-5.0,5.0,be99d56,2026-07-16T11:53:31+00:00,1.3993,160950,16123,64267,60248,20312,0
ta02,15,15,225,ATSA,2,1503,225194,225000,575,2.401,rand_lt_st,continuous,seed,False,40,0.2,4,10,-5.0,5.0,be99d56,2026-07-16T11:53:31+00:00,1.3984,161005,15980,64149,60671,20205,0
ta02,15,15,225,ATSA,3,1396,225301,225000,574,2.373,rand_lt_st,continuous,seed,False,40,0.2,4,10,-5.0,5.0,be99d56,2026-07-16T11:53:31+00:00,1.4022,160643,16160,64618,59928,19937,0
ta02,15,15,225,ATSA,4,1405,225179,225000,576,2.31,rand_lt_st,continuous,seed,False,40,0.2,4,10,-5.0,5.0,be99d56,2026-07-16T11:53:31+00:00,1.3999,160825,16182,64314,60231,20098,0
ta02,15,15,225,ATSA,5,1481,225020,225000,573,2.319,rand_lt_st,continuous,seed,False,40,0.2,4,10,-5.0,5.0,be99d56,2026-07-16T11:53:31+00:00,1.401,160580,16012,64400,60145,20023,0
ta02,15,15,225,ATSA,6,1417,225155,225000,576,2.278,rand_lt_st,continuous,seed,False,40,0.2,4,10,-5.0,5.0,be99d56,2026-07-16T11:53:31+00:00,1.3984,160984,16202,64131,60310,20341,0
ta02,15,15,225,ATSA,7,1407,225191,225000,574,2.279,rand_lt_st,continuous,seed,False,40,0.2,4,10,-5.0,5.0,be99d56,2026-07-16T11:53:31+00:00,1.4006,160754,16123,64397,60280,19954,0
ta02,15,15,225,ATSA,8,1521,225088,225000,576,2.319,rand_lt_st,continuous,seed,False,40,0.2,4,10,-5.0,5.0,be99d56,2026-07-16T11:53:31+00:00,1.3987,160900,16068,64148,60423,20261,0
ta02,15,15,225,ATSA,9,1411,225099,225000,575,2.35,rand_lt_st,continuous,seed,False,40,0.2,4,10,-5.0,5.0,be99d56,2026-07-16T11:53:31+00:00,1.3993,160842,16094,64217,60553,19978,0
ta02,15,15,225,ATSA,10,1356,225206,225000,574,2.367,rand_lt_st,continuous,seed,False,40,0.2,4,10,-5.0,5.0,be99d56,2026-07-16T11:53:31+00:00,1.4002,160815,16009,64351,60278,20177,0
ta02,15,15,225,ATSA,11,1496,225397,225000,575,2.337,rand_lt_st,continuous,seed,False,40,0.2,4,10,-5.0,5.0,be99d56,2026-07-16T11:53:31+00:00,1.3995,161024,16186,64333,60293,20212,0
ta02,15,15,225,ATSA,12,1456,225310,225000,575,2.278,rand_lt_st,continuous,seed,False,40,0.2,4,10,-5.0,5.0,be99d56,2026-07-16T11:53:31+00:00,1.4006,160840,16250,64430,60056,20104,0
ta02,15,15,225,ATSA,13,1413,225106,225000,574,2.367,rand_lt_st,continuous,seed,False,40,0.2,4,10,-5.0,5.0,be99d56,2026-07-16T11:53:31+00:00,1.399,160880,16095,64186,60301,20298,0
ta02,15,15,225,ATSA,14,1377,225313,225000,575,2.282,rand_lt_st,continuous,seed,False,40,0.2,4,10,-5.0,5.0,be99d56,2026-07-16T11:53:31+00:00,1.3989,161031,16133,64242,60253,20403,0
ta02,15,15,225,ATSA,15,1447,225400,225000,573,2.251,rand_lt_st,continuous,seed,False,40,0.2,4,10,-5.0,5.0,be99d56,2026-07-16T11:53:31+00:00,1.3997,161010,16155,64350,60508,19997,0
ta02,15,15,225,ATSA,16,1406,225055,225000,574,2.249,rand_lt_st,continuous,seed,False,40,0.2,4,10,-5.0,5.0,be99d56,2026-07-16T11:53:31+00:00,1.3987,160870,16225,64145,60297,20203,0
ta02,15,15,225,ATSA,17,1391,225098,225000,573,2.305,rand_lt_st,continuous,seed,False,40,0.2,4,10,-5.0,5.0,be99d56,2026-07-16T11:53:31+00:00,1.4007,160671,16137,64387,59929,20218,0
ta02,15,15,225,ATSA,18,1551,225321,225000,574,2.363,rand_lt_st,continuous,seed,False,40,0.2,4,10,-5.0,5.0,be99d56,2026-07-16T11:53:31+00:00,1.3994,160988,16176,64293,60332,20187,0
ta02,15,15,225,ATSA,19,1546,225289,225000,575,2.292,rand_lt_st,continuous,seed,False,40,0.2,4,10,-5.0,5.0,be99d56,2026-07-16T11:53:31+00:00,1.4001,160885,16147,64364,60341,20033,0
ta03,15,15,225,ATSA,0,1436,225304,225000,574,1.884,rand_lt_st,continuous,seed,False,40,0.2,4,10,-5.0,5.0,be99d56,2026-07-16T11:53:33+00:00,1.3998,160928,16157,64336,60161,20274,0
ta03,15,15,225,ATSA,1,1466,225257,225000,575,1.897,rand_lt_st,continuous,seed,False,40,0.2,4,10,-5.0,5.0,be99d56,2026-07-16T11:53:33+00:00,1.3993,160950,16123,64267,60248,20312,0
ta03,15,15,225,ATSA,2,1414,225194,225000,575,1.888,rand_lt_st,continuous,seed,False,40,0.2,4,10,-5.0,5.0,be99d56,2026-07-16T11:53:33+00:00,1.3984,161005,15980,64149,60671,20205,0
ta03,15,15,225,ATSA,3,1457,225301,225000,574,1.862,rand_lt_st,continuous,seed,False,40,0.2,4,10,-5.0,5.0,be99d56,2026-07-16T11:53:33+00:00,1.4022,160643,16160,64618,59928,19937,0
ta03,15,15,225,ATSA,4,1454,225179,225000,576,1.838,rand_lt_st,continuous,seed,False,40,0.2,4,10,-5.0,5.0,be99d56,2026-07-16T11:53:33+00:00,1.3999,160825,16182,64314,60231,20098,0
ta03,15,15,225,ATSA,5,1447,225020,225000,573,1.844,rand_lt_st,continuous,seed,False,40,0.2,4,10,-5.0,5.0,be99d56,2026-07-16T11:53:33+00:00,1.401,160580,16012,64400,60145,20023,0
ta03,15,15,225,ATSA,6,1398,225155,225000,576,1.89,rand_lt_st,continuous,seed,False,40,0.2,4,10,-5.0,5.0,be99d56,2026-07-16T11:53:33+00:00,1.3984,160984,16202,64131,60310,20341,0
ta03,15,15,225,ATSA,7,1481,225191,225000,574,1.858,rand_lt_st,continuous,seed,False,40,0.2,4,10,-5.0,5.0,be99d56,2026-07-16T11:53:33+00:00,1.4006,160754,16123,64397,60280,19954,0
ta03,15,15,225,ATSA,8,1397,225088,225000,576,1.82,rand_lt_st,continuous,seed,False,40,0.2,4,10,-5.0,5.0,be99d56,2026-07-16T11:53:33+00:00,1.3987,160900,16068,64148,60423,20261,0
ta03,15,15,225,ATSA,9,1402,225099,225000,575,1.865,rand_lt_st,continuous,seed,False,40,0.2,4,10,-5.0,5.0,be99d56,2026-07-16T11:53:33+00:00,1.3993,160842,16094,64217,60553,19978,0
ta03,15,15,225,ATSA,10,1392,225206,225000,574,1.947,rand_lt_st,continuous,seed,False,40,0.2,4,10,-5.0,5.0,be99d56,2026-07-16T11:53:33+00:00,1.4002,160815,16009,64351,60278,20177,0
ta03,15,15,225,ATSA,11,1450,225397,225000,575,1.905,rand_lt_st,continuous,seed,False,40,0.2,4,10,-5.0,5.0,be99d56,2026-07-16T11:53:33+00:00,1.3995,161024,16186,64333,60293,20212,0
ta03,15,15,225,ATSA,12,1462,225310,225000,575,1.937,rand_lt_st,continuous,seed,False,40,0.2,4,10,-5.0,5.0,be99d56,2026-07-16T11:53:33+00:00,1.4006,160840,16250,64430,60056,20104,0
ta03,15,15,225,ATSA,13,1472,225106,225000,574,1.839,rand_lt_st,continuous,seed,False,40,0.2,4,10,-5.0,5.0,be99d56,2026-07-16T11:53:33+00:00,1.399,160880,16095,64186,60301,20298,0
ta03,15,15,225,ATSA,14,1473,225313,225000,575,1.858,rand_lt_st,continuous,seed,False,40,0.2,4,10,-5.0,5.0,be99d56,2026-07-16T11:53:33+00:00,1.3989,161031,16133,64242,60253,20403,0
ta03,15,15,225,ATSA,15,1362,225400,225000,573,1.849,rand_lt_st,continuous,seed,False,40,0.2,4,10,-5.0,5.0,be99d56,2026-07-16T11:53:33+00:00,1.3997,161010,16155,64350,60508,19997,0
ta03,15,15,225,ATSA,16,1446,225055,225000,574,1.924,rand_lt_st,continuous,seed,False,40,0.2,4,10,-5.0,5.0,be99d56,2026-07-16T11:53:33+00:00,1.3987,160870,16225,64145,60297,20203,0
ta03,15,15,225,ATSA,17,1375,225098,225000,573,1.926,rand_lt_st,continuous,seed,False,40,0.2,4,10,-5.0,5.0,be99d56,2026-07-16T11:53:33+00:00,1.4007,160671,16137,64387,59929,20218,0
ta03,15,15,225,ATSA,18,1441,225321,225000,574,1.863,rand_lt_st,continuous,seed,False,40,0.2,4,10,-5.0,5.0,be99d56,2026-07-16T11:53:33+00:00,1.3994,160988,16176,64293,60332,20187,0
ta03,15,15,225,ATSA,19,1437,225289,225000,575,1.946,rand_lt_st,continuous,seed,False,40,0.2,4,10,-5.0,5.0,be99d56,2026-07-16T11:53:33+00:00,1.4001,160885,16147,64364,60341,20033,0
ta04,15,15,225,ATSA,0,1458,225304,225000,574,2.004,rand_lt_st,continuous,seed,False,40,0.2,4,10,-5.0,5.0,be99d56,2026-07-16T11:53:35+00:00,1.3998,160928,16157,64336,60161,20274,0
ta04,15,15,225,ATSA,1,1430,225257,225000,575,1.953,rand_lt_st,continuous,seed,False,40,0.2,4,10,-5.0,5.0,be99d56,2026-07-16T11:53:35+00:00,1.3993,160950,16123,64267,60248,20312,0
ta04,15,15,225,ATSA,2,1352,225194,225000,575,1.957,rand_lt_st,continuous,seed,False,40,0.2,4,10,-5.0,5.0,be99d56,2026-07-16T11:53:35+00:00,1.3984,161005,15980,64149,60671,20205,0
ta04,15,15,225,ATSA,3,1429,225301,225000,574,1.929,rand_lt_st,continuous,seed,False,40,0.2,4,10,-5.0,5.0,be99d56,2026-07-16T11:53:35+00:00,1.4022,160643,16160,64618,59928,19937,0
ta04,15,15,225,ATSA,4,1382,225179,225000,576,1.861,rand_lt_st,continuous,seed,False,40,0.2,4,10,-5.0,5.0,be99d56,2026-07-16T11:53:35+00:00,1.3999,160825,16182,64314,60231,20098,0
ta04,15,15,225,ATSA,5,1413,225020,225000,573,1.886,rand_lt_st,continuous,seed,False,40,0.2,4,10,-5.0,5.0,be99d56,2026-07-16T11:53:35+00:00,1.401,160580,16012,64400,60145,20023,0
ta04,15,15,225,ATSA,6,1472,225155,225000,576,1.867,rand_lt_st,continuous,seed,False,40,0.2,4,10,-5.0,5.0,be99d56,2026-07-16T11:53:35+00:00,1.3984,160984,16202,64131,60310,20341,0
ta04,15,15,225,ATSA,7,1554,225191,225000,574,1.795,rand_lt_st,continuous,seed,False,40,0.2,4,10,-5.0,5.0,be99d56,2026-07-16T11:53:35+00:00,1.4006,160754,16123,64397,60280,19954,0
ta04,15,15,225,ATSA,8,1324,225088,225000,576,1.92,rand_lt_st,continuous,seed,False,40,0.2,4,10,-5.0,5.0,be99d56,2026-07-16T11:53:35+00:00,1.3987,160900,16068,64148,60423,20261,0
ta04,15,15,225,ATSA,9,1386,225099,225000,575,1.856,rand_lt_st,continuous,seed,False,40,0.2,4,10,-5.0,5.0,be99d56,2026-07-16T11:53:35+00:00,1.3993,160842,16094,64217,60553,19978,0
ta04,15,15,225,ATSA,10,1403,225206,225000,574,1.869,rand_lt_st,continuous,seed,False,40,0.2,4,10,-5.0,5.0,be99d56,2026-07-16T11:53:35+00:00,1.4002,160815,16009,64351,60278,20177,0
ta04,15,15,225,ATSA,11,1349,225397,225000,575,1.813,rand_lt_st,continuous,seed,False,40,0.2,4,10,-5.0,5.0,be99d56,2026-07-16T11:53:35+00:00,1.3995,161024,16186,64333,60293,20212,0
ta04,15,15,225,ATSA,12,1510,225310,225000,575,1.918,rand_lt_st,continuous,seed,False,40,0.2,4,10,-5.0,5.0,be99d56,2026-07-16T11:53:35+00:00,1.4006,160840,16250,64430,60056,20104,0
ta04,15,15,225,ATSA,13,1402,225106,225000,574,1.799,rand_lt_st,continuous,seed,False,40,0.2,4,10,-5.0,5.0,be99d56,2026-07-16T11:53:35+00:00,1.399,160880,16095,64186,60301,20298,0
ta04,15,15,225,ATSA,14,1442,225313,225000,575,1.928,rand_lt_st,continuous,seed,False,40,0.2,4,10,-5.0,5.0,be99d56,2026-07-16T11:53:35+00:00,1.3989,161031,16133,64242,60253,20403,0
ta04,15,15,225,ATSA,15,1452,225400,225000,573,1.872,rand_lt_st,continuous,seed,False,40,0.2,4,10,-5.0,5.0,be99d56,2026-07-16T11:53:35+00:00,1.3997,161010,16155,64350,60508,19997,0
ta04,15,15,225,ATSA,16,1434,225055,225000,574,1.958,rand_lt_st,continuous,seed,False,40,0.2,4,10,-5.0,5.0,be99d56,2026-07-16T11:53:35+00:00,1.3987,160870,16225,64145,60297,20203,0
ta04,15,15,225,ATSA,17,1426,225098,225000,573,1.963,rand_lt_st,continuous,seed,False,40,0.2,4,10,-5.0,5.0,be99d56,2026-07-16T11:53:35+00:00,1.4007,160671,16137,64387,59929,20218,0
ta04,15,15,225,ATSA,18,1309,225321,225000,574,1.909,rand_lt_st,continuous,seed,False,40,0.2,4,10,-5.0,5.0,be99d56,2026-07-16T11:53:35+00:00,1.3994,160988,16176,64293,60332,20187,0
ta04,15,15,225,ATSA,19,1439,225289,225000,575,1.925,rand_lt_st,continuous,seed,False,40,0.2,4,10,-5.0,5.0,be99d56,2026-07-16T11:53:35+00:00,1.4001,160885,16147,64364,60341,20033,0
ta05,15,15,225,ATSA,0,1539,225304,225000,574,1.807,rand_lt_st,continuous,seed,False,40,0.2,4,10,-5.0,5.0,be99d56,2026-07-16T11:53:37+00:00,1.3998,160928,16157,64336,60161,20274,0
ta05,15,15,225,ATSA,1,1424,225257,225000,575,1.959,rand_lt_st,continuous,seed,False,40,0.2,4,10,-5.0,5.0,be99d56,2026-07-16T11:53:37+00:00,1.3993,160950,16123,64267,60248,20312,0
ta05,15,15,225,ATSA,2,1351,225194,225000,575,1.889,rand_lt_st,continuous,seed,False,40,0.2,4,10,-5.0,5.0,be99d56,2026-07-16T11:53:37+00:00,1.3984,161005,15980,64149,60671,20205,0
ta05,15,15,225,ATSA,3,1438,225301,225000,574,1.954,rand_lt_st,continuous,seed,False,40,0.2,4,10,-5.0,5.0,be99d56,2026-07-16T11:53:37+00:00,1.4022,160643,16160,64618,59928,19937,0
ta05,15,15,225,ATSA,4,1453,225179,225000,576,1.862,rand_lt_st,continuous,seed,False,40,0.2,4,10,-5.0,5.0,be99d56,2026-07-16T11:53:37+00:00,1.3999,160825,16182,64314,60231,20098,0
ta05,15,15,225,ATSA,5,1396,225020,225000,573,1.824,rand_lt_st,continuous,seed,False,40,0.2,4,10,-5.0,5.0,be99d56,2026-07-16T11:53:37+00:00,1.401,160580,16012,64400,60145,20023,0
ta05,15,15,225,ATSA,6,1397,225155,225000,576,1.888,rand_lt_st,continuous,seed,False,40,0.2,4,10,-5.0,5.0,be99d56,2026-07-16T11:53:37+00:00,1.3984,160984,16202,64131,60310,20341,0
ta05,15,15,225,ATSA,7,1510,225191,225000,574,1.904,rand_lt_st,continuous,seed,False,40,0.2,4,10,-5.0,5.0,be99d56,2026-07-16T11:53:37+00:00,1.4006,160754,16123,64397,60280,19954,0
ta05,15,15,225,ATSA,8,1421,225088,225000,576,1.91,rand_lt_st,continuous,seed,False,40,0.2,4,10,-5.0,5.0,be99d56,2026-07-16T11:53:37+00:00,1.3987,160900,16068,64148,60423,20261,0
ta05,15,15,225,ATSA,9,1394,225099,225000,575,1.846,rand_lt_st,continuous,seed,False,40,0.2,4,10,-5.0,5.0,be99d56,2026-07-16T11:53:37+00:00,1.3993,160842,16094,64217,60553,19978,0
ta05,15,15,225,ATSA,10,1463,225206,225000,574,1.955,rand_lt_st,continuous,seed,False,40,0.2,4,10,-5.0,5.0,be99d56,2026-07-16T11:53:37+00:00,1.4002,160815,16009,64351,60278,20177,0
ta05,15,15,225,ATSA,11,1488,225397,225000,575,1.84,rand_lt_st,continuous,seed,False,40,0.2,4,10,-5.0,5.0,be99d56,2026-07-16T11:53:37+00:00,1.3995,161024,16186,64333,60293,20212,0
ta05,15,15,225,ATSA,12,1403,225310,225000,575,1.906,rand_lt_st,continuous,seed,False,40,0.2,4,10,-5.0,5.0,be99d56,2026-07-16T11:53:37+00:00,1.4006,160840,16250,64430,60056,20104,0
ta05,15,15,225,ATSA,13,1464,225106,225000,574,1.899,rand_lt_st,continuous,seed,False,40,0.2,4,10,-5.0,5.0,be99d56,2026-07-16T11:53:37+00:00,1.399,160880,16095,64186,60301,20298,0
ta05,15,15,225,ATSA,14,1511,225313,225000,575,1.946,rand_lt_st,continuous,seed,False,40,0.2,4,10,-5.0,5.0,be99d56,2026-07-16T11:53:37+00:00,1.3989,161031,16133,64242,60253,20403,0
ta05,15,15,225,ATSA,15,1389,225400,225000,573,1.873,rand_lt_st,continuous,seed,False,40,0.2,4,10,-5.0,5.0,be99d56,2026-07-16T11:53:37+00:00,1.3997,161010,16155,64350,60508,19997,0
ta05,15,15,225,ATSA,16,1533,225055,225000,574,1.951,rand_lt_st,continuous,seed,False,40,0.2,4,10,-5.0,5.0,be99d56,2026-07-16T11:53:37+00:00,1.3987,160870,16225,64145,60297,20203,0
ta05,15,15,225,ATSA,17,1432,225098,225000,573,1.943,rand_lt_st,continuous,seed,False,40,0.2,4,10,-5.0,5.0,be99d56,2026-07-16T11:53:37+00:00,1.4007,160671,16137,64387,59929,20218,0
ta05,15,15,225,ATSA,18,1412,225321,225000,574,1.813,rand_lt_st,continuous,seed,False,40,0.2,4,10,-5.0,5.0,be99d56,2026-07-16T11:53:37+00:00,1.3994,160988,16176,64293,60332,20187,0
ta05,15,15,225,ATSA,19,1422,225289,225000,575,1.901,rand_lt_st,continuous,seed,False,40,0.2,4,10,-5.0,5.0,be99d56,2026-07-16T11:53:37+00:00,1.4001,160885,16147,64364,60341,20033,0
ta06,15,15,225,ATSA,0,1476,225304,225000,574,1.894,rand_lt_st,continuous,seed,False,40,0.2,4,10,-5.0,5.0,be99d56,2026-07-16T11:53:39+00:00,1.3998,160928,16157,64336,60161,20274,0
ta06,15,15,225,ATSA,1,1435,225257,225000,575,1.952,rand_lt_st,continuous,seed,False,40,0.2,4,10,-5.0,5.0,be99d56,2026-07-16T11:53:39+00:00,1.3993,160950,16123,64267,60248,20312,0
ta06,15,15,225,ATSA,2,1390,225194,225000,575,1.961,rand_lt_st,continuous,seed,False,40,0.2,4,10,-5.0,5.0,be99d56,2026-07-16T11:53:39+00:00,1.3984,161005,15980,64149,60671,20205,0
ta06,15,15,225,ATSA,3,1426,225301,225000,574,1.982,rand_lt_st,continuous,seed,False,40,0.2,4,10,-5.0,5.0,be99d56,2026-07-16T11:53:39+00:00,1.4022,160643,16160,64618,59928,19937,0
ta06,15,15,225,ATSA,4,1435,225179,225000,576,1.874,rand_lt_st,continuous,seed,False,40,0.2,4,10,-5.0,5.0,be99d56,2026-07-16T11:53:39+00:00,1.3999,160825,16182,64314,60231,20098,0
ta06,15,15,225,ATSA,5,1542,225020,225000,573,1.894,rand_lt_st,continuous,seed,False,40,0.2,4,10,-5.0,5.0,be99d56,2026-07-16T11:53:39+00:00,1.401,160580,16012,64400,60145,20023,0
ta06,15,15,225,ATSA,6,1502,225155,225000,576,1.895,rand_lt_st,continuous,seed,False,40,0.2,4,10,-5.0,5.0,be99d56,2026-07-16T11:53:39+00:00,1.3984,160984,16202,64131,60310,20341,0
ta06,15,15,225,ATSA,7,1478,225191,225000,574,1.897,rand_lt_st,continuous,seed,False,40,0.2,4,10,-5.0,5.0,be99d56,2026-07-16T11:53:39+00:00,1.4006,160754,16123,64397,60280,19954,0
ta06,15,15,225,ATSA,8,1388,225088,225000,576,1.857,rand_lt_st,continuous,seed,False,40,0.2,4,10,-5.0,5.0,be99d56,2026-07-16T11:53:39+00:00,1.3987,160900,16068,64148,60423,20261,0
ta06,15,15,225,ATSA,9,1442,225099,225000,575,1.871,rand_lt_st,continuous,seed,False,40,0.2,4,10,-5.0,5.0,be99d56,2026-07-16T11:53:39+00:00,1.3993,160842,16094,64217,60553,19978,0
ta06,15,15,225,ATSA,10,1393,225206,225000,574,1.947,rand_lt_st,continuous,seed,False,40,0.2,4,10,-5.0,5.0,be99d56,2026-07-16T11:53:39+00:00,1.4002,160815,16009,64351,60278,20177,0
ta06,15,15,225,ATSA,11,1437,225397,225000,575,1.925,rand_lt_st,continuous,seed,False,40,0.2,4,10,-5.0,5.0,be99d56,2026-07-16T11:53:39+00:00,1.3995,161024,16186,64333,60293,20212,0
ta06,15,15,225,ATSA,12,1376,225310,225000,575,1.873,rand_lt_st,continuous,seed,False,40,0.2,4,10,-5.0,5.0,be99d56,2026-07-16T11:53:39+00:00,1.4006,160840,16250,64430,60056,20104,0
ta06,15,15,225,ATSA,13,1465,225106,225000,574,1.97,rand_lt_st,continuous,seed,False,40,0.2,4,10,-5.0,5.0,be99d56,2026-07-16T11:53:39+00:00,1.399,160880,16095,64186,60301,20298,0
ta06,15,15,225,ATSA,14,1448,225313,225000,575,1.893,rand_lt_st,continuous,seed,False,40,0.2,4,10,-5.0,5.0,be99d56,2026-07-16T11:53:39+00:00,1.3989,161031,16133,64242,60253,20403,0
ta06,15,15,225,ATSA,15,1344,225400,225000,573,1.925,rand_lt_st,continuous,seed,False,40,0.2,4,10,-5.0,5.0,be99d56,2026-07-16T11:53:39+00:00,1.3997,161010,16155,64350,60508,19997,0
ta06,15,15,225,ATSA,16,1403,225055,225000,574,1.9,rand_lt_st,continuous,seed,False,40,0.2,4,10,-5.0,5.0,be99d56,2026-07-16T11:53:39+00:00,1.3987,160870,16225,64145,60297,20203,0
ta06,15,15,225,ATSA,17,1415,225098,225000,573,1.871,rand_lt_st,continuous,seed,False,40,0.2,4,10,-5.0,5.0,be99d56,2026-07-16T11:53:39+00:00,1.4007,160671,16137,64387,59929,20218,0
ta06,15,15,225,ATSA,18,1438,225321,225000,574,1.932,rand_lt_st,continuous,seed,False,40,0.2,4,10,-5.0,5.0,be99d56,2026-07-16T11:53:39+00:00,1.3994,160988,16176,64293,60332,20187,0
ta06,15,15,225,ATSA,19,1394,225289,225000,575,1.977,rand_lt_st,continuous,seed,False,40,0.2,4,10,-5.0,5.0,be99d56,2026-07-16T11:53:39+00:00,1.4001,160885,16147,64364,60341,20033,0
ta07,15,15,225,ATSA,0,1450,225304,225000,574,2.024,rand_lt_st,continuous,seed,False,40,0.2,4,10,-5.0,5.0,be99d56,2026-07-16T11:53:41+00:00,1.3998,160928,16157,64336,60161,20274,0
ta07,15,15,225,ATSA,1,1422,225257,225000,575,2.053,rand_lt_st,continuous,seed,False,40,0.2,4,10,-5.0,5.0,be99d56,2026-07-16T11:53:41+00:00,1.3993,160950,16123,64267,60248,20312,0
ta07,15,15,225,ATSA,2,1422,225194,225000,575,1.987,rand_lt_st,continuous,seed,False,40,0.2,4,10,-5.0,5.0,be99d56,2026-07-16T11:53:41+00:00,1.3984,161005,15980,64149,60671,20205,0
ta07,15,15,225,ATSA,3,1399,225301,225000,574,1.975,rand_lt_st,continuous,seed,False,40,0.2,4,10,-5.0,5.0,be99d56,2026-07-16T11:53:41+00:00,1.4022,160643,16160,64618,59928,19937,0
ta07,15,15,225,ATSA,4,1434,225179,225000,576,2.007,rand_lt_st,continuous,seed,False,40,0.2,4,10,-5.0,5.0,be99d56,2026-07-16T11:53:41+00:00,1.3999,160825,16182,64314,60231,20098,0
ta07,15,15,225,ATSA,5,1494,225020,225000,573,2.016,rand_lt_st,continuous,seed,False,40,0.2,4,10,-5.0,5.0,be99d56,2026-07-16T11:53:41+00:00,1.401,160580,16012,64400,60145,20023,0
ta07,15,15,225,ATSA,6,1388,225155,225000,576,1.987,rand_lt_st,continuous,seed,False,40,0.2,4,10,-5.0,5.0,be99d56,2026-07-16T11:53:41+00:00,1.3984,160984,16202,64131,60310,20341,0
ta07,15,15,225,ATSA,7,1417,225191,225000,574,2.033,rand_lt_st,continuous,seed,False,40,0.2,4,10,-5.0,5.0,be99d56,2026-07-16T11:53:41+00:00,1.4006,160754,16123,64397,60280,19954,0
ta07,15,15,225,ATSA,8,1375,225088,225000,576,1.972,rand_lt_st,continuous,seed,False,40,0.2,4,10,-5.0,5.0,be99d56,2026-07-16T11:53:41+00:00,1.3987,160900,16068,64148,60423,20261,0
ta07,15,15,225,ATSA,9,1403,225099,225000,575,2.026,rand_lt_st,continuous,seed,False,40,0.2,4,10,-5.0,5.0,be99d56,2026-07-16T11:53:41+00:00,1.3993,160842,16094,64217,60553,19978,0
ta07,15,15,225,ATSA,10,1423,225206,225000,574,2.01,rand_lt_st,continuous,seed,False,40,0.2,4,10,-5.0,5.0,be99d56,2026-07-16T11:53:41+00:00,1.4002,160815,16009,64351,60278,20177,0
ta07,15,15,225,ATSA,11,1442,225397,225000,575,2.046,rand_lt_st,continuous,seed,False,40,0.2,4,10,-5.0,5.0,be99d56,2026-07-16T11:53:41+00:00,1.3995,161024,16186,64333,60293,20212,0
ta07,15,15,225,ATSA,12,1383,225310,225000,575,2.023,rand_lt_st,continuous,seed,False,40,0.2,4,10,-5.0,5.0,be99d56,2026-07-16T11:53:41+00:00,1.4006,160840,16250,64430,60056,20104,0
ta07,15,15,225,ATSA,13,1386,225106,225000,574,2.042,rand_lt_st,continuous,seed,False,40,0.2,4,10,-5.0,5.0,be99d56,2026-07-16T11:53:41+00:00,1.399,160880,16095,64186,60301,20298,0
ta07,15,15,225,ATSA,14,1456,225313,225000,575,2.009,rand_lt_st,continuous,seed,False,40,0.2,4,10,-5.0,5.0,be99d56,2026-07-16T11:53:41+00:00,1.3989,161031,16133,64242,60253,20403,0
ta07,15,15,225,ATSA,15,1419,225400,225000,573,1.989,rand_lt_st,continuous,seed,False,40,0.2,4,10,-5.0,5.0,be99d56,2026-07-16T11:53:41+00:00,1.3997,161010,16155,64350,60508,19997,0
ta07,15,15,225,ATSA,16,1391,225055,225000,574,1.987,rand_lt_st,continuous,seed,False,40,0.2,4,10,-5.0,5.0,be99d56,2026-07-16T11:53:41+00:00,1.3987,160870,16225,64145,60297,20203,0
ta07,15,15,225,ATSA,17,1379,225098,225000,573,1.986,rand_lt_st,continuous,seed,False,40,0.2,4,10,-5.0,5.0,be99d56,2026-07-16T11:53:41+00:00,1.4007,160671,16137,64387,59929,20218,0
ta07,15,15,225,ATSA,18,1456,225321,225000,574,1.946,rand_lt_st,continuous,seed,False,40,0.2,4,10,-5.0,5.0,be99d56,2026-07-16T11:53:41+00:00,1.3994,160988,16176,64293,60332,20187,0
ta07,15,15,225,ATSA,19,1583,225289,225000,575,2.064,rand_lt_st,continuous,seed,False,40,0.2,4,10,-5.0,5.0,be99d56,2026-07-16T11:53:41+00:00,1.4001,160885,16147,64364,60341,20033,0
ta08,15,15,225,ATSA,0,1494,225304,225000,574,2.109,rand_lt_st,continuous,seed,False,40,0.2,4,10,-5.0,5.0,be99d56,2026-07-16T11:53:44+00:00,1.3998,160928,16157,64336,60161,20274,0
ta08,15,15,225,ATSA,1,1351,225257,225000,575,2.091,rand_lt_st,continuous,seed,False,40,0.2,4,10,-5.0,5.0,be99d56,2026-07-16T11:53:44+00:00,1.3993,160950,16123,64267,60248,20312,0
ta08,15,15,225,ATSA,2,1425,225194,225000,575,2.117,rand_lt_st,continuous,seed,False,40,0.2,4,10,-5.0,5.0,be99d56,2026-07-16T11:53:44+00:00,1.3984,161005,15980,64149,60671,20205,0
ta08,15,15,225,ATSA,3,1384,225301,225000,574,2.088,rand_lt_st,continuous,seed,False,40,0.2,4,10,-5.0,5.0,be99d56,2026-07-16T11:53:44+00:00,1.4022,160643,16160,64618,59928,19937,0
ta08,15,15,225,ATSA,4,1369,225179,225000,576,2.014,rand_lt_st,continuous,seed,False,40,0.2,4,10,-5.0,5.0,be99d56,2026-07-16T11:53:44+00:00,1.3999,160825,16182,64314,60231,20098,0
ta08,15,15,225,ATSA,5,1384,225020,225000,573,2.086,rand_lt_st,continuous,seed,False,40,0.2,4,10,-5.0,5.0,be99d56,2026-07-16T11:53:44+00:00,1.401,160580,16012,64400,60145,20023,0
ta08,15,15,225,ATSA,6,1462,225155,225000,576,2.065,rand_lt_st,continuous,seed,False,40,0.2,4,10,-5.0,5.0,be99d56,2026-07-16T11:53:44+00:00,1.3984,160984,16202,64131,60310,20341,0
ta08,15,15,225,ATSA,7,1397,225191,225000,574,2.055,rand_lt_st,continuous,seed,False,40,0.2,4,10,-5.0,5.0,be99d56,2026-07-16T11:53:44+00:00,1.4006,160754,16123,64397,60280,19954,0
ta08,15,15,225,ATSA,8,1521,225088,225000,576,2.088,rand_lt_st,continuous,seed,False,40,0.2,4,10,-5.0,5.0,be99d56,2026-07-16T11:53:44+00:00,1.3987,160900,16068,64148,60423,20261,0
ta08,15,15,225,ATSA,9,1399,225099,225000,575,1.979,rand_lt_st,continuous,seed,False,40,0.2,4,10,-5.0,5.0,be99d56,2026-07-16T11:53:43+00:00,1.3993,160842,16094,64217,60553,19978,0
ta08,15,15,225,ATSA,10,1451,225206,225000,574,2.051,rand_lt_st,continuous,seed,False,40,0.2,4,10,-5.0,5.0,be99d56,2026-07-16T11:53:44+00:00,1.4002,160815,16009,64351,60278,20177,0
ta08,15,15,225,ATSA,11,1505,225397,225000,575,2.081,rand_lt_st,continuous,seed,False,40,0.2,4,10,-5.0,5.0,be99d56,2026-07-16T11:53:44+00:00,1.3995,161024,16186,64333,60293,20212,0
ta08,15,15,225,ATSA,12,1423,225310,225000,575,2.05,rand_lt_st,continuous,seed,False,40,0.2,4,10,-5.0,5.0,be99d56,2026-07-16T11:53:44+00:00,1.4006,160840,16250,64430,60056,20104,0
ta08,15,15,225,ATSA,13,1532,225106,225000,574,2.038,rand_lt_st,continuous,seed,False,40,0.2,4,10,-5.0,5.0,be99d56,2026-07-16T11:53:44+00:00,1.399,160880,16095,64186,60301,20298,0
ta08,15,15,225,ATSA,14,1442,225313,225000,575,2.002,rand_lt_st,continuous,seed,False,40,0.2,4,10,-5.0,5.0,be99d56,2026-07-16T11:53:44+00:00,1.3989,161031,16133,64242,60253,20403,0
ta08,15,15,225,ATSA,15,1437,225400,225000,573,2.065,rand_lt_st,continuous,seed,False,40,0.2,4,10,-5.0,5.0,be99d56,2026-07-16T11:53:44+00:00,1.3997,161010,16155,64350,60508,19997,0
ta08,15,15,225,ATSA,16,1483,225055,225000,574,2.02,rand_lt_st,continuous,seed,False,40,0.2,4,10,-5.0,5.0,be99d56,2026-07-16T11:53:44+00:00,1.3987,160870,16225,64145,60297,20203,0
ta08,15,15,225,ATSA,17,1402,225098,225000,573,2.103,rand_lt_st,continuous,seed,False,40,0.2,4,10,-5.0,5.0,be99d56,2026-07-16T11:53:44+00:00,1.4007,160671,16137,64387,59929,20218,0
ta08,15,15,225,ATSA,18,1407,225321,225000,574,1.999,rand_lt_st,continuous,seed,False,40,0.2,4,10,-5.0,5.0,be99d56,2026-07-16T11:53:44+00:00,1.3994,160988,16176,64293,60332,20187,0
ta08,15,15,225,ATSA,19,1415,225289,225000,575,2.111,rand_lt_st,continuous,seed,False,40,0.2,4,10,-5.0,5.0,be99d56,2026-07-16T11:53:44+00:00,1.4001,160885,16147,64364,60341,20033,0
ta09,15,15,225,ATSA,0,1606,225304,225000,574,2.019,rand_lt_st,continuous,seed,False,40,0.2,4,10,-5.0,5.0,be99d56,2026-07-16T11:53:46+00:00,1.3998,160928,16157,64336,60161,20274,0
ta09,15,15,225,ATSA,1,1506,225257,225000,575,2.11,rand_lt_st,continuous,seed,False,40,0.2,4,10,-5.0,5.0,be99d56,2026-07-16T11:53:46+00:00,1.3993,160950,16123,64267,60248,20312,0
ta09,15,15,225,ATSA,2,1509,225194,225000,575,2.076,rand_lt_st,continuous,seed,False,40,0.2,4,10,-5.0,5.0,be99d56,2026-07-16T11:53:46+00:00,1.3984,161005,15980,64149,60671,20205,0
ta09,15,15,225,ATSA,3,1509,225301,225000,574,2.095,rand_lt_st,continuous,seed,False,40,0.2,4,10,-5.0,5.0,be99d56,2026-07-16T11:53:46+00:00,1.4022,160643,16160,64618,59928,19937,0
ta09,15,15,225,ATSA,4,1511,225179,225000,576,2.039,rand_lt_st,continuous,seed,False,40,0.2,4,10,-5.0,5.0,be99d56,2026-07-16T11:53:46+00:00,1.3999,160825,16182,64314,60231,20098,0
ta09,15,15,225,ATSA,5,1469,225020,225000,573,2.052,rand_lt_st,continuous,seed,False,40,0.2,4,10,-5.0,5.0,be99d56,2026-07-16T11:53:46+00:00,1.401,160580,16012,64400,60145,20023,0
ta09,15,15,225,ATSA,6,1515,225155,225000,576,2.072,rand_lt_st,continuous,seed,False,40,0.2,4,10,-5.0,5.0,be99d56,2026-07-16T11:53:46+00:00,1.3984,160984,16202,64131,60310,20341,0
ta09,15,15,225,ATSA,7,1469,225191,225000,574,2.054,rand_lt_st,continuous,seed,False,40,0.2,4,10,-5.0,5.0,be99d56,2026-07-16T11:53:46+00:00,1.4006,160754,16123,64397,60280,19954,0
ta09,15,15,225,ATSA,8,1575,225088,225000,576,2.016,rand_lt_st,continuous,seed,False,40,0.2,4,10,-5.0,5.0,be99d56,2026-07-16T11:53:46+00:00,1.3987,160900,16068,64148,60423,20261,0
ta09,15,15,225,ATSA,9,1506,225099,225000,575,2.045,rand_lt_st,continuous,seed,False,40,0.2,4,10,-5.0,5.0,be99d56,2026-07-16T11:53:46+00:00,1.3993,160842,16094,64217,60553,19978,0
ta09,15,15,225,ATSA,10,1548,225206,225000,574,2.055,rand_lt_st,continuous,seed,False,40,0.2,4,10,-5.0,5.0,be99d56,2026-07-16T11:53:46+00:00,1.4002,160815,16009,64351,60278,20177,0
ta09,15,15,225,ATSA,11,1535,225397,225000,575,2.046,rand_lt_st,continuous,seed,False,40,0.2,4,10,-5.0,5.0,be99d56,2026-07-16T11:53:46+00:00,1.3995,161024,16186,64333,60293,20212,0
ta09,15,15,225,ATSA,12,1497,225310,225000,575,2.084,rand_lt_st,continuous,seed,False,40,0.2,4,10,-5.0,5.0,be99d56,2026-07-16T11:53:46+00:00,1.4006,160840,16250,64430,60056,20104,0
ta09,15,15,225,ATSA,13,1565,225106,225000,574,2.001,rand_lt_st,continuous,seed,False,40,0.2,4,10,-5.0,5.0,be99d56,2026-07-16T11:53:46+00:00,1.399,160880,16095,64186,60301,20298,0
ta09,15,15,225,ATSA,14,1536,225313,225000,575,2.071,rand_lt_st,continuous,seed,False,40,0.2,4,10,-5.0,5.0,be99d56,2026-07-16T11:53:46+00:00,1.3989,161031,16133,64242,60253,20403,0
ta09,15,15,225,ATSA,15,1423,225400,225000,573,2.007,rand_lt_st,continuous,seed,False,40,0.2,4,10,-5.0,5.0,be99d56,2026-07-16T11:53:46+00:00,1.3997,161010,16155,64350,60508,19997,0
ta09,15,15,225,ATSA,16,1494,225055,225000,574,2.053,rand_lt_st,continuous,seed,False,40,0.2,4,10,-5.0,5.0,be99d56,2026-07-16T11:53:46+00:00,1.3987,160870,16225,64145,60297,20203,0
ta09,15,15,225,ATSA,17,1568,225098,225000,573,2.072,rand_lt_st,continuous,seed,False,40,0.2,4,10,-5.0,5.0,be99d56,2026-07-16T11:53:46+00:00,1.4007,160671,16137,64387,59929,20218,0
ta09,15,15,225,ATSA,18,1498,225321,225000,574,2.096,rand_lt_st,continuous,seed,False,40,0.2,4,10,-5.0,5.0,be99d56,2026-07-16T11:53:46+00:00,1.3994,160988,16176,64293,60332,20187,0
ta09,15,15,225,ATSA,19,1478,225289,225000,575,2.113,rand_lt_st,continuous,seed,False,40,0.2,4,10,-5.0,5.0,be99d56,2026-07-16T11:53:46+00:00,1.4001,160885,16147,64364,60341,20033,0
ta10,15,15,225,ATSA,0,1392,225304,225000,574,1.994,rand_lt_st,continuous,seed,False,40,0.2,4,10,-5.0,5.0,be99d56,2026-07-16T11:53:48+00:00,1.3998,160928,16157,64336,60161,20274,0
ta10,15,15,225,ATSA,1,1417,225257,225000,575,2.102,rand_lt_st,continuous,seed,False,40,0.2,4,10,-5.0,5.0,be99d56,2026-07-16T11:53:48+00:00,1.3993,160950,16123,64267,60248,20312,0
ta10,15,15,225,ATSA,2,1484,225194,225000,575,1.988,rand_lt_st,continuous,seed,False,40,0.2,4,10,-5.0,5.0,be99d56,2026-07-16T11:53:48+00:00,1.3984,161005,15980,64149,60671,20205,0
ta10,15,15,225,ATSA,3,1494,225301,225000,574,2.035,rand_lt_st,continuous,seed,False,40,0.2,4,10,-5.0,5.0,be99d56,2026-07-16T11:53:48+00:00,1.4022,160643,16160,64618,59928,19937,0
ta10,15,15,225,ATSA,4,1499,225179,225000,576,2.024,rand_lt_st,continuous,seed,False,40,0.2,4,10,-5.0,5.0,be99d56,2026-07-16T11:53:48+00:00,1.3999,160825,16182,64314,60231,20098,0
ta10,15,15,225,ATSA,5,1489,225020,225000,573,1.963,rand_lt_st,continuous,seed,False,40,0.2,4,10,-5.0,5.0,be99d56,2026-07-16T11:53:48+00:00,1.401,160580,16012,64400,60145,20023,0
ta10,15,15,225,ATSA,6,1413,225155,225000,576,1.955,rand_lt_st,continuous,seed,False,40,0.2,4,10,-5.0,5.0,be99d56,2026-07-16T11:53:48+00:00,1.3984,160984,16202,64131,60310,20341,0
ta10,15,15,225,ATSA,7,1360,225191,225000,574,1.997,rand_lt_st,continuous,seed,False,40,0.2,4,10,-5.0,5.0,be99d56,2026-07-16T11:53:48+00:00,1.4006,160754,16123,64397,60280,19954,0
ta10,15,15,225,ATSA,8,1514,225088,225000,576,2.047,rand_lt_st,continuous,seed,False,40,0.2,4,10,-5.0,5.0,be99d56,2026-07-16T11:53:48+00:00,1.3987,160900,16068,64148,60423,20261,0
ta10,15,15,225,ATSA,9,1436,225099,225000,575,1.983,rand_lt_st,continuous,seed,False,40,0.2,4,10,-5.0,5.0,be99d56,2026-07-16T11:53:48+00:00,1.3993,160842,16094,64217,60553,19978,0
ta10,15,15,225,ATSA,10,1487,225206,225000,574,1.943,rand_lt_st,continuous,seed,False,40,0.2,4,10,-5.0,5.0,be99d56,2026-07-16T11:53:48+00:00,1.4002,160815,16009,64351,60278,20177,0
ta10,15,15,225,ATSA,11,1481,225397,225000,575,1.972,rand_lt_st,continuous,seed,False,40,0.2,4,10,-5.0,5.0,be99d56,2026-07-16T11:53:48+00:00,1.3995,161024,16186,64333,60293,20212,0
ta10,15,15,225,ATSA,12,1560,225310,225000,575,2.005,rand_lt_st,continuous,seed,False,40,0.2,4,10,-5.0,5.0,be99d56,2026-07-16T11:53:48+00:00,1.4006,160840,16250,64430,60056,20104,0
ta10,15,15,225,ATSA,13,1374,225106,225000,574,2.009,rand_lt_st,continuous,seed,False,40,0.2,4,10,-5.0,5.0,be99d56,2026-07-16T11:53:48+00:00,1.399,160880,16095,64186,60301,20298,0
ta10,15,15,225,ATSA,14,1445,225313,225000,575,1.968,rand_lt_st,continuous,seed,False,40,0.2,4,10,-5.0,5.0,be99d56,2026-07-16T11:53:48+00:00,1.3989,161031,16133,64242,60253,20403,0
ta10,15,15,225,ATSA,15,1487,225400,225000,573,2.011,rand_lt_st,continuous,seed,False,40,0.2,4,10,-5.0,5.0,be99d56,2026-07-16T11:53:48+00:00,1.3997,161010,16155,64350,60508,19997,0
ta10,15,15,225,ATSA,16,1455,225055,225000,574,2.017,rand_lt_st,continuous,seed,False,40,0.2,4,10,-5.0,5.0,be99d56,2026-07-16T11:53:48+00:00,1.3987,160870,16225,64145,60297,20203,0
ta10,15,15,225,ATSA,17,1428,225098,225000,573,1.982,rand_lt_st,continuous,seed,False,40,0.2,4,10,-5.0,5.0,be99d56,2026-07-16T11:53:48+00:00,1.4007,160671,16137,64387,59929,20218,0
ta10,15,15,225,ATSA,18,1536,225321,225000,574,1.981,rand_lt_st,continuous,seed,False,40,0.2,4,10,-5.0,5.0,be99d56,2026-07-16T11:53:48+00:00,1.3994,160988,16176,64293,60332,20187,0
ta10,15,15,225,ATSA,19,1476,225289,225000,575,2.075,rand_lt_st,continuous,seed,False,40,0.2,4,10,-5.0,5.0,be99d56,2026-07-16T11:53:48+00:00,1.4001,160885,16147,64364,60341,20033,0
ta11,20,15,300,ATSA,0,1715,300312,300000,765,3.576,rand_lt_st,continuous,seed,False,40,0.2,4,10,-5.0,5.0,be99d56,2026-07-16T11:53:52+00:00,1.3999,214501,21305,85771,80455,26970,0
ta11,20,15,300,ATSA,1,1724,300067,300000,765,3.759,rand_lt_st,continuous,seed,False,40,0.2,4,10,-5.0,5.0,be99d56,2026-07-16T11:53:52+00:00,1.3979,214630,21521,85397,80615,27097,0
ta11,20,15,300,ATSA,2,1647,300150,300000,764,3.604,rand_lt_st,continuous,seed,False,40,0.2,4,10,-5.0,5.0,be99d56,2026-07-16T11:53:52+00:00,1.3991,214508,21665,85602,80240,27001,0
ta11,20,15,300,ATSA,3,1624,300344,300000,764,3.637,rand_lt_st,continuous,seed,False,40,0.2,4,10,-5.0,5.0,be99d56,2026-07-16T11:53:52+00:00,1.4016,214265,21217,86039,80242,26767,0
ta11,20,15,300,ATSA,4,1666,300280,300000,767,3.49,rand_lt_st,continuous,seed,False,40,0.2,4,10,-5.0,5.0,be99d56,2026-07-16T11:53:51+00:00,1.3988,214639,21421,85601,80835,26782,0
ta11,20,15,300,ATSA,5,1670,300408,300000,768,3.618,rand_lt_st,continuous,seed,False,40,0.2,4,10,-5.0,5.0,be99d56,2026-07-16T11:53:52+00:00,1.3978,214879,21727,85489,80581,27082,0
ta11,20,15,300,ATSA,6,1769,300321,300000,768,3.622,rand_lt_st,continuous,seed,False,40,0.2,4,10,-5.0,5.0,be99d56,2026-07-16T11:53:52+00:00,1.3979,214802,21409,85479,80679,27235,0
ta11,20,15,300,ATSA,7,1682,300339,300000,766,3.554,rand_lt_st,continuous,seed,False,40,0.2,4,10,-5.0,5.0,be99d56,2026-07-16T11:53:51+00:00,1.3994,214587,21451,85712,80773,26651,0
ta11,20,15,300,ATSA,8,1592,300348,300000,767,3.688,rand_lt_st,continuous,seed,False,40,0.2,4,10,-5.0,5.0,be99d56,2026-07-16T11:53:52+00:00,1.4005,214424,21407,85884,80472,26661,0
ta11,20,15,300,ATSA,9,1686,300057,300000,765,3.535,rand_lt_st,continuous,seed,False,40,0.2,4,10,-5.0,5.0,be99d56,2026-07-16T11:53:51+00:00,1.3987,214497,21627,85520,80651,26699,0
ta11,20,15,300,ATSA,10,1654,300216,300000,767,3.539,rand_lt_st,continuous,seed,False,40,0.2,4,10,-5.0,5.0,be99d56,2026-07-16T11:53:51+00:00,1.4005,214332,21274,85844,80387,26827,0
ta11,20,15,300,ATSA,11,1685,300068,300000,766,3.735,rand_lt_st,continuous,seed,False,40,0.2,4,10,-5.0,5.0,be99d56,2026-07-16T11:53:52+00:00,1.4,214307,21449,85721,80384,26753,0
ta11,20,15,300,ATSA,12,1618,300279,300000,766,3.56,rand_lt_st,continuous,seed,False,40,0.2,4,10,-5.0,5.0,be99d56,2026-07-16T11:53:51+00:00,1.4006,214364,21479,85875,80204,26806,0
ta11,20,15,300,ATSA,13,1647,300272,300000,764,3.663,rand_lt_st,continuous,seed,False,40,0.2,4,10,-5.0,5.0,be99d56,2026-07-16T11:53:52+00:00,1.4015,214229,21497,86003,80127,26602,0
ta11,20,15,300,ATSA,14,1594,300324,300000,768,3.616,rand_lt_st,continuous,seed,False,40,0.2,4,10,-5.0,5.0,be99d56,2026-07-16T11:53:52+00:00,1.3981,214774,21595,85510,80720,26949,0
ta11,20,15,300,ATSA,15,1703,300095,300000,768,3.639,rand_lt_st,continuous,seed,False,40,0.2,4,10,-5.0,5.0,be99d56,2026-07-16T11:53:52+00:00,1.3988,214514,21730,85541,80281,26962,0
ta11,20,15,300,ATSA,16,1756,300129,300000,765,3.711,rand_lt_st,continuous,seed,False,40,0.2,4,10,-5.0,5.0,be99d56,2026-07-16T11:53:52+00:00,1.3993,214461,21554,85628,80519,26760,0
ta11,20,15,300,ATSA,17,1687,300124,300000,765,3.638,rand_lt_st,continuous,seed,False,40,0.2,4,10,-5.0,5.0,be99d56,2026-07-16T11:53:52+00:00,1.4019,214054,21321,86030,80376,26327,0
ta11,20,15,300,ATSA,18,1700,300011,300000,764,3.641,rand_lt_st,continuous,seed,False,40,0.2,4,10,-5.0,5.0,be99d56,2026-07-16T11:53:52+00:00,1.4014,214047,21318,85924,80042,26763,0
ta11,20,15,300,ATSA,19,1599,300248,300000,766,3.694,rand_lt_st,continuous,seed,False,40,0.2,4,10,-5.0,5.0,be99d56,2026-07-16T11:53:52+00:00,1.3986,214644,21489,85564,80478,27113,0
ta12,20,15,300,ATSA,0,1677,300312,300000,765,3.671,rand_lt_st,continuous,seed,False,40,0.2,4,10,-5.0,5.0,be99d56,2026-07-16T11:53:55+00:00,1.3999,214501,21305,85771,80455,26970,0
ta12,20,15,300,ATSA,1,1671,300067,300000,765,3.626,rand_lt_st,continuous,seed,False,40,0.2,4,10,-5.0,5.0,be99d56,2026-07-16T11:53:55+00:00,1.3979,214630,21521,85397,80615,27097,0
ta12,20,15,300,ATSA,2,1582,300150,300000,764,3.69,rand_lt_st,continuous,seed,False,40,0.2,4,10,-5.0,5.0,be99d56,2026-07-16T11:53:55+00:00,1.3991,214508,21665,85602,80240,27001,0
ta12,20,15,300,ATSA,3,1645,300344,300000,764,3.739,rand_lt_st,continuous,seed,False,40,0.2,4,10,-5.0,5.0,be99d56,2026-07-16T11:53:55+00:00,1.4016,214265,21217,86039,80242,26767,0
ta12,20,15,300,ATSA,4,1670,300280,300000,767,3.589,rand_lt_st,continuous,seed,False,40,0.2,4,10,-5.0,5.0,be99d56,2026-07-16T11:53:55+00:00,1.3988,214639,21421,85601,80835,26782,0
ta12,20,15,300,ATSA,5,1620,300408,300000,768,3.683,rand_lt_st,continuous,seed,False,40,0.2,4,10,-5.0,5.0,be99d56,2026-07-16T11:53:55+00:00,1.3978,214879,21727,85489,80581,27082,0
ta12,20,15,300,ATSA,6,1769,300321,300000,768,3.542,rand_lt_st,continuous,seed,False,40,0.2,4,10,-5.0,5.0,be99d56,2026-07-16T11:53:55+00:00,1.3979,214802,21409,85479,80679,27235,0
ta12,20,15,300,ATSA,7,1632,300339,300000,766,3.655,rand_lt_st,continuous,seed,False,40,0.2,4,10,-5.0,5.0,be99d56,2026-07-16T11:53:55+00:00,1.3994,214587,21451,85712,80773,26651,0
ta12,20,15,300,ATSA,8,1626,300348,300000,767,3.636,rand_lt_st,continuous,seed,False,40,0.2,4,10,-5.0,5.0,be99d56,2026-07-16T11:53:55+00:00,1.4005,214424,21407,85884,80472,26661,0
ta12,20,15,300,ATSA,9,1602,300057,300000,765,3.644,rand_lt_st,continuous,seed,False,40,0.2,4,10,-5.0,5.0,be99d56,2026-07-16T11:53:55+00:00,1.3987,214497,21627,85520,80651,26699,0
ta12,20,15,300,ATSA,10,1606,300216,300000,767,3.673,rand_lt_st,continuous,seed,False,40,0.2,4,10,-5.0,5.0,be99d56,2026-07-16T11:53:55+00:00,1.4005,214332,21274,85844,80387,26827,0
ta12,20,15,300,ATSA,11,1669,300068,300000,766,3.609,rand_lt_st,continuous,seed,False,40,0.2,4,10,-5.0,5.0,be99d56,2026-07-16T11:53:55+00:00,1.4,214307,21449,85721,80384,26753,0
ta12,20,15,300,ATSA,12,1761,300279,300000,766,3.649,rand_lt_st,continuous,seed,False,40,0.2,4,10,-5.0,5.0,be99d56,2026-07-16T11:53:55+00:00,1.4006,214364,21479,85875,80204,26806,0
ta12,20,15,300,ATSA,13,1573,300272,300000,764,3.624,rand_lt_st,continuous,seed,False,40,0.2,4,10,-5.0,5.0,be99d56,2026-07-16T11:53:55+00:00,1.4015,214229,21497,86003,80127,26602,0
ta12,20,15,300,ATSA,14,1658,300324,300000,768,3.666,rand_lt_st,continuous,seed,False,40,0.2,4,10,-5.0,5.0,be99d56,2026-07-16T11:53:55+00:00,1.3981,214774,21595,85510,80720,26949,0
ta12,20,15,300,ATSA,15,1633,300095,300000,768,3.524,rand_lt_st,continuous,seed,False,40,0.2,4,10,-5.0,5.0,be99d56,2026-07-16T11:53:55+00:00,1.3988,214514,21730,85541,80281,26962,0
ta12,20,15,300,ATSA,16,1666,300129,300000,765,3.652,rand_lt_st,continuous,seed,False,40,0.2,4,10,-5.0,5.0,be99d56,2026-07-16T11:53:55+00:00,1.3993,214461,21554,85628,80519,26760,0
ta12,20,15,300,ATSA,17,1747,300124,300000,765,3.68,rand_lt_st,continuous,seed,False,40,0.2,4,10,-5.0,5.0,be99d56,2026-07-16T11:53:55+00:00,1.4019,214054,21321,86030,80376,26327,0
ta12,20,15,300,ATSA,18,1676,300011,300000,764,3.671,rand_lt_st,continuous,seed,False,40,0.2,4,10,-5.0,5.0,be99d56,2026-07-16T11:53:55+00:00,1.4014,214047,21318,85924,80042,26763,0
ta12,20,15,300,ATSA,19,1689,300248,300000,766,3.525,rand_lt_st,continuous,seed,False,40,0.2,4,10,-5.0,5.0,be99d56,2026-07-16T11:53:55+00:00,1.3986,214644,21489,85564,80478,27113,0
ta13,20,15,300,ATSA,0,1641,300312,300000,765,3.719,rand_lt_st,continuous,seed,False,40,0.2,4,10,-5.0,5.0,be99d56,2026-07-16T11:53:59+00:00,1.3999,214501,21305,85771,80455,26970,0
ta13,20,15,300,ATSA,1,1754,300067,300000,765,3.51,rand_lt_st,continuous,seed,False,40,0.2,4,10,-5.0,5.0,be99d56,2026-07-16T11:53:59+00:00,1.3979,214630,21521,85397,80615,27097,0
ta13,20,15,300,ATSA,2,1612,300150,300000,764,3.675,rand_lt_st,continuous,seed,False,40,0.2,4,10,-5.0,5.0,be99d56,2026-07-16T11:53:59+00:00,1.3991,214508,21665,85602,80240,27001,0
ta13,20,15,300,ATSA,3,1571,300344,300000,764,3.761,rand_lt_st,continuous,seed,False,40,0.2,4,10,-5.0,5.0,be99d56,2026-07-16T11:53:59+00:00,1.4016,214265,21217,86039,80242,26767,0
ta13,20,15,300,ATSA,4,1615,300280,300000,767,3.584,rand_lt_st,continuous,seed,False,40,0.2,4,10,-5.0,5.0,be99d56,2026-07-16T11:53:59+00:00,1.3988,214639,21421,85601,80835,26782,0
ta13,20,15,300,ATSA,5,1700,300408,300000,768,3.68,rand_lt_st,continuous,seed,False,40,0.2,4,10,-5.0,5.0,be99d56,2026-07-16T11:53:59+00:00,1.3978,214879,21727,85489,80581,27082,0
ta13,20,15,300,ATSA,6,1572,300321,300000,768,3.73,rand_lt_st,continuous,seed,False,40,0.2,4,10,-5.0,5.0,be99d56,2026-07-16T11:53:59+00:00,1.3979,214802,21409,85479,80679,27235,0
ta13,20,15,300,ATSA,7,1682,300339,300000,766,3.745,rand_lt_st,continuous,seed,False,40,0.2,4,10,-5.0,5.0,be99d56,2026-07-16T11:53:59+00:00,1.3994,214587,21451,85712,80773,26651,0
ta13,20,15,300,ATSA,8,1767,300348,300000,767,3.69,rand_lt_st,continuous,seed,False,40,0.2,4,10,-5.0,5.0,be99d56,2026-07-16T11:53:59+00:00,1.4005,214424,21407,85884,80472,26661,0
ta13,20,15,300,ATSA,9,1575,300057,300000,765,3.676,rand_lt_st,continuous,seed,False,40,0.2,4,10,-5.0,5.0,be99d56,2026-07-16T11:53:59+00:00,1.3987,214497,21627,85520,80651,26699,0
ta13,20,15,300,ATSA,10,1552,300216,300000,767,3.643,rand_lt_st,continuous,seed,False,40,0.2,4,10,-5.0,5.0,be99d56,2026-07-16T11:53:59+00:00,1.4005,214332,21274,85844,80387,26827,0
ta13,20,15,300,ATSA,11,1605,300068,300000,766,3.673,rand_lt_st,continuous,seed,False,40,0.2,4,10,-5.0,5.0,be99d56,2026-07-16T11:53:59+00:00,1.4,214307,21449,85721,80384,26753,0
ta13,20,15,300,ATSA,12,1651,300279,300000,766,3.526,rand_lt_st,continuous,seed,False,40,0.2,4,10,-5.0,5.0,be99d56,2026-07-16T11:53:59+00:00,1.4006,214364,21479,85875,80204,26806,0
ta13,20,15,300,ATSA,13,1768,300272,300000,764,3.685,rand_lt_st,continuous,seed,False,40,0.2,4,10,-5.0,5.0,be99d56,2026-07-16T11:53:59+00:00,1.4015,214229,21497,86003,80127,26602,0
ta13,20,15,300,ATSA,14,1716,300324,300000,768,3.659,rand_lt_st,continuous,seed,False,40,0.2,4,10,-5.0,5.0,be99d56,2026-07-16T11:53:59+00:00,1.3981,214774,21595,85510,80720,26949,0
ta13,20,15,300,ATSA,15,1555,300095,300000,768,3.669,rand_lt_st,continuous,seed,False,40,0.2,4,10,-5.0,5.0,be99d56,2026-07-16T11:53:59+00:00,1.3988,214514,21730,85541,80281,26962,0
ta13,20,15,300,ATSA,16,1682,300129,300000,765,3.626,rand_lt_st,continuous,seed,False,40,0.2,4,10,-5.0,5.0,be99d56,2026-07-16T11:53:59+00:00,1.3993,214461,21554,85628,80519,26760,0
ta13,20,15,300,ATSA,17,1586,300124,300000,765,3.751,rand_lt_st,continuous,seed,False,40,0.2,4,10,-5.0,5.0,be99d56,2026-07-16T11:53:59+00:00,1.4019,214054,21321,86030,80376,26327,0
ta13,20,15,300,ATSA,18,1743,300011,300000,764,3.708,rand_lt_st,continuous,seed,False,40,0.2,4,10,-5.0,5.0,be99d56,2026-07-16T11:53:59+00:00,1.4014,214047,21318,85924,80042,26763,0
ta13,20,15,300,ATSA,19,1675,300248,300000,766,3.8,rand_lt_st,continuous,seed,False,40,0.2,4,10,-5.0,5.0,be99d56,2026-07-16T11:53:59+00:00,1.3986,214644,21489,85564,80478,27113,0
ta14,20,15,300,ATSA,0,1761,300312,300000,765,3.694,rand_lt_st,continuous,seed,False,40,0.2,4,10,-5.0,5.0,be99d56,2026-07-16T11:54:03+00:00,1.3999,214501,21305,85771,80455,26970,0
ta14,20,15,300,ATSA,1,1501,300067,300000,765,3.717,rand_lt_st,continuous,seed,False,40,0.2,4,10,-5.0,5.0,be99d56,2026-07-16T11:54:03+00:00,1.3979,214630,21521,85397,80615,27097,0
ta14,20,15,300,ATSA,2,1610,300150,300000,764,3.709,rand_lt_st,continuous,seed,False,40,0.2,4,10,-5.0,5.0,be99d56,2026-07-16T11:54:03+00:00,1.3991,214508,21665,85602,80240,27001,0
ta14,20,15,300,ATSA,3,1579,300344,300000,764,3.521,rand_lt_st,continuous,seed,False,40,0.2,4,10,-5.0,5.0,be99d56,2026-07-16T11:54:03+00:00,1.4016,214265,21217,86039,80242,26767,0
ta14,20,15,300,ATSA,4,1645,300280,300000,767,3.609,rand_lt_st,continuous,seed,False,40,0.2,4,10,-5.0,5.0,be99d56,2026-07-16T11:54:03+00:00,1.3988,214639,21421,85601,80835,26782,0
ta14,20,15,300,ATSA,5,1575,300408,300000,768,3.59,rand_lt_st,continuous,seed,False,40,0.2,4,10,-5.0,5.0,be99d56,2026-07-16T11:54:03+00:00,1.3978,214879,21727,85489,80581,27082,0
ta14,20,15,300,ATSA,6,1639,300321,300000,768,3.736,rand_lt_st,continuous,seed,False,40,0.2,4,10,-5.0,5.0,be99d56,2026-07-16T11:54:03+00:00,1.3979,214802,21409,85479,80679,27235,0
ta14,20,15,300,ATSA,7,1573,300339,300000,766,3.643,rand_lt_st,continuous,seed,False,40,0.2,4,10,-5.0,5.0,be99d56,2026-07-16T11:54:03+00:00,1.3994,214587,21451,85712,80773,26651,0
ta14,20,15,300,ATSA,8,1606,300348,300000,767,3.687,rand_lt_st,continuous,seed,False,40,0.2,4,10,-5.0,5.0,be99d56,2026-07-16T11:54:03+00:00,1.4005,214424,21407,85884,80472,26661,0
ta14,20,15,300,ATSA,9,1471,300057,300000,765,3.565,rand_lt_st,continuous,seed,False,40,0.2,4,10,-5.0,5.0,be99d56,2026-07-16T11:54:03+00:00,1.3987,214497,21627,85520,80651,26699,0
ta14,20,15,300,ATSA,10,1603,300216,300000,767,3.631,rand_lt_st,continuous,seed,False,40,0.2,4,10,-5.0,5.0,be99d56,2026-07-16T11:54:03+00:00,1.4005,214332,21274,85844,80387,26827,0
ta14,20,15,300,ATSA,11,1655,300068,300000,766,3.682,rand_lt_st,continuous,seed,False,40,0.2,4,10,-5.0,5.0,be99d56,2026-07-16T11:54:03+00:00,1.4,214307,21449,85721,80384,26753,0
ta14,20,15,300,ATSA,12,1602,300279,300000,766,3.665,rand_lt_st,continuous,seed,False,40,0.2,4,10,-5.0,5.0,be99d56,2026-07-16T11:54:03+00:00,1.4006,214364,21479,85875,80204,26806,0
ta14,20,15,300,ATSA,13,1591,300272,300000,764,3.599,rand_lt_st,continuous,seed,False,40,0.2,4,10,-5.0,5.0,be99d56,2026-07-16T11:54:03+00:00,1.4015,214229,21497,86003,80127,26602,0
ta14,20,15,300,ATSA,14,1635,300324,300000,768,3.648,rand_lt_st,continuous,seed,False,40,0.2,4,10,-5.0,5.0,be99d56,2026-07-16T11:54:03+00:00,1.3981,214774,21595,85510,80720,26949,0
ta14,20,15,300,ATSA,15,1525,300095,300000,768,3.638,rand_lt_st,continuous,seed,False,40,0.2,4,10,-5.0,5.0,be99d56,2026-07-16T11:54:03+00:00,1.3988,214514,21730,85541,80281,26962,0
ta14,20,15,300,ATSA,16,1583,300129,300000,765,3.644,rand_lt_st,continuous,seed,False,40,0.2,4,10,-5.0,5.0,be99d56,2026-07-16T11:54:03+00:00,1.3993,214461,21554,85628,80519,26760,0
ta14,20,15,300,ATSA,17,1595,300124,300000,765,3.696,rand_lt_st,continuous,seed,False,40,0.2,4,10,-5.0,5.0,be99d56,2026-07-16T11:54:03+00:00,1.4019,214054,21321,86030,80376,26327,0
ta14,20,15,300,ATSA,18,1608,300011,300000,764,3.717,rand_lt_st,continuous,seed,False,40,0.2,4,10,-5.0,5.0,be99d56,2026-07-16T11:54:03+00:00,1.4014,214047,21318,85924,80042,26763,0
ta14,20,15,300,ATSA,19,1615,300248,300000,766,3.567,rand_lt_st,continuous,seed,False,40,0.2,4,10,-5.0,5.0,be99d56,2026-07-16T11:54:03+00:00,1.3986,214644,21489,85564,80478,27113,0
ta15,20,15,300,ATSA,0,1702,300312,300000,765,3.617,rand_lt_st,continuous,seed,False,40,0.2,4,10,-5.0,5.0,be99d56,2026-07-16T11:54:07+00:00,1.3999,214501,21305,85771,80455,26970,0
ta15,20,15,300,ATSA,1,1572,300067,300000,765,3.75,rand_lt_st,continuous,seed,False,40,0.2,4,10,-5.0,5.0,be99d56,2026-07-16T11:54:07+00:00,1.3979,214630,21521,85397,80615,27097,0
ta15,20,15,300,ATSA,2,1646,300150,300000,764,3.72,rand_lt_st,continuous,seed,False,40,0.2,4,10,-5.0,5.0,be99d56,2026-07-16T11:54:07+00:00,1.3991,214508,21665,85602,80240,27001,0
ta15,20,15,300,ATSA,3,1620,300344,300000,764,3.652,rand_lt_st,continuous,seed,False,40,0.2,4,10,-5.0,5.0,be99d56,2026-07-16T11:54:07+00:00,1.4016,214265,21217,86039,80242,26767,0
ta15,20,15,300,ATSA,4,1666,300280,300000,767,3.627,rand_lt_st,continuous,seed,False,40,0.2,4,10,-5.0,5.0,be99d56,2026-07-16T11:54:07+00:00,1.3988,214639,21421,85601,80835,26782,0
ta15,20,15,300,ATSA,5,1617,300408,300000,768,3.745,rand_lt_st,continuous,seed,False,40,0.2,4,10,-5.0,5.0,be99d56,2026-07-16T11:54:07+00:00,1.3978,214879,21727,85489,80581,27082,0
ta15,20,15,300,ATSA,6,1608,300321,300000,768,3.766,rand_lt_st,continuous,seed,False,40,0.2,4,10,-5.0,5.0,be99d56,2026-07-16T11:54:07+00:00,1.3979,214802,21409,85479,80679,27235,0
ta15,20,15,300,ATSA,7,1609,300339,300000,766,3.655,rand_lt_st,continuous,seed,False,40,0.2,4,10,-5.0,5.0,be99d56,2026-07-16T11:54:07+00:00,1.3994,214587,21451,85712,80773,26651,0
ta15,20,15,300,ATSA,8,1606,300348,300000,767,3.64,rand_lt_st,continuous,seed,False,40,0.2,4,10,-5.0,5.0,be99d56,2026-07-16T11:54:07+00:00,1.4005,214424,21407,85884,80472,26661,0
ta15,20,15,300,ATSA,9,1625,300057,300000,765,3.749,rand_lt_st,continuous,seed,False,40,0.2,4,10,-5.0,5.0,be99d56,2026-07-16T11:54:07+00:00,1.3987,214497,21627,85520,80651,26699,0
ta15,20,15,300,ATSA,10,1574,300216,300000,767,3.714,rand_lt_st,continuous,seed,False,40,0.2,4,10,-5.0,5.0,be99d56,2026-07-16T11:54:07+00:00,1.4005,214332,21274,85844,80387,26827,0
ta15,20,15,300,ATSA,11,1618,300068,300000,766,3.59,rand_lt_st,continuous,seed,False,40,0.2,4,10,-5.0,5.0,be99d56,2026-07-16T11:54:07+00:00,1.4,214307,21449,85721,80384,26753,0
ta15,20,15,300,ATSA,12,1581,300279,300000,766,3.8,rand_lt_st,continuous,seed,False,40,0.2,4,10,-5.0,5.0,be99d56,2026-07-16T11:54:07+00:00,1.4006,214364,21479,85875,80204,26806,0
ta15,20,15,300,ATSA,13,1782,300272,300000,764,3.727,rand_lt_st,continuous,seed,False,40,0.2,4,10,-5.0,5.0,be99d56,2026-07-16T11:54:07+00:00,1.4015,214229,21497,86003,80127,26602,0
ta15,20,15,300,ATSA,14,1618,300324,300000,768,3.703,rand_lt_st,continuous,seed,False,40,0.2,4,10,-5.0,5.0,be99d56,2026-07-16T11:54:07+00:00,1.3981,214774,21595,85510,80720,26949,0
ta15,20,15,300,ATSA,15,1554,300095,300000,768,3.707,rand_lt_st,continuous,seed,False,40,0.2,4,10,-5.0,5.0,be99d56,2026-07-16T11:54:07+00:00,1.3988,214514,21730,85541,80281,26962,0
ta15,20,15,300,ATSA,16,1654,300129,300000,765,3.704,rand_lt_st,continuous,seed,False,40,0.2,4,10,-5.0,5.0,be99d56,2026-07-16T11:54:07+00:00,1.3993,214461,21554,85628,80519,26760,0
ta15,20,15,300,ATSA,17,1731,300124,300000,765,3.721,rand_lt_st,continuous,seed,False,40,0.2,4,10,-5.0,5.0,be99d56,2026-07-16T11:54:07+00:00,1.4019,214054,21321,86030,80376,26327,0
ta15,20,15,300,ATSA,18,1608,300011,300000,764,3.685,rand_lt_st,continuous,seed,False,40,0.2,4,10,-5.0,5.0,be99d56,2026-07-16T11:54:07+00:00,1.4014,214047,21318,85924,80042,26763,0
ta15,20,15,300,ATSA,19,1686,300248,300000,766,3.767,rand_lt_st,continuous,seed,False,40,0.2,4,10,-5.0,5.0,be99d56,2026-07-16T11:54:07+00:00,1.3986,214644,21489,85564,80478,27113,0
ta16,20,15,300,ATSA,0,1702,300312,300000,765,3.795,rand_lt_st,continuous,seed,False,40,0.2,4,10,-5.0,5.0,be99d56,2026-07-16T11:54:11+00:00,1.3999,214501,21305,85771,80455,26970,0
ta16,20,15,300,ATSA,1,1600,300067,300000,765,3.725,rand_lt_st,continuous,seed,False,40,0.2,4,10,-5.0,5.0,be99d56,2026-07-16T11:54:11+00:00,1.3979,214630,21521,85397,80615,27097,0
ta16,20,15,300,ATSA,2,1633,300150,300000,764,3.629,rand_lt_st,continuous,seed,False,40,0.2,4,10,-5.0,5.0,be99d56,2026-07-16T11:54:10+00:00,1.3991,214508,21665,85602,80240,27001,0
ta16,20,15,300,ATSA,3,1591,300344,300000,764,3.575,rand_lt_st,continuous,seed,False,40,0.2,4,10,-5.0,5.0,be99d56,2026-07-16T11:54:10+00:00,1.4016,214265,21217,86039,80242,26767,0
ta16,20,15,300,ATSA,4,1763,300280,300000,767,3.571,rand_lt_st,continuous,seed,False,40,0.2,4,10,-5.0,5.0,be99d56,2026-07-16T11:54:10+00:00,1.3988,214639,21421,85601,80835,26782,0
ta16,20,15,300,ATSA,5,1720,300408,300000,768,3.705,rand_lt_st,continuous,seed,False,40,0.2,4,10,-5.0,5.0,be99d56,2026-07-16T11:54:11+00:00,1.3978,214879,21727,85489,80581,27082,0
ta16,20,15,300,ATSA,6,1618,300321,300000,768,3.779,rand_lt_st,continuous,seed,False,40,0.2,4,10,-5.0,5.0,be99d56,2026-07-16T11:54:11+00:00,1.3979,214802,21409,85479,80679,27235,0
ta16,20,15,300,ATSA,7,1586,300339,300000,766,3.742,rand_lt_st,continuous,seed,False,40,0.2,4,10,-5.0,5.0,be99d56,2026-07-16T11:54:11+00:00,1.3994,214587,21451,85712,80773,26651,0
ta16,20,15,300,ATSA,8,1632,300348,300000,767,3.709,rand_lt_st,continuous,seed,False,40,0.2,4,10,-5.0,5.0,be99d56,2026-07-16T11:54:11+00:00,1.4005,214424,21407,85884,80472,26661,0
ta16,20,15,300,ATSA,9,1630,300057,300000,765,3.79,rand_lt_st,continuous,seed,False,40,0.2,4,10,-5.0,5.0,be99d56,2026-07-16T11:54:11+00:00,1.3987,214497,21627,85520,80651,26699,0
ta16,20,15,300,ATSA,10,1663,300216,300000,767,3.672,rand_lt_st,continuous,seed,False,40,0.2,4,10,-5.0,5.0,be99d56,2026-07-16T11:54:11+00:00,1.4005,214332,21274,85844,80387,26827,0
ta16,20,15,300,ATSA,11,1677,300068,300000,766,3.671,rand_lt_st,continuous,seed,False,40,0.2,4,10,-5.0,5.0,be99d56,2026-07-16T11:54:11+00:00,1.4,214307,21449,85721,80384,26753,0
ta16,20,15,300,ATSA,12,1590,300279,300000,766,3.542,rand_lt_st,continuous,seed,False,40,0.2,4,10,-5.0,5.0,be99d56,2026-07-16T11:54:10+00:00,1.4006,214364,21479,85875,80204,26806,0
ta16,20,15,300,ATSA,13,1609,300272,300000,764,3.759,rand_lt_st,continuous,seed,False,40,0.2,4,10,-5.0,5.0,be99d56,2026-07-16T11:54:11+00:00,1.4015,214229,21497,86003,80127,26602,0
ta16,20,15,300,ATSA,14,1542,300324,300000,768,3.729,rand_lt_st,continuous,seed,False,40,0.2,4,10,-5.0,5.0,be99d56,2026-07-16T11:54:11+00:00,1.3981,214774,21595,85510,80720,26949,0
ta16,20,15,300,ATSA,15,1647,300095,300000,768,3.751,rand_lt_st,continuous,seed,False,40,0.2,4,10,-5.0,5.0,be99d56,2026-07-16T11:54:11+00:00,1.3988,214514,21730,85541,80281,26962,0
ta16,20,15,300,ATSA,16,1558,300129,300000,765,3.706,rand_lt_st,continuous,seed,False,40,0.2,4,10,-5.0,5.0,be99d56,2026-07-16T11:54:11+00:00,1.3993,214461,21554,85628,80519,26760,0
ta16,20,15,300,ATSA,17,1669,300124,300000,765,3.753,rand_lt_st,continuous,seed,False,40,0.2,4,10,-5.0,5.0,be99d56,2026-07-16T11:54:11+00:00,1.4019,214054,21321,86030,80376,26327,0
ta16,20,15,300,ATSA,18,1705,300011,300000,764,3.613,rand_lt_st,continuous,seed,False,40,0.2,4,10,-5.0,5.0,be99d56,2026-07-16T11:54:10+00:00,1.4014,214047,21318,85924,80042,26763,0
ta16,20,15,300,ATSA,19,1635,300248,300000,766,3.666,rand_lt_st,continuous,seed,False,40,0.2,4,10,-5.0,5.0,be99d56,2026-07-16T11:54:11+00:00,1.3986,214644,21489,85564,80478,27113,0
ta17,20,15,300,ATSA,0,1696,300312,300000,765,3.767,rand_lt_st,continuous,seed,False,40,0.2,4,10,-5.0,5.0,be99d56,2026-07-16T11:54:14+00:00,1.3999,214501,21305,85771,80455,26970,0
ta17,20,15,300,ATSA,1,1712,300067,300000,765,3.559,rand_lt_st,continuous,seed,False,40,0.2,4,10,-5.0,5.0,be99d56,2026-07-16T11:54:14+00:00,1.3979,214630,21521,85397,80615,27097,0
ta17,20,15,300,ATSA,2,1750,300150,300000,764,3.769,rand_lt_st,continuous,seed,False,40,0.2,4,10,-5.0,5.0,be99d56,2026-07-16T11:54:14+00:00,1.3991,214508,21665,85602,80240,27001,0
ta17,20,15,300,ATSA,3,1699,300344,300000,764,3.817,rand_lt_st,continuous,seed,False,40,0.2,4,10,-5.0,5.0,be99d56,2026-07-16T11:54:14+00:00,1.4016,214265,21217,86039,80242,26767,0
ta17,20,15,300,ATSA,4,1859,300280,300000,767,3.703,rand_lt_st,continuous,seed,False,40,0.2,4,10,-5.0,5.0,be99d56,2026-07-16T11:54:14+00:00,1.3988,214639,21421,85601,80835,26782,0
ta17,20,15,300,ATSA,5,1741,300408,300000,768,3.748,rand_lt_st,continuous,seed,False,40,0.2,4,10,-5.0,5.0,be99d56,2026-07-16T11:54:14+00:00,1.3978,214879,21727,85489,80581,27082,0
ta17,20,15,300,ATSA,6,1793,300321,300000,768,3.732,rand_lt_st,continuous,seed,False,40,0.2,4,10,-5.0,5.0,be99d56,2026-07-16T11:54:14+00:00,1.3979,214802,21409,85479,80679,27235,0
ta17,20,15,300,ATSA,7,1688,300339,300000,766,3.767,rand_lt_st,continuous,seed,False,40,0.2,4,10,-5.0,5.0,be99d56,2026-07-16T11:54:14+00:00,1.3994,214587,21451,85712,80773,26651,0
ta17,20,15,300,ATSA,8,1715,300348,300000,767,3.727,rand_lt_st,continuous,seed,False,40,0.2,4,10,-5.0,5.0,be99d56,2026-07-16T11:54:14+00:00,1.4005,214424,21407,85884,80472,26661,0
ta17,20,15,300,ATSA,9,1737,300057,300000,765,3.617,rand_lt_st,continuous,seed,False,40,0.2,4,10,-5.0,5.0,be99d56,2026-07-16T11:54:14+00:00,1.3987,214497,21627,85520,80651,26699,0
ta17,20,15,300,ATSA,10,1752,300216,300000,767,3.759,rand_lt_st,continuous,seed,False,40,0.2,4,10,-5.0,5.0,be99d56,2026-07-16T11:54:14+00:00,1.4005,214332,21274,85844,80387,26827,0
ta17,20,15,300,ATSA,11,1761,300068,300000,766,3.656,rand_lt_st,continuous,seed,False,40,0.2,4,10,-5.0,5.0,be99d56,2026-07-16T11:54:14+00:00,1.4,214307,21449,85721,80384,26753,0
ta17,20,15,300,ATSA,12,1643,300279,300000,766,3.654,rand_lt_st,continuous,seed,False,40,0.2,4,10,-5.0,5.0,be99d56,2026-07-16T11:54:14+00:00,1.4006,214364,21479,85875,80204,26806,0
ta17,20,15,300,ATSA,13,1757,300272,300000,764,3.728,rand_lt_st,continuous,seed,False,40,0.2,4,10,-5.0,5.0,be99d56,2026-07-16T11:54:14+00:00,1.4015,214229,21497,86003,80127,26602,0
ta17,20,15,300,ATSA,14,1761,300324,300000,768,3.625,rand_lt_st,continuous,seed,False,40,0.2,4,10,-5.0,5.0,be99d56,2026-07-16T11:54:14+00:00,1.3981,214774,21595,85510,80720,26949,0
ta17,20,15,300,ATSA,15,1791,300095,300000,768,3.771,rand_lt_st,continuous,seed,False,40,0.2,4,10,-5.0,5.0,be99d56,2026-07-16T11:54:14+00:00,1.3988,214514,21730,85541,80281,26962,0
ta17,20,15,300,ATSA,16,1740,300129,300000,765,3.748,rand_lt_st,continuous,seed,False,40,0.2,4,10,-5.0,5.0,be99d56,2026-07-16T11:54:14+00:00,1.3993,214461,21554,85628,80519,26760,0
ta17,20,15,300,ATSA,17,1665,300124,300000,765,3.718,rand_lt_st,continuous,seed,False,40,0.2,4,10,-5.0,5.0,be99d56,2026-07-16T11:54:14+00:00,1.4019,214054,21321,86030,80376,26327,0
ta17,20,15,300,ATSA,18,1787,300011,300000,764,3.76,rand_lt_st,continuous,seed,False,40,0.2,4,10,-5.0,5.0,be99d56,2026-07-16T11:54:14+00:00,1.4014,214047,21318,85924,80042,26763,0
ta17,20,15,300,ATSA,19,1780,300248,300000,766,3.628,rand_lt_st,continuous,seed,False,40,0.2,4,10,-5.0,5.0,be99d56,2026-07-16T11:54:14+00:00,1.3986,214644,21489,85564,80478,27113,0
ta18,20,15,300,ATSA,0,1703,300312,300000,765,3.824,rand_lt_st,continuous,seed,False,40,0.2,4,10,-5.0,5.0,be99d56,2026-07-16T11:54:18+00:00,1.3999,214501,21305,85771,80455,26970,0
ta18,20,15,300,ATSA,1,1710,300067,300000,765,3.914,rand_lt_st,continuous,seed,False,40,0.2,4,10,-5.0,5.0,be99d56,2026-07-16T11:54:18+00:00,1.3979,214630,21521,85397,80615,27097,0
ta18,20,15,300,ATSA,2,1706,300150,300000,764,3.932,rand_lt_st,continuous,seed,False,40,0.2,4,10,-5.0,5.0,be99d56,2026-07-16T11:54:18+00:00,1.3991,214508,21665,85602,80240,27001,0
ta18,20,15,300,ATSA,3,1656,300344,300000,764,3.873,rand_lt_st,continuous,seed,False,40,0.2,4,10,-5.0,5.0,be99d56,2026-07-16T11:54:18+00:00,1.4016,214265,21217,86039,80242,26767,0
ta18,20,15,300,ATSA,4,1745,300280,300000,767,3.893,rand_lt_st,continuous,seed,False,40,0.2,4,10,-5.0,5.0,be99d56,2026-07-16T11:54:18+00:00,1.3988,214639,21421,85601,80835,26782,0
ta18,20,15,300,ATSA,5,1621,300408,300000,768,3.874,rand_lt_st,continuous,seed,False,40,0.2,4,10,-5.0,5.0,be99d56,2026-07-16T11:54:18+00:00,1.3978,214879,21727,85489,80581,27082,0
ta18,20,15,300,ATSA,6,1623,300321,300000,768,3.822,rand_lt_st,continuous,seed,False,40,0.2,4,10,-5.0,5.0,be99d56,2026-07-16T11:54:18+00:00,1.3979,214802,21409,85479,80679,27235,0
ta18,20,15,300,ATSA,7,1660,300339,300000,766,3.828,rand_lt_st,continuous,seed,False,40,0.2,4,10,-5.0,5.0,be99d56,2026-07-16T11:54:18+00:00,1.3994,214587,21451,85712,80773,26651,0
ta18,20,15,300,ATSA,8,1718,300348,300000,767,3.894,rand_lt_st,continuous,seed,False,40,0.2,4,10,-5.0,5.0,be99d56,2026-07-16T11:54:18+00:00,1.4005,214424,21407,85884,80472,26661,0
ta18,20,15,300,ATSA,9,1710,300057,300000,765,3.8,rand_lt_st,continuous,seed,False,40,0.2,4,10,-5.0,5.0,be99d56,2026-07-16T11:54:18+00:00,1.3987,214497,21627,85520,80651,26699,0
ta18,20,15,300,ATSA,10,1830,300216,300000,767,3.918,rand_lt_st,continuous,seed,False,40,0.2,4,10,-5.0,5.0,be99d56,2026-07-16T11:54:18+00:00,1.4005,214332,21274,85844,80387,26827,0
ta18,20,15,300,ATSA,11,1817,300068,300000,766,3.906,rand_lt_st,continuous,seed,False,40,0.2,4,10,-5.0,5.0,be99d56,2026-07-16T11:54:18+00:00,1.4,214307,21449,85721,80384,26753,0
ta18,20,15,300,ATSA,12,1612,300279,300000,766,3.902,rand_lt_st,continuous,seed,False,40,0.2,4,10,-5.0,5.0,be99d56,2026-07-16T11:54:18+00:00,1.4006,214364,21479,85875,80204,26806,0
ta18,20,15,300,ATSA,13,1653,300272,300000,764,3.812,rand_lt_st,continuous,seed,False,40,0.2,4,10,-5.0,5.0,be99d56,2026-07-16T11:54:18+00:00,1.4015,214229,21497,86003,80127,26602,0
ta18,20,15,300,ATSA,14,1724,300324,300000,768,3.839,rand_lt_st,continuous,seed,False,40,0.2,4,10,-5.0,5.0,be99d56,2026-07-16T11:54:18+00:00,1.3981,214774,21595,85510,80720,26949,0
ta18,20,15,300,ATSA,15,1800,300095,300000,768,3.925,rand_lt_st,continuous,seed,False,40,0.2,4,10,-5.0,5.0,be99d56,2026-07-16T11:54:18+00:00,1.3988,214514,21730,85541,80281,26962,0
ta18,20,15,300,ATSA,16,1873,300129,300000,765,3.853,rand_lt_st,continuous,seed,False,40,0.2,4,10,-5.0,5.0,be99d56,2026-07-16T11:54:18+00:00,1.3993,214461,21554,85628,80519,26760,0
ta18,20,15,300,ATSA,17,1635,300124,300000,765,3.885,rand_lt_st,continuous,seed,False,40,0.2,4,10,-5.0,5.0,be99d56,2026-07-16T11:54:18+00:00,1.4019,214054,21321,86030,80376,26327,0
ta18,20,15,300,ATSA,18,1726,300011,300000,764,3.942,rand_lt_st,continuous,seed,False,40,0.2,4,10,-5.0,5.0,be99d56,2026-07-16T11:54:18+00:00,1.4014,214047,21318,85924,80042,26763,0
ta18,20,15,300,ATSA,19,1735,300248,300000,766,3.899,rand_lt_st,continuous,seed,False,40,0.2,4,10,-5.0,5.0,be99d56,2026-07-16T11:54:18+00:00,1.3986,214644,21489,85564,80478,27113,0
ta19,20,15,300,ATSA,0,1670,300312,300000,765,3.724,rand_lt_st,continuous,seed,False,40,0.2,4,10,-5.0,5.0,be99d56,2026-07-16T11:54:22+00:00,1.3999,214501,21305,85771,80455,26970,0
ta19,20,15,300,ATSA,1,1675,300067,300000,765,3.884,rand_lt_st,continuous,seed,False,40,0.2,4,10,-5.0,5.0,be99d56,2026-07-16T11:54:22+00:00,1.3979,214630,21521,85397,80615,27097,0
ta19,20,15,300,ATSA,2,1586,300150,300000,764,3.803,rand_lt_st,continuous,seed,False,40,0.2,4,10,-5.0,5.0,be99d56,2026-07-16T11:54:22+00:00,1.3991,214508,21665,85602,80240,27001,0
ta19,20,15,300,ATSA,3,1564,300344,300000,764,3.857,rand_lt_st,continuous,seed,False,40,0.2,4,10,-5.0,5.0,be99d56,2026-07-16T11:54:22+00:00,1.4016,214265,21217,86039,80242,26767,0
ta19,20,15,300,ATSA,4,1569,300280,300000,767,3.871,rand_lt_st,continuous,seed,False,40,0.2,4,10,-5.0,5.0,be99d56,2026-07-16T11:54:22+00:00,1.3988,214639,21421,85601,80835,26782,0
ta19,20,15,300,ATSA,5,1638,300408,300000,768,3.737,rand_lt_st,continuous,seed,False,40,0.2,4,10,-5.0,5.0,be99d56,2026-07-16T11:54:22+00:00,1.3978,214879,21727,85489,80581,27082,0
ta19,20,15,300,ATSA,6,1685,300321,300000,768,3.838,rand_lt_st,continuous,seed,False,40,0.2,4,10,-5.0,5.0,be99d56,2026-07-16T11:54:22+00:00,1.3979,214802,21409,85479,80679,27235,0
ta19,20,15,300,ATSA,7,1685,300339,300000,766,3.734,rand_lt_st,continuous,seed,False,40,0.2,4,10,-5.0,5.0,be99d56,2026-07-16T11:54:22+00:00,1.3994,214587,21451,85712,80773,26651,0
ta19,20,15,300,ATSA,8,1649,300348,300000,767,3.757,rand_lt_st,continuous,seed,False,40,0.2,4,10,-5.0,5.0,be99d56,2026-07-16T11:54:22+00:00,1.4005,214424,21407,85884,80472,26661,0
ta19,20,15,300,ATSA,9,1630,300057,300000,765,3.852,rand_lt_st,continuous,seed,False,40,0.2,4,10,-5.0,5.0,be99d56,2026-07-16T11:54:22+00:00,1.3987,214497,21627,85520,80651,26699,0
ta19,20,15,300,ATSA,10,1591,300216,300000,767,3.846,rand_lt_st,continuous,seed,False,40,0.2,4,10,-5.0,5.0,be99d56,2026-07-16T11:54:22+00:00,1.4005,214332,21274,85844,80387,26827,0
ta19,20,15,300,ATSA,11,1600,300068,300000,766,3.768,rand_lt_st,continuous,seed,False,40,0.2,4,10,-5.0,5.0,be99d56,2026-07-16T11:54:22+00:00,1.4,214307,21449,85721,80384,26753,0
ta19,20,15,300,ATSA,12,1718,300279,300000,766,3.78,rand_lt_st,continuous,seed,False,40,0.2,4,10,-5.0,5.0,be99d56,2026-07-16T11:54:22+00:00,1.4006,214364,21479,85875,80204,26806,0
ta19,20,15,300,ATSA,13,1618,300272,300000,764,3.823,rand_lt_st,continuous,seed,False,40,0.2,4,10,-5.0,5.0,be99d56,2026-07-16T11:54:22+00:00,1.4015,214229,21497,86003,80127,26602,0
ta19,20,15,300,ATSA,14,1624,300324,300000,768,3.84,rand_lt_st,continuous,seed,False,40,0.2,4,10,-5.0,5.0,be99d56,2026-07-16T11:54:22+00:00,1.3981,214774,21595,85510,80720,26949,0
ta19,20,15,300,ATSA,15,1737,300095,300000,768,3.852,rand_lt_st,continuous,seed,False,40,0.2,4,10,-5.0,5.0,be99d56,2026-07-16T11:54:22+00:00,1.3988,214514,21730,85541,80281,26962,0
ta19,20,15,300,ATSA,16,1683,300129,300000,765,3.817,rand_lt_st,continuous,seed,False,40,0.2,4,10,-5.0,5.0,be99d56,2026-07-16T11:54:22+00:00,1.3993,214461,21554,85628,80519,26760,0
ta19,20,15,300,ATSA,17,1631,300124,300000,765,3.835,rand_lt_st,continuous,seed,False,40,0.2,4,10,-5.0,5.0,be99d56,2026-07-16T11:54:22+00:00,1.4019,214054,21321,86030,80376,26327,0
ta19,20,15,300,ATSA,18,1587,300011,300000,764,3.877,rand_lt_st,continuous,seed,False,40,0.2,4,10,-5.0,5.0,be99d56,2026-07-16T11:54:22+00:00,1.4014,214047,21318,85924,80042,26763,0
ta19,20,15,300,ATSA,19,1575,300248,300000,766,3.955,rand_lt_st,continuous,seed,False,40,0.2,4,10,-5.0,5.0,be99d56,2026-07-16T11:54:22+00:00,1.3986,214644,21489,85564,80478,27113,0
ta20,20,15,300,ATSA,0,1658,300312,300000,765,3.705,rand_lt_st,continuous,seed,False,40,0.2,4,10,-5.0,5.0,be99d56,2026-07-16T11:54:26+00:00,1.3999,214501,21305,85771,80455,26970,0
ta20,20,15,300,ATSA,1,1589,300067,300000,765,3.76,rand_lt_st,continuous,seed,False,40,0.2,4,10,-5.0,5.0,be99d56,2026-07-16T11:54:26+00:00,1.3979,214630,21521,85397,80615,27097,0
ta20,20,15,300,ATSA,2,1618,300150,300000,764,3.869,rand_lt_st,continuous,seed,False,40,0.2,4,10,-5.0,5.0,be99d56,2026-07-16T11:54:26+00:00,1.3991,214508,21665,85602,80240,27001,0
ta20,20,15,300,ATSA,3,1574,300344,300000,764,3.881,rand_lt_st,continuous,seed,False,40,0.2,4,10,-5.0,5.0,be99d56,2026-07-16T11:54:26+00:00,1.4016,214265,21217,86039,80242,26767,0
ta20,20,15,300,ATSA,4,1672,300280,300000,767,3.806,rand_lt_st,continuous,seed,False,40,0.2,4,10,-5.0,5.0,be99d56,2026-07-16T11:54:26+00:00,1.3988,214639,21421,85601,80835,26782,0
ta20,20,15,300,ATSA,5,1590,300408,300000,768,3.781,rand_lt_st,continuous,seed,False,40,0.2,4,10,-5.0,5.0,be99d56,2026-07-16T11:54:26+00:00,1.3978,214879,21727,85489,80581,27082,0
ta20,20,15,300,ATSA,6,1616,300321,300000,768,3.734,rand_lt_st,continuous,seed,False,40,0.2,4,10,-5.0,5.0,be99d56,2026-07-16T11:54:26+00:00,1.3979,214802,21409,85479,80679,27235,0
ta20,20,15,300,ATSA,7,1686,300339,300000,766,3.781,rand_lt_st,continuous,seed,False,40,0.2,4,10,-5.0,5.0,be99d56,2026-07-16T11:54:26+00:00,1.3994,214587,21451,85712,80773,26651,0
ta20,20,15,300,ATSA,8,1654,300348,300000,767,3.865,rand_lt_st,continuous,seed,False,40,0.2,4,10,-5.0,5.0,be99d56,2026-07-16T11:54:26+00:00,1.4005,214424,21407,85884,80472,26661,0
ta20,20,15,300,ATSA,9,1665,300057,300000,765,3.952,rand_lt_st,continuous,seed,False,40,0.2,4,10,-5.0,5.0,be99d56,2026-07-16T11:54:26+00:00,1.3987,214497,21627,85520,80651,26699,0
ta20,20,15,300,ATSA,10,1609,300216,300000,767,3.783,rand_lt_st,continuous,seed,False,40,0.2,4,10,-5.0,5.0,be99d56,2026-07-16T11:54:26+00:00,1.4005,214332,21274,85844,80387,26827,0
ta20,20,15,300,ATSA,11,1698,300068,300000,766,3.938,rand_lt_st,continuous,seed,False,40,0.2,4,10,-5.0,5.0,be99d56,2026-07-16T11:54:26+00:00,1.4,214307,21449,85721,80384,26753,0
ta20,20,15,300,ATSA,12,1658,300279,300000,766,3.868,rand_lt_st,continuous,seed,False,40,0.2,4,10,-5.0,5.0,be99d56,2026-07-16T11:54:26+00:00,1.4006,214364,21479,85875,80204,26806,0
ta20,20,15,300,ATSA,13,1598,300272,300000,764,3.858,rand_lt_st,continuous,seed,False,40,0.2,4,10,-5.0,5.0,be99d56,2026-07-16T11:54:26+00:00,1.4015,214229,21497,86003,80127,26602,0
ta20,20,15,300,ATSA,14,1571,300324,300000,768,3.741,rand_lt_st,continuous,seed,False,40,0.2,4,10,-5.0,5.0,be99d56,2026-07-16T11:54:26+00:00,1.3981,214774,21595,85510,80720,26949,0
ta20,20,15,300,ATSA,15,1698,300095,300000,768,3.881,rand_lt_st,continuous,seed,False,40,0.2,4,10,-5.0,5.0,be99d56,2026-07-16T11:54:26+00:00,1.3988,214514,21730,85541,80281,26962,0
ta20,20,15,300,ATSA,16,1629,300129,300000,765,3.77,rand_lt_st,continuous,seed,False,40,0.2,4,10,-5.0,5.0,be99d56,2026-07-16T11:54:26+00:00,1.3993,214461,21554,85628,80519,26760,0
ta20,20,15,300,ATSA,17,1618,300124,300000,765,3.8,rand_lt_st,continuous,seed,False,40,0.2,4,10,-5.0,5.0,be99d56,2026-07-16T11:54:26+00:00,1.4019,214054,21321,86030,80376,26327,0
ta20,20,15,300,ATSA,18,1677,300011,300000,764,3.869,rand_lt_st,continuous,seed,False,40,0.2,4,10,-5.0,5.0,be99d56,2026-07-16T11:54:26+00:00,1.4014,214047,21318,85924,80042,26763,0
ta20,20,15,300,ATSA,19,1695,300248,300000,766,3.896,rand_lt_st,continuous,seed,False,40,0.2,4,10,-5.0,5.0,be99d56,2026-07-16T11:54:26+00:00,1.3986,214644,21489,85564,80478,27113,0
ta21,20,20,400,ATSA,0,1969,400184,400000,1022,7.61,rand_lt_st,continuous,seed,False,40,0.2,4,10,-5.0,5.0,be99d56,2026-07-16T11:54:34+00:00,1.3984,286144,28383,114000,107764,35997,0
ta21,20,20,400,ATSA,1,1936,400028,400000,1019,7.544,rand_lt_st,continuous,seed,False,40,0.2,4,10,-5.0,5.0,be99d56,2026-07-16T11:54:34+00:00,1.4002,285675,28583,114313,107016,35763,0
ta21,20,20,400,ATSA,2,1941,400384,400000,1020,7.474,rand_lt_st,continuous,seed,False,40,0.2,4,10,-5.0,5.0,be99d56,2026-07-16T11:54:34+00:00,1.4008,285793,28451,114551,107262,35529,0
ta21,20,20,400,ATSA,3,2190,400042,400000,1021,7.487,rand_lt_st,continuous,seed,False,40,0.2,4,10,-5.0,5.0,be99d56,2026-07-16T11:54:34+00:00,1.4009,285530,28203,114472,107494,35361,0
ta21,20,20,400,ATSA,4,1989,400234,400000,1020,7.533,rand_lt_st,continuous,seed,False,40,0.2,4,10,-5.0,5.0,be99d56,2026-07-16T11:54:34+00:00,1.3997,285908,28660,114286,107381,35581,0
ta21,20,20,400,ATSA,5,1977,400001,400000,1018,7.535,rand_lt_st,continuous,seed,False,40,0.2,4,10,-5.0,5.0,be99d56,2026-07-16T11:54:34+00:00,1.4015,285381,28421,114580,106879,35501,0
ta21,20,20,400,ATSA,6,2114,400283,400000,1020,7.257,rand_lt_st,continuous,seed,False,40,0.2,4,10,-5.0,5.0,be99d56,2026-07-16T11:54:34+00:00,1.4013,285623,28853,114620,106589,35561,0
ta21,20,20,400,ATSA,7,1977,400173,400000,1021,7.595,rand_lt_st,continuous,seed,False,40,0.2,4,10,-5.0,5.0,be99d56,2026-07-16T11:54:34+00:00,1.4018,285441,28122,114692,107026,35601,0
ta21,20,20,400,ATSA,8,2069,400248,400000,1021,7.402,rand_lt_st,continuous,seed,False,40,0.2,4,10,-5.0,5.0,be99d56,2026-07-16T11:54:34+00:00,1.3994,285994,28439,114214,107527,35814,0
ta21,20,20,400,ATSA,9,2061,400047,400000,1021,7.544,rand_lt_st,continuous,seed,False,40,0.2,4,10,-5.0,5.0,be99d56,2026-07-16T11:54:34+00:00,1.4014,285431,28522,114576,106509,35824,0
ta21,20,20,400,ATSA,10,2044,400362,400000,1020,7.261,rand_lt_st,continuous,seed,False,40,0.2,4,10,-5.0,5.0,be99d56,2026-07-16T11:54:34+00:00,1.401,285731,28355,114591,107012,35773,0
ta21,20,20,400,ATSA,11,2089,400230,400000,1023,7.688,rand_lt_st,continuous,seed,False,40,0.2,4,10,-5.0,5.0,be99d56,2026-07-16T11:54:34+00:00,1.3999,285880,28425,114310,107409,35736,0
ta21,20,20,400,ATSA,12,2003,400323,400000,1020,7.505,rand_lt_st,continuous,seed,False,40,0.2,4,10,-5.0,5.0,be99d56,2026-07-16T11:54:34+00:00,1.4001,285887,28755,114396,107136,35600,0
ta21,20,20,400,ATSA,13,2045,400357,400000,1020,7.29,rand_lt_st,continuous,seed,False,40,0.2,4,10,-5.0,5.0,be99d56,2026-07-16T11:54:34+00:00,1.4013,285678,28369,114639,106821,35849,0
ta21,20,20,400,ATSA,14,2021,400094,400000,1022,7.47,rand_lt_st,continuous,seed,False,40,0.2,4,10,-5.0,5.0,be99d56,2026-07-16T11:54:34+00:00,1.3998,285792,28389,114262,107302,35839,0
ta21,20,20,400,ATSA,15,2150,400174,400000,1020,7.644,rand_lt_st,continuous,seed,False,40,0.2,4,10,-5.0,5.0,be99d56,2026-07-16T11:54:34+00:00,1.4012,285572,28346,114562,107138,35526,0
ta21,20,20,400,ATSA,16,1989,400194,400000,1021,7.473,rand_lt_st,continuous,seed,False,40,0.2,4,10,-5.0,5.0,be99d56,2026-07-16T11:54:34+00:00,1.3991,286012,28779,114142,107122,35969,0
ta21,20,20,400,ATSA,17,2058,400103,400000,1019,7.591,rand_lt_st,continuous,seed,False,40,0.2,4,10,-5.0,5.0,be99d56,2026-07-16T11:54:34+00:00,1.4002,285721,28496,114342,106929,35954,0
ta21,20,20,400,ATSA,18,2048,400049,400000,1021,7.53,rand_lt_st,continuous,seed,False,40,0.2,4,10,-5.0,5.0,be99d56,2026-07-16T11:54:34+00:00,1.4002,285685,28486,114324,107086,35789,0
ta21,20,20,400,ATSA,19,1992,400036,400000,1020,7.363,rand_lt_st,continuous,seed,False,40,0.2,4,10,-5.0,5.0,be99d56,2026-07-16T11:54:34+00:00,1.3994,285842,28664,114154,107394,35630,0
ta22,20,20,400,ATSA,0,1965,400184,400000,1022,7.388,rand_lt_st,continuous,seed,False,40,0.2,4,10,-5.0,5.0,be99d56,2026-07-16T11:54:41+00:00,1.3984,286144,28383,114000,107764,35997,0
ta22,20,20,400,ATSA,1,1989,400028,400000,1019,7.432,rand_lt_st,continuous,seed,False,40,0.2,4,10,-5.0,5.0,be99d56,2026-07-16T11:54:42+00:00,1.4002,285675,28583,114313,107016,35763,0
ta22,20,20,400,ATSA,2,2037,400384,400000,1020,7.331,rand_lt_st,continuous,seed,False,40,0.2,4,10,-5.0,5.0,be99d56,2026-07-16T11:54:41+00:00,1.4008,285793,28451,114551,107262,35529,0
ta22,20,20,400,ATSA,3,1955,400042,400000,1021,7.421,rand_lt_st,continuous,seed,False,40,0.2,4,10,-5.0,5.0,be99d56,2026-07-16T11:54:42+00:00,1.4009,285530,28203,114472,107494,35361,0
ta22,20,20,400,ATSA,4,1849,400234,400000,1020,7.321,rand_lt_st,continuous,seed,False,40,0.2,4,10,-5.0,5.0,be99d56,2026-07-16T11:54:41+00:00,1.3997,285908,28660,114286,107381,35581,0
ta22,20,20,400,ATSA,5,1891,400001,400000,1018,7.258,rand_lt_st,continuous,seed,False,40,0.2,4,10,-5.0,5.0,be99d56,2026-07-16T11:54:41+00:00,1.4015,285381,28421,114580,106879,35501,0
ta22,20,20,400,ATSA,6,2109,400283,400000,1020,7.181,rand_lt_st,continuous,seed,False,40,0.2,4,10,-5.0,5.0,be99d56,2026-07-16T11:54:41+00:00,1.4013,285623,28853,114620,106589,35561,0
ta22,20,20,400,ATSA,7,2065,400173,400000,1021,7.505,rand_lt_st,continuous,seed,False,40,0.2,4,10,-5.0,5.0,be99d56,2026-07-16T11:54:42+00:00,1.4018,285441,28122,114692,107026,35601,0
ta22,20,20,400,ATSA,8,1949,400248,400000,1021,7.443,rand_lt_st,continuous,seed,False,40,0.2,4,10,-5.0,5.0,be99d56,2026-07-16T11:54:42+00:00,1.3994,285994,28439,114214,107527,35814,0
ta22,20,20,400,ATSA,9,1880,400047,400000,1021,7.279,rand_lt_st,continuous,seed,False,40,0.2,4,10,-5.0,5.0,be99d56,2026-07-16T11:54:41+00:00,1.4014,285431,28522,114576,106509,35824,0
ta22,20,20,400,ATSA,10,2010,400362,400000,1020,7.318,rand_lt_st,continuous,seed,False,40,0.2,4,10,-5.0,5.0,be99d56,2026-07-16T11:54:41+00:00,1.401,285731,28355,114591,107012,35773,0
ta22,20,20,400,ATSA,11,1921,400230,400000,1023,7.368,rand_lt_st,continuous,seed,False,40,0.2,4,10,-5.0,5.0,be99d56,2026-07-16T11:54:41+00:00,1.3999,285880,28425,114310,107409,35736,0
ta22,20,20,400,ATSA,12,1923,400323,400000,1020,7.306,rand_lt_st,continuous,seed,False,40,0.2,4,10,-5.0,5.0,be99d56,2026-07-16T11:54:41+00:00,1.4001,285887,28755,114396,107136,35600,0
ta22,20,20,400,ATSA,13,1920,400357,400000,1020,7.307,rand_lt_st,continuous,seed,False,40,0.2,4,10,-5.0,5.0,be99d56,2026-07-16T11:54:41+00:00,1.4013,285678,28369,114639,106821,35849,0
ta22,20,20,400,ATSA,14,1895,400094,400000,1022,7.102,rand_lt_st,continuous,seed,False,40,0.2,4,10,-5.0,5.0,be99d56,2026-07-16T11:54:41+00:00,1.3998,285792,28389,114262,107302,35839,0
ta22,20,20,400,ATSA,15,1876,400174,400000,1020,7.333,rand_lt_st,continuous,seed,False,40,0.2,4,10,-5.0,5.0,be99d56,2026-07-16T11:54:41+00:00,1.4012,285572,28346,114562,107138,35526,0
ta22,20,20,400,ATSA,16,1948,400194,400000,1021,7.206,rand_lt_st,continuous,seed,False,40,0.2,4,10,-5.0,5.0,be99d56,2026-07-16T11:54:41+00:00,1.3991,286012,28779,114142,107122,35969,0
ta22,20,20,400,ATSA,17,1891,400103,400000,1019,7.392,rand_lt_st,continuous,seed,False,40,0.2,4,10,-5.0,5.0,be99d56,2026-07-16T11:54:41+00:00,1.4002,285721,28496,114342,106929,35954,0
ta22,20,20,400,ATSA,18,1994,400049,400000,1021,7.388,rand_lt_st,continuous,seed,False,40,0.2,4,10,-5.0,5.0,be99d56,2026-07-16T11:54:41+00:00,1.4002,285685,28486,114324,107086,35789,0
ta22,20,20,400,ATSA,19,2004,400036,400000,1020,7.474,rand_lt_st,continuous,seed,False,40,0.2,4,10,-5.0,5.0,be99d56,2026-07-16T11:54:42+00:00,1.3994,285842,28664,114154,107394,35630,0
ta23,20,20,400,ATSA,0,2098,400184,400000,1022,7.672,rand_lt_st,continuous,seed,False,40,0.2,4,10,-5.0,5.0,be99d56,2026-07-16T11:54:49+00:00,1.3984,286144,28383,114000,107764,35997,0
ta23,20,20,400,ATSA,1,1915,400028,400000,1019,7.67,rand_lt_st,continuous,seed,False,40,0.2,4,10,-5.0,5.0,be99d56,2026-07-16T11:54:49+00:00,1.4002,285675,28583,114313,107016,35763,0
ta23,20,20,400,ATSA,2,1974,400384,400000,1020,7.592,rand_lt_st,continuous,seed,False,40,0.2,4,10,-5.0,5.0,be99d56,2026-07-16T11:54:49+00:00,1.4008,285793,28451,114551,107262,35529,0
ta23,20,20,400,ATSA,3,1949,400042,400000,1021,7.59,rand_lt_st,continuous,seed,False,40,0.2,4,10,-5.0,5.0,be99d56,2026-07-16T11:54:49+00:00,1.4009,285530,28203,114472,107494,35361,0
ta23,20,20,400,ATSA,4,2058,400234,400000,1020,7.678,rand_lt_st,continuous,seed,False,40,0.2,4,10,-5.0,5.0,be99d56,2026-07-16T11:54:49+00:00,1.3997,285908,28660,114286,107381,35581,0
ta23,20,20,400,ATSA,5,1988,400001,400000,1018,7.258,rand_lt_st,continuous,seed,False,40,0.2,4,10,-5.0,5.0,be99d56,2026-07-16T11:54:49+00:00,1.4015,285381,28421,114580,106879,35501,0
ta23,20,20,400,ATSA,6,1937,400283,400000,1020,7.59,rand_lt_st,continuous,seed,False,40,0.2,4,10,-5.0,5.0,be99d56,2026-07-16T11:54:49+00:00,1.4013,285623,28853,114620,106589,35561,0
ta23,20,20,400,ATSA,7,1860,400173,400000,1021,7.385,rand_lt_st,continuous,seed,False,40,0.2,4,10,-5.0,5.0,be99d56,2026-07-16T11:54:49+00:00,1.4018,285441,28122,114692,107026,35601,0
ta23,20,20,400,ATSA,8,1881,400248,400000,1021,7.526,rand_lt_st,continuous,seed,False,40,0.2,4,10,-5.0,5.0,be99d56,2026-07-16T11:54:49+00:00,1.3994,285994,28439,114214,107527,35814,0
ta23,20,20,400,ATSA,9,1960,400047,400000,1021,7.286,rand_lt_st,continuous,seed,False,40,0.2,4,10,-5.0,5.0,be99d56,2026-07-16T11:54:49+00:00,1.4014,285431,28522,114576,106509,35824,0
ta23,20,20,400,ATSA,10,1852,400362,400000,1020,7.556,rand_lt_st,continuous,seed,False,40,0.2,4,10,-5.0,5.0,be99d56,2026-07-16T11:54:49+00:00,1.401,285731,28355,114591,107012,35773,0
ta23,20,20,400,ATSA,11,1955,400230,400000,1023,7.629,rand_lt_st,continuous,seed,False,40,0.2,4,10,-5.0,5.0,be99d56,2026-07-16T11:54:49+00:00,1.3999,285880,28425,114310,107409,35736,0
ta23,20,20,400,ATSA,12,1816,400323,400000,1020,7.415,rand_lt_st,continuous,seed,False,40,0.2,4,10,-5.0,5.0,be99d56,2026-07-16T11:54:49+00:00,1.4001,285887,28755,114396,107136,35600,0
ta23,20,20,400,ATSA,13,1836,400357,400000,1020,7.675,rand_lt_st,continuous,seed,False,40,0.2,4,10,-5.0,5.0,be99d56,2026-07-16T11:54:49+00:00,1.4013,285678,28369,114639,106821,35849,0
ta23,20,20,400,ATSA,14,1884,400094,400000,1022,7.512,rand_lt_st,continuous,seed,False,40,0.2,4,10,-5.0,5.0,be99d56,2026-07-16T11:54:49+00:00,1.3998,285792,28389,114262,107302,35839,0
ta23,20,20,400,ATSA,15,1931,400174,400000,1020,7.726,rand_lt_st,continuous,seed,False,40,0.2,4,10,-5.0,5.0,be99d56,2026-07-16T11:54:49+00:00,1.4012,285572,28346,114562,107138,35526,0
ta23,20,20,400,ATSA,16,1903,400194,400000,1021,7.695,rand_lt_st,continuous,seed,False,40,0.2,4,10,-5.0,5.0,be99d56,2026-07-16T11:54:49+00:00,1.3991,286012,28779,114142,107122,35969,0
ta23,20,20,400,ATSA,17,1827,400103,400000,1019,7.564,rand_lt_st,continuous,seed,False,40,0.2,4,10,-5.0,5.0,be99d56,2026-07-16T11:54:49+00:00,1.4002,285721,28496,114342,106929,35954,0
ta23,20,20,400,ATSA,18,1924,400049,400000,1021,7.488,rand_lt_st,continuous,seed,False,40,0.2,4,10,-5.0,5.0,be99d56,2026-07-16T11:54:49+00:00,1.4002,285685,28486,114324,107086,35789,0
ta23,20,20,400,ATSA,19,1959,400036,400000,1020,7.495,rand_lt_st,continuous,seed,False,40,0.2,4,10,-5.0,5.0,be99d56,2026-07-16T11:54:49+00:00,1.3994,285842,28664,114154,107394,35630,0
ta24,20,20,400,ATSA,0,1876,400184,400000,1022,8.046,rand_lt_st,continuous,seed,False,40,0.2,4,10,-5.0,5.0,be99d56,2026-07-16T11:54:57+00:00,1.3984,286144,28383,114000,107764,35997,0
ta24,20,20,400,ATSA,1,1950,400028,400000,1019,7.973,rand_lt_st,continuous,seed,False,40,0.2,4,10,-5.0,5.0,be99d56,2026-07-16T11:54:57+00:00,1.4002,285675,28583,114313,107016,35763,0
ta24,20,20,400,ATSA,2,1987,400384,400000,1020,7.929,rand_lt_st,continuous,seed,False,40,0.2,4,10,-5.0,5.0,be99d56,2026-07-16T11:54:57+00:00,1.4008,285793,28451,114551,107262,35529,0
ta24,20,20,400,ATSA,3,2030,400042,400000,1021,7.924,rand_lt_st,continuous,seed,False,40,0.2,4,10,-5.0,5.0,be99d56,2026-07-16T11:54:57+00:00,1.4009,285530,28203,114472,107494,35361,0
ta24,20,20,400,ATSA,4,2077,400234,400000,1020,8.039,rand_lt_st,continuous,seed,False,40,0.2,4,10,-5.0,5.0,be99d56,2026-07-16T11:54:57+00:00,1.3997,285908,28660,114286,107381,35581,0
ta24,20,20,400,ATSA,5,1944,400001,400000,1018,7.78,rand_lt_st,continuous,seed,False,40,0.2,4,10,-5.0,5.0,be99d56,2026-07-16T11:54:57+00:00,1.4015,285381,28421,114580,106879,35501,0
ta24,20,20,400,ATSA,6,1975,400283,400000,1020,8.098,rand_lt_st,continuous,seed,False,40,0.2,4,10,-5.0,5.0,be99d56,2026-07-16T11:54:57+00:00,1.4013,285623,28853,114620,106589,35561,0
ta24,20,20,400,ATSA,7,2047,400173,400000,1021,7.679,rand_lt_st,continuous,seed,False,40,0.2,4,10,-5.0,5.0,be99d56,2026-07-16T11:54:57+00:00,1.4018,285441,28122,114692,107026,35601,0
ta24,20,20,400,ATSA,8,2025,400248,400000,1021,7.924,rand_lt_st,continuous,seed,False,40,0.2,4,10,-5.0,5.0,be99d56,2026-07-16T11:54:57+00:00,1.3994,285994,28439,114214,107527,35814,0
ta24,20,20,400,ATSA,9,1974,400047,400000,1021,8.074,rand_lt_st,continuous,seed,False,40,0.2,4,10,-5.0,5.0,be99d56,2026-07-16T11:54:57+00:00,1.4014,285431,28522,114576,106509,35824,0
ta24,20,20,400,ATSA,10,1911,400362,400000,1020,8.03,rand_lt_st,continuous,seed,False,40,0.2,4,10,-5.0,5.0,be99d56,2026-07-16T11:54:57+00:00,1.401,285731,28355,114591,107012,35773,0
ta24,20,20,400,ATSA,11,2047,400230,400000,1023,8.045,rand_lt_st,continuous,seed,False,40,0.2,4,10,-5.0,5.0,be99d56,2026-07-16T11:54:57+00:00,1.3999,285880,28425,114310,107409,35736,0
ta24,20,20,400,ATSA,12,1946,400323,400000,1020,7.962,rand_lt_st,continuous,seed,False,40,0.2,4,10,-5.0,5.0,be99d56,2026-07-16T11:54:57+00:00,1.4001,285887,28755,114396,107136,35600,0
ta24,20,20,400,ATSA,13,1818,400357,400000,1020,8.006,rand_lt_st,continuous,seed,False,40,0.2,4,10,-5.0,5.0,be99d56,2026-07-16T11:54:57+00:00,1.4013,285678,28369,114639,106821,35849,0
ta24,20,20,400,ATSA,14,2024,400094,400000,1022,8.091,rand_lt_st,continuous,seed,False,40,0.2,4,10,-5.0,5.0,be99d56,2026-07-16T11:54:57+00:00,1.3998,285792,28389,114262,107302,35839,0
ta24,20,20,400,ATSA,15,1998,400174,400000,1020,7.978,rand_lt_st,continuous,seed,False,40,0.2,4,10,-5.0,5.0,be99d56,2026-07-16T11:54:57+00:00,1.4012,285572,28346,114562,107138,35526,0
ta24,20,20,400,ATSA,16,1972,400194,400000,1021,8.037,rand_lt_st,continuous,seed,False,40,0.2,4,10,-5.0,5.0,be99d56,2026-07-16T11:54:57+00:00,1.3991,286012,28779,114142,107122,35969,0
ta24,20,20,400,ATSA,17,1900,400103,400000,1019,8.071,rand_lt_st,continuous,seed,False,40,0.2,4,10,-5.0,5.0,be99d56,2026-07-16T11:54:57+00:00,1.4002,285721,28496,114342,106929,35954,0
ta24,20,20,400,ATSA,18,1941,400049,400000,1021,8.118,rand_lt_st,continuous,seed,False,40,0.2,4,10,-5.0,5.0,be99d56,2026-07-16T11:54:57+00:00,1.4002,285685,28486,114324,107086,35789,0
ta24,20,20,400,ATSA,19,2069,400036,400000,1020,7.894,rand_lt_st,continuous,seed,False,40,0.2,4,10,-5.0,5.0,be99d56,2026-07-16T11:54:57+00:00,1.3994,285842,28664,114154,107394,35630,0
ta25,20,20,400,ATSA,0,1907,400184,400000,1022,7.623,rand_lt_st,continuous,seed,False,40,0.2,4,10,-5.0,5.0,be99d56,2026-07-16T11:55:05+00:00,1.3984,286144,28383,114000,107764,35997,0
ta25,20,20,400,ATSA,1,2002,400028,400000,1019,7.833,rand_lt_st,continuous,seed,False,40,0.2,4,10,-5.0,5.0,be99d56,2026-07-16T11:55:05+00:00,1.4002,285675,28583,114313,107016,35763,0
ta25,20,20,400,ATSA,2,1913,400384,400000,1020,7.502,rand_lt_st,continuous,seed,False,40,0.2,4,10,-5.0,5.0,be99d56,2026-07-16T11:55:05+00:00,1.4008,285793,28451,114551,107262,35529,0
ta25,20,20,400,ATSA,3,2006,400042,400000,1021,7.703,rand_lt_st,continuous,seed,False,40,0.2,4,10,-5.0,5.0,be99d56,2026-07-16T11:55:05+00:00,1.4009,285530,28203,114472,107494,35361,0
ta25,20,20,400,ATSA,4,1995,400234,400000,1020,7.711,rand_lt_st,continuous,seed,False,40,0.2,4,10,-5.0,5.0,be99d56,2026-07-16T11:55:05+00:00,1.3997,285908,28660,114286,107381,35581,0
ta25,20,20,400,ATSA,5,1951,400001,400000,1018,7.604,rand_lt_st,continuous,seed,False,40,0.2,4,10,-5.0,5.0,be99d56,2026-07-16T11:55:05+00:00,1.4015,285381,28421,114580,106879,35501,0
ta25,20,20,400,ATSA,6,1989,400283,400000,1020,7.841,rand_lt_st,continuous,seed,False,40,0.2,4,10,-5.0,5.0,be99d56,2026-07-16T11:55:05+00:00,1.4013,285623,28853,114620,106589,35561,0
ta25,20,20,400,ATSA,7,1953,400173,400000,1021,7.451,rand_lt_st,continuous,seed,False,40,0.2,4,10,-5.0,5.0,be99d56,2026-07-16T11:55:05+00:00,1.4018,285441,28122,114692,107026,35601,0
ta25,20,20,400,ATSA,8,1952,400248,400000,1021,7.68,rand_lt_st,continuous,seed,False,40,0.2,4,10,-5.0,5.0,be99d56,2026-07-16T11:55:05+00:00,1.3994,285994,28439,114214,107527,35814,0
ta25,20,20,400,ATSA,9,2022,400047,400000,1021,7.792,rand_lt_st,continuous,seed,False,40,0.2,4,10,-5.0,5.0,be99d56,2026-07-16T11:55:05+00:00,1.4014,285431,28522,114576,106509,35824,0
ta25,20,20,400,ATSA,10,1970,400362,400000,1020,7.717,rand_lt_st,continuous,seed,False,40,0.2,4,10,-5.0,5.0,be99d56,2026-07-16T11:55:05+00:00,1.401,285731,28355,114591,107012,35773,0
ta25,20,20,400,ATSA,11,1920,400230,400000,1023,7.513,rand_lt_st,continuous,seed,False,40,0.2,4,10,-5.0,5.0,be99d56,2026-07-16T11:55:05+00:00,1.3999,285880,28425,114310,107409,35736,0
ta25,20,20,400,ATSA,12,1899,400323,400000,1020,7.626,rand_lt_st,continuous,seed,False,40,0.2,4,10,-5.0,5.0,be99d56,2026-07-16T11:55:05+00:00,1.4001,285887,28755,114396,107136,35600,0
ta25,20,20,400,ATSA,13,1914,400357,400000,1020,7.736,rand_lt_st,continuous,seed,False,40,0.2,4,10,-5.0,5.0,be99d56,2026-07-16T11:55:05+00:00,1.4013,285678,28369,114639,106821,35849,0
ta25,20,20,400,ATSA,14,1851,400094,400000,1022,7.587,rand_lt_st,continuous,seed,False,40,0.2,4,10,-5.0,5.0,be99d56,2026-07-16T11:55:05+00:00,1.3998,285792,28389,114262,107302,35839,0
ta25,20,20,400,ATSA,15,1916,400174,400000,1020,7.526,rand_lt_st,continuous,seed,False,40,0.2,4,10,-5.0,5.0,be99d56,2026-07-16T11:55:05+00:00,1.4012,285572,28346,114562,107138,35526,0
ta25,20,20,400,ATSA,16,1909,400194,400000,1021,7.623,rand_lt_st,continuous,seed,False,40,0.2,4,10,-5.0,5.0,be99d56,2026-07-16T11:55:05+00:00,1.3991,286012,28779,114142,107122,35969,0
ta25,20,20,400,ATSA,17,2006,400103,400000,1019,7.734,rand_lt_st,continuous,seed,False,40,0.2,4,10,-5.0,5.0,be99d56,2026-07-16T11:55:05+00:00,1.4002,285721,28496,114342,106929,35954,0
ta25,20,20,400,ATSA,18,1943,400049,400000,1021,7.552,rand_lt_st,continuous,seed,False,40,0.2,4,10,-5.0,5.0,be99d56,2026-07-16T11:55:05+00:00,1.4002,285685,28486,114324,107086,35789,0
ta25,20,20,400,ATSA,19,2003,400036,400000,1020,7.598,rand_lt_st,continuous,seed,False,40,0.2,4,10,-5.0,5.0,be99d56,2026-07-16T11:55:05+00:00,1.3994,285842,28664,114154,107394,35630,0
ta26,20,20,400,ATSA,0,1872,400184,400000,1022,7.816,rand_lt_st,continuous,seed,False,40,0.2,4,10,-5.0,5.0,be99d56,2026-07-16T11:55:13+00:00,1.3984,286144,28383,114000,107764,35997,0
ta26,20,20,400,ATSA,1,1943,400028,400000,1019,7.619,rand_lt_st,continuous,seed,False,40,0.2,4,10,-5.0,5.0,be99d56,2026-07-16T11:55:13+00:00,1.4002,285675,28583,114313,107016,35763,0
ta26,20,20,400,ATSA,2,2052,400384,400000,1020,7.708,rand_lt_st,continuous,seed,False,40,0.2,4,10,-5.0,5.0,be99d56,2026-07-16T11:55:13+00:00,1.4008,285793,28451,114551,107262,35529,0
ta26,20,20,400,ATSA,3,2049,400042,400000,1021,7.824,rand_lt_st,continuous,seed,False,40,0.2,4,10,-5.0,5.0,be99d56,2026-07-16T11:55:13+00:00,1.4009,285530,28203,114472,107494,35361,0
ta26,20,20,400,ATSA,4,2099,400234,400000,1020,7.866,rand_lt_st,continuous,seed,False,40,0.2,4,10,-5.0,5.0,be99d56,2026-07-16T11:55:13+00:00,1.3997,285908,28660,114286,107381,35581,0
ta26,20,20,400,ATSA,5,2081,400001,400000,1018,8.009,rand_lt_st,continuous,seed,False,40,0.2,4,10,-5.0,5.0,be99d56,2026-07-16T11:55:13+00:00,1.4015,285381,28421,114580,106879,35501,0
ta26,20,20,400,ATSA,6,1996,400283,400000,1020,7.893,rand_lt_st,continuous,seed,False,40,0.2,4,10,-5.0,5.0,be99d56,2026-07-16T11:55:13+00:00,1.4013,285623,28853,114620,106589,35561,0
ta26,20,20,400,ATSA,7,2007,400173,400000,1021,7.831,rand_lt_st,continuous,seed,False,40,0.2,4,10,-5.0,5.0,be99d56,2026-07-16T11:55:13+00:00,1.4018,285441,28122,114692,107026,35601,0
ta26,20,20,400,ATSA,8,2001,400248,400000,1021,7.771,rand_lt_st,continuous,seed,False,40,0.2,4,10,-5.0,5.0,be99d56,2026-07-16T11:55:13+00:00,1.3994,285994,28439,114214,107527,35814,0
ta26,20,20,400,ATSA,9,2144,400047,400000,1021,7.787,rand_lt_st,continuous,seed,False,40,0.2,4,10,-5.0,5.0,be99d56,2026-07-16T11:55:13+00:00,1.4014,285431,28522,114576,106509,35824,0
ta26,20,20,400,ATSA,10,2138,400362,400000,1020,7.929,rand_lt_st,continuous,seed,False,40,0.2,4,10,-5.0,5.0,be99d56,2026-07-16T11:55:13+00:00,1.401,285731,28355,114591,107012,35773,0
ta26,20,20,400,ATSA,11,2052,400230,400000,1023,7.728,rand_lt_st,continuous,seed,False,40,0.2,4,10,-5.0,5.0,be99d56,2026-07-16T11:55:13+00:00,1.3999,285880,28425,114310,107409,35736,0
ta26,20,20,400,ATSA,12,2023,400323,400000,1020,7.765,rand_lt_st,continuous,seed,False,40,0.2,4,10,-5.0,5.0,be99d56,2026-07-16T11:55:13+00:00,1.4001,285887,28755,114396,107136,35600,0
ta26,20,20,400,ATSA,13,2021,400357,400000,1020,7.857,rand_lt_st,continuous,seed,False,40,0.2,4,10,-5.0,5.0,be99d56,2026-07-16T11:55:13+00:00,1.4013,285678,28369,114639,106821,35849,0
ta26,20,20,400,ATSA,14,1915,400094,400000,1022,7.673,rand_lt_st,continuous,seed,False,40,0.2,4,10,-5.0,5.0,be99d56,2026-07-16T11:55:13+00:00,1.3998,285792,28389,114262,107302,35839,0
ta26,20,20,400,ATSA,15,2016,400174,400000,1020,7.817,rand_lt_st,continuous,seed,False,40,0.2,4,10,-5.0,5.0,be99d56,2026-07-16T11:55:13+00:00,1.4012,285572,28346,114562,107138,35526,0
ta26,20,20,400,ATSA,16,2018,400194,400000,1021,7.691,rand_lt_st,continuous,seed,False,40,0.2,4,10,-5.0,5.0,be99d56,2026-07-16T11:55:13+00:00,1.3991,286012,28779,114142,107122,35969,0
ta26,20,20,400,ATSA,17,1985,400103,400000,1019,7.746,rand_lt_st,continuous,seed,False,40,0.2,4,10,-5.0,5.0,be99d56,2026-07-16T11:55:13+00:00,1.4002,285721,28496,114342,106929,35954,0
ta26,20,20,400,ATSA,18,1992,400049,400000,1021,7.812,rand_lt_st,continuous,seed,False,40,0.2,4,10,-5.0,5.0,be99d56,2026-07-16T11:55:13+00:00,1.4002,285685,28486,114324,107086,35789,0
ta26,20,20,400,ATSA,19,1993,400036,400000,1020,7.793,rand_lt_st,continuous,seed,False,40,0.2,4,10,-5.0,5.0,be99d56,2026-07-16T11:55:13+00:00,1.3994,285842,28664,114154,107394,35630,0
ta27,20,20,400,ATSA,0,2051,400184,400000,1022,7.782,rand_lt_st,continuous,seed,False,40,0.2,4,10,-5.0,5.0,be99d56,2026-07-16T11:55:21+00:00,1.3984,286144,28383,114000,107764,35997,0
ta27,20,20,400,ATSA,1,2090,400028,400000,1019,7.665,rand_lt_st,continuous,seed,False,40,0.2,4,10,-5.0,5.0,be99d56,2026-07-16T11:55:21+00:00,1.4002,285675,28583,114313,107016,35763,0
ta27,20,20,400,ATSA,2,2037,400384,400000,1020,7.96,rand_lt_st,continuous,seed,False,40,0.2,4,10,-5.0,5.0,be99d56,2026-07-16T11:55:21+00:00,1.4008,285793,28451,114551,107262,35529,0
ta27,20,20,400,ATSA,3,2101,400042,400000,1021,7.549,rand_lt_st,continuous,seed,False,40,0.2,4,10,-5.0,5.0,be99d56,2026-07-16T11:55:21+00:00,1.4009,285530,28203,114472,107494,35361,0
ta27,20,20,400,ATSA,4,2021,400234,400000,1020,7.872,rand_lt_st,continuous,seed,False,40,0.2,4,10,-5.0,5.0,be99d56,2026-07-16T11:55:21+00:00,1.3997,285908,28660,114286,107381,35581,0
ta27,20,20,400,ATSA,5,2186,400001,400000,1018,7.728,rand_lt_st,continuous,seed,False,40,0.2,4,10,-5.0,5.0,be99d56,2026-07-16T11:55:21+00:00,1.4015,285381,28421,114580,106879,35501,0
ta27,20,20,400,ATSA,6,2198,400283,400000,1020,8.01,rand_lt_st,continuous,seed,False,40,0.2,4,10,-5.0,5.0,be99d56,2026-07-16T11:55:21+00:00,1.4013,285623,28853,114620,106589,35561,0
ta27,20,20,400,ATSA,7,2088,400173,400000,1021,7.461,rand_lt_st,continuous,seed,False,40,0.2,4,10,-5.0,5.0,be99d56,2026-07-16T11:55:21+00:00,1.4018,285441,28122,114692,107026,35601,0
ta27,20,20,400,ATSA,8,2015,400248,400000,1021,7.833,rand_lt_st,continuous,seed,False,40,0.2,4,10,-5.0,5.0,be99d56,2026-07-16T11:55:21+00:00,1.3994,285994,28439,114214,107527,35814,0
ta27,20,20,400,ATSA,9,2106,400047,400000,1021,7.82,rand_lt_st,continuous,seed,False,40,0.2,4,10,-5.0,5.0,be99d56,2026-07-16T11:55:21+00:00,1.4014,285431,28522,114576,106509,35824,0
ta27,20,20,400,ATSA,10,2103,400362,400000,1020,7.846,rand_lt_st,continuous,seed,False,40,0.2,4,10,-5.0,5.0,be99d56,2026-07-16T11:55:21+00:00,1.401,285731,28355,114591,107012,35773,0
ta27,20,20,400,ATSA,11,2092,400230,400000,1023,7.884,rand_lt_st,continuous,seed,False,40,0.2,4,10,-5.0,5.0,be99d56,2026-07-16T11:55:21+00:00,1.3999,285880,28425,114310,107409,35736,0
ta27,20,20,400,ATSA,12,2097,400323,400000,1020,7.479,rand_lt_st,continuous,seed,False,40,0.2,4,10,-5.0,5.0,be99d56,2026-07-16T11:55:21+00:00,1.4001,285887,28755,114396,107136,35600,0
ta27,20,20,400,ATSA,13,2147,400357,400000,1020,7.764,rand_lt_st,continuous,seed,False,40,0.2,4,10,-5.0,5.0,be99d56,2026-07-16T11:55:21+00:00,1.4013,285678,28369,114639,106821,35849,0
ta27,20,20,400,ATSA,14,2014,400094,400000,1022,7.791,rand_lt_st,continuous,seed,False,40,0.2,4,10,-5.0,5.0,be99d56,2026-07-16T11:55:21+00:00,1.3998,285792,28389,114262,107302,35839,0
ta27,20,20,400,ATSA,15,2112,400174,400000,1020,7.952,rand_lt_st,continuous,seed,False,40,0.2,4,10,-5.0,5.0,be99d56,2026-07-16T11:55:21+00:00,1.4012,285572,28346,114562,107138,35526,0
ta27,20,20,400,ATSA,16,2052,400194,400000,1021,7.759,rand_lt_st,continuous,seed,False,40,0.2,4,10,-5.0,5.0,be99d56,2026-07-16T11:55:21+00:00,1.3991,286012,28779,114142,107122,35969,0
ta27,20,20,400,ATSA,17,2185,400103,400000,1019,7.922,rand_lt_st,continuous,seed,False,40,0.2,4,10,-5.0,5.0,be99d56,2026-07-16T11:55:21+00:00,1.4002,285721,28496,114342,106929,35954,0
ta27,20,20,400,ATSA,18,2109,400049,400000,1021,7.698,rand_lt_st,continuous,seed,False,40,0.2,4,10,-5.0,5.0,be99d56,2026-07-16T11:55:21+00:00,1.4002,285685,28486,114324,107086,35789,0
ta27,20,20,400,ATSA,19,1992,400036,400000,1020,7.892,rand_lt_st,continuous,seed,False,40,0.2,4,10,-5.0,5.0,be99d56,2026-07-16T11:55:21+00:00,1.3994,285842,28664,114154,107394,35630,0
ta28,20,20,400,ATSA,0,1976,400184,400000,1022,8.234,rand_lt_st,continuous,seed,False,40,0.2,4,10,-5.0,5.0,be99d56,2026-07-16T11:55:30+00:00,1.3984,286144,28383,114000,107764,35997,0
ta28,20,20,400,ATSA,1,2008,400028,400000,1019,8.367,rand_lt_st,continuous,seed,False,40,0.2,4,10,-5.0,5.0,be99d56,2026-07-16T11:55:30+00:00,1.4002,285675,28583,114313,107016,35763,0
ta28,20,20,400,ATSA,2,2024,400384,400000,1020,8.346,rand_lt_st,continuous,seed,False,40,0.2,4,10,-5.0,5.0,be99d56,2026-07-16T11:55:30+00:00,1.4008,285793,28451,114551,107262,35529,0
ta28,20,20,400,ATSA,3,1997,400042,400000,1021,8.119,rand_lt_st,continuous,seed,False,40,0.2,4,10,-5.0,5.0,be99d56,2026-07-16T11:55:30+00:00,1.4009,285530,28203,114472,107494,35361,0
ta28,20,20,400,ATSA,4,1940,400234,400000,1020,8.28,rand_lt_st,continuous,seed,False,40,0.2,4,10,-5.0,5.0,be99d56,2026-07-16T11:55:30+00:00,1.3997,285908,28660,114286,107381,35581,0
ta28,20,20,400,ATSA,5,1947,400001,400000,1018,8.151,rand_lt_st,continuous,seed,False,40,0.2,4,10,-5.0,5.0,be99d56,2026-07-16T11:55:30+00:00,1.4015,285381,28421,114580,106879,35501,0
ta28,20,20,400,ATSA,6,1943,400283,400000,1020,8.318,rand_lt_st,continuous,seed,False,40,0.2,4,10,-5.0,5.0,be99d56,2026-07-16T11:55:30+00:00,1.4013,285623,28853,114620,106589,35561,0
ta28,20,20,400,ATSA,7,1969,400173,400000,1021,8.246,rand_lt_st,continuous,seed,False,40,0.2,4,10,-5.0,5.0,be99d56,2026-07-16T11:55:30+00:00,1.4018,285441,28122,114692,107026,35601,0
ta28,20,20,400,ATSA,8,1882,400248,400000,1021,8.182,rand_lt_st,continuous,seed,False,40,0.2,4,10,-5.0,5.0,be99d56,2026-07-16T11:55:30+00:00,1.3994,285994,28439,114214,107527,35814,0
ta28,20,20,400,ATSA,9,1904,400047,400000,1021,8.175,rand_lt_st,continuous,seed,False,40,0.2,4,10,-5.0,5.0,be99d56,2026-07-16T11:55:30+00:00,1.4014,285431,28522,114576,106509,35824,0
ta28,20,20,400,ATSA,10,1965,400362,400000,1020,8.249,rand_lt_st,continuous,seed,False,40,0.2,4,10,-5.0,5.0,be99d56,2026-07-16T11:55:30+00:00,1.401,285731,28355,114591,107012,35773,0
ta28,20,20,400,ATSA,11,2025,400230,400000,1023,8.059,rand_lt_st,continuous,seed,False,40,0.2,4,10,-5.0,5.0,be99d56,2026-07-16T11:55:29+00:00,1.3999,285880,28425,114310,107409,35736,0
ta28,20,20,400,ATSA,12,1992,400323,400000,1020,7.988,rand_lt_st,continuous,seed,False,40,0.2,4,10,-5.0,5.0,be99d56,2026-07-16T11:55:29+00:00,1.4001,285887,28755,114396,107136,35600,0
ta28,20,20,400,ATSA,13,1910,400357,400000,1020,8.349,rand_lt_st,continuous,seed,False,40,0.2,4,10,-5.0,5.0,be99d56,2026-07-16T11:55:30+00:00,1.4013,285678,28369,114639,106821,35849,0
ta28,20,20,400,ATSA,14,1935,400094,400000,1022,8.244,rand_lt_st,continuous,seed,False,40,0.2,4,10,-5.0,5.0,be99d56,2026-07-16T11:55:30+00:00,1.3998,285792,28389,114262,107302,35839,0
ta28,20,20,400,ATSA,15,1906,400174,400000,1020,8.3,rand_lt_st,continuous,seed,False,40,0.2,4,10,-5.0,5.0,be99d56,2026-07-16T11:55:30+00:00,1.4012,285572,28346,114562,107138,35526,0
ta28,20,20,400,ATSA,16,1884,400194,400000,1021,8.22,rand_lt_st,continuous,seed,False,40,0.2,4,10,-5.0,5.0,be99d56,2026-07-16T11:55:30+00:00,1.3991,286012,28779,114142,107122,35969,0
ta28,20,20,400,ATSA,17,1980,400103,400000,1019,8.37,rand_lt_st,continuous,seed,False,40,0.2,4,10,-5.0,5.0,be99d56,2026-07-16T11:55:30+00:00,1.4002,285721,28496,114342,106929,35954,0
ta28,20,20,400,ATSA,18,1946,400049,400000,1021,8.17,rand_lt_st,continuous,seed,False,40,0.2,4,10,-5.0,5.0,be99d56,2026-07-16T11:55:30+00:00,1.4002,285685,28486,114324,107086,35789,0
ta28,20,20,400,ATSA,19,1942,400036,400000,1020,8.078,rand_lt_st,continuous,seed,False,40,0.2,4,10,-5.0,5.0,be99d56,2026-07-16T11:55:29+00:00,1.3994,285842,28664,114154,107394,35630,0
ta29,20,20,400,ATSA,0,1898,400184,400000,1022,7.999,rand_lt_st,continuous,seed,False,40,0.2,4,10,-5.0,5.0,be99d56,2026-07-16T11:55:38+00:00,1.3984,286144,28383,114000,107764,35997,0
ta29,20,20,400,ATSA,1,1961,400028,400000,1019,7.839,rand_lt_st,continuous,seed,False,40,0.2,4,10,-5.0,5.0,be99d56,2026-07-16T11:55:38+00:00,1.4002,285675,28583,114313,107016,35763,0
ta29,20,20,400,ATSA,2,2027,400384,400000,1020,7.95,rand_lt_st,continuous,seed,False,40,0.2,4,10,-5.0,5.0,be99d56,2026-07-16T11:55:38+00:00,1.4008,285793,28451,114551,107262,35529,0
ta29,20,20,400,ATSA,3,2005,400042,400000,1021,7.872,rand_lt_st,continuous,seed,False,40,0.2,4,10,-5.0,5.0,be99d56,2026-07-16T11:55:38+00:00,1.4009,285530,28203,114472,107494,35361,0
ta29,20,20,400,ATSA,4,1920,400234,400000,1020,7.886,rand_lt_st,continuous,seed,False,40,0.2,4,10,-5.0,5.0,be99d56,2026-07-16T11:55:38+00:00,1.3997,285908,28660,114286,107381,35581,0
ta29,20,20,400,ATSA,5,2009,400001,400000,1018,7.911,rand_lt_st,continuous,seed,False,40,0.2,4,10,-5.0,5.0,be99d56,2026-07-16T11:55:38+00:00,1.4015,285381,28421,114580,106879,35501,0
ta29,20,20,400,ATSA,6,2103,400283,400000,1020,7.912,rand_lt_st,continuous,seed,False,40,0.2,4,10,-5.0,5.0,be99d56,2026-07-16T11:55:38+00:00,1.4013,285623,28853,114620,106589,35561,0
ta29,20,20,400,ATSA,7,1958,400173,400000,1021,7.843,rand_lt_st,continuous,seed,False,40,0.2,4,10,-5.0,5.0,be99d56,2026-07-16T11:55:38+00:00,1.4018,285441,28122,114692,107026,35601,0
ta29,20,20,400,ATSA,8,1980,400248,400000,1021,7.481,rand_lt_st,continuous,seed,False,40,0.2,4,10,-5.0,5.0,be99d56,2026-07-16T11:55:37+00:00,1.3994,285994,28439,114214,107527,35814,0
ta29,20,20,400,ATSA,9,2003,400047,400000,1021,7.681,rand_lt_st,continuous,seed,False,40,0.2,4,10,-5.0,5.0,be99d56,2026-07-16T11:55:37+00:00,1.4014,285431,28522,114576,106509,35824,0
ta29,20,20,400,ATSA,10,2057,400362,400000,1020,7.764,rand_lt_st,continuous,seed,False,40,0.2,4,10,-5.0,5.0,be99d56,2026-07-16T11:55:38+00:00,1.401,285731,28355,114591,107012,35773,0
ta29,20,20,400,ATSA,11,2045,400230,400000,1023,7.878,rand_lt_st,continuous,seed,False,40,0.2,4,10,-5.0,5.0,be99d56,2026-07-16T11:55:38+00:00,1.3999,285880,28425,114310,107409,35736,0
ta29,20,20,400,ATSA,12,1892,400323,400000,1020,7.663,rand_lt_st,continuous,seed,False,40,0.2,4,10,-5.0,5.0,be99d56,2026-07-16T11:55:37+00:00,1.4001,285887,28755,114396,107136,35600,0
ta29,20,20,400,ATSA,13,2061,400357,400000,1020,7.899,rand_lt_st,continuous,seed,False,40,0.2,4,10,-5.0,5.0,be99d56,2026-07-16T11:55:38+00:00,1.4013,285678,28369,114639,106821,35849,0
ta29,20,20,400,ATSA,14,1922,400094,400000,1022,8.023,rand_lt_st,continuous,seed,False,40,0.2,4,10,-5.0,5.0,be99d56,2026-07-16T11:55:38+00:00,1.3998,285792,28389,114262,107302,35839,0
ta29,20,20,400,ATSA,15,1968,400174,400000,1020,7.913,rand_lt_st,continuous,seed,False,40,0.2,4,10,-5.0,5.0,be99d56,2026-07-16T11:55:38+00:00,1.4012,285572,28346,114562,107138,35526,0
ta29,20,20,400,ATSA,16,1954,400194,400000,1021,7.988,rand_lt_st,continuous,seed,False,40,0.2,4,10,-5.0,5.0,be99d56,2026-07-16T11:55:38+00:00,1.3991,286012,28779,114142,107122,35969,0
ta29,20,20,400,ATSA,17,1962,400103,400000,1019,7.636,rand_lt_st,continuous,seed,False,40,0.2,4,10,-5.0,5.0,be99d56,2026-07-16T11:55:37+00:00,1.4002,285721,28496,114342,106929,35954,0
ta29,20,20,400,ATSA,18,1909,400049,400000,1021,7.88,rand_lt_st,continuous,seed,False,40,0.2,4,10,-5.0,5.0,be99d56,2026-07-16T11:55:38+00:00,1.4002,285685,28486,114324,107086,35789,0
ta29,20,20,400,ATSA,19,1984,400036,400000,1020,7.938,rand_lt_st,continuous,seed,False,40,0.2,4,10,-5.0,5.0,be99d56,2026-07-16T11:55:38+00:00,1.3994,285842,28664,114154,107394,35630,0
ta30,20,20,400,ATSA,0,1961,400184,400000,1022,7.54,rand_lt_st,continuous,seed,False,40,0.2,4,10,-5.0,5.0,be99d56,2026-07-16T11:55:45+00:00,1.3984,286144,28383,114000,107764,35997,0
ta30,20,20,400,ATSA,1,1986,400028,400000,1019,7.804,rand_lt_st,continuous,seed,False,40,0.2,4,10,-5.0,5.0,be99d56,2026-07-16T11:55:46+00:00,1.4002,285675,28583,114313,107016,35763,0
ta30,20,20,400,ATSA,2,1896,400384,400000,1020,7.853,rand_lt_st,continuous,seed,False,40,0.2,4,10,-5.0,5.0,be99d56,2026-07-16T11:55:46+00:00,1.4008,285793,28451,114551,107262,35529,0
ta30,20,20,400,ATSA,3,2041,400042,400000,1021,7.959,rand_lt_st,continuous,seed,False,40,0.2,4,10,-5.0,5.0,be99d56,2026-07-16T11:55:46+00:00,1.4009,285530,28203,114472,107494,35361,0
ta30,20,20,400,ATSA,4,1926,400234,400000,1020,7.716,rand_lt_st,continuous,seed,False,40,0.2,4,10,-5.0,5.0,be99d56,2026-07-16T11:55:46+00:00,1.3997,285908,28660,114286,107381,35581,0
ta30,20,20,400,ATSA,5,1937,400001,400000,1018,7.715,rand_lt_st,continuous,seed,False,40,0.2,4,10,-5.0,5.0,be99d56,2026-07-16T11:55:46+00:00,1.4015,285381,28421,114580,106879,35501,0
ta30,20,20,400,ATSA,6,1991,400283,400000,1020,7.865,rand_lt_st,continuous,seed,False,40,0.2,4,10,-5.0,5.0,be99d56,2026-07-16T11:55:46+00:00,1.4013,285623,28853,114620,106589,35561,0
ta30,20,20,400,ATSA,7,1930,400173,400000,1021,7.731,rand_lt_st,continuous,seed,False,40,0.2,4,10,-5.0,5.0,be99d56,2026-07-16T11:55:46+00:00,1.4018,285441,28122,114692,107026,35601,0
ta30,20,20,400,ATSA,8,1883,400248,400000,1021,7.852,rand_lt_st,continuous,seed,False,40,0.2,4,10,-5.0,5.0,be99d56,2026-07-16T11:55:46+00:00,1.3994,285994,28439,114214,107527,35814,0
ta30,20,20,400,ATSA,9,1948,400047,400000,1021,7.791,rand_lt_st,continuous,seed,False,40,0.2,4,10,-5.0,5.0,be99d56,2026-07-16T11:55:46+00:00,1.4014,285431,28522,114576,106509,35824,0
ta30,20,20,400,ATSA,10,1906,400362,400000,1020,7.844,rand_lt_st,continuous,seed,False,40,0.2,4,10,-5.0,5.0,be99d56,2026-07-16T11:55:46+00:00,1.401,285731,28355,114591,107012,35773,0
ta30,20,20,400,ATSA,11,2051,400230,400000,1023,8.035,rand_lt_st,continuous,seed,False,40,0.2,4,10,-5.0,5.0,be99d56,2026-07-16T11:55:46+00:00,1.3999,285880,28425,114310,107409,35736,0
ta30,20,20,400,ATSA,12,1958,400323,400000,1020,7.797,rand_lt_st,continuous,seed,False,40,0.2,4,10,-5.0,5.0,be99d56,2026-07-16T11:55:46+00:00,1.4001,285887,28755,114396,107136,35600,0
ta30,20,20,400,ATSA,13,2020,400357,400000,1020,7.669,rand_lt_st,continuous,seed,False,40,0.2,4,10,-5.0,5.0,be99d56,2026-07-16T11:55:46+00:00,1.4013,285678,28369,114639,106821,35849,0
ta30,20,20,400,ATSA,14,2056,400094,400000,1022,8.265,rand_lt_st,continuous,seed,False,40,0.2,4,10,-5.0,5.0,be99d56,2026-07-16T11:55:46+00:00,1.3998,285792,28389,114262,107302,35839,0
ta30,20,20,400,ATSA,15,1925,400174,400000,1020,7.758,rand_lt_st,continuous,seed,False,40,0.2,4,10,-5.0,5.0,be99d56,2026-07-16T11:55:46+00:00,1.4012,285572,28346,114562,107138,35526,0
ta30,20,20,400,ATSA,16,1960,400194,400000,1021,7.955,rand_lt_st,continuous,seed,False,40,0.2,4,10,-5.0,5.0,be99d56,2026-07-16T11:55:46+00:00,1.3991,286012,28779,114142,107122,35969,0
ta30,20,20,400,ATSA,17,1984,400103,400000,1019,7.861,rand_lt_st,continuous,seed,False,40,0.2,4,10,-5.0,5.0,be99d56,2026-07-16T11:55:46+00:00,1.4002,285721,28496,114342,106929,35954,0
ta30,20,20,400,ATSA,18,1924,400049,400000,1021,7.79,rand_lt_st,continuous,seed,False,40,0.2,4,10,-5.0,5.0,be99d56,2026-07-16T11:55:46+00:00,1.4002,285685,28486,114324,107086,35789,0
ta30,20,20,400,ATSA,19,1886,400036,400000,1020,7.841,rand_lt_st,continuous,seed,False,40,0.2,4,10,-5.0,5.0,be99d56,2026-07-16T11:55:46+00:00,1.3994,285842,28664,114154,107394,35630,0
ta31,30,15,450,ATSA,0,2174,450031,450000,1145,10.308,rand_lt_st,continuous,seed,False,40,0.2,4,10,-5.0,5.0,be99d56,2026-07-16T11:55:56+00:00,1.4015,321079,32042,128912,120104,40021,0
ta31,30,15,450,ATSA,1,2042,450254,450000,1147,10.364,rand_lt_st,continuous,seed,False,40,0.2,4,10,-5.0,5.0,be99d56,2026-07-16T11:55:56+00:00,1.4002,321545,32003,128669,120528,40345,0
ta31,30,15,450,ATSA,2,2049,450081,450000,1150,9.8,rand_lt_st,continuous,seed,False,40,0.2,4,10,-5.0,5.0,be99d56,2026-07-16T11:55:56+00:00,1.4,321451,32226,128590,120189,40446,0
ta31,30,15,450,ATSA,3,2216,450073,450000,1148,10.391,rand_lt_st,continuous,seed,False,40,0.2,4,10,-5.0,5.0,be99d56,2026-07-16T11:55:57+00:00,1.3985,321807,32285,128226,121665,39631,0
ta31,30,15,450,ATSA,4,2104,450336,450000,1147,10.376,rand_lt_st,continuous,seed,False,40,0.2,4,10,-5.0,5.0,be99d56,2026-07-16T11:55:56+00:00,1.4007,321470,32322,128826,120285,40037,0
ta31,30,15,450,ATSA,5,2028,450380,450000,1147,10.043,rand_lt_st,continuous,seed,False,40,0.2,4,10,-5.0,5.0,be99d56,2026-07-16T11:55:56+00:00,1.4012,321403,32294,128937,120410,39762,0
ta31,30,15,450,ATSA,6,2225,450017,450000,1150,10.339,rand_lt_st,continuous,seed,False,40,0.2,4,10,-5.0,5.0,be99d56,2026-07-16T11:55:56+00:00,1.3992,321599,32405,128378,120666,40150,0
ta31,30,15,450,ATSA,7,2219,450289,450000,1149,10.112,rand_lt_st,continuous,seed,False,40,0.2,4,10,-5.0,5.0,be99d56,2026-07-16T11:55:56+00:00,1.3995,321727,32170,128522,120907,40128,0
ta31,30,15,450,ATSA,8,2196,450343,450000,1148,10.433,rand_lt_st,continuous,seed,False,40,0.2,4,10,-5.0,5.0,be99d56,2026-07-16T11:55:57+00:00,1.4017,321261,32275,129042,120324,39620,0
ta31,30,15,450,ATSA,9,2184,450354,450000,1145,10.382,rand_lt_st,continuous,seed,False,40,0.2,4,10,-5.0,5.0,be99d56,2026-07-16T11:55:57+00:00,1.4006,321504,31992,128810,120609,40093,0
ta31,30,15,450,ATSA,10,2172,450046,450000,1150,10.179,rand_lt_st,continuous,seed,False,40,0.2,4,10,-5.0,5.0,be99d56,2026-07-16T11:55:56+00:00,1.3988,321707,32275,128299,120903,40230,0
ta31,30,15,450,ATSA,11,2128,450179,450000,1151,10.397,rand_lt_st,continuous,seed,False,40,0.2,4,10,-5.0,5.0,be99d56,2026-07-16T11:55:57+00:00,1.3988,321808,31870,128331,120874,40733,0
ta31,30,15,450,ATSA,12,2071,450131,450000,1151,10.337,rand_lt_st,continuous,seed,False,40,0.2,4,10,-5.0,5.0,be99d56,2026-07-16T11:55:56+00:00,1.3992,321683,32260,128408,120535,40480,0
ta31,30,15,450,ATSA,13,2296,450149,450000,1148,9.994,rand_lt_st,continuous,seed,False,40,0.2,4,10,-5.0,5.0,be99d56,2026-07-16T11:55:56+00:00,1.4004,321415,32032,128694,120463,40226,0
ta31,30,15,450,ATSA,14,2140,450051,450000,1146,10.187,rand_lt_st,continuous,seed,False,40,0.2,4,10,-5.0,5.0,be99d56,2026-07-16T11:55:56+00:00,1.399,321664,32269,128347,121307,39741,0
ta31,30,15,450,ATSA,15,2176,450018,450000,1149,9.784,rand_lt_st,continuous,seed,False,40,0.2,4,10,-5.0,5.0,be99d56,2026-07-16T11:55:56+00:00,1.3989,321670,32307,128308,121018,40037,0
ta31,30,15,450,ATSA,16,2048,450156,450000,1147,10.298,rand_lt_st,continuous,seed,False,40,0.2,4,10,-5.0,5.0,be99d56,2026-07-16T11:55:56+00:00,1.4004,321431,32239,128685,120049,40458,0
ta31,30,15,450,ATSA,17,2167,450188,450000,1149,9.871,rand_lt_st,continuous,seed,False,40,0.2,4,10,-5.0,5.0,be99d56,2026-07-16T11:55:56+00:00,1.3984,321892,32189,128256,121149,40298,0
ta31,30,15,450,ATSA,18,2208,450139,450000,1149,10.32,rand_lt_st,continuous,seed,False,40,0.2,4,10,-5.0,5.0,be99d56,2026-07-16T11:55:56+00:00,1.3991,321697,32371,128402,120598,40326,0
ta31,30,15,450,ATSA,19,2112,450409,450000,1150,10.331,rand_lt_st,continuous,seed,False,40,0.2,4,10,-5.0,5.0,be99d56,2026-07-16T11:55:56+00:00,1.3994,321827,32313,128542,120692,40280,0
ta32,30,15,450,ATSA,0,2220,450031,450000,1145,10.896,rand_lt_st,continuous,seed,False,40,0.2,4,10,-5.0,5.0,be99d56,2026-07-16T11:56:07+00:00,1.4015,321079,32042,128912,120104,40021,0
ta32,30,15,450,ATSA,1,2196,450254,450000,1147,11.396,rand_lt_st,continuous,seed,False,40,0.2,4,10,-5.0,5.0,be99d56,2026-07-16T11:56:08+00:00,1.4002,321545,32003,128669,120528,40345,0
ta32,30,15,450,ATSA,2,2245,450081,450000,1150,10.892,rand_lt_st,continuous,seed,False,40,0.2,4,10,-5.0,5.0,be99d56,2026-07-16T11:56:07+00:00,1.4,321451,32226,128590,120189,40446,0
ta32,30,15,450,ATSA,3,2338,450073,450000,1148,11.289,rand_lt_st,continuous,seed,False,40,0.2,4,10,-5.0,5.0,be99d56,2026-07-16T11:56:08+00:00,1.3985,321807,32285,128226,121665,39631,0
ta32,30,15,450,ATSA,4,2347,450336,450000,1147,11.215,rand_lt_st,continuous,seed,False,40,0.2,4,10,-5.0,5.0,be99d56,2026-07-16T11:56:08+00:00,1.4007,321470,32322,128826,120285,40037,0
ta32,30,15,450,ATSA,5,2376,450380,450000,1147,11.278,rand_lt_st,continuous,seed,False,40,0.2,4,10,-5.0,5.0,be99d56,2026-07-16T11:56:08+00:00,1.4012,321403,32294,128937,120410,39762,0
ta32,30,15,450,ATSA,6,2201,450017,450000,1150,10.785,rand_lt_st,continuous,seed,False,40,0.2,4,10,-5.0,5.0,be99d56,2026-07-16T11:56:07+00:00,1.3992,321599,32405,128378,120666,40150,0
ta32,30,15,450,ATSA,7,2301,450289,450000,1149,11.161,rand_lt_st,continuous,seed,False,40,0.2,4,10,-5.0,5.0,be99d56,2026-07-16T11:56:08+00:00,1.3995,321727,32170,128522,120907,40128,0
ta32,30,15,450,ATSA,8,2288,450343,450000,1148,11.183,rand_lt_st,continuous,seed,False,40,0.2,4,10,-5.0,5.0,be99d56,2026-07-16T11:56:08+00:00,1.4017,321261,32275,129042,120324,39620,0
ta32,30,15,450,ATSA,9,2345,450354,450000,1145,11.186,rand_lt_st,continuous,seed,False,40,0.2,4,10,-5.0,5.0,be99d56,2026-07-16T11:56:08+00:00,1.4006,321504,31992,128810,120609,40093,0
ta32,30,15,450,ATSA,10,2341,450046,450000,1150,11.366,rand_lt_st,continuous,seed,False,40,0.2,4,10,-5.0,5.0,be99d56,2026-07-16T11:56:08+00:00,1.3988,321707,32275,128299,120903,40230,0
ta32,30,15,450,ATSA,11,2329,450179,450000,1151,11.315,rand_lt_st,continuous,seed,False,40,0.2,4,10,-5.0,5.0,be99d56,2026-07-16T11:56:08+00:00,1.3988,321808,31870,128331,120874,40733,0
ta32,30,15,450,ATSA,12,2342,450131,450000,1151,11.116,rand_lt_st,continuous,seed,False,40,0.2,4,10,-5.0,5.0,be99d56,2026-07-16T11:56:08+00:00,1.3992,321683,32260,128408,120535,40480,0
ta32,30,15,450,ATSA,13,2153,450149,450000,1148,11.353,rand_lt_st,continuous,seed,False,40,0.2,4,10,-5.0,5.0,be99d56,2026-07-16T11:56:08+00:00,1.4004,321415,32032,128694,120463,40226,0
ta32,30,15,450,ATSA,14,2343,450051,450000,1146,11.202,rand_lt_st,continuous,seed,False,40,0.2,4,10,-5.0,5.0,be99d56,2026-07-16T11:56:08+00:00,1.399,321664,32269,128347,121307,39741,0
ta32,30,15,450,ATSA,15,2265,450018,450000,1149,11.072,rand_lt_st,continuous,seed,False,40,0.2,4,10,-5.0,5.0,be99d56,2026-07-16T11:56:08+00:00,1.3989,321670,32307,128308,121018,40037,0
ta32,30,15,450,ATSA,16,2204,450156,450000,1147,10.881,rand_lt_st,continuous,seed,False,40,0.2,4,10,-5.0,5.0,be99d56,2026-07-16T11:56:07+00:00,1.4004,321431,32239,128685,120049,40458,0
ta32,30,15,450,ATSA,17,2131,450188,450000,1149,10.865,rand_lt_st,continuous,seed,False,40,0.2,4,10,-5.0,5.0,be99d56,2026-07-16T11:56:07+00:00,1.3984,321892,32189,128256,121149,40298,0
ta32,30,15,450,ATSA,18,2285,450139,450000,1149,11.275,rand_lt_st,continuous,seed,False,40,0.2,4,10,-5.0,5.0,be99d56,2026-07-16T11:56:08+00:00,1.3991,321697,32371,128402,120598,40326,0
ta32,30,15,450,ATSA,19,2295,450409,450000,1150,11.148,rand_lt_st,continuous,seed,False,40,0.2,4,10,-5.0,5.0,be99d56,2026-07-16T11:56:08+00:00,1.3994,321827,32313,128542,120692,40280,0
ta33,30,15,450,ATSA,0,2296,450031,450000,1145,12.414,rand_lt_st,continuous,seed,False,40,0.2,4,10,-5.0,5.0,be99d56,2026-07-16T11:56:20+00:00,1.4015,321079,32042,128912,120104,40021,0
ta33,30,15,450,ATSA,1,2345,450254,450000,1147,12.256,rand_lt_st,continuous,seed,False,40,0.2,4,10,-5.0,5.0,be99d56,2026-07-16T11:56:20+00:00,1.4002,321545,32003,128669,120528,40345,0
ta33,30,15,450,ATSA,2,2224,450081,450000,1150,12.433,rand_lt_st,continuous,seed,False,40,0.2,4,10,-5.0,5.0,be99d56,2026-07-16T11:56:20+00:00,1.4,321451,32226,128590,120189,40446,0
ta33,30,15,450,ATSA,3,2333,450073,450000,1148,12.223,rand_lt_st,continuous,seed,False,40,0.2,4,10,-5.0,5.0,be99d56,2026-07-16T11:56:20+00:00,1.3985,321807,32285,128226,121665,39631,0
ta33,30,15,450,ATSA,4,2334,450336,450000,1147,12.166,rand_lt_st,continuous,seed,False,40,0.2,4,10,-5.0,5.0,be99d56,2026-07-16T11:56:20+00:00,1.4007,321470,32322,128826,120285,40037,0
ta33,30,15,450,ATSA,5,2274,450380,450000,1147,12.294,rand_lt_st,continuous,seed,False,40,0.2,4,10,-5.0,5.0,be99d56,2026-07-16T11:56:20+00:00,1.4012,321403,32294,128937,120410,39762,0
ta33,30,15,450,ATSA,6,2313,450017,450000,1150,12.27,rand_lt_st,continuous,seed,False,40,0.2,4,10,-5.0,5.0,be99d56,2026-07-16T11:56:20+00:00,1.3992,321599,32405,128378,120666,40150,0
ta33,30,15,450,ATSA,7,2247,450289,450000,1149,11.836,rand_lt_st,continuous,seed,False,40,0.2,4,10,-5.0,5.0,be99d56,2026-07-16T11:56:20+00:00,1.3995,321727,32170,128522,120907,40128,0
ta33,30,15,450,ATSA,8,2262,450343,450000,1148,11.944,rand_lt_st,continuous,seed,False,40,0.2,4,10,-5.0,5.0,be99d56,2026-07-16T11:56:20+00:00,1.4017,321261,32275,129042,120324,39620,0
ta33,30,15,450,ATSA,9,2276,450354,450000,1145,11.875,rand_lt_st,continuous,seed,False,40,0.2,4,10,-5.0,5.0,be99d56,2026-07-16T11:56:20+00:00,1.4006,321504,31992,128810,120609,40093,0
ta33,30,15,450,ATSA,10,2289,450046,450000,1150,12.224,rand_lt_st,continuous,seed,False,40,0.2,4,10,-5.0,5.0,be99d56,2026-07-16T11:56:20+00:00,1.3988,321707,32275,128299,120903,40230,0
ta33,30,15,450,ATSA,11,2337,450179,450000,1151,12.245,rand_lt_st,continuous,seed,False,40,0.2,4,10,-5.0,5.0,be99d56,2026-07-16T11:56:20+00:00,1.3988,321808,31870,128331,120874,40733,0
ta33,30,15,450,ATSA,12,2185,450131,450000,1151,12.285,rand_lt_st,continuous,seed,False,40,0.2,4,10,-5.0,5.0,be99d56,2026-07-16T11:56:20+00:00,1.3992,321683,32260,128408,120535,40480,0
ta33,30,15,450,ATSA,13,2259,450149,450000,1148,11.919,rand_lt_st,continuous,seed,False,40,0.2,4,10,-5.0,5.0,be99d56,2026-07-16T11:56:20+00:00,1.4004,321415,32032,128694,120463,40226,0
ta33,30,15,450,ATSA,14,2265,450051,450000,1146,12.225,rand_lt_st,continuous,seed,False,40,0.2,4,10,-5.0,5.0,be99d56,2026-07-16T11:56:20+00:00,1.399,321664,32269,128347,121307,39741,0
ta33,30,15,450,ATSA,15,2269,450018,450000,1149,12.234,rand_lt_st,continuous,seed,False,40,0.2,4,10,-5.0,5.0,be99d56,2026-07-16T11:56:20+00:00,1.3989,321670,32307,128308,121018,40037,0
ta33,30,15,450,ATSA,16,2304,450156,450000,1147,12.207,rand_lt_st,continuous,seed,False,40,0.2,4,10,-5.0,5.0,be99d56,2026-07-16T11:56:20+00:00,1.4004,321431,32239,128685,120049,40458,0
ta33,30,15,450,ATSA,17,2218,450188,450000,1149,12.612,rand_lt_st,continuous,seed,False,40,0.2,4,10,-5.0,5.0,be99d56,2026-07-16T11:56:21+00:00,1.3984,321892,32189,128256,121149,40298,0
ta33,30,15,450,ATSA,18,2170,450139,450000,1149,12.187,rand_lt_st,continuous,seed,False,40,0.2,4,10,-5.0,5.0,be99d56,2026-07-16T11:56:20+00:00,1.3991,321697,32371,128402,120598,40326,0
ta33,30,15,450,ATSA,19,2179,450409,450000,1150,12.35,rand_lt_st,continuous,seed,False,40,0.2,4,10,-5.0,5.0,be99d56,2026-07-16T11:56:20+00:00,1.3994,321827,32313,128542,120692,40280,0
ta34,30,15,450,ATSA,0,2136,450031,450000,1145,10.488,rand_lt_st,continuous,seed,False,40,0.2,4,10,-5.0,5.0,be99d56,2026-07-16T11:56:31+00:00,1.4015,321079,32042,128912,120104,40021,0
ta34,30,15,450,ATSA,1,2261,450254,450000,1147,10.23,rand_lt_st,continuous,seed,False,40,0.2,4,10,-5.0,5.0,be99d56,2026-07-16T11:56:31+00:00,1.4002,321545,32003,128669,120528,40345,0
ta34,30,15,450,ATSA,2,2229,450081,450000,1150,10.386,rand_lt_st,continuous,seed,False,40,0.2,4,10,-5.0,5.0,be99d56,2026-07-16T11:56:31+00:00,1.4,321451,32226,128590,120189,40446,0
ta34,30,15,450,ATSA,3,2201,450073,450000,1148,10.458,rand_lt_st,continuous,seed,False,40,0.2,4,10,-5.0,5.0,be99d56,2026-07-16T11:56:31+00:00,1.3985,321807,32285,128226,121665,39631,0
ta34,30,15,450,ATSA,4,2267,450336,450000,1147,10.195,rand_lt_st,continuous,seed,False,40,0.2,4,10,-5.0,5.0,be99d56,2026-07-16T11:56:31+00:00,1.4007,321470,32322,128826,120285,40037,0
ta34,30,15,450,ATSA,5,2381,450380,450000,1147,10.062,rand_lt_st,continuous,seed,False,40,0.2,4,10,-5.0,5.0,be99d56,2026-07-16T11:56:31+00:00,1.4012,321403,32294,128937,120410,39762,0
ta34,30,15,450,ATSA,6,2464,450017,450000,1150,10.334,rand_lt_st,continuous,seed,False,40,0.2,4,10,-5.0,5.0,be99d56,2026-07-16T11:56:31+00:00,1.3992,321599,32405,128378,120666,40150,0
ta34,30,15,450,ATSA,7,2273,450289,450000,1149,10.147,rand_lt_st,continuous,seed,False,40,0.2,4,10,-5.0,5.0,be99d56,2026-07-16T11:56:31+00:00,1.3995,321727,32170,128522,120907,40128,0
ta34,30,15,450,ATSA,8,2224,450343,450000,1148,10.123,rand_lt_st,continuous,seed,False,40,0.2,4,10,-5.0,5.0,be99d56,2026-07-16T11:56:31+00:00,1.4017,321261,32275,129042,120324,39620,0
ta34,30,15,450,ATSA,9,2289,450354,450000,1145,10.359,rand_lt_st,continuous,seed,False,40,0.2,4,10,-5.0,5.0,be99d56,2026-07-16T11:56:31+00:00,1.4006,321504,31992,128810,120609,40093,0
ta34,30,15,450,ATSA,10,2159,450046,450000,1150,10.421,rand_lt_st,continuous,seed,False,40,0.2,4,10,-5.0,5.0,be99d56,2026-07-16T11:56:31+00:00,1.3988,321707,32275,128299,120903,40230,0
ta34,30,15,450,ATSA,11,2294,450179,450000,1151,10.384,rand_lt_st,continuous,seed,False,40,0.2,4,10,-5.0,5.0,be99d56,2026-07-16T11:56:31+00:00,1.3988,321808,31870,128331,120874,40733,0
ta34,30,15,450,ATSA,12,2265,450131,450000,1151,10.552,rand_lt_st,continuous,seed,False,40,0.2,4,10,-5.0,5.0,be99d56,2026-07-16T11:56:31+00:00,1.3992,321683,32260,128408,120535,40480,0
ta34,30,15,450,ATSA,13,2290,450149,450000,1148,10.453,rand_lt_st,continuous,seed,False,40,0.2,4,10,-5.0,5.0,be99d56,2026-07-16T11:56:31+00:00,1.4004,321415,32032,128694,120463,40226,0
ta34,30,15,450,ATSA,14,2237,450051,450000,1146,10.577,rand_lt_st,continuous,seed,False,40,0.2,4,10,-5.0,5.0,be99d56,2026-07-16T11:56:31+00:00,1.399,321664,32269,128347,121307,39741,0
ta34,30,15,450,ATSA,15,2224,450018,450000,1149,10.066,rand_lt_st,continuous,seed,False,40,0.2,4,10,-5.0,5.0,be99d56,2026-07-16T11:56:31+00:00,1.3989,321670,32307,128308,121018,40037,0
ta34,30,15,450,ATSA,16,2217,450156,450000,1147,10.569,rand_lt_st,continuous,seed,False,40,0.2,4,10,-5.0,5.0,be99d56,2026-07-16T11:56:31+00:00,1.4004,321431,32239,128685,120049,40458,0
ta34,30,15,450,ATSA,17,2179,450188,450000,1149,9.77,rand_lt_st,continuous,seed,False,40,0.2,4,10,-5.0,5.0,be99d56,2026-07-16T11:56:30+00:00,1.3984,321892,32189,128256,121149,40298,0
ta34,30,15,450,ATSA,18,2212,450139,450000,1149,9.876,rand_lt_st,continuous,seed,False,40,0.2,4,10,-5.0,5.0,be99d56,2026-07-16T11:56:31+00:00,1.3991,321697,32371,128402,120598,40326,0
ta34,30,15,450,ATSA,19,2286,450409,450000,1150,10.457,rand_lt_st,continuous,seed,False,40,0.2,4,10,-5.0,5.0,be99d56,2026-07-16T11:56:31+00:00,1.3994,321827,32313,128542,120692,40280,0
ta35,30,15,450,ATSA,0,2380,450031,450000,1145,10.271,rand_lt_st,continuous,seed,False,40,0.2,4,10,-5.0,5.0,be99d56,2026-07-16T11:56:41+00:00,1.4015,321079,32042,128912,120104,40021,0
ta35,30,15,450,ATSA,1,2437,450254,450000,1147,10.588,rand_lt_st,continuous,seed,False,40,0.2,4,10,-5.0,5.0,be99d56,2026-07-16T11:56:42+00:00,1.4002,321545,32003,128669,120528,40345,0
ta35,30,15,450,ATSA,2,2314,450081,450000,1150,10.453,rand_lt_st,continuous,seed,False,40,0.2,4,10,-5.0,5.0,be99d56,2026-07-16T11:56:42+00:00,1.4,321451,32226,128590,120189,40446,0
ta35,30,15,450,ATSA,3,2434,450073,450000,1148,10.486,rand_lt_st,continuous,seed,False,40,0.2,4,10,-5.0,5.0,be99d56,2026-07-16T11:56:42+00:00,1.3985,321807,32285,128226,121665,39631,0
ta35,30,15,450,ATSA,4,2267,450336,450000,1147,10.369,rand_lt_st,continuous,seed,False,40,0.2,4,10,-5.0,5.0,be99d56,2026-07-16T11:56:42+00:00,1.4007,321470,32322,128826,120285,40037,0
ta35,30,15,450,ATSA,5,2326,450380,450000,1147,10.57,rand_lt_st,continuous,seed,False,40,0.2,4,10,-5.0,5.0,be99d56,2026-07-16T11:56:42+00:00,1.4012,321403,32294,128937,120410,39762,0
ta35,30,15,450,ATSA,6,2425,450017,450000,1150,10.302,rand_lt_st,continuous,seed,False,40,0.2,4,10,-5.0,5.0,be99d56,2026-07-16T11:56:42+00:00,1.3992,321599,32405,128378,120666,40150,0
ta35,30,15,450,ATSA,7,2325,450289,450000,1149,10.597,rand_lt_st,continuous,seed,False,40,0.2,4,10,-5.0,5.0,be99d56,2026-07-16T11:56:42+00:00,1.3995,321727,32170,128522,120907,40128,0
ta35,30,15,450,ATSA,8,2529,450343,450000,1148,10.449,rand_lt_st,continuous,seed,False,40,0.2,4,10,-5.0,5.0,be99d56,2026-07-16T11:56:42+00:00,1.4017,321261,32275,129042,120324,39620,0
ta35,30,15,450,ATSA,9,2283,450354,450000,1145,10.416,rand_lt_st,continuous,seed,False,40,0.2,4,10,-5.0,5.0,be99d56,2026-07-16T11:56:42+00:00,1.4006,321504,31992,128810,120609,40093,0
ta35,30,15,450,ATSA,10,2366,450046,450000,1150,10.737,rand_lt_st,continuous,seed,False,40,0.2,4,10,-5.0,5.0,be99d56,2026-07-16T11:56:42+00:00,1.3988,321707,32275,128299,120903,40230,0
ta35,30,15,450,ATSA,11,2387,450179,450000,1151,10.695,rand_lt_st,continuous,seed,False,40,0.2,4,10,-5.0,5.0,be99d56,2026-07-16T11:56:42+00:00,1.3988,321808,31870,128331,120874,40733,0
ta35,30,15,450,ATSA,12,2383,450131,450000,1151,10.47,rand_lt_st,continuous,seed,False,40,0.2,4,10,-5.0,5.0,be99d56,2026-07-16T11:56:42+00:00,1.3992,321683,32260,128408,120535,40480,0
ta35,30,15,450,ATSA,13,2392,450149,450000,1148,10.623,rand_lt_st,continuous,seed,False,40,0.2,4,10,-5.0,5.0,be99d56,2026-07-16T11:56:42+00:00,1.4004,321415,32032,128694,120463,40226,0
ta35,30,15,450,ATSA,14,2343,450051,450000,1146,10.531,rand_lt_st,continuous,seed,False,40,0.2,4,10,-5.0,5.0,be99d56,2026-07-16T11:56:42+00:00,1.399,321664,32269,128347,121307,39741,0
ta35,30,15,450,ATSA,15,2351,450018,450000,1149,10.503,rand_lt_st,continuous,seed,False,40,0.2,4,10,-5.0,5.0,be99d56,2026-07-16T11:56:42+00:00,1.3989,321670,32307,128308,121018,40037,0
ta35,30,15,450,ATSA,16,2357,450156,450000,1147,10.114,rand_lt_st,continuous,seed,False,40,0.2,4,10,-5.0,5.0,be99d56,2026-07-16T11:56:41+00:00,1.4004,321431,32239,128685,120049,40458,0
ta35,30,15,450,ATSA,17,2313,450188,450000,1149,10.274,rand_lt_st,continuous,seed,False,40,0.2,4,10,-5.0,5.0,be99d56,2026-07-16T11:56:41+00:00,1.3984,321892,32189,128256,121149,40298,0
ta35,30,15,450,ATSA,18,2404,450139,450000,1149,10.663,rand_lt_st,continuous,seed,False,40,0.2,4,10,-5.0,5.0,be99d56,2026-07-16T11:56:42+00:00,1.3991,321697,32371,128402,120598,40326,0
ta35,30,15,450,ATSA,19,2373,450409,450000,1150,10.5,rand_lt_st,continuous,seed,False,40,0.2,4,10,-5.0,5.0,be99d56,2026-07-16T11:56:42+00:00,1.3994,321827,32313,128542,120692,40280,0
ta36,30,15,450,ATSA,0,2143,450031,450000,1145,10.408,rand_lt_st,continuous,seed,False,40,0.2,4,10,-5.0,5.0,be99d56,2026-07-16T11:56:52+00:00,1.4015,321079,32042,128912,120104,40021,0
ta36,30,15,450,ATSA,1,2268,450254,450000,1147,10.164,rand_lt_st,continuous,seed,False,40,0.2,4,10,-5.0,5.0,be99d56,2026-07-16T11:56:52+00:00,1.4002,321545,32003,128669,120528,40345,0
ta36,30,15,450,ATSA,2,2204,450081,450000,1150,10.19,rand_lt_st,continuous,seed,False,40,0.2,4,10,-5.0,5.0,be99d56,2026-07-16T11:56:52+00:00,1.4,321451,32226,128590,120189,40446,0
ta36,30,15,450,ATSA,3,2225,450073,450000,1148,10.437,rand_lt_st,continuous,seed,False,40,0.2,4,10,-5.0,5.0,be99d56,2026-07-16T11:56:52+00:00,1.3985,321807,32285,128226,121665,39631,0
ta36,30,15,450,ATSA,4,2253,450336,450000,1147,10.147,rand_lt_st,continuous,seed,False,40,0.2,4,10,-5.0,5.0,be99d56,2026-07-16T11:56:52+00:00,1.4007,321470,32322,128826,120285,40037,0
ta36,30,15,450,ATSA,5,2124,450380,450000,1147,10.283,rand_lt_st,continuous,seed,False,40,0.2,4,10,-5.0,5.0,be99d56,2026-07-16T11:56:52+00:00,1.4012,321403,32294,128937,120410,39762,0
ta36,30,15,450,ATSA,6,2111,450017,450000,1150,10.285,rand_lt_st,continuous,seed,False,40,0.2,4,10,-5.0,5.0,be99d56,2026-07-16T11:56:52+00:00,1.3992,321599,32405,128378,120666,40150,0
ta36,30,15,450,ATSA,7,2400,450289,450000,1149,10.026,rand_lt_st,continuous,seed,False,40,0.2,4,10,-5.0,5.0,be99d56,2026-07-16T11:56:52+00:00,1.3995,321727,32170,128522,120907,40128,0
ta36,30,15,450,ATSA,8,2206,450343,450000,1148,10.41,rand_lt_st,continuous,seed,False,40,0.2,4,10,-5.0,5.0,be99d56,2026-07-16T11:56:52+00:00,1.4017,321261,32275,129042,120324,39620,0
ta36,30,15,450,ATSA,9,2334,450354,450000,1145,10.349,rand_lt_st,continuous,seed,False,40,0.2,4,10,-5.0,5.0,be99d56,2026-07-16T11:56:52+00:00,1.4006,321504,31992,128810,120609,40093,0
ta36,30,15,450,ATSA,10,2342,450046,450000,1150,10.255,rand_lt_st,continuous,seed,False,40,0.2,4,10,-5.0,5.0,be99d56,2026-07-16T11:56:52+00:00,1.3988,321707,32275,128299,120903,40230,0
ta36,30,15,450,ATSA,11,2290,450179,450000,1151,10.339,rand_lt_st,continuous,seed,False,40,0.2,4,10,-5.0,5.0,be99d56,2026-07-16T11:56:52+00:00,1.3988,321808,31870,128331,120874,40733,0
ta36,30,15,450,ATSA,12,2292,450131,450000,1151,10.361,rand_lt_st,continuous,seed,False,40,0.2,4,10,-5.0,5.0,be99d56,2026-07-16T11:56:52+00:00,1.3992,321683,32260,128408,120535,40480,0
ta36,30,15,450,ATSA,13,2287,450149,450000,1148,10.25,rand_lt_st,continuous,seed,False,40,0.2,4,10,-5.0,5.0,be99d56,2026-07-16T11:56:52+00:00,1.4004,321415,32032,128694,120463,40226,0
ta36,30,15,450,ATSA,14,2289,450051,450000,1146,10.37,rand_lt_st,continuous,seed,False,40,0.2,4,10,-5.0,5.0,be99d56,2026-07-16T11:56:52+00:00,1.399,321664,32269,128347,121307,39741,0
ta36,30,15,450,ATSA,15,2399,450018,450000,1149,10.161,rand_lt_st,continuous,seed,False,40,0.2,4,10,-5.0,5.0,be99d56,2026-07-16T11:56:52+00:00,1.3989,321670,32307,128308,121018,40037,0
ta36,30,15,450,ATSA,16,2199,450156,450000,1147,10.181,rand_lt_st,continuous,seed,False,40,0.2,4,10,-5.0,5.0,be99d56,2026-07-16T11:56:52+00:00,1.4004,321431,32239,128685,120049,40458,0
ta36,30,15,450,ATSA,17,2177,450188,450000,1149,10.487,rand_lt_st,continuous,seed,False,40,0.2,4,10,-5.0,5.0,be99d56,2026-07-16T11:56:52+00:00,1.3984,321892,32189,128256,121149,40298,0
ta36,30,15,450,ATSA,18,2257,450139,450000,1149,10.607,rand_lt_st,continuous,seed,False,40,0.2,4,10,-5.0,5.0,be99d56,2026-07-16T11:56:53+00:00,1.3991,321697,32371,128402,120598,40326,0
ta36,30,15,450,ATSA,19,2287,450409,450000,1150,10.291,rand_lt_st,continuous,seed,False,40,0.2,4,10,-5.0,5.0,be99d56,2026-07-16T11:56:52+00:00,1.3994,321827,32313,128542,120692,40280,0
ta37,30,15,450,ATSA,0,2156,450031,450000,1145,12.158,rand_lt_st,continuous,seed,False,40,0.2,4,10,-5.0,5.0,be99d56,2026-07-16T11:57:05+00:00,1.4015,321079,32042,128912,120104,40021,0
ta37,30,15,450,ATSA,1,2185,450254,450000,1147,12.565,rand_lt_st,continuous,seed,False,40,0.2,4,10,-5.0,5.0,be99d56,2026-07-16T11:57:05+00:00,1.4002,321545,32003,128669,120528,40345,0
ta37,30,15,450,ATSA,2,2215,450081,450000,1150,12.398,rand_lt_st,continuous,seed,False,40,0.2,4,10,-5.0,5.0,be99d56,2026-07-16T11:57:05+00:00,1.4,321451,32226,128590,120189,40446,0
ta37,30,15,450,ATSA,3,2061,450073,450000,1148,12.308,rand_lt_st,continuous,seed,False,40,0.2,4,10,-5.0,5.0,be99d56,2026-07-16T11:57:05+00:00,1.3985,321807,32285,128226,121665,39631,0
ta37,30,15,450,ATSA,4,2235,450336,450000,1147,11.65,rand_lt_st,continuous,seed,False,40,0.2,4,10,-5.0,5.0,be99d56,2026-07-16T11:57:04+00:00,1.4007,321470,32322,128826,120285,40037,0
ta37,30,15,450,ATSA,5,2205,450380,450000,1147,12.137,rand_lt_st,continuous,seed,False,40,0.2,4,10,-5.0,5.0,be99d56,2026-07-16T11:57:05+00:00,1.4012,321403,32294,128937,120410,39762,0
ta37,30,15,450,ATSA,6,2111,450017,450000,1150,11.971,rand_lt_st,continuous,seed,False,40,0.2,4,10,-5.0,5.0,be99d56,2026-07-16T11:57:05+00:00,1.3992,321599,32405,128378,120666,40150,0
ta37,30,15,450,ATSA,7,2236,450289,450000,1149,12.122,rand_lt_st,continuous,seed,False,40,0.2,4,10,-5.0,5.0,be99d56,2026-07-16T11:57:05+00:00,1.3995,321727,32170,128522,120907,40128,0
ta37,30,15,450,ATSA,8,2279,450343,450000,1148,12.432,rand_lt_st,continuous,seed,False,40,0.2,4,10,-5.0,5.0,be99d56,2026-07-16T11:57:05+00:00,1.4017,321261,32275,129042,120324,39620,0
ta37,30,15,450,ATSA,9,2139,450354,450000,1145,12.463,rand_lt_st,continuous,seed,False,40,0.2,4,10,-5.0,5.0,be99d56,2026-07-16T11:57:05+00:00,1.4006,321504,31992,128810,120609,40093,0
ta37,30,15,450,ATSA,10,2053,450046,450000,1150,12.073,rand_lt_st,continuous,seed,False,40,0.2,4,10,-5.0,5.0,be99d56,2026-07-16T11:57:05+00:00,1.3988,321707,32275,128299,120903,40230,0
ta37,30,15,450,ATSA,11,2301,450179,450000,1151,11.947,rand_lt_st,continuous,seed,False,40,0.2,4,10,-5.0,5.0,be99d56,2026-07-16T11:57:05+00:00,1.3988,321808,31870,128331,120874,40733,0
ta37,30,15,450,ATSA,12,2190,450131,450000,1151,12.301,rand_lt_st,continuous,seed,False,40,0.2,4,10,-5.0,5.0,be99d56,2026-07-16T11:57:05+00:00,1.3992,321683,32260,128408,120535,40480,0
ta37,30,15,450,ATSA,13,2214,450149,450000,1148,12.296,rand_lt_st,continuous,seed,False,40,0.2,4,10,-5.0,5.0,be99d56,2026-07-16T11:57:05+00:00,1.4004,321415,32032,128694,120463,40226,0
ta37,30,15,450,ATSA,14,2132,450051,450000,1146,12.323,rand_lt_st,continuous,seed,False,40,0.2,4,10,-5.0,5.0,be99d56,2026-07-16T11:57:05+00:00,1.399,321664,32269,128347,121307,39741,0
ta37,30,15,450,ATSA,15,2222,450018,450000,1149,11.844,rand_lt_st,continuous,seed,False,40,0.2,4,10,-5.0,5.0,be99d56,2026-07-16T11:57:04+00:00,1.3989,321670,32307,128308,121018,40037,0
ta37,30,15,450,ATSA,16,2195,450156,450000,1147,12.344,rand_lt_st,continuous,seed,False,40,0.2,4,10,-5.0,5.0,be99d56,2026-07-16T11:57:05+00:00,1.4004,321431,32239,128685,120049,40458,0
ta37,30,15,450,ATSA,17,2249,450188,450000,1149,12.3,rand_lt_st,continuous,seed,False,40,0.2,4,10,-5.0,5.0,be99d56,2026-07-16T11:57:05+00:00,1.3984,321892,32189,128256,121149,40298,0
ta37,30,15,450,ATSA,18,2165,450139,450000,1149,11.943,rand_lt_st,continuous,seed,False,40,0.2,4,10,-5.0,5.0,be99d56,2026-07-16T11:57:05+00:00,1.3991,321697,32371,128402,120598,40326,0
ta37,30,15,450,ATSA,19,2251,450409,450000,1150,12.417,rand_lt_st,continuous,seed,False,40,0.2,4,10,-5.0,5.0,be99d56,2026-07-16T11:57:05+00:00,1.3994,321827,32313,128542,120692,40280,0
ta38,30,15,450,ATSA,0,2106,450031,450000,1145,11.244,rand_lt_st,continuous,seed,False,40,0.2,4,10,-5.0,5.0,be99d56,2026-07-16T11:57:16+00:00,1.4015,321079,32042,128912,120104,40021,0
ta38,30,15,450,ATSA,1,2090,450254,450000,1147,11.553,rand_lt_st,continuous,seed,False,40,0.2,4,10,-5.0,5.0,be99d56,2026-07-16T11:57:17+00:00,1.4002,321545,32003,128669,120528,40345,0
ta38,30,15,450,ATSA,2,2216,450081,450000,1150,11.214,rand_lt_st,continuous,seed,False,40,0.2,4,10,-5.0,5.0,be99d56,2026-07-16T11:57:16+00:00,1.4,321451,32226,128590,120189,40446,0
ta38,30,15,450,ATSA,3,2091,450073,450000,1148,11.464,rand_lt_st,continuous,seed,False,40,0.2,4,10,-5.0,5.0,be99d56,2026-07-16T11:57:17+00:00,1.3985,321807,32285,128226,121665,39631,0
ta38,30,15,450,ATSA,4,2018,450336,450000,1147,11.38,rand_lt_st,continuous,seed,False,40,0.2,4,10,-5.0,5.0,be99d56,2026-07-16T11:57:17+00:00,1.4007,321470,32322,128826,120285,40037,0
ta38,30,15,450,ATSA,5,2063,450380,450000,1147,11.241,rand_lt_st,continuous,seed,False,40,0.2,4,10,-5.0,5.0,be99d56,2026-07-16T11:57:16+00:00,1.4012,321403,32294,128937,120410,39762,0
ta38,30,15,450,ATSA,6,2067,450017,450000,1150,11.063,rand_lt_st,continuous,seed,False,40,0.2,4,10,-5.0,5.0,be99d56,2026-07-16T11:57:16+00:00,1.3992,321599,32405,128378,120666,40150,0
ta38,30,15,450,ATSA,7,2143,450289,450000,1149,11.227,rand_lt_st,continuous,seed,False,40,0.2,4,10,-5.0,5.0,be99d56,2026-07-16T11:57:16+00:00,1.3995,321727,32170,128522,120907,40128,0
ta38,30,15,450,ATSA,8,2196,450343,450000,1148,11.441,rand_lt_st,continuous,seed,False,40,0.2,4,10,-5.0,5.0,be99d56,2026-07-16T11:57:17+00:00,1.4017,321261,32275,129042,120324,39620,0
ta38,30,15,450,ATSA,9,2194,450354,450000,1145,11.234,rand_lt_st,continuous,seed,False,40,0.2,4,10,-5.0,5.0,be99d56,2026-07-16T11:57:16+00:00,1.4006,321504,31992,128810,120609,40093,0
ta38,30,15,450,ATSA,10,2111,450046,450000,1150,11.331,rand_lt_st,continuous,seed,False,40,0.2,4,10,-5.0,5.0,be99d56,2026-07-16T11:57:17+00:00,1.3988,321707,32275,128299,120903,40230,0
ta38,30,15,450,ATSA,11,2055,450179,450000,1151,11.273,rand_lt_st,continuous,seed,False,40,0.2,4,10,-5.0,5.0,be99d56,2026-07-16T11:57:16+00:00,1.3988,321808,31870,128331,120874,40733,0
ta38,30,15,450,ATSA,12,2220,450131,450000,1151,10.925,rand_lt_st,continuous,seed,False,40,0.2,4,10,-5.0,5.0,be99d56,2026-07-16T11:57:16+00:00,1.3992,321683,32260,128408,120535,40480,0
ta38,30,15,450,ATSA,13,2035,450149,450000,1148,11.246,rand_lt_st,continuous,seed,False,40,0.2,4,10,-5.0,5.0,be99d56,2026-07-16T11:57:16+00:00,1.4004,321415,32032,128694,120463,40226,0
ta38,30,15,450,ATSA,14,2082,450051,450000,1146,11.242,rand_lt_st,continuous,seed,False,40,0.2,4,10,-5.0,5.0,be99d56,2026-07-16T11:57:16+00:00,1.399,321664,32269,128347,121307,39741,0
ta38,30,15,450,ATSA,15,2133,450018,450000,1149,10.859,rand_lt_st,continuous,seed,False,40,0.2,4,10,-5.0,5.0,be99d56,2026-07-16T11:57:16+00:00,1.3989,321670,32307,128308,121018,40037,0
ta38,30,15,450,ATSA,16,2023,450156,450000,1147,11.338,rand_lt_st,continuous,seed,False,40,0.2,4,10,-5.0,5.0,be99d56,2026-07-16T11:57:17+00:00,1.4004,321431,32239,128685,120049,40458,0
ta38,30,15,450,ATSA,17,2092,450188,450000,1149,11.324,rand_lt_st,continuous,seed,False,40,0.2,4,10,-5.0,5.0,be99d56,2026-07-16T11:57:17+00:00,1.3984,321892,32189,128256,121149,40298,0
ta38,30,15,450,ATSA,18,2234,450139,450000,1149,11.263,rand_lt_st,continuous,seed,False,40,0.2,4,10,-5.0,5.0,be99d56,2026-07-16T11:57:16+00:00,1.3991,321697,32371,128402,120598,40326,0
ta38,30,15,450,ATSA,19,2082,450409,450000,1150,11.434,rand_lt_st,continuous,seed,False,40,0.2,4,10,-5.0,5.0,be99d56,2026-07-16T11:57:17+00:00,1.3994,321827,32313,128542,120692,40280,0
ta39,30,15,450,ATSA,0,2268,450031,450000,1145,10.606,rand_lt_st,continuous,seed,False,40,0.2,4,10,-5.0,5.0,be99d56,2026-07-16T11:57:27+00:00,1.4015,321079,32042,128912,120104,40021,0
ta39,30,15,450,ATSA,1,2222,450254,450000,1147,10.499,rand_lt_st,continuous,seed,False,40,0.2,4,10,-5.0,5.0,be99d56,2026-07-16T11:57:27+00:00,1.4002,321545,32003,128669,120528,40345,0
ta39,30,15,450,ATSA,2,2207,450081,450000,1150,10.325,rand_lt_st,continuous,seed,False,40,0.2,4,10,-5.0,5.0,be99d56,2026-07-16T11:57:27+00:00,1.4,321451,32226,128590,120189,40446,0
ta39,30,15,450,ATSA,3,2176,450073,450000,1148,10.582,rand_lt_st,continuous,seed,False,40,0.2,4,10,-5.0,5.0,be99d56,2026-07-16T11:57:27+00:00,1.3985,321807,32285,128226,121665,39631,0
ta39,30,15,450,ATSA,4,2270,450336,450000,1147,10.462,rand_lt_st,continuous,seed,False,40,0.2,4,10,-5.0,5.0,be99d56,2026-07-16T11:57:27+00:00,1.4007,321470,32322,128826,120285,40037,0
ta39,30,15,450,ATSA,5,2258,450380,450000,1147,10.047,rand_lt_st,continuous,seed,False,40,0.2,4,10,-5.0,5.0,be99d56,2026-07-16T11:57:27+00:00,1.4012,321403,32294,128937,120410,39762,0
ta39,30,15,450,ATSA,6,2368,450017,450000,1150,9.936,rand_lt_st,continuous,seed,False,40,0.2,4,10,-5.0,5.0,be99d56,2026-07-16T11:57:27+00:00,1.3992,321599,32405,128378,120666,40150,0
ta39,30,15,450,ATSA,7,2319,450289,450000,1149,10.112,rand_lt_st,continuous,seed,False,40,0.2,4,10,-5.0,5.0,be99d56,2026-07-16T11:57:27+00:00,1.3995,321727,32170,128522,120907,40128,0
ta39,30,15,450,ATSA,8,2252,450343,450000,1148,10.554,rand_lt_st,continuous,seed,False,40,0.2,4,10,-5.0,5.0,be99d56,2026-07-16T11:57:27+00:00,1.4017,321261,32275,129042,120324,39620,0
ta39,30,15,450,ATSA,9,2301,450354,450000,1145,10.325,rand_lt_st,continuous,seed,False,40,0.2,4,10,-5.0,5.0,be99d56,2026-07-16T11:57:27+00:00,1.4006,321504,31992,128810,120609,40093,0
ta39,30,15,450,ATSA,10,2267,450046,450000,1150,10.705,rand_lt_st,continuous,seed,False,40,0.2,4,10,-5.0,5.0,be99d56,2026-07-16T11:57:27+00:00,1.3988,321707,32275,128299,120903,40230,0
ta39,30,15,450,ATSA,11,2264,450179,450000,1151,10.637,rand_lt_st,continuous,seed,False,40,0.2,4,10,-5.0,5.0,be99d56,2026-07-16T11:57:27+00:00,1.3988,321808,31870,128331,120874,40733,0
ta39,30,15,450,ATSA,12,2179,450131,450000,1151,10.517,rand_lt_st,continuous,seed,False,40,0.2,4,10,-5.0,5.0,be99d56,2026-07-16T11:57:27+00:00,1.3992,321683,32260,128408,120535,40480,0
ta39,30,15,450,ATSA,13,2286,450149,450000,1148,10.441,rand_lt_st,continuous,seed,False,40,0.2,4,10,-5.0,5.0,be99d56,2026-07-16T11:57:27+00:00,1.4004,321415,32032,128694,120463,40226,0
ta39,30,15,450,ATSA,14,2178,450051,450000,1146,10.336,rand_lt_st,continuous,seed,False,40,0.2,4,10,-5.0,5.0,be99d56,2026-07-16T11:57:27+00:00,1.399,321664,32269,128347,121307,39741,0
ta39,30,15,450,ATSA,15,2346,450018,450000,1149,10.508,rand_lt_st,continuous,seed,False,40,0.2,4,10,-5.0,5.0,be99d56,2026-07-16T11:57:27+00:00,1.3989,321670,32307,128308,121018,40037,0
ta39,30,15,450,ATSA,16,2270,450156,450000,1147,10.095,rand_lt_st,continuous,seed,False,40,0.2,4,10,-5.0,5.0,be99d56,2026-07-16T11:57:27+00:00,1.4004,321431,32239,128685,120049,40458,0
ta39,30,15,450,ATSA,17,2246,450188,450000,1149,10.435,rand_lt_st,continuous,seed,False,40,0.2,4,10,-5.0,5.0,be99d56,2026-07-16T11:57:27+00:00,1.3984,321892,32189,128256,121149,40298,0
ta39,30,15,450,ATSA,18,2165,450139,450000,1149,10.349,rand_lt_st,continuous,seed,False,40,0.2,4,10,-5.0,5.0,be99d56,2026-07-16T11:57:27+00:00,1.3991,321697,32371,128402,120598,40326,0
ta39,30,15,450,ATSA,19,2310,450409,450000,1150,10.223,rand_lt_st,continuous,seed,False,40,0.2,4,10,-5.0,5.0,be99d56,2026-07-16T11:57:27+00:00,1.3994,321827,32313,128542,120692,40280,0
ta40,30,15,450,ATSA,0,2108,450031,450000,1145,11.432,rand_lt_st,continuous,seed,False,40,0.2,4,10,-5.0,5.0,be99d56,2026-07-16T11:57:39+00:00,1.4015,321079,32042,128912,120104,40021,0
ta40,30,15,450,ATSA,1,2084,450254,450000,1147,11.272,rand_lt_st,continuous,seed,False,40,0.2,4,10,-5.0,5.0,be99d56,2026-07-16T11:57:39+00:00,1.4002,321545,32003,128669,120528,40345,0
ta40,30,15,450,ATSA,2,2056,450081,450000,1150,11.067,rand_lt_st,continuous,seed,False,40,0.2,4,10,-5.0,5.0,be99d56,2026-07-16T11:57:39+00:00,1.4,321451,32226,128590,120189,40446,0
ta40,30,15,450,ATSA,3,2062,450073,450000,1148,11.031,rand_lt_st,continuous,seed,False,40,0.2,4,10,-5.0,5.0,be99d56,2026-07-16T11:57:39+00:00,1.3985,321807,32285,128226,121665,39631,0
ta40,30,15,450,ATSA,4,2033,450336,450000,1147,10.527,rand_lt_st,continuous,seed,False,40,0.2,4,10,-5.0,5.0,be99d56,2026-07-16T11:57:38+00:00,1.4007,321470,32322,128826,120285,40037,0
ta40,30,15,450,ATSA,5,2016,450380,450000,1147,11.076,rand_lt_st,continuous,seed,False,40,0.2,4,10,-5.0,5.0,be99d56,2026-07-16T11:57:39+00:00,1.4012,321403,32294,128937,120410,39762,0
ta40,30,15,450,ATSA,6,2039,450017,450000,1150,10.663,rand_lt_st,continuous,seed,False,40,0.2,4,10,-5.0,5.0,be99d56,2026-07-16T11:57:38+00:00,1.3992,321599,32405,128378,120666,40150,0
ta40,30,15,450,ATSA,7,2102,450289,450000,1149,11.348,rand_lt_st,continuous,seed,False,40,0.2,4,10,-5.0,5.0,be99d56,2026-07-16T11:57:39+00:00,1.3995,321727,32170,128522,120907,40128,0
ta40,30,15,450,ATSA,8,2041,450343,450000,1148,10.877,rand_lt_st,continuous,seed,False,40,0.2,4,10,-5.0,5.0,be99d56,2026-07-16T11:57:38+00:00,1.4017,321261,32275,129042,120324,39620,0
ta40,30,15,450,ATSA,9,2049,450354,450000,1145,11.039,rand_lt_st,continuous,seed,False,40,0.2,4,10,-5.0,5.0,be99d56,2026-07-16T11:57:39+00:00,1.4006,321504,31992,128810,120609,40093,0
ta40,30,15,450,ATSA,10,2138,450046,450000,1150,11.313,rand_lt_st,continuous,seed,False,40,0.2,4,10,-5.0,5.0,be99d56,2026-07-16T11:57:39+00:00,1.3988,321707,32275,128299,120903,40230,0
ta40,30,15,450,ATSA,11,2023,450179,450000,1151,10.606,rand_lt_st,continuous,seed,False,40,0.2,4,10,-5.0,5.0,be99d56,2026-07-16T11:57:38+00:00,1.3988,321808,31870,128331,120874,40733,0
ta40,30,15,450,ATSA,12,2130,450131,450000,1151,11.133,rand_lt_st,continuous,seed,False,40,0.2,4,10,-5.0,5.0,be99d56,2026-07-16T11:57:39+00:00,1.3992,321683,32260,128408,120535,40480,0
ta40,30,15,450,ATSA,13,2051,450149,450000,1148,11.066,rand_lt_st,continuous,seed,False,40,0.2,4,10,-5.0,5.0,be99d56,2026-07-16T11:57:39+00:00,1.4004,321415,32032,128694,120463,40226,0
ta40,30,15,450,ATSA,14,2076,450051,450000,1146,11.406,rand_lt_st,continuous,seed,False,40,0.2,4,10,-5.0,5.0,be99d56,2026-07-16T11:57:39+00:00,1.399,321664,32269,128347,121307,39741,0
ta40,30,15,450,ATSA,15,2173,450018,450000,1149,11.051,rand_lt_st,continuous,seed,False,40,0.2,4,10,-5.0,5.0,be99d56,2026-07-16T11:57:39+00:00,1.3989,321670,32307,128308,121018,40037,0
ta40,30,15,450,ATSA,16,2091,450156,450000,1147,11.141,rand_lt_st,continuous,seed,False,40,0.2,4,10,-5.0,5.0,be99d56,2026-07-16T11:57:39+00:00,1.4004,321431,32239,128685,120049,40458,0
ta40,30,15,450,ATSA,17,2055,450188,450000,1149,10.931,rand_lt_st,continuous,seed,False,40,0.2,4,10,-5.0,5.0,be99d56,2026-07-16T11:57:38+00:00,1.3984,321892,32189,128256,121149,40298,0
ta40,30,15,450,ATSA,18,2082,450139,450000,1149,11.146,rand_lt_st,continuous,seed,False,40,0.2,4,10,-5.0,5.0,be99d56,2026-07-16T11:57:39+00:00,1.3991,321697,32371,128402,120598,40326,0
ta40,30,15,450,ATSA,19,2050,450409,450000,1150,11.1,rand_lt_st,continuous,seed,False,40,0.2,4,10,-5.0,5.0,be99d56,2026-07-16T11:57:39+00:00,1.3994,321827,32313,128542,120692,40280,0
ta41,30,20,600,ATSA,0,2505,600162,600000,1529,21.59,rand_lt_st,continuous,seed,False,40,0.2,4,10,-5.0,5.0,be99d56,2026-07-16T11:58:01+00:00,1.4018,428105,42358,172017,160300,53430,0
ta41,30,20,600,ATSA,1,2467,600342,600000,1537,22.058,rand_lt_st,continuous,seed,False,40,0.2,4,10,-5.0,5.0,be99d56,2026-07-16T11:58:01+00:00,1.3991,429078,42985,171224,161069,53800,0
ta41,30,20,600,ATSA,2,2663,600213,600000,1534,21.974,rand_lt_st,continuous,seed,False,40,0.2,4,10,-5.0,5.0,be99d56,2026-07-16T11:58:01+00:00,1.3997,428788,43177,171385,160666,53560,0
ta41,30,20,600,ATSA,3,2505,600311,600000,1530,22.079,rand_lt_st,continuous,seed,False,40,0.2,4,10,-5.0,5.0,be99d56,2026-07-16T11:58:01+00:00,1.4013,428360,42881,171911,160330,53238,0
ta41,30,20,600,ATSA,4,2522,600315,600000,1529,22.178,rand_lt_st,continuous,seed,False,40,0.2,4,10,-5.0,5.0,be99d56,2026-07-16T11:58:01+00:00,1.3999,428812,42817,171463,160865,53667,0
ta41,30,20,600,ATSA,5,2476,600186,600000,1531,22.007,rand_lt_st,continuous,seed,False,40,0.2,4,10,-5.0,5.0,be99d56,2026-07-16T11:58:01+00:00,1.3986,429102,43015,171044,160780,54263,0
ta41,30,20,600,ATSA,6,2532,600313,600000,1528,21.191,rand_lt_st,continuous,seed,False,40,0.2,4,10,-5.0,5.0,be99d56,2026-07-16T11:58:00+00:00,1.4007,428567,43025,171706,160236,53600,0
ta41,30,20,600,ATSA,7,2699,600340,600000,1535,21.885,rand_lt_st,continuous,seed,False,40,0.2,4,10,-5.0,5.0,be99d56,2026-07-16T11:58:01+00:00,1.4,428794,42795,171506,160817,53676,0
ta41,30,20,600,ATSA,8,2583,600017,600000,1526,22.13,rand_lt_st,continuous,seed,False,40,0.2,4,10,-5.0,5.0,be99d56,2026-07-16T11:58:01+00:00,1.4,428562,42655,171415,160556,53936,0
ta41,30,20,600,ATSA,9,2654,600271,600000,1531,22.167,rand_lt_st,continuous,seed,False,40,0.2,4,10,-5.0,5.0,be99d56,2026-07-16T11:58:01+00:00,1.401,428436,42938,171795,160432,53271,0
ta41,30,20,600,ATSA,10,2498,600047,600000,1530,21.382,rand_lt_st,continuous,seed,False,40,0.2,4,10,-5.0,5.0,be99d56,2026-07-16T11:58:00+00:00,1.4006,428392,42359,171615,160700,53718,0
ta41,30,20,600,ATSA,11,2579,600136,600000,1527,21.827,rand_lt_st,continuous,seed,False,40,0.2,4,10,-5.0,5.0,be99d56,2026-07-16T11:58:01+00:00,1.4003,428551,42759,171545,160918,53329,0
ta41,30,20,600,ATSA,12,2634,600342,600000,1526,21.501,rand_lt_st,continuous,seed,False,40,0.2,4,10,-5.0,5.0,be99d56,2026-07-16T11:58:00+00:00,1.4015,428322,42756,171980,160351,53235,0
ta41,30,20,600,ATSA,13,2635,600273,600000,1531,20.936,rand_lt_st,continuous,seed,False,40,0.2,4,10,-5.0,5.0,be99d56,2026-07-16T11:58:00+00:00,1.3989,429070,43004,171163,161171,53732,0
ta41,30,20,600,ATSA,14,2545,600321,600000,1531,21.627,rand_lt_st,continuous,seed,False,40,0.2,4,10,-5.0,5.0,be99d56,2026-07-16T11:58:01+00:00,1.3999,428799,43362,171482,160553,53402,0
ta41,30,20,600,ATSA,15,2567,600121,600000,1532,21.287,rand_lt_st,continuous,seed,False,40,0.2,4,10,-5.0,5.0,be99d56,2026-07-16T11:58:00+00:00,1.3994,428824,42892,171257,160951,53724,0
ta41,30,20,600,ATSA,16,2576,600104,600000,1531,21.981,rand_lt_st,continuous,seed,False,40,0.2,4,10,-5.0,5.0,be99d56,2026-07-16T11:58:01+00:00,1.4003,428519,42987,171545,160408,53579,0
ta41,30,20,600,ATSA,17,2666,600070,600000,1529,22.143,rand_lt_st,continuous,seed,False,40,0.2,4,10,-5.0,5.0,be99d56,2026-07-16T11:58:01+00:00,1.4001,428565,42746,171465,160933,53421,0
ta41,30,20,600,ATSA,18,2519,600054,600000,1534,21.982,rand_lt_st,continuous,seed,False,40,0.2,4,10,-5.0,5.0,be99d56,2026-07-16T11:58:01+00:00,1.3991,428851,43043,171163,161139,53506,0
ta41,30,20,600,ATSA,19,2675,600031,600000,1532,21.543,rand_lt_st,continuous,seed,False,40,0.2,4,10,-5.0,5.0,be99d56,2026-07-16T11:58:00+00:00,1.3991,428829,42552,171162,161643,53472,0
ta42,30,20,600,ATSA,0,2448,600162,600000,1529,23.014,rand_lt_st,continuous,seed,False,40,0.2,4,10,-5.0,5.0,be99d56,2026-07-16T11:58:24+00:00,1.4018,428105,42358,172017,160300,53430,0
ta42,30,20,600,ATSA,1,2670,600342,600000,1537,23.099,rand_lt_st,continuous,seed,False,40,0.2,4,10,-5.0,5.0,be99d56,2026-07-16T11:58:24+00:00,1.3991,429078,42985,171224,161069,53800,0
ta42,30,20,600,ATSA,2,2511,600213,600000,1534,22.898,rand_lt_st,continuous,seed,False,40,0.2,4,10,-5.0,5.0,be99d56,2026-07-16T11:58:24+00:00,1.3997,428788,43177,171385,160666,53560,0
ta42,30,20,600,ATSA,3,2568,600311,600000,1530,23.208,rand_lt_st,continuous,seed,False,40,0.2,4,10,-5.0,5.0,be99d56,2026-07-16T11:58:24+00:00,1.4013,428360,42881,171911,160330,53238,0
ta42,30,20,600,ATSA,4,2557,600315,600000,1529,22.549,rand_lt_st,continuous,seed,False,40,0.2,4,10,-5.0,5.0,be99d56,2026-07-16T11:58:24+00:00,1.3999,428812,42817,171463,160865,53667,0
ta42,30,20,600,ATSA,5,2498,600186,600000,1531,22.187,rand_lt_st,continuous,seed,False,40,0.2,4,10,-5.0,5.0,be99d56,2026-07-16T11:58:23+00:00,1.3986,429102,43015,171044,160780,54263,0
ta42,30,20,600,ATSA,6,2539,600313,600000,1528,22.755,rand_lt_st,continuous,seed,False,40,0.2,4,10,-5.0,5.0,be99d56,2026-07-16T11:58:24+00:00,1.4007,428567,43025,171706,160236,53600,0
ta42,30,20,600,ATSA,7,2590,600340,600000,1535,23.031,rand_lt_st,continuous,seed,False,40,0.2,4,10,-5.0,5.0,be99d56,2026-07-16T11:58:24+00:00,1.4,428794,42795,171506,160817,53676,0
ta42,30,20,600,ATSA,8,2456,600017,600000,1526,22.868,rand_lt_st,continuous,seed,False,40,0.2,4,10,-5.0,5.0,be99d56,2026-07-16T11:58:24+00:00,1.4,428562,42655,171415,160556,53936,0
ta42,30,20,600,ATSA,9,2571,600271,600000,1531,22.855,rand_lt_st,continuous,seed,False,40,0.2,4,10,-5.0,5.0,be99d56,2026-07-16T11:58:24+00:00,1.401,428436,42938,171795,160432,53271,0
ta42,30,20,600,ATSA,10,2606,600047,600000,1530,23.197,rand_lt_st,continuous,seed,False,40,0.2,4,10,-5.0,5.0,be99d56,2026-07-16T11:58:24+00:00,1.4006,428392,42359,171615,160700,53718,0
ta42,30,20,600,ATSA,11,2439,600136,600000,1527,23.017,rand_lt_st,continuous,seed,False,40,0.2,4,10,-5.0,5.0,be99d56,2026-07-16T11:58:24+00:00,1.4003,428551,42759,171545,160918,53329,0
ta42,30,20,600,ATSA,12,2420,600342,600000,1526,22.889,rand_lt_st,continuous,seed,False,40,0.2,4,10,-5.0,5.0,be99d56,2026-07-16T11:58:24+00:00,1.4015,428322,42756,171980,160351,53235,0
ta42,30,20,600,ATSA,13,2546,600273,600000,1531,22.591,rand_lt_st,continuous,seed,False,40,0.2,4,10,-5.0,5.0,be99d56,2026-07-16T11:58:24+00:00,1.3989,429070,43004,171163,161171,53732,0
ta42,30,20,600,ATSA,14,2581,600321,600000,1531,22.561,rand_lt_st,continuous,seed,False,40,0.2,4,10,-5.0,5.0,be99d56,2026-07-16T11:58:24+00:00,1.3999,428799,43362,171482,160553,53402,0
ta42,30,20,600,ATSA,15,2697,600121,600000,1532,22.78,rand_lt_st,continuous,seed,False,40,0.2,4,10,-5.0,5.0,be99d56,2026-07-16T11:58:24+00:00,1.3994,428824,42892,171257,160951,53724,0
ta42,30,20,600,ATSA,16,2643,600104,600000,1531,23.168,rand_lt_st,continuous,seed,False,40,0.2,4,10,-5.0,5.0,be99d56,2026-07-16T11:58:24+00:00,1.4003,428519,42987,171545,160408,53579,0
ta42,30,20,600,ATSA,17,2535,600070,600000,1529,22.044,rand_lt_st,continuous,seed,False,40,0.2,4,10,-5.0,5.0,be99d56,2026-07-16T11:58:23+00:00,1.4001,428565,42746,171465,160933,53421,0
ta42,30,20,600,ATSA,18,2439,600054,600000,1534,22.624,rand_lt_st,continuous,seed,False,40,0.2,4,10,-5.0,5.0,be99d56,2026-07-16T11:58:24+00:00,1.3991,428851,43043,171163,161139,53506,0
ta42,30,20,600,ATSA,19,2502,600031,600000,1532,23.173,rand_lt_st,continuous,seed,False,40,0.2,4,10,-5.0,5.0,be99d56,2026-07-16T11:58:24+00:00,1.3991,428829,42552,171162,161643,53472,0
ta43,30,20,600,ATSA,0,2328,600162,600000,1529,19.92,rand_lt_st,continuous,seed,False,40,0.2,4,10,-5.0,5.0,be99d56,2026-07-16T11:58:44+00:00,1.4018,428105,42358,172017,160300,53430,0
ta43,30,20,600,ATSA,1,2322,600342,600000,1537,20.048,rand_lt_st,continuous,seed,False,40,0.2,4,10,-5.0,5.0,be99d56,2026-07-16T11:58:44+00:00,1.3991,429078,42985,171224,161069,53800,0
ta43,30,20,600,ATSA,2,2369,600213,600000,1534,19.966,rand_lt_st,continuous,seed,False,40,0.2,4,10,-5.0,5.0,be99d56,2026-07-16T11:58:44+00:00,1.3997,428788,43177,171385,160666,53560,0
ta43,30,20,600,ATSA,3,2426,600311,600000,1530,18.662,rand_lt_st,continuous,seed,False,40,0.2,4,10,-5.0,5.0,be99d56,2026-07-16T11:58:43+00:00,1.4013,428360,42881,171911,160330,53238,0
ta43,30,20,600,ATSA,4,2382,600315,600000,1529,19.99,rand_lt_st,continuous,seed,False,40,0.2,4,10,-5.0,5.0,be99d56,2026-07-16T11:58:44+00:00,1.3999,428812,42817,171463,160865,53667,0
ta43,30,20,600,ATSA,5,2284,600186,600000,1531,20.016,rand_lt_st,continuous,seed,False,40,0.2,4,10,-5.0,5.0,be99d56,2026-07-16T11:58:44+00:00,1.3986,429102,43015,171044,160780,54263,0
ta43,30,20,600,ATSA,6,2657,600313,600000,1528,19.863,rand_lt_st,continuous,seed,False,40,0.2,4,10,-5.0,5.0,be99d56,2026-07-16T11:58:44+00:00,1.4007,428567,43025,171706,160236,53600,0
ta43,30,20,600,ATSA,7,2377,600340,600000,1535,19.931,rand_lt_st,continuous,seed,False,40,0.2,4,10,-5.0,5.0,be99d56,2026-07-16T11:58:44+00:00,1.4,428794,42795,171506,160817,53676,0
ta43,30,20,600,ATSA,8,2506,600017,600000,1526,20.161,rand_lt_st,continuous,seed,False,40,0.2,4,10,-5.0,5.0,be99d56,2026-07-16T11:58:45+00:00,1.4,428562,42655,171415,160556,53936,0
ta43,30,20,600,ATSA,9,2520,600271,600000,1531,20.49,rand_lt_st,continuous,seed,False,40,0.2,4,10,-5.0,5.0,be99d56,2026-07-16T11:58:45+00:00,1.401,428436,42938,171795,160432,53271,0
ta43,30,20,600,ATSA,10,2456,600047,600000,1530,20.275,rand_lt_st,continuous,seed,False,40,0.2,4,10,-5.0,5.0,be99d56,2026-07-16T11:58:45+00:00,1.4006,428392,42359,171615,160700,53718,0
ta43,30,20,600,ATSA,11,2410,600136,600000,1527,19.693,rand_lt_st,continuous,seed,False,40,0.2,4,10,-5.0,5.0,be99d56,2026-07-16T11:58:44+00:00,1.4003,428551,42759,171545,160918,53329,0
ta43,30,20,600,ATSA,12,2387,600342,600000,1526,19.437,rand_lt_st,continuous,seed,False,40,0.2,4,10,-5.0,5.0,be99d56,2026-07-16T11:58:44+00:00,1.4015,428322,42756,171980,160351,53235,0
ta43,30,20,600,ATSA,13,2377,600273,600000,1531,20.079,rand_lt_st,continuous,seed,False,40,0.2,4,10,-5.0,5.0,be99d56,2026-07-16T11:58:44+00:00,1.3989,429070,43004,171163,161171,53732,0
ta43,30,20,600,ATSA,14,2482,600321,600000,1531,20.107,rand_lt_st,continuous,seed,False,40,0.2,4,10,-5.0,5.0,be99d56,2026-07-16T11:58:44+00:00,1.3999,428799,43362,171482,160553,53402,0
ta43,30,20,600,ATSA,15,2617,600121,600000,1532,19.367,rand_lt_st,continuous,seed,False,40,0.2,4,10,-5.0,5.0,be99d56,2026-07-16T11:58:44+00:00,1.3994,428824,42892,171257,160951,53724,0
ta43,30,20,600,ATSA,16,2453,600104,600000,1531,19.778,rand_lt_st,continuous,seed,False,40,0.2,4,10,-5.0,5.0,be99d56,2026-07-16T11:58:44+00:00,1.4003,428519,42987,171545,160408,53579,0
ta43,30,20,600,ATSA,17,2390,600070,600000,1529,19.936,rand_lt_st,continuous,seed,False,40,0.2,4,10,-5.0,5.0,be99d56,2026-07-16T11:58:44+00:00,1.4001,428565,42746,171465,160933,53421,0
ta43,30,20,600,ATSA,18,2327,600054,600000,1534,20.013,rand_lt_st,continuous,seed,False,40,0.2,4,10,-5.0,5.0,be99d56,2026-07-16T11:58:44+00:00,1.3991,428851,43043,171163,161139,53506,0
ta43,30,20,600,ATSA,19,2558,600031,600000,1532,19.782,rand_lt_st,continuous,seed,False,40,0.2,4,10,-5.0,5.0,be99d56,2026-07-16T11:58:44+00:00,1.3991,428829,42552,171162,161643,53472,0
ta44,30,20,600,ATSA,0,2686,600162,600000,1529,20.731,rand_lt_st,continuous,seed,False,40,0.2,4,10,-5.0,5.0,be99d56,2026-07-16T11:59:06+00:00,1.4018,428105,42358,172017,160300,53430,0
ta44,30,20,600,ATSA,1,2660,600342,600000,1537,21.735,rand_lt_st,continuous,seed,False,40,0.2,4,10,-5.0,5.0,be99d56,2026-07-16T11:59:07+00:00,1.3991,429078,42985,171224,161069,53800,0
ta44,30,20,600,ATSA,2,2529,600213,600000,1534,21.826,rand_lt_st,continuous,seed,False,40,0.2,4,10,-5.0,5.0,be99d56,2026-07-16T11:59:07+00:00,1.3997,428788,43177,171385,160666,53560,0
ta44,30,20,600,ATSA,3,2563,600311,600000,1530,21.836,rand_lt_st,continuous,seed,False,40,0.2,4,10,-5.0,5.0,be99d56,2026-07-16T11:59:07+00:00,1.4013,428360,42881,171911,160330,53238,0
ta44,30,20,600,ATSA,4,2565,600315,600000,1529,21.547,rand_lt_st,continuous,seed,False,40,0.2,4,10,-5.0,5.0,be99d56,2026-07-16T11:59:06+00:00,1.3999,428812,42817,171463,160865,53667,0
ta44,30,20,600,ATSA,5,2665,600186,600000,1531,21.523,rand_lt_st,continuous,seed,False,40,0.2,4,10,-5.0,5.0,be99d56,2026-07-16T11:59:06+00:00,1.3986,429102,43015,171044,160780,54263,0
ta44,30,20,600,ATSA,6,2529,600313,600000,1528,21.633,rand_lt_st,continuous,seed,False,40,0.2,4,10,-5.0,5.0,be99d56,2026-07-16T11:59:06+00:00,1.4007,428567,43025,171706,160236,53600,0
ta44,30,20,600,ATSA,7,2667,600340,600000,1535,21.475,rand_lt_st,continuous,seed,False,40,0.2,4,10,-5.0,5.0,be99d56,2026-07-16T11:59:06+00:00,1.4,428794,42795,171506,160817,53676,0
ta44,30,20,600,ATSA,8,2505,600017,600000,1526,21.433,rand_lt_st,continuous,seed,False,40,0.2,4,10,-5.0,5.0,be99d56,2026-07-16T11:59:06+00:00,1.4,428562,42655,171415,160556,53936,0
ta44,30,20,600,ATSA,9,2582,600271,600000,1531,21.708,rand_lt_st,continuous,seed,False,40,0.2,4,10,-5.0,5.0,be99d56,2026-07-16T11:59:07+00:00,1.401,428436,42938,171795,160432,53271,0
ta44,30,20,600,ATSA,10,2439,600047,600000,1530,21.622,rand_lt_st,continuous,seed,False,40,0.2,4,10,-5.0,5.0,be99d56,2026-07-16T11:59:06+00:00,1.4006,428392,42359,171615,160700,53718,0
ta44,30,20,600,ATSA,11,2489,600136,600000,1527,21.788,rand_lt_st,continuous,seed,False,40,0.2,4,10,-5.0,5.0,be99d56,2026-07-16T11:59:07+00:00,1.4003,428551,42759,171545,160918,53329,0
ta44,30,20,600,ATSA,12,2605,600342,600000,1526,21.929,rand_lt_st,continuous,seed,False,40,0.2,4,10,-5.0,5.0,be99d56,2026-07-16T11:59:07+00:00,1.4015,428322,42756,171980,160351,53235,0
ta44,30,20,600,ATSA,13,2529,600273,600000,1531,21.488,rand_lt_st,continuous,seed,False,40,0.2,4,10,-5.0,5.0,be99d56,2026-07-16T11:59:06+00:00,1.3989,429070,43004,171163,161171,53732,0
ta44,30,20,600,ATSA,14,2634,600321,600000,1531,21.576,rand_lt_st,continuous,seed,False,40,0.2,4,10,-5.0,5.0,be99d56,2026-07-16T11:59:06+00:00,1.3999,428799,43362,171482,160553,53402,0
ta44,30,20,600,ATSA,15,2719,600121,600000,1532,21.039,rand_lt_st,continuous,seed,False,40,0.2,4,10,-5.0,5.0,be99d56,2026-07-16T11:59:06+00:00,1.3994,428824,42892,171257,160951,53724,0
ta44,30,20,600,ATSA,16,2546,600104,600000,1531,21.201,rand_lt_st,continuous,seed,False,40,0.2,4,10,-5.0,5.0,be99d56,2026-07-16T11:59:06+00:00,1.4003,428519,42987,171545,160408,53579,0
ta44,30,20,600,ATSA,17,2503,600070,600000,1529,21.003,rand_lt_st,continuous,seed,False,40,0.2,4,10,-5.0,5.0,be99d56,2026-07-16T11:59:06+00:00,1.4001,428565,42746,171465,160933,53421,0
ta44,30,20,600,ATSA,18,2483,600054,600000,1534,21.74,rand_lt_st,continuous,seed,False,40,0.2,4,10,-5.0,5.0,be99d56,2026-07-16T11:59:07+00:00,1.3991,428851,43043,171163,161139,53506,0
ta44,30,20,600,ATSA,19,2563,600031,600000,1532,20.94,rand_lt_st,continuous,seed,False,40,0.2,4,10,-5.0,5.0,be99d56,2026-07-16T11:59:06+00:00,1.3991,428829,42552,171162,161643,53472,0
ta45,30,20,600,ATSA,0,2439,600162,600000,1529,22.612,rand_lt_st,continuous,seed,False,40,0.2,4,10,-5.0,5.0,be99d56,2026-07-16T11:59:29+00:00,1.4018,428105,42358,172017,160300,53430,0
ta45,30,20,600,ATSA,1,2624,600342,600000,1537,22.343,rand_lt_st,continuous,seed,False,40,0.2,4,10,-5.0,5.0,be99d56,2026-07-16T11:59:29+00:00,1.3991,429078,42985,171224,161069,53800,0
ta45,30,20,600,ATSA,2,2523,600213,600000,1534,22.35,rand_lt_st,continuous,seed,False,40,0.2,4,10,-5.0,5.0,be99d56,2026-07-16T11:59:29+00:00,1.3997,428788,43177,171385,160666,53560,0
ta45,30,20,600,ATSA,3,2544,600311,600000,1530,22.516,rand_lt_st,continuous,seed,False,40,0.2,4,10,-5.0,5.0,be99d56,2026-07-16T11:59:29+00:00,1.4013,428360,42881,171911,160330,53238,0
ta45,30,20,600,ATSA,4,2512,600315,600000,1529,22.582,rand_lt_st,continuous,seed,False,40,0.2,4,10,-5.0,5.0,be99d56,2026-07-16T11:59:29+00:00,1.3999,428812,42817,171463,160865,53667,0
ta45,30,20,600,ATSA,5,2413,600186,600000,1531,22.685,rand_lt_st,continuous,seed,False,40,0.2,4,10,-5.0,5.0,be99d56,2026-07-16T11:59:29+00:00,1.3986,429102,43015,171044,160780,54263,0
ta45,30,20,600,ATSA,6,2517,600313,600000,1528,21.801,rand_lt_st,continuous,seed,False,40,0.2,4,10,-5.0,5.0,be99d56,2026-07-16T11:59:29+00:00,1.4007,428567,43025,171706,160236,53600,0
ta45,30,20,600,ATSA,7,2499,600340,600000,1535,22.248,rand_lt_st,continuous,seed,False,40,0.2,4,10,-5.0,5.0,be99d56,2026-07-16T11:59:29+00:00,1.4,428794,42795,171506,160817,53676,0
ta45,30,20,600,ATSA,8,2515,600017,600000,1526,22.423,rand_lt_st,continuous,seed,False,40,0.2,4,10,-5.0,5.0,be99d56,2026-07-16T11:59:29+00:00,1.4,428562,42655,171415,160556,53936,0
ta45,30,20,600,ATSA,9,2453,600271,600000,1531,21.939,rand_lt_st,continuous,seed,False,40,0.2,4,10,-5.0,5.0,be99d56,2026-07-16T11:59:29+00:00,1.401,428436,42938,171795,160432,53271,0
ta45,30,20,600,ATSA,10,2479,600047,600000,1530,22.683,rand_lt_st,continuous,seed,False,40,0.2,4,10,-5.0,5.0,be99d56,2026-07-16T11:59:29+00:00,1.4006,428392,42359,171615,160700,53718,0
ta45,30,20,600,ATSA,11,2484,600136,600000,1527,22.434,rand_lt_st,continuous,seed,False,40,0.2,4,10,-5.0,5.0,be99d56,2026-07-16T11:59:29+00:00,1.4003,428551,42759,171545,160918,53329,0
ta45,30,20,600,ATSA,12,2521,600342,600000,1526,22.659,rand_lt_st,continuous,seed,False,40,0.2,4,10,-5.0,5.0,be99d56,2026-07-16T11:59:29+00:00,1.4015,428322,42756,171980,160351,53235,0
ta45,30,20,600,ATSA,13,2511,600273,600000,1531,22.552,rand_lt_st,continuous,seed,False,40,0.2,4,10,-5.0,5.0,be99d56,2026-07-16T11:59:29+00:00,1.3989,429070,43004,171163,161171,53732,0
ta45,30,20,600,ATSA,14,2569,600321,600000,1531,22.272,rand_lt_st,continuous,seed,False,40,0.2,4,10,-5.0,5.0,be99d56,2026-07-16T11:59:29+00:00,1.3999,428799,43362,171482,160553,53402,0
ta45,30,20,600,ATSA,15,2406,600121,600000,1532,22.49,rand_lt_st,continuous,seed,False,40,0.2,4,10,-5.0,5.0,be99d56,2026-07-16T11:59:29+00:00,1.3994,428824,42892,171257,160951,53724,0
ta45,30,20,600,ATSA,16,2538,600104,600000,1531,22.645,rand_lt_st,continuous,seed,False,40,0.2,4,10,-5.0,5.0,be99d56,2026-07-16T11:59:29+00:00,1.4003,428519,42987,171545,160408,53579,0
ta45,30,20,600,ATSA,17,2459,600070,600000,1529,22.587,rand_lt_st,continuous,seed,False,40,0.2,4,10,-5.0,5.0,be99d56,2026-07-16T11:59:29+00:00,1.4001,428565,42746,171465,160933,53421,0
ta45,30,20,600,ATSA,18,2477,600054,600000,1534,22.387,rand_lt_st,continuous,seed,False,40,0.2,4,10,-5.0,5.0,be99d56,2026-07-16T11:59:29+00:00,1.3991,428851,43043,171163,161139,53506,0
ta45,30,20,600,ATSA,19,2494,600031,600000,1532,22.54,rand_lt_st,continuous,seed,False,40,0.2,4,10,-5.0,5.0,be99d56,2026-07-16T11:59:29+00:00,1.3991,428829,42552,171162,161643,53472,0
ta46,30,20,600,ATSA,0,2515,600162,600000,1529,19.661,rand_lt_st,continuous,seed,False,40,0.2,4,10,-5.0,5.0,be99d56,2026-07-16T11:59:49+00:00,1.4018,428105,42358,172017,160300,53430,0
ta46,30,20,600,ATSA,1,2600,600342,600000,1537,19.657,rand_lt_st,continuous,seed,False,40,0.2,4,10,-5.0,5.0,be99d56,2026-07-16T11:59:49+00:00,1.3991,429078,42985,171224,161069,53800,0
ta46,30,20,600,ATSA,2,2636,600213,600000,1534,19.664,rand_lt_st,continuous,seed,False,40,0.2,4,10,-5.0,5.0,be99d56,2026-07-16T11:59:49+00:00,1.3997,428788,43177,171385,160666,53560,0
ta46,30,20,600,ATSA,3,2685,600311,600000,1530,18.953,rand_lt_st,continuous,seed,False,40,0.2,4,10,-5.0,5.0,be99d56,2026-07-16T11:59:48+00:00,1.4013,428360,42881,171911,160330,53238,0
ta46,30,20,600,ATSA,4,2612,600315,600000,1529,19.554,rand_lt_st,continuous,seed,False,40,0.2,4,10,-5.0,5.0,be99d56,2026-07-16T11:59:49+00:00,1.3999,428812,42817,171463,160865,53667,0
ta46,30,20,600,ATSA,5,2692,600186,600000,1531,19.631,rand_lt_st,continuous,seed,False,40,0.2,4,10,-5.0,5.0,be99d56,2026-07-16T11:59:49+00:00,1.3986,429102,43015,171044,160780,54263,0
ta46,30,20,600,ATSA,6,2610,600313,600000,1528,19.466,rand_lt_st,continuous,seed,False,40,0.2,4,10,-5.0,5.0,be99d56,2026-07-16T11:59:49+00:00,1.4007,428567,43025,171706,160236,53600,0
ta46,30,20,600,ATSA,7,2488,600340,600000,1535,19.957,rand_lt_st,continuous,seed,False,40,0.2,4,10,-5.0,5.0,be99d56,2026-07-16T11:59:49+00:00,1.4,428794,42795,171506,160817,53676,0
ta46,30,20,600,ATSA,8,2662,600017,600000,1526,19.725,rand_lt_st,continuous,seed,False,40,0.2,4,10,-5.0,5.0,be99d56,2026-07-16T11:59:49+00:00,1.4,428562,42655,171415,160556,53936,0
ta46,30,20,600,ATSA,9,2583,600271,600000,1531,19.923,rand_lt_st,continuous,seed,False,40,0.2,4,10,-5.0,5.0,be99d56,2026-07-16T11:59:49+00:00,1.401,428436,42938,171795,160432,53271,0
ta46,30,20,600,ATSA,10,2674,600047,600000,1530,19.363,rand_lt_st,continuous,seed,False,40,0.2,4,10,-5.0,5.0,be99d56,2026-07-16T11:59:49+00:00,1.4006,428392,42359,171615,160700,53718,0
ta46,30,20,600,ATSA,11,2720,600136,600000,1527,19.436,rand_lt_st,continuous,seed,False,40,0.2,4,10,-5.0,5.0,be99d56,2026-07-16T11:59:49+00:00,1.4003,428551,42759,171545,160918,53329,0
ta46,30,20,600,ATSA,12,2567,600342,600000,1526,19.546,rand_lt_st,continuous,seed,False,40,0.2,4,10,-5.0,5.0,be99d56,2026-07-16T11:59:49+00:00,1.4015,428322,42756,171980,160351,53235,0
ta46,30,20,600,ATSA,13,2623,600273,600000,1531,19.158,rand_lt_st,continuous,seed,False,40,0.2,4,10,-5.0,5.0,be99d56,2026-07-16T11:59:49+00:00,1.3989,429070,43004,171163,161171,53732,0
ta46,30,20,600,ATSA,14,2581,600321,600000,1531,19.599,rand_lt_st,continuous,seed,False,40,0.2,4,10,-5.0,5.0,be99d56,2026-07-16T11:59:49+00:00,1.3999,428799,43362,171482,160553,53402,0
ta46,30,20,600,ATSA,15,2660,600121,600000,1532,19.858,rand_lt_st,continuous,seed,False,40,0.2,4,10,-5.0,5.0,be99d56,2026-07-16T11:59:49+00:00,1.3994,428824,42892,171257,160951,53724,0
ta46,30,20,600,ATSA,16,2414,600104,600000,1531,19.516,rand_lt_st,continuous,seed,False,40,0.2,4,10,-5.0,5.0,be99d56,2026-07-16T11:59:49+00:00,1.4003,428519,42987,171545,160408,53579,0
ta46,30,20,600,ATSA,17,2579,600070,600000,1529,19.473,rand_lt_st,continuous,seed,False,40,0.2,4,10,-5.0,5.0,be99d56,2026-07-16T11:59:49+00:00,1.4001,428565,42746,171465,160933,53421,0
ta46,30,20,600,ATSA,18,2607,600054,600000,1534,19.647,rand_lt_st,continuous,seed,False,40,0.2,4,10,-5.0,5.0,be99d56,2026-07-16T11:59:49+00:00,1.3991,428851,43043,171163,161139,53506,0
ta46,30,20,600,ATSA,19,2538,600031,600000,1532,19.844,rand_lt_st,continuous,seed,False,40,0.2,4,10,-5.0,5.0,be99d56,2026-07-16T11:59:49+00:00,1.3991,428829,42552,171162,161643,53472,0
ta47,30,20,600,ATSA,0,2401,600162,600000,1529,23.339,rand_lt_st,continuous,seed,False,40,0.2,4,10,-5.0,5.0,be99d56,2026-07-16T12:00:13+00:00,1.4018,428105,42358,172017,160300,53430,0
ta47,30,20,600,ATSA,1,2436,600342,600000,1537,22.009,rand_lt_st,continuous,seed,False,40,0.2,4,10,-5.0,5.0,be99d56,2026-07-16T12:00:11+00:00,1.3991,429078,42985,171224,161069,53800,0
ta47,30,20,600,ATSA,2,2428,600213,600000,1534,22.751,rand_lt_st,continuous,seed,False,40,0.2,4,10,-5.0,5.0,be99d56,2026-07-16T12:00:12+00:00,1.3997,428788,43177,171385,160666,53560,0
ta47,30,20,600,ATSA,3,2433,600311,600000,1530,23.074,rand_lt_st,continuous,seed,False,40,0.2,4,10,-5.0,5.0,be99d56,2026-07-16T12:00:13+00:00,1.4013,428360,42881,171911,160330,53238,0
ta47,30,20,600,ATSA,4,2519,600315,600000,1529,23.327,rand_lt_st,continuous,seed,False,40,0.2,4,10,-5.0,5.0,be99d56,2026-07-16T12:00:13+00:00,1.3999,428812,42817,171463,160865,53667,0
ta47,30,20,600,ATSA,5,2575,600186,600000,1531,23.367,rand_lt_st,continuous,seed,False,40,0.2,4,10,-5.0,5.0,be99d56,2026-07-16T12:00:13+00:00,1.3986,429102,43015,171044,160780,54263,0
ta47,30,20,600,ATSA,6,2385,600313,600000,1528,23.043,rand_lt_st,continuous,seed,False,40,0.2,4,10,-5.0,5.0,be99d56,2026-07-16T12:00:13+00:00,1.4007,428567,43025,171706,160236,53600,0
ta47,30,20,600,ATSA,7,2467,600340,600000,1535,22.977,rand_lt_st,continuous,seed,False,40,0.2,4,10,-5.0,5.0,be99d56,2026-07-16T12:00:12+00:00,1.4,428794,42795,171506,160817,53676,0
ta47,30,20,600,ATSA,8,2395,600017,600000,1526,23.036,rand_lt_st,continuous,seed,False,40,0.2,4,10,-5.0,5.0,be99d56,2026-07-16T12:00:13+00:00,1.4,428562,42655,171415,160556,53936,0
ta47,30,20,600,ATSA,9,2458,600271,600000,1531,22.717,rand_lt_st,continuous,seed,False,40,0.2,4,10,-5.0,5.0,be99d56,2026-07-16T12:00:12+00:00,1.401,428436,42938,171795,160432,53271,0
ta47,30,20,600,ATSA,10,2528,600047,600000,1530,23.104,rand_lt_st,continuous,seed,False,40,0.2,4,10,-5.0,5.0,be99d56,2026-07-16T12:00:13+00:00,1.4006,428392,42359,171615,160700,53718,0
ta47,30,20,600,ATSA,11,2286,600136,600000,1527,23.179,rand_lt_st,continuous,seed,False,40,0.2,4,10,-5.0,5.0,be99d56,2026-07-16T12:00:13+00:00,1.4003,428551,42759,171545,160918,53329,0
ta47,30,20,600,ATSA,12,2448,600342,600000,1526,22.371,rand_lt_st,continuous,seed,False,40,0.2,4,10,-5.0,5.0,be99d56,2026-07-16T12:00:12+00:00,1.4015,428322,42756,171980,160351,53235,0
ta47,30,20,600,ATSA,13,2434,600273,600000,1531,22.233,rand_lt_st,continuous,seed,False,40,0.2,4,10,-5.0,5.0,be99d56,2026-07-16T12:00:12+00:00,1.3989,429070,43004,171163,161171,53732,0
ta47,30,20,600,ATSA,14,2509,600321,600000,1531,22.992,rand_lt_st,continuous,seed,False,40,0.2,4,10,-5.0,5.0,be99d56,2026-07-16T12:00:12+00:00,1.3999,428799,43362,171482,160553,53402,0
ta47,30,20,600,ATSA,15,2582,600121,600000,1532,22.617,rand_lt_st,continuous,seed,False,40,0.2,4,10,-5.0,5.0,be99d56,2026-07-16T12:00:12+00:00,1.3994,428824,42892,171257,160951,53724,0
ta47,30,20,600,ATSA,16,2364,600104,600000,1531,23.114,rand_lt_st,continuous,seed,False,40,0.2,4,10,-5.0,5.0,be99d56,2026-07-16T12:00:13+00:00,1.4003,428519,42987,171545,160408,53579,0
ta47,30,20,600,ATSA,17,2448,600070,600000,1529,22.954,rand_lt_st,continuous,seed,False,40,0.2,4,10,-5.0,5.0,be99d56,2026-07-16T12:00:12+00:00,1.4001,428565,42746,171465,160933,53421,0
ta47,30,20,600,ATSA,18,2478,600054,600000,1534,23.042,rand_lt_st,continuous,seed,False,40,0.2,4,10,-5.0,5.0,be99d56,2026-07-16T12:00:13+00:00,1.3991,428851,43043,171163,161139,53506,0
ta47,30,20,600,ATSA,19,2538,600031,600000,1532,23.23,rand_lt_st,continuous,seed,False,40,0.2,4,10,-5.0,5.0,be99d56,2026-07-16T12:00:13+00:00,1.3991,428829,42552,171162,161643,53472,0
ta48,30,20,600,ATSA,0,2473,600162,600000,1529,21.146,rand_lt_st,continuous,seed,False,40,0.2,4,10,-5.0,5.0,be99d56,2026-07-16T12:00:34+00:00,1.4018,428105,42358,172017,160300,53430,0
ta48,30,20,600,ATSA,1,2453,600342,600000,1537,21.384,rand_lt_st,continuous,seed,False,40,0.2,4,10,-5.0,5.0,be99d56,2026-07-16T12:00:34+00:00,1.3991,429078,42985,171224,161069,53800,0
ta48,30,20,600,ATSA,2,2460,600213,600000,1534,21.226,rand_lt_st,continuous,seed,False,40,0.2,4,10,-5.0,5.0,be99d56,2026-07-16T12:00:34+00:00,1.3997,428788,43177,171385,160666,53560,0
ta48,30,20,600,ATSA,3,2420,600311,600000,1530,21.551,rand_lt_st,continuous,seed,False,40,0.2,4,10,-5.0,5.0,be99d56,2026-07-16T12:00:34+00:00,1.4013,428360,42881,171911,160330,53238,0
ta48,30,20,600,ATSA,4,2493,600315,600000,1529,21.422,rand_lt_st,continuous,seed,False,40,0.2,4,10,-5.0,5.0,be99d56,2026-07-16T12:00:34+00:00,1.3999,428812,42817,171463,160865,53667,0
ta48,30,20,600,ATSA,5,2537,600186,600000,1531,21.442,rand_lt_st,continuous,seed,False,40,0.2,4,10,-5.0,5.0,be99d56,2026-07-16T12:00:34+00:00,1.3986,429102,43015,171044,160780,54263,0
ta48,30,20,600,ATSA,6,2498,600313,600000,1528,21.288,rand_lt_st,continuous,seed,False,40,0.2,4,10,-5.0,5.0,be99d56,2026-07-16T12:00:34+00:00,1.4007,428567,43025,171706,160236,53600,0
ta48,30,20,600,ATSA,7,2454,600340,600000,1535,21.395,rand_lt_st,continuous,seed,False,40,0.2,4,10,-5.0,5.0,be99d56,2026-07-16T12:00:34+00:00,1.4,428794,42795,171506,160817,53676,0
ta48,30,20,600,ATSA,8,2463,600017,600000,1526,21.249,rand_lt_st,continuous,seed,False,40,0.2,4,10,-5.0,5.0,be99d56,2026-07-16T12:00:34+00:00,1.4,428562,42655,171415,160556,53936,0
ta48,30,20,600,ATSA,9,2464,600271,600000,1531,21.324,rand_lt_st,continuous,seed,False,40,0.2,4,10,-5.0,5.0,be99d56,2026-07-16T12:00:34+00:00,1.401,428436,42938,171795,160432,53271,0
ta48,30,20,600,ATSA,10,2446,600047,600000,1530,21.449,rand_lt_st,continuous,seed,False,40,0.2,4,10,-5.0,5.0,be99d56,2026-07-16T12:00:34+00:00,1.4006,428392,42359,171615,160700,53718,0
ta48,30,20,600,ATSA,11,2466,600136,600000,1527,21.54,rand_lt_st,continuous,seed,False,40,0.2,4,10,-5.0,5.0,be99d56,2026-07-16T12:00:34+00:00,1.4003,428551,42759,171545,160918,53329,0
ta48,30,20,600,ATSA,12,2512,600342,600000,1526,21.488,rand_lt_st,continuous,seed,False,40,0.2,4,10,-5.0,5.0,be99d56,2026-07-16T12:00:34+00:00,1.4015,428322,42756,171980,160351,53235,0
ta48,30,20,600,ATSA,13,2498,600273,600000,1531,21.327,rand_lt_st,continuous,seed,False,40,0.2,4,10,-5.0,5.0,be99d56,2026-07-16T12:00:34+00:00,1.3989,429070,43004,171163,161171,53732,0
ta48,30,20,600,ATSA,14,2514,600321,600000,1531,21.634,rand_lt_st,continuous,seed,False,40,0.2,4,10,-5.0,5.0,be99d56,2026-07-16T12:00:35+00:00,1.3999,428799,43362,171482,160553,53402,0
ta48,30,20,600,ATSA,15,2461,600121,600000,1532,21.631,rand_lt_st,continuous,seed,False,40,0.2,4,10,-5.0,5.0,be99d56,2026-07-16T12:00:35+00:00,1.3994,428824,42892,171257,160951,53724,0
ta48,30,20,600,ATSA,16,2529,600104,600000,1531,21.492,rand_lt_st,continuous,seed,False,40,0.2,4,10,-5.0,5.0,be99d56,2026-07-16T12:00:34+00:00,1.4003,428519,42987,171545,160408,53579,0
ta48,30,20,600,ATSA,17,2641,600070,600000,1529,20.477,rand_lt_st,continuous,seed,False,40,0.2,4,10,-5.0,5.0,be99d56,2026-07-16T12:00:33+00:00,1.4001,428565,42746,171465,160933,53421,0
ta48,30,20,600,ATSA,18,2517,600054,600000,1534,20.914,rand_lt_st,continuous,seed,False,40,0.2,4,10,-5.0,5.0,be99d56,2026-07-16T12:00:34+00:00,1.3991,428851,43043,171163,161139,53506,0
ta48,30,20,600,ATSA,19,2505,600031,600000,1532,19.895,rand_lt_st,continuous,seed,False,40,0.2,4,10,-5.0,5.0,be99d56,2026-07-16T12:00:33+00:00,1.3991,428829,42552,171162,161643,53472,0
ta49,30,20,600,ATSA,0,2611,600162,600000,1529,20.613,rand_lt_st,continuous,seed,False,40,0.2,4,10,-5.0,5.0,be99d56,2026-07-16T12:00:55+00:00,1.4018,428105,42358,172017,160300,53430,0
ta49,30,20,600,ATSA,1,2610,600342,600000,1537,20.935,rand_lt_st,continuous,seed,False,40,0.2,4,10,-5.0,5.0,be99d56,2026-07-16T12:00:55+00:00,1.3991,429078,42985,171224,161069,53800,0
ta49,30,20,600,ATSA,2,2525,600213,600000,1534,20.847,rand_lt_st,continuous,seed,False,40,0.2,4,10,-5.0,5.0,be99d56,2026-07-16T12:00:55+00:00,1.3997,428788,43177,171385,160666,53560,0
ta49,30,20,600,ATSA,3,2609,600311,600000,1530,20.624,rand_lt_st,continuous,seed,False,40,0.2,4,10,-5.0,5.0,be99d56,2026-07-16T12:00:55+00:00,1.4013,428360,42881,171911,160330,53238,0
ta49,30,20,600,ATSA,4,2431,600315,600000,1529,20.914,rand_lt_st,continuous,seed,False,40,0.2,4,10,-5.0,5.0,be99d56,2026-07-16T12:00:55+00:00,1.3999,428812,42817,171463,160865,53667,0
ta49,30,20,600,ATSA,5,2617,600186,600000,1531,20.845,rand_lt_st,continuous,seed,False,40,0.2,4,10,-5.0,5.0,be99d56,2026-07-16T12:00:55+00:00,1.3986,429102,43015,171044,160780,54263,0
ta49,30,20,600,ATSA,6,2463,600313,600000,1528,20.27,rand_lt_st,continuous,seed,False,40,0.2,4,10,-5.0,5.0,be99d56,2026-07-16T12:00:55+00:00,1.4007,428567,43025,171706,160236,53600,0
ta49,30,20,600,ATSA,7,2590,600340,600000,1535,20.731,rand_lt_st,continuous,seed,False,40,0.2,4,10,-5.0,5.0,be99d56,2026-07-16T12:00:55+00:00,1.4,428794,42795,171506,160817,53676,0
ta49,30,20,600,ATSA,8,2511,600017,600000,1526,20.833,rand_lt_st,continuous,seed,False,40,0.2,4,10,-5.0,5.0,be99d56,2026-07-16T12:00:55+00:00,1.4,428562,42655,171415,160556,53936,0
ta49,30,20,600,ATSA,9,2514,600271,600000,1531,20.567,rand_lt_st,continuous,seed,False,40,0.2,4,10,-5.0,5.0,be99d56,2026-07-16T12:00:55+00:00,1.401,428436,42938,171795,160432,53271,0
ta49,30,20,600,ATSA,10,2494,600047,600000,1530,20.661,rand_lt_st,continuous,seed,False,40,0.2,4,10,-5.0,5.0,be99d56,2026-07-16T12:00:55+00:00,1.4006,428392,42359,171615,160700,53718,0
ta49,30,20,600,ATSA,11,2500,600136,600000,1527,20.782,rand_lt_st,continuous,seed,False,40,0.2,4,10,-5.0,5.0,be99d56,2026-07-16T12:00:55+00:00,1.4003,428551,42759,171545,160918,53329,0
ta49,30,20,600,ATSA,12,2501,600342,600000,1526,20.75,rand_lt_st,continuous,seed,False,40,0.2,4,10,-5.0,5.0,be99d56,2026-07-16T12:00:55+00:00,1.4015,428322,42756,171980,160351,53235,0
ta49,30,20,600,ATSA,13,2549,600273,600000,1531,20.752,rand_lt_st,continuous,seed,False,40,0.2,4,10,-5.0,5.0,be99d56,2026-07-16T12:00:55+00:00,1.3989,429070,43004,171163,161171,53732,0
ta49,30,20,600,ATSA,14,2417,600321,600000,1531,19.906,rand_lt_st,continuous,seed,False,40,0.2,4,10,-5.0,5.0,be99d56,2026-07-16T12:00:54+00:00,1.3999,428799,43362,171482,160553,53402,0
ta49,30,20,600,ATSA,15,2565,600121,600000,1532,20.461,rand_lt_st,continuous,seed,False,40,0.2,4,10,-5.0,5.0,be99d56,2026-07-16T12:00:55+00:00,1.3994,428824,42892,171257,160951,53724,0
ta49,30,20,600,ATSA,16,2432,600104,600000,1531,20.561,rand_lt_st,continuous,seed,False,40,0.2,4,10,-5.0,5.0,be99d56,2026-07-16T12:00:55+00:00,1.4003,428519,42987,171545,160408,53579,0
ta49,30,20,600,ATSA,17,2550,600070,600000,1529,20.833,rand_lt_st,continuous,seed,False,40,0.2,4,10,-5.0,5.0,be99d56,2026-07-16T12:00:55+00:00,1.4001,428565,42746,171465,160933,53421,0
ta49,30,20,600,ATSA,18,2561,600054,600000,1534,20.772,rand_lt_st,continuous,seed,False,40,0.2,4,10,-5.0,5.0,be99d56,2026-07-16T12:00:55+00:00,1.3991,428851,43043,171163,161139,53506,0
ta49,30,20,600,ATSA,19,2672,600031,600000,1532,20.19,rand_lt_st,continuous,seed,False,40,0.2,4,10,-5.0,5.0,be99d56,2026-07-16T12:00:55+00:00,1.3991,428829,42552,171162,161643,53472,0
ta50,30,20,600,ATSA,0,2474,600162,600000,1529,22.633,rand_lt_st,continuous,seed,False,40,0.2,4,10,-5.0,5.0,be99d56,2026-07-16T12:01:18+00:00,1.4018,428105,42358,172017,160300,53430,0
ta50,30,20,600,ATSA,1,2458,600342,600000,1537,22.763,rand_lt_st,continuous,seed,False,40,0.2,4,10,-5.0,5.0,be99d56,2026-07-16T12:01:18+00:00,1.3991,429078,42985,171224,161069,53800,0
ta50,30,20,600,ATSA,2,2596,600213,600000,1534,22.729,rand_lt_st,continuous,seed,False,40,0.2,4,10,-5.0,5.0,be99d56,2026-07-16T12:01:18+00:00,1.3997,428788,43177,171385,160666,53560,0
ta50,30,20,600,ATSA,3,2648,600311,600000,1530,22.548,rand_lt_st,continuous,seed,False,40,0.2,4,10,-5.0,5.0,be99d56,2026-07-16T12:01:18+00:00,1.4013,428360,42881,171911,160330,53238,0
ta50,30,20,600,ATSA,4,2557,600315,600000,1529,21.537,rand_lt_st,continuous,seed,False,40,0.2,4,10,-5.0,5.0,be99d56,2026-07-16T12:01:17+00:00,1.3999,428812,42817,171463,160865,53667,0
ta50,30,20,600,ATSA,5,2644,600186,600000,1531,22.549,rand_lt_st,continuous,seed,False,40,0.2,4,10,-5.0,5.0,be99d56,2026-07-16T12:01:18+00:00,1.3986,429102,43015,171044,160780,54263,0
ta50,30,20,600,ATSA,6,2438,600313,600000,1528,22.42,rand_lt_st,continuous,seed,False,40,0.2,4,10,-5.0,5.0,be99d56,2026-07-16T12:01:18+00:00,1.4007,428567,43025,171706,160236,53600,0
ta50,30,20,600,ATSA,7,2621,600340,600000,1535,21.92,rand_lt_st,continuous,seed,False,40,0.2,4,10,-5.0,5.0,be99d56,2026-07-16T12:01:17+00:00,1.4,428794,42795,171506,160817,53676,0
ta50,30,20,600,ATSA,8,2437,600017,600000,1526,22.683,rand_lt_st,continuous,seed,False,40,0.2,4,10,-5.0,5.0,be99d56,2026-07-16T12:01:18+00:00,1.4,428562,42655,171415,160556,53936,0
ta50,30,20,600,ATSA,9,2455,600271,600000,1531,22.49,rand_lt_st,continuous,seed,False,40,0.2,4,10,-5.0,5.0,be99d56,2026-07-16T12:01:18+00:00,1.401,428436,42938,171795,160432,53271,0
ta50,30,20,600,ATSA,10,2551,600047,600000,1530,22.782,rand_lt_st,continuous,seed,False,40,0.2,4,10,-5.0,5.0,be99d56,2026-07-16T12:01:18+00:00,1.4006,428392,42359,171615,160700,53718,0
ta50,30,20,600,ATSA,11,2397,600136,600000,1527,22.69,rand_lt_st,continuous,seed,False,40,0.2,4,10,-5.0,5.0,be99d56,2026-07-16T12:01:18+00:00,1.4003,428551,42759,171545,160918,53329,0
ta50,30,20,600,ATSA,12,2457,600342,600000,1526,22.662,rand_lt_st,continuous,seed,False,40,0.2,4,10,-5.0,5.0,be99d56,2026-07-16T12:01:18+00:00,1.4015,428322,42756,171980,160351,53235,0
ta50,30,20,600,ATSA,13,2458,600273,600000,1531,22.807,rand_lt_st,continuous,seed,False,40,0.2,4,10,-5.0,5.0,be99d56,2026-07-16T12:01:18+00:00,1.3989,429070,43004,171163,161171,53732,0
ta50,30,20,600,ATSA,14,2579,600321,600000,1531,22.604,rand_lt_st,continuous,seed,False,40,0.2,4,10,-5.0,5.0,be99d56,2026-07-16T12:01:18+00:00,1.3999,428799,43362,171482,160553,53402,0
ta50,30,20,600,ATSA,15,2544,600121,600000,1532,22.508,rand_lt_st,continuous,seed,False,40,0.2,4,10,-5.0,5.0,be99d56,2026-07-16T12:01:18+00:00,1.3994,428824,42892,171257,160951,53724,0
ta50,30,20,600,ATSA,16,2503,600104,600000,1531,22.808,rand_lt_st,continuous,seed,False,40,0.2,4,10,-5.0,5.0,be99d56,2026-07-16T12:01:18+00:00,1.4003,428519,42987,171545,160408,53579,0
ta50,30,20,600,ATSA,17,2460,600070,600000,1529,22.52,rand_lt_st,continuous,seed,False,40,0.2,4,10,-5.0,5.0,be99d56,2026-07-16T12:01:18+00:00,1.4001,428565,42746,171465,160933,53421,0
ta50,30,20,600,ATSA,18,2453,600054,600000,1534,22.531,rand_lt_st,continuous,seed,False,40,0.2,4,10,-5.0,5.0,be99d56,2026-07-16T12:01:18+00:00,1.3991,428851,43043,171163,161139,53506,0
ta50,30,20,600,ATSA,19,2720,600031,600000,1532,22.803,rand_lt_st,continuous,seed,False,40,0.2,4,10,-5.0,5.0,be99d56,2026-07-16T12:01:18+00:00,1.3991,428829,42552,171162,161643,53472,0
ta51,50,15,750,ATSA,0,3467,750211,750000,1915,38.027,rand_lt_st,continuous,seed,False,40,0.2,4,10,-5.0,5.0,be99d56,2026-07-16T12:01:56+00:00,1.3997,535945,53424,214226,201259,67036,0
ta51,50,15,750,ATSA,1,3272,750237,750000,1913,39.964,rand_lt_st,continuous,seed,False,40,0.2,4,10,-5.0,5.0,be99d56,2026-07-16T12:01:58+00:00,1.3994,536086,53788,214111,201584,66603,0
ta51,50,15,750,ATSA,2,3374,750057,750000,1913,37.652,rand_lt_st,continuous,seed,False,40,0.2,4,10,-5.0,5.0,be99d56,2026-07-16T12:01:56+00:00,1.4002,535633,53549,214384,200815,66885,0
ta51,50,15,750,ATSA,3,3231,750258,750000,1916,37.732,rand_lt_st,continuous,seed,False,40,0.2,4,10,-5.0,5.0,be99d56,2026-07-16T12:01:56+00:00,1.3992,536165,53714,214053,201070,67328,0
ta51,50,15,750,ATSA,4,3490,750231,750000,1914,38.493,rand_lt_st,continuous,seed,False,40,0.2,4,10,-5.0,5.0,be99d56,2026-07-16T12:01:57+00:00,1.3996,536010,53286,214181,201359,67184,0
ta51,50,15,750,ATSA,5,3331,750173,750000,1915,39.657,rand_lt_st,continuous,seed,False,40,0.2,4,10,-5.0,5.0,be99d56,2026-07-16T12:01:58+00:00,1.4001,535788,53622,214345,200791,67030,0
ta51,50,15,750,ATSA,6,3270,750296,750000,1912,39.804,rand_lt_st,continuous,seed,False,40,0.2,4,10,-5.0,5.0,be99d56,2026-07-16T12:01:58+00:00,1.4009,535547,53704,214709,200491,66643,0
ta51,50,15,750,ATSA,7,3300,750374,750000,1912,39.275,rand_lt_st,continuous,seed,False,40,0.2,4,10,-5.0,5.0,be99d56,2026-07-16T12:01:58+00:00,1.3989,536365,53559,213969,201477,67360,0
ta51,50,15,750,ATSA,8,3267,750357,750000,1917,39.637,rand_lt_st,continuous,seed,False,40,0.2,4,10,-5.0,5.0,be99d56,2026-07-16T12:01:58+00:00,1.3994,536163,53778,214154,201205,67026,0
ta51,50,15,750,ATSA,9,3362,750326,750000,1912,39.634,rand_lt_st,continuous,seed,False,40,0.2,4,10,-5.0,5.0,be99d56,2026-07-16T12:01:58+00:00,1.4,535932,53289,214354,201453,66836,0
ta51,50,15,750,ATSA,10,3261,750050,750000,1913,39.663,rand_lt_st,continuous,seed,False,40,0.2,4,10,-5.0,5.0,be99d56,2026-07-16T12:01:58+00:00,1.3996,535865,53338,214145,201617,66765,0
ta51,50,15,750,ATSA,11,3322,750074,750000,1914,39.907,rand_lt_st,continuous,seed,False,40,0.2,4,10,-5.0,5.0,be99d56,2026-07-16T12:01:58+00:00,1.3994,535971,53412,214063,201213,67283,0
ta51,50,15,750,ATSA,12,3523,750229,750000,1913,39.814,rand_lt_st,continuous,seed,False,40,0.2,4,10,-5.0,5.0,be99d56,2026-07-16T12:01:58+00:00,1.4006,535636,53130,214553,200898,67055,0
ta51,50,15,750,ATSA,13,3388,750128,750000,1915,39.762,rand_lt_st,continuous,seed,False,40,0.2,4,10,-5.0,5.0,be99d56,2026-07-16T12:01:58+00:00,1.4001,535744,53547,214344,200999,66854,0
ta51,50,15,750,ATSA,14,3403,750223,750000,1913,39.451,rand_lt_st,continuous,seed,False,40,0.2,4,10,-5.0,5.0,be99d56,2026-07-16T12:01:58+00:00,1.4001,535822,53412,214361,201198,66851,0
ta51,50,15,750,ATSA,15,3361,750147,750000,1914,39.499,rand_lt_st,continuous,seed,False,40,0.2,4,10,-5.0,5.0,be99d56,2026-07-16T12:01:58+00:00,1.4002,535700,53361,214407,200765,67167,0
ta51,50,15,750,ATSA,16,3281,750083,750000,1908,39.663,rand_lt_st,continuous,seed,False,40,0.2,4,10,-5.0,5.0,be99d56,2026-07-16T12:01:58+00:00,1.401,535375,53459,214668,200368,66880,0
ta51,50,15,750,ATSA,17,3311,750321,750000,1916,39.446,rand_lt_st,continuous,seed,False,40,0.2,4,10,-5.0,5.0,be99d56,2026-07-16T12:01:58+00:00,1.4009,535566,53433,214715,200624,66794,0
ta51,50,15,750,ATSA,18,3381,750069,750000,1914,39.809,rand_lt_st,continuous,seed,False,40,0.2,4,10,-5.0,5.0,be99d56,2026-07-16T12:01:58+00:00,1.3988,536207,53702,213822,201232,67451,0
ta51,50,15,750,ATSA,19,3294,750179,750000,1915,38.662,rand_lt_st,continuous,seed,False,40,0.2,4,10,-5.0,5.0,be99d56,2026-07-16T12:01:57+00:00,1.401,535449,53469,214690,200953,66337,0
ta52,50,15,750,ATSA,0,3433,750211,750000,1915,38.519,rand_lt_st,continuous,seed,False,40,0.2,4,10,-5.0,5.0,be99d56,2026-07-16T12:02:37+00:00,1.3997,535945,53424,214226,201259,67036,0
ta52,50,15,750,ATSA,1,3391,750237,750000,1913,40.524,rand_lt_st,continuous,seed,False,40,0.2,4,10,-5.0,5.0,be99d56,2026-07-16T12:02:39+00:00,1.3994,536086,53788,214111,201584,66603,0
ta52,50,15,750,ATSA,2,3292,750057,750000,1913,39.468,rand_lt_st,continuous,seed,False,40,0.2,4,10,-5.0,5.0,be99d56,2026-07-16T12:02:38+00:00,1.4002,535633,53549,214384,200815,66885,0
ta52,50,15,750,ATSA,3,3185,750258,750000,1916,40.48,rand_lt_st,continuous,seed,False,40,0.2,4,10,-5.0,5.0,be99d56,2026-07-16T12:02:39+00:00,1.3992,536165,53714,214053,201070,67328,0
ta52,50,15,750,ATSA,4,3364,750231,750000,1914,39.743,rand_lt_st,continuous,seed,False,40,0.2,4,10,-5.0,5.0,be99d56,2026-07-16T12:02:38+00:00,1.3996,536010,53286,214181,201359,67184,0
ta52,50,15,750,ATSA,5,3345,750173,750000,1915,39.163,rand_lt_st,continuous,seed,False,40,0.2,4,10,-5.0,5.0,be99d56,2026-07-16T12:02:37+00:00,1.4001,535788,53622,214345,200791,67030,0
ta52,50,15,750,ATSA,6,3291,750296,750000,1912,40.101,rand_lt_st,continuous,seed,False,40,0.2,4,10,-5.0,5.0,be99d56,2026-07-16T12:02:38+00:00,1.4009,535547,53704,214709,200491,66643,0
ta52,50,15,750,ATSA,7,3264,750374,750000,1912,40.066,rand_lt_st,continuous,seed,False,40,0.2,4,10,-5.0,5.0,be99d56,2026-07-16T12:02:38+00:00,1.3989,536365,53559,213969,201477,67360,0
ta52,50,15,750,ATSA,8,3363,750357,750000,1917,40.068,rand_lt_st,continuous,seed,False,40,0.2,4,10,-5.0,5.0,be99d56,2026-07-16T12:02:38+00:00,1.3994,536163,53778,214154,201205,67026,0
ta52,50,15,750,ATSA,9,3296,750326,750000,1912,40.322,rand_lt_st,continuous,seed,False,40,0.2,4,10,-5.0,5.0,be99d56,2026-07-16T12:02:39+00:00,1.4,535932,53289,214354,201453,66836,0
ta52,50,15,750,ATSA,10,3472,750050,750000,1913,40.847,rand_lt_st,continuous,seed,False,40,0.2,4,10,-5.0,5.0,be99d56,2026-07-16T12:02:39+00:00,1.3996,535865,53338,214145,201617,66765,0
ta52,50,15,750,ATSA,11,3270,750074,750000,1914,39.135,rand_lt_st,continuous,seed,False,40,0.2,4,10,-5.0,5.0,be99d56,2026-07-16T12:02:37+00:00,1.3994,535971,53412,214063,201213,67283,0
ta52,50,15,750,ATSA,12,3290,750229,750000,1913,40.057,rand_lt_st,continuous,seed,False,40,0.2,4,10,-5.0,5.0,be99d56,2026-07-16T12:02:38+00:00,1.4006,535636,53130,214553,200898,67055,0
ta52,50,15,750,ATSA,13,3353,750128,750000,1915,40.668,rand_lt_st,continuous,seed,False,40,0.2,4,10,-5.0,5.0,be99d56,2026-07-16T12:02:39+00:00,1.4001,535744,53547,214344,200999,66854,0
ta52,50,15,750,ATSA,14,3453,750223,750000,1913,41.137,rand_lt_st,continuous,seed,False,40,0.2,4,10,-5.0,5.0,be99d56,2026-07-16T12:02:39+00:00,1.4001,535822,53412,214361,201198,66851,0
ta52,50,15,750,ATSA,15,3272,750147,750000,1914,39.962,rand_lt_st,continuous,seed,False,40,0.2,4,10,-5.0,5.0,be99d56,2026-07-16T12:02:38+00:00,1.4002,535700,53361,214407,200765,67167,0
ta52,50,15,750,ATSA,16,3435,750083,750000,1908,40.356,rand_lt_st,continuous,seed,False,40,0.2,4,10,-5.0,5.0,be99d56,2026-07-16T12:02:39+00:00,1.401,535375,53459,214668,200368,66880,0
ta52,50,15,750,ATSA,17,3310,750321,750000,1916,40.37,rand_lt_st,continuous,seed,False,40,0.2,4,10,-5.0,5.0,be99d56,2026-07-16T12:02:39+00:00,1.4009,535566,53433,214715,200624,66794,0
ta52,50,15,750,ATSA,18,3390,750069,750000,1914,39.433,rand_lt_st,continuous,seed,False,40,0.2,4,10,-5.0,5.0,be99d56,2026-07-16T12:02:38+00:00,1.3988,536207,53702,213822,201232,67451,0
ta52,50,15,750,ATSA,19,3409,750179,750000,1915,40.309,rand_lt_st,continuous,seed,False,40,0.2,4,10,-5.0,5.0,be99d56,2026-07-16T12:02:39+00:00,1.401,535449,53469,214690,200953,66337,0
ta53,50,15,750,ATSA,0,3051,750211,750000,1915,39.635,rand_lt_st,continuous,seed,False,40,0.2,4,10,-5.0,5.0,be99d56,2026-07-16T12:03:19+00:00,1.3997,535945,53424,214226,201259,67036,0
ta53,50,15,750,ATSA,1,3167,750237,750000,1913,38.431,rand_lt_st,continuous,seed,False,40,0.2,4,10,-5.0,5.0,be99d56,2026-07-16T12:03:18+00:00,1.3994,536086,53788,214111,201584,66603,0
ta53,50,15,750,ATSA,2,3036,750057,750000,1913,39.137,rand_lt_st,continuous,seed,False,40,0.2,4,10,-5.0,5.0,be99d56,2026-07-16T12:03:19+00:00,1.4002,535633,53549,214384,200815,66885,0
ta53,50,15,750,ATSA,3,3119,750258,750000,1916,38.519,rand_lt_st,continuous,seed,False,40,0.2,4,10,-5.0,5.0,be99d56,2026-07-16T12:03:18+00:00,1.3992,536165,53714,214053,201070,67328,0
ta53,50,15,750,ATSA,4,3089,750231,750000,1914,38.524,rand_lt_st,continuous,seed,False,40,0.2,4,10,-5.0,5.0,be99d56,2026-07-16T12:03:18+00:00,1.3996,536010,53286,214181,201359,67184,0
ta53,50,15,750,ATSA,5,3012,750173,750000,1915,38.329,rand_lt_st,continuous,seed,False,40,0.2,4,10,-5.0,5.0,be99d56,2026-07-16T12:03:18+00:00,1.4001,535788,53622,214345,200791,67030,0
ta53,50,15,750,ATSA,6,3186,750296,750000,1912,40.116,rand_lt_st,continuous,seed,False,40,0.2,4,10,-5.0,5.0,be99d56,2026-07-16T12:03:20+00:00,1.4009,535547,53704,214709,200491,66643,0
ta53,50,15,750,ATSA,7,3095,750374,750000,1912,38.624,rand_lt_st,continuous,seed,False,40,0.2,4,10,-5.0,5.0,be99d56,2026-07-16T12:03:18+00:00,1.3989,536365,53559,213969,201477,67360,0
ta53,50,15,750,ATSA,8,3093,750357,750000,1917,39.332,rand_lt_st,continuous,seed,False,40,0.2,4,10,-5.0,5.0,be99d56,2026-07-16T12:03:19+00:00,1.3994,536163,53778,214154,201205,67026,0
ta53,50,15,750,ATSA,9,3185,750326,750000,1912,39.319,rand_lt_st,continuous,seed,False,40,0.2,4,10,-5.0,5.0,be99d56,2026-07-16T12:03:19+00:00,1.4,535932,53289,214354,201453,66836,0
ta53,50,15,750,ATSA,10,3032,750050,750000,1913,39.079,rand_lt_st,continuous,seed,False,40,0.2,4,10,-5.0,5.0,be99d56,2026-07-16T12:03:19+00:00,1.3996,535865,53338,214145,201617,66765,0
ta53,50,15,750,ATSA,11,3061,750074,750000,1914,37.467,rand_lt_st,continuous,seed,False,40,0.2,4,10,-5.0,5.0,be99d56,2026-07-16T12:03:17+00:00,1.3994,535971,53412,214063,201213,67283,0
ta53,50,15,750,ATSA,12,3101,750229,750000,1913,39.242,rand_lt_st,continuous,seed,False,40,0.2,4,10,-5.0,5.0,be99d56,2026-07-16T12:03:19+00:00,1.4006,535636,53130,214553,200898,67055,0
ta53,50,15,750,ATSA,13,3060,750128,750000,1915,38.288,rand_lt_st,continuous,seed,False,40,0.2,4,10,-5.0,5.0,be99d56,2026-07-16T12:03:18+00:00,1.4001,535744,53547,214344,200999,66854,0
ta53,50,15,750,ATSA,14,3177,750223,750000,1913,39.051,rand_lt_st,continuous,seed,False,40,0.2,4,10,-5.0,5.0,be99d56,2026-07-16T12:03:19+00:00,1.4001,535822,53412,214361,201198,66851,0
ta53,50,15,750,ATSA,15,3086,750147,750000,1914,39.299,rand_lt_st,continuous,seed,False,40,0.2,4,10,-5.0,5.0,be99d56,2026-07-16T12:03:19+00:00,1.4002,535700,53361,214407,200765,67167,0
ta53,50,15,750,ATSA,16,3099,750083,750000,1908,38.148,rand_lt_st,continuous,seed,False,40,0.2,4,10,-5.0,5.0,be99d56,2026-07-16T12:03:18+00:00,1.401,535375,53459,214668,200368,66880,0
ta53,50,15,750,ATSA,17,3044,750321,750000,1916,39.448,rand_lt_st,continuous,seed,False,40,0.2,4,10,-5.0,5.0,be99d56,2026-07-16T12:03:19+00:00,1.4009,535566,53433,214715,200624,66794,0
ta53,50,15,750,ATSA,18,3090,750069,750000,1914,39.38,rand_lt_st,continuous,seed,False,40,0.2,4,10,-5.0,5.0,be99d56,2026-07-16T12:03:19+00:00,1.3988,536207,53702,213822,201232,67451,0
ta53,50,15,750,ATSA,19,3136,750179,750000,1915,39.469,rand_lt_st,continuous,seed,False,40,0.2,4,10,-5.0,5.0,be99d56,2026-07-16T12:03:19+00:00,1.401,535449,53469,214690,200953,66337,0
ta54,50,15,750,ATSA,0,3205,750211,750000,1915,38.32,rand_lt_st,continuous,seed,False,40,0.2,4,10,-5.0,5.0,be99d56,2026-07-16T12:03:58+00:00,1.3997,535945,53424,214226,201259,67036,0
ta54,50,15,750,ATSA,1,3110,750237,750000,1913,38.569,rand_lt_st,continuous,seed,False,40,0.2,4,10,-5.0,5.0,be99d56,2026-07-16T12:03:58+00:00,1.3994,536086,53788,214111,201584,66603,0
ta54,50,15,750,ATSA,2,3201,750057,750000,1913,39.861,rand_lt_st,continuous,seed,False,40,0.2,4,10,-5.0,5.0,be99d56,2026-07-16T12:03:59+00:00,1.4002,535633,53549,214384,200815,66885,0
ta54,50,15,750,ATSA,3,3203,750258,750000,1916,39.184,rand_lt_st,continuous,seed,False,40,0.2,4,10,-5.0,5.0,be99d56,2026-07-16T12:03:59+00:00,1.3992,536165,53714,214053,201070,67328,0
ta54,50,15,750,ATSA,4,3109,750231,750000,1914,37.691,rand_lt_st,continuous,seed,False,40,0.2,4,10,-5.0,5.0,be99d56,2026-07-16T12:03:57+00:00,1.3996,536010,53286,214181,201359,67184,0
ta54,50,15,750,ATSA,5,3241,750173,750000,1915,40.104,rand_lt_st,continuous,seed,False,40,0.2,4,10,-5.0,5.0,be99d56,2026-07-16T12:04:00+00:00,1.4001,535788,53622,214345,200791,67030,0
ta54,50,15,750,ATSA,6,3168,750296,750000,1912,40.219,rand_lt_st,continuous,seed,False,40,0.2,4,10,-5.0,5.0,be99d56,2026-07-16T12:04:00+00:00,1.4009,535547,53704,214709,200491,66643,0
ta54,50,15,750,ATSA,7,3291,750374,750000,1912,40.341,rand_lt_st,continuous,seed,False,40,0.2,4,10,-5.0,5.0,be99d56,2026-07-16T12:04:00+00:00,1.3989,536365,53559,213969,201477,67360,0
ta54,50,15,750,ATSA,8,3316,750357,750000,1917,40.049,rand_lt_st,continuous,seed,False,40,0.2,4,10,-5.0,5.0,be99d56,2026-07-16T12:04:00+00:00,1.3994,536163,53778,214154,201205,67026,0
ta54,50,15,750,ATSA,9,3138,750326,750000,1912,40.098,rand_lt_st,continuous,seed,False,40,0.2,4,10,-5.0,5.0,be99d56,2026-07-16T12:04:00+00:00,1.4,535932,53289,214354,201453,66836,0
ta54,50,15,750,ATSA,10,3241,750050,750000,1913,38.146,rand_lt_st,continuous,seed,False,40,0.2,4,10,-5.0,5.0,be99d56,2026-07-16T12:03:58+00:00,1.3996,535865,53338,214145,201617,66765,0
ta54,50,15,750,ATSA,11,3295,750074,750000,1914,40.361,rand_lt_st,continuous,seed,False,40,0.2,4,10,-5.0,5.0,be99d56,2026-07-16T12:04:00+00:00,1.3994,535971,53412,214063,201213,67283,0
ta54,50,15,750,ATSA,12,3193,750229,750000,1913,39.921,rand_lt_st,continuous,seed,False,40,0.2,4,10,-5.0,5.0,be99d56,2026-07-16T12:04:00+00:00,1.4006,535636,53130,214553,200898,67055,0
ta54,50,15,750,ATSA,13,3251,750128,750000,1915,39.821,rand_lt_st,continuous,seed,False,40,0.2,4,10,-5.0,5.0,be99d56,2026-07-16T12:03:59+00:00,1.4001,535744,53547,214344,200999,66854,0
ta54,50,15,750,ATSA,14,3223,750223,750000,1913,37.786,rand_lt_st,continuous,seed,False,40,0.2,4,10,-5.0,5.0,be99d56,2026-07-16T12:03:57+00:00,1.4001,535822,53412,214361,201198,66851,0
ta54,50,15,750,ATSA,15,3134,750147,750000,1914,39.595,rand_lt_st,continuous,seed,False,40,0.2,4,10,-5.0,5.0,be99d56,2026-07-16T12:03:59+00:00,1.4002,535700,53361,214407,200765,67167,0
ta54,50,15,750,ATSA,16,3030,750083,750000,1908,38.743,rand_lt_st,continuous,seed,False,40,0.2,4,10,-5.0,5.0,be99d56,2026-07-16T12:03:58+00:00,1.401,535375,53459,214668,200368,66880,0
ta54,50,15,750,ATSA,17,3296,750321,750000,1916,39.744,rand_lt_st,continuous,seed,False,40,0.2,4,10,-5.0,5.0,be99d56,2026-07-16T12:03:59+00:00,1.4009,535566,53433,214715,200624,66794,0
ta54,50,15,750,ATSA,18,3228,750069,750000,1914,39.906,rand_lt_st,continuous,seed,False,40,0.2,4,10,-5.0,5.0,be99d56,2026-07-16T12:04:00+00:00,1.3988,536207,53702,213822,201232,67451,0
ta54,50,15,750,ATSA,19,3301,750179,750000,1915,40.315,rand_lt_st,continuous,seed,False,40,0.2,4,10,-5.0,5.0,be99d56,2026-07-16T12:04:00+00:00,1.401,535449,53469,214690,200953,66337,0
ta55,50,15,750,ATSA,0,3240,750211,750000,1915,40.339,rand_lt_st,continuous,seed,False,40,0.2,4,10,-5.0,5.0,be99d56,2026-07-16T12:04:40+00:00,1.3997,535945,53424,214226,201259,67036,0
ta55,50,15,750,ATSA,1,3180,750237,750000,1913,40.558,rand_lt_st,continuous,seed,False,40,0.2,4,10,-5.0,5.0,be99d56,2026-07-16T12:04:41+00:00,1.3994,536086,53788,214111,201584,66603,0
ta55,50,15,750,ATSA,2,3188,750057,750000,1913,38.473,rand_lt_st,continuous,seed,False,40,0.2,4,10,-5.0,5.0,be99d56,2026-07-16T12:04:38+00:00,1.4002,535633,53549,214384,200815,66885,0
ta55,50,15,750,ATSA,3,3282,750258,750000,1916,38.974,rand_lt_st,continuous,seed,False,40,0.2,4,10,-5.0,5.0,be99d56,2026-07-16T12:04:39+00:00,1.3992,536165,53714,214053,201070,67328,0
ta55,50,15,750,ATSA,4,3180,750231,750000,1914,40.499,rand_lt_st,continuous,seed,False,40,0.2,4,10,-5.0,5.0,be99d56,2026-07-16T12:04:40+00:00,1.3996,536010,53286,214181,201359,67184,0
ta55,50,15,750,ATSA,5,3323,750173,750000,1915,40.169,rand_lt_st,continuous,seed,False,40,0.2,4,10,-5.0,5.0,be99d56,2026-07-16T12:04:40+00:00,1.4001,535788,53622,214345,200791,67030,0
ta55,50,15,750,ATSA,6,3231,750296,750000,1912,40.709,rand_lt_st,continuous,seed,False,40,0.2,4,10,-5.0,5.0,be99d56,2026-07-16T12:04:41+00:00,1.4009,535547,53704,214709,200491,66643,0
ta55,50,15,750,ATSA,7,3244,750374,750000,1912,39.424,rand_lt_st,continuous,seed,False,40,0.2,4,10,-5.0,5.0,be99d56,2026-07-16T12:04:39+00:00,1.3989,536365,53559,213969,201477,67360,0
ta55,50,15,750,ATSA,8,3292,750357,750000,1917,40.316,rand_lt_st,continuous,seed,False,40,0.2,4,10,-5.0,5.0,be99d56,2026-07-16T12:04:40+00:00,1.3994,536163,53778,214154,201205,67026,0
ta55,50,15,750,ATSA,9,3243,750326,750000,1912,40.66,rand_lt_st,continuous,seed,False,40,0.2,4,10,-5.0,5.0,be99d56,2026-07-16T12:04:41+00:00,1.4,535932,53289,214354,201453,66836,0
ta55,50,15,750,ATSA,10,3360,750050,750000,1913,40.884,rand_lt_st,continuous,seed,False,40,0.2,4,10,-5.0,5.0,be99d56,2026-07-16T12:04:41+00:00,1.3996,535865,53338,214145,201617,66765,0
ta55,50,15,750,ATSA,11,3324,750074,750000,1914,40.418,rand_lt_st,continuous,seed,False,40,0.2,4,10,-5.0,5.0,be99d56,2026-07-16T12:04:40+00:00,1.3994,535971,53412,214063,201213,67283,0
ta55,50,15,750,ATSA,12,3342,750229,750000,1913,40.397,rand_lt_st,continuous,seed,False,40,0.2,4,10,-5.0,5.0,be99d56,2026-07-16T12:04:40+00:00,1.4006,535636,53130,214553,200898,67055,0
ta55,50,15,750,ATSA,13,3241,750128,750000,1915,39.409,rand_lt_st,continuous,seed,False,40,0.2,4,10,-5.0,5.0,be99d56,2026-07-16T12:04:39+00:00,1.4001,535744,53547,214344,200999,66854,0
ta55,50,15,750,ATSA,14,3350,750223,750000,1913,40.451,rand_lt_st,continuous,seed,False,40,0.2,4,10,-5.0,5.0,be99d56,2026-07-16T12:04:40+00:00,1.4001,535822,53412,214361,201198,66851,0
ta55,50,15,750,ATSA,15,3257,750147,750000,1914,40.632,rand_lt_st,continuous,seed,False,40,0.2,4,10,-5.0,5.0,be99d56,2026-07-16T12:04:41+00:00,1.4002,535700,53361,214407,200765,67167,0
ta55,50,15,750,ATSA,16,3163,750083,750000,1908,39.722,rand_lt_st,continuous,seed,False,40,0.2,4,10,-5.0,5.0,be99d56,2026-07-16T12:04:40+00:00,1.401,535375,53459,214668,200368,66880,0
ta55,50,15,750,ATSA,17,3197,750321,750000,1916,40.764,rand_lt_st,continuous,seed,False,40,0.2,4,10,-5.0,5.0,be99d56,2026-07-16T12:04:41+00:00,1.4009,535566,53433,214715,200624,66794,0
ta55,50,15,750,ATSA,18,3422,750069,750000,1914,40.332,rand_lt_st,continuous,seed,False,40,0.2,4,10,-5.0,5.0,be99d56,2026-07-16T12:04:40+00:00,1.3988,536207,53702,213822,201232,67451,0
ta55,50,15,750,ATSA,19,3156,750179,750000,1915,38.602,rand_lt_st,continuous,seed,False,40,0.2,4,10,-5.0,5.0,be99d56,2026-07-16T12:04:39+00:00,1.401,535449,53469,214690,200953,66337,0
ta56,50,15,750,ATSA,0,3262,750211,750000,1915,38.823,rand_lt_st,continuous,seed,False,40,0.2,4,10,-5.0,5.0,be99d56,2026-07-16T12:05:20+00:00,1.3997,535945,53424,214226,201259,67036,0
ta56,50,15,750,ATSA,1,3240,750237,750000,1913,39.746,rand_lt_st,continuous,seed,False,40,0.2,4,10,-5.0,5.0,be99d56,2026-07-16T12:05:21+00:00,1.3994,536086,53788,214111,201584,66603,0
ta56,50,15,750,ATSA,2,3310,750057,750000,1913,38.776,rand_lt_st,continuous,seed,False,40,0.2,4,10,-5.0,5.0,be99d56,2026-07-16T12:05:20+00:00,1.4002,535633,53549,214384,200815,66885,0
ta56,50,15,750,ATSA,3,3388,750258,750000,1916,39.753,rand_lt_st,continuous,seed,False,40,0.2,4,10,-5.0,5.0,be99d56,2026-07-16T12:05:21+00:00,1.3992,536165,53714,214053,201070,67328,0
ta56,50,15,750,ATSA,4,3317,750231,750000,1914,38.797,rand_lt_st,continuous,seed,False,40,0.2,4,10,-5.0,5.0,be99d56,2026-07-16T12:05:20+00:00,1.3996,536010,53286,214181,201359,67184,0
ta56,50,15,750,ATSA,5,3242,750173,750000,1915,39.194,rand_lt_st,continuous,seed,False,40,0.2,4,10,-5.0,5.0,be99d56,2026-07-16T12:05:20+00:00,1.4001,535788,53622,214345,200791,67030,0
ta56,50,15,750,ATSA,6,3297,750296,750000,1912,39.305,rand_lt_st,continuous,seed,False,40,0.2,4,10,-5.0,5.0,be99d56,2026-07-16T12:05:20+00:00,1.4009,535547,53704,214709,200491,66643,0
ta56,50,15,750,ATSA,7,3348,750374,750000,1912,37.628,rand_lt_st,continuous,seed,False,40,0.2,4,10,-5.0,5.0,be99d56,2026-07-16T12:05:19+00:00,1.3989,536365,53559,213969,201477,67360,0
ta56,50,15,750,ATSA,8,3259,750357,750000,1917,39.808,rand_lt_st,continuous,seed,False,40,0.2,4,10,-5.0,5.0,be99d56,2026-07-16T12:05:21+00:00,1.3994,536163,53778,214154,201205,67026,0
ta56,50,15,750,ATSA,9,3235,750326,750000,1912,39.07,rand_lt_st,continuous,seed,False,40,0.2,4,10,-5.0,5.0,be99d56,2026-07-16T12:05:20+00:00,1.4,535932,53289,214354,201453,66836,0
ta56,50,15,750,ATSA,10,3174,750050,750000,1913,38.519,rand_lt_st,continuous,seed,False,40,0.2,4,10,-5.0,5.0,be99d56,2026-07-16T12:05:19+00:00,1.3996,535865,53338,214145,201617,66765,0
ta56,50,15,750,ATSA,11,3302,750074,750000,1914,37.492,rand_lt_st,continuous,seed,False,40,0.2,4,10,-5.0,5.0,be99d56,2026-07-16T12:05:18+00:00,1.3994,535971,53412,214063,201213,67283,0
ta56,50,15,750,ATSA,12,3105,750229,750000,1913,38.029,rand_lt_st,continuous,seed,False,40,0.2,4,10,-5.0,5.0,be99d56,2026-07-16T12:05:19+00:00,1.4006,535636,53130,214553,200898,67055,0
ta56,50,15,750,ATSA,13,3185,750128,750000,1915,39.34,rand_lt_st,continuous,seed,False,40,0.2,4,10,-5.0,5.0,be99d56,2026-07-16T12:05:20+00:00,1.4001,535744,53547,214344,200999,66854,0
ta56,50,15,750,ATSA,14,3204,750223,750000,1913,39.707,rand_lt_st,continuous,seed,False,40,0.2,4,10,-5.0,5.0,be99d56,2026-07-16T12:05:21+00:00,1.4001,535822,53412,214361,201198,66851,0
ta56,50,15,750,ATSA,15,3303,750147,750000,1914,39.059,rand_lt_st,continuous,seed,False,40,0.2,4,10,-5.0,5.0,be99d56,2026-07-16T12:05:20+00:00,1.4002,535700,53361,214407,200765,67167,0
ta56,50,15,750,ATSA,16,3270,750083,750000,1908,38.992,rand_lt_st,continuous,seed,False,40,0.2,4,10,-5.0,5.0,be99d56,2026-07-16T12:05:20+00:00,1.401,535375,53459,214668,200368,66880,0
ta56,50,15,750,ATSA,17,3166,750321,750000,1916,39.443,rand_lt_st,continuous,seed,False,40,0.2,4,10,-5.0,5.0,be99d56,2026-07-16T12:05:20+00:00,1.4009,535566,53433,214715,200624,66794,0
ta56,50,15,750,ATSA,18,3274,750069,750000,1914,39.702,rand_lt_st,continuous,seed,False,40,0.2,4,10,-5.0,5.0,be99d56,2026-07-16T12:05:21+00:00,1.3988,536207,53702,213822,201232,67451,0
ta56,50,15,750,ATSA,19,3365,750179,750000,1915,39.37,rand_lt_st,continuous,seed,False,40,0.2,4,10,-5.0,5.0,be99d56,2026-07-16T12:05:20+00:00,1.401,535449,53469,214690,200953,66337,0
ta57,50,15,750,ATSA,0,3413,750211,750000,1915,38.775,rand_lt_st,continuous,seed,False,40,0.2,4,10,-5.0,5.0,be99d56,2026-07-16T12:05:59+00:00,1.3997,535945,53424,214226,201259,67036,0
ta57,50,15,750,ATSA,1,3406,750237,750000,1913,37.312,rand_lt_st,continuous,seed,False,40,0.2,4,10,-5.0,5.0,be99d56,2026-07-16T12:05:58+00:00,1.3994,536086,53788,214111,201584,66603,0
ta57,50,15,750,ATSA,2,3393,750057,750000,1913,38.623,rand_lt_st,continuous,seed,False,40,0.2,4,10,-5.0,5.0,be99d56,2026-07-16T12:05:59+00:00,1.4002,535633,53549,214384,200815,66885,0
ta57,50,15,750,ATSA,3,3456,750258,750000,1916,38.952,rand_lt_st,continuous,seed,False,40,0.2,4,10,-5.0,5.0,be99d56,2026-07-16T12:06:00+00:00,1.3992,536165,53714,214053,201070,67328,0
ta57,50,15,750,ATSA,4,3427,750231,750000,1914,39.351,rand_lt_st,continuous,seed,False,40,0.2,4,10,-5.0,5.0,be99d56,2026-07-16T12:06:00+00:00,1.3996,536010,53286,214181,201359,67184,0
ta57,50,15,750,ATSA,5,3334,750173,750000,1915,38.899,rand_lt_st,continuous,seed,False,40,0.2,4,10,-5.0,5.0,be99d56,2026-07-16T12:06:00+00:00,1.4001,535788,53622,214345,200791,67030,0
ta57,50,15,750,ATSA,6,3428,750296,750000,1912,37.649,rand_lt_st,continuous,seed,False,40,0.2,4,10,-5.0,5.0,be99d56,2026-07-16T12:05:58+00:00,1.4009,535547,53704,214709,200491,66643,0
ta57,50,15,750,ATSA,7,3218,750374,750000,1912,38.098,rand_lt_st,continuous,seed,False,40,0.2,4,10,-5.0,5.0,be99d56,2026-07-16T12:05:59+00:00,1.3989,536365,53559,213969,201477,67360,0
ta57,50,15,750,ATSA,8,3466,750357,750000,1917,39.633,rand_lt_st,continuous,seed,False,40,0.2,4,10,-5.0,5.0,be99d56,2026-07-16T12:06:00+00:00,1.3994,536163,53778,214154,201205,67026,0
ta57,50,15,750,ATSA,9,3391,750326,750000,1912,39.025,rand_lt_st,continuous,seed,False,40,0.2,4,10,-5.0,5.0,be99d56,2026-07-16T12:06:00+00:00,1.4,535932,53289,214354,201453,66836,0
ta57,50,15,750,ATSA,10,3450,750050,750000,1913,39.099,rand_lt_st,continuous,seed,False,40,0.2,4,10,-5.0,5.0,be99d56,2026-07-16T12:06:00+00:00,1.3996,535865,53338,214145,201617,66765,0
ta57,50,15,750,ATSA,11,3429,750074,750000,1914,38.915,rand_lt_st,continuous,seed,False,40,0.2,4,10,-5.0,5.0,be99d56,2026-07-16T12:06:00+00:00,1.3994,535971,53412,214063,201213,67283,0
ta57,50,15,750,ATSA,12,3374,750229,750000,1913,38.89,rand_lt_st,continuous,seed,False,40,0.2,4,10,-5.0,5.0,be99d56,2026-07-16T12:06:00+00:00,1.4006,535636,53130,214553,200898,67055,0
ta57,50,15,750,ATSA,13,3276,750128,750000,1915,38.598,rand_lt_st,continuous,seed,False,40,0.2,4,10,-5.0,5.0,be99d56,2026-07-16T12:05:59+00:00,1.4001,535744,53547,214344,200999,66854,0
ta57,50,15,750,ATSA,14,3525,750223,750000,1913,36.222,rand_lt_st,continuous,seed,False,40,0.2,4,10,-5.0,5.0,be99d56,2026-07-16T12:05:57+00:00,1.4001,535822,53412,214361,201198,66851,0
ta57,50,15,750,ATSA,15,3360,750147,750000,1914,39.049,rand_lt_st,continuous,seed,False,40,0.2,4,10,-5.0,5.0,be99d56,2026-07-16T12:06:00+00:00,1.4002,535700,53361,214407,200765,67167,0
ta57,50,15,750,ATSA,16,3509,750083,750000,1908,38.788,rand_lt_st,continuous,seed,False,40,0.2,4,10,-5.0,5.0,be99d56,2026-07-16T12:06:00+00:00,1.401,535375,53459,214668,200368,66880,0
ta57,50,15,750,ATSA,17,3340,750321,750000,1916,39.247,rand_lt_st,continuous,seed,False,40,0.2,4,10,-5.0,5.0,be99d56,2026-07-16T12:06:00+00:00,1.4009,535566,53433,214715,200624,66794,0
ta57,50,15,750,ATSA,18,3432,750069,750000,1914,37.829,rand_lt_st,continuous,seed,False,40,0.2,4,10,-5.0,5.0,be99d56,2026-07-16T12:05:59+00:00,1.3988,536207,53702,213822,201232,67451,0
ta57,50,15,750,ATSA,19,3410,750179,750000,1915,37.268,rand_lt_st,continuous,seed,False,40,0.2,4,10,-5.0,5.0,be99d56,2026-07-16T12:05:58+00:00,1.401,535449,53469,214690,200953,66337,0
ta58,50,15,750,ATSA,0,3413,750211,750000,1915,37.075,rand_lt_st,continuous,seed,False,40,0.2,4,10,-5.0,5.0,be99d56,2026-07-16T12:06:37+00:00,1.3997,535945,53424,214226,201259,67036,0
ta58,50,15,750,ATSA,1,3332,750237,750000,1913,39.045,rand_lt_st,continuous,seed,False,40,0.2,4,10,-5.0,5.0,be99d56,2026-07-16T12:06:39+00:00,1.3994,536086,53788,214111,201584,66603,0
ta58,50,15,750,ATSA,2,3372,750057,750000,1913,39.417,rand_lt_st,continuous,seed,False,40,0.2,4,10,-5.0,5.0,be99d56,2026-07-16T12:06:40+00:00,1.4002,535633,53549,214384,200815,66885,0
ta58,50,15,750,ATSA,3,3450,750258,750000,1916,39.37,rand_lt_st,continuous,seed,False,40,0.2,4,10,-5.0,5.0,be99d56,2026-07-16T12:06:40+00:00,1.3992,536165,53714,214053,201070,67328,0
ta58,50,15,750,ATSA,4,3353,750231,750000,1914,37.001,rand_lt_st,continuous,seed,False,40,0.2,4,10,-5.0,5.0,be99d56,2026-07-16T12:06:37+00:00,1.3996,536010,53286,214181,201359,67184,0
ta58,50,15,750,ATSA,5,3475,750173,750000,1915,38.821,rand_lt_st,continuous,seed,False,40,0.2,4,10,-5.0,5.0,be99d56,2026-07-16T12:06:39+00:00,1.4001,535788,53622,214345,200791,67030,0
ta58,50,15,750,ATSA,6,3503,750296,750000,1912,38.493,rand_lt_st,continuous,seed,False,40,0.2,4,10,-5.0,5.0,be99d56,2026-07-16T12:06:39+00:00,1.4009,535547,53704,214709,200491,66643,0
ta58,50,15,750,ATSA,7,3348,750374,750000,1912,37.812,rand_lt_st,continuous,seed,False,40,0.2,4,10,-5.0,5.0,be99d56,2026-07-16T12:06:38+00:00,1.3989,536365,53559,213969,201477,67360,0
ta58,50,15,750,ATSA,8,3376,750357,750000,1917,39.002,rand_lt_st,continuous,seed,False,40,0.2,4,10,-5.0,5.0,be99d56,2026-07-16T12:06:39+00:00,1.3994,536163,53778,214154,201205,67026,0
ta58,50,15,750,ATSA,9,3358,750326,750000,1912,38.498,rand_lt_st,continuous,seed,False,40,0.2,4,10,-5.0,5.0,be99d56,2026-07-16T12:06:39+00:00,1.4,535932,53289,214354,201453,66836,0
ta58,50,15,750,ATSA,10,3429,750050,750000,1913,38.918,rand_lt_st,continuous,seed,False,40,0.2,4,10,-5.0,5.0,be99d56,2026-07-16T12:06:39+00:00,1.3996,535865,53338,214145,201617,66765,0
ta58,50,15,750,ATSA,11,3481,750074,750000,1914,39.824,rand_lt_st,continuous,seed,False,40,0.2,4,10,-5.0,5.0,be99d56,2026-07-16T12:06:40+00:00,1.3994,535971,53412,214063,201213,67283,0
ta58,50,15,750,ATSA,12,3363,750229,750000,1913,36.629,rand_lt_st,continuous,seed,False,40,0.2,4,10,-5.0,5.0,be99d56,2026-07-16T12:06:37+00:00,1.4006,535636,53130,214553,200898,67055,0
ta58,50,15,750,ATSA,13,3424,750128,750000,1915,39.334,rand_lt_st,continuous,seed,False,40,0.2,4,10,-5.0,5.0,be99d56,2026-07-16T12:06:40+00:00,1.4001,535744,53547,214344,200999,66854,0
ta58,50,15,750,ATSA,14,3444,750223,750000,1913,39.374,rand_lt_st,continuous,seed,False,40,0.2,4,10,-5.0,5.0,be99d56,2026-07-16T12:06:40+00:00,1.4001,535822,53412,214361,201198,66851,0
ta58,50,15,750,ATSA,15,3409,750147,750000,1914,39.434,rand_lt_st,continuous,seed,False,40,0.2,4,10,-5.0,5.0,be99d56,2026-07-16T12:06:40+00:00,1.4002,535700,53361,214407,200765,67167,0
ta58,50,15,750,ATSA,16,3393,750083,750000,1908,39.556,rand_lt_st,continuous,seed,False,40,0.2,4,10,-5.0,5.0,be99d56,2026-07-16T12:06:40+00:00,1.401,535375,53459,214668,200368,66880,0
ta58,50,15,750,ATSA,17,3283,750321,750000,1916,39.546,rand_lt_st,continuous,seed,False,40,0.2,4,10,-5.0,5.0,be99d56,2026-07-16T12:06:40+00:00,1.4009,535566,53433,214715,200624,66794,0
ta58,50,15,750,ATSA,18,3394,750069,750000,1914,39.541,rand_lt_st,continuous,seed,False,40,0.2,4,10,-5.0,5.0,be99d56,2026-07-16T12:06:40+00:00,1.3988,536207,53702,213822,201232,67451,0
ta58,50,15,750,ATSA,19,3311,750179,750000,1915,39.355,rand_lt_st,continuous,seed,False,40,0.2,4,10,-5.0,5.0,be99d56,2026-07-16T12:06:40+00:00,1.401,535449,53469,214690,200953,66337,0
ta59,50,15,750,ATSA,0,3128,750211,750000,1915,39.414,rand_lt_st,continuous,seed,False,40,0.2,4,10,-5.0,5.0,be99d56,2026-07-16T12:07:20+00:00,1.3997,535945,53424,214226,201259,67036,0
ta59,50,15,750,ATSA,1,3131,750237,750000,1913,37.099,rand_lt_st,continuous,seed,False,40,0.2,4,10,-5.0,5.0,be99d56,2026-07-16T12:07:17+00:00,1.3994,536086,53788,214111,201584,66603,0
ta59,50,15,750,ATSA,2,3093,750057,750000,1913,36.87,rand_lt_st,continuous,seed,False,40,0.2,4,10,-5.0,5.0,be99d56,2026-07-16T12:07:17+00:00,1.4002,535633,53549,214384,200815,66885,0
ta59,50,15,750,ATSA,3,3111,750258,750000,1916,39.633,rand_lt_st,continuous,seed,False,40,0.2,4,10,-5.0,5.0,be99d56,2026-07-16T12:07:20+00:00,1.3992,536165,53714,214053,201070,67328,0
ta59,50,15,750,ATSA,4,3235,750231,750000,1914,39.456,rand_lt_st,continuous,seed,False,40,0.2,4,10,-5.0,5.0,be99d56,2026-07-16T12:07:20+00:00,1.3996,536010,53286,214181,201359,67184,0
ta59,50,15,750,ATSA,5,3328,750173,750000,1915,39.126,rand_lt_st,continuous,seed,False,40,0.2,4,10,-5.0,5.0,be99d56,2026-07-16T12:07:19+00:00,1.4001,535788,53622,214345,200791,67030,0
ta59,50,15,750,ATSA,6,3218,750296,750000,1912,39.068,rand_lt_st,continuous,seed,False,40,0.2,4,10,-5.0,5.0,be99d56,2026-07-16T12:07:19+00:00,1.4009,535547,53704,214709,200491,66643,0
ta59,50,15,750,ATSA,7,3116,750374,750000,1912,39.531,rand_lt_st,continuous,seed,False,40,0.2,4,10,-5.0,5.0,be99d56,2026-07-16T12:07:20+00:00,1.3989,536365,53559,213969,201477,67360,0
ta59,50,15,750,ATSA,8,3220,750357,750000,1917,37.253,rand_lt_st,continuous,seed,False,40,0.2,4,10,-5.0,5.0,be99d56,2026-07-16T12:07:17+00:00,1.3994,536163,53778,214154,201205,67026,0
ta59,50,15,750,ATSA,9,3097,750326,750000,1912,39.289,rand_lt_st,continuous,seed,False,40,0.2,4,10,-5.0,5.0,be99d56,2026-07-16T12:07:19+00:00,1.4,535932,53289,214354,201453,66836,0
ta59,50,15,750,ATSA,10,3187,750050,750000,1913,39.303,rand_lt_st,continuous,seed,False,40,0.2,4,10,-5.0,5.0,be99d56,2026-07-16T12:07:20+00:00,1.3996,535865,53338,214145,201617,66765,0
ta59,50,15,750,ATSA,11,3168,750074,750000,1914,39.102,rand_lt_st,continuous,seed,False,40,0.2,4,10,-5.0,5.0,be99d56,2026-07-16T12:07:19+00:00,1.3994,535971,53412,214063,201213,67283,0
ta59,50,15,750,ATSA,12,3234,750229,750000,1913,38.814,rand_lt_st,continuous,seed,False,40,0.2,4,10,-5.0,5.0,be99d56,2026-07-16T12:07:19+00:00,1.4006,535636,53130,214553,200898,67055,0
ta59,50,15,750,ATSA,13,3262,750128,750000,1915,39.412,rand_lt_st,continuous,seed,False,40,0.2,4,10,-5.0,5.0,be99d56,2026-07-16T12:07:20+00:00,1.4001,535744,53547,214344,200999,66854,0
ta59,50,15,750,ATSA,14,3151,750223,750000,1913,39.451,rand_lt_st,continuous,seed,False,40,0.2,4,10,-5.0,5.0,be99d56,2026-07-16T12:07:20+00:00,1.4001,535822,53412,214361,201198,66851,0
ta59,50,15,750,ATSA,15,3103,750147,750000,1914,39.322,rand_lt_st,continuous,seed,False,40,0.2,4,10,-5.0,5.0,be99d56,2026-07-16T12:07:20+00:00,1.4002,535700,53361,214407,200765,67167,0
ta59,50,15,750,ATSA,16,3095,750083,750000,1908,39.496,rand_lt_st,continuous,seed,False,40,0.2,4,10,-5.0,5.0,be99d56,2026-07-16T12:07:20+00:00,1.401,535375,53459,214668,200368,66880,0
ta59,50,15,750,ATSA,17,3167,750321,750000,1916,39.006,rand_lt_st,continuous,seed,False,40,0.2,4,10,-5.0,5.0,be99d56,2026-07-16T12:07:19+00:00,1.4009,535566,53433,214715,200624,66794,0
ta59,50,15,750,ATSA,18,3181,750069,750000,1914,39.355,rand_lt_st,continuous,seed,False,40,0.2,4,10,-5.0,5.0,be99d56,2026-07-16T12:07:20+00:00,1.3988,536207,53702,213822,201232,67451,0
ta59,50,15,750,ATSA,19,3215,750179,750000,1915,39.241,rand_lt_st,continuous,seed,False,40,0.2,4,10,-5.0,5.0,be99d56,2026-07-16T12:07:19+00:00,1.401,535449,53469,214690,200953,66337,0
ta60,50,15,750,ATSA,0,3089,750211,750000,1915,40.969,rand_lt_st,continuous,seed,False,40,0.2,4,10,-5.0,5.0,be99d56,2026-07-16T12:08:01+00:00,1.3997,535945,53424,214226,201259,67036,0
ta60,50,15,750,ATSA,1,3074,750237,750000,1913,40.723,rand_lt_st,continuous,seed,False,40,0.2,4,10,-5.0,5.0,be99d56,2026-07-16T12:08:01+00:00,1.3994,536086,53788,214111,201584,66603,0
ta60,50,15,750,ATSA,2,3052,750057,750000,1913,40.44,rand_lt_st,continuous,seed,False,40,0.2,4,10,-5.0,5.0,be99d56,2026-07-16T12:08:00+00:00,1.4002,535633,53549,214384,200815,66885,0
ta60,50,15,750,ATSA,3,3083,750258,750000,1916,40.552,rand_lt_st,continuous,seed,False,40,0.2,4,10,-5.0,5.0,be99d56,2026-07-16T12:08:00+00:00,1.3992,536165,53714,214053,201070,67328,0
ta60,50,15,750,ATSA,4,3083,750231,750000,1914,40.626,rand_lt_st,continuous,seed,False,40,0.2,4,10,-5.0,5.0,be99d56,2026-07-16T12:08:00+00:00,1.3996,536010,53286,214181,201359,67184,0
ta60,50,15,750,ATSA,5,3092,750173,750000,1915,40.69,rand_lt_st,continuous,seed,False,40,0.2,4,10,-5.0,5.0,be99d56,2026-07-16T12:08:01+00:00,1.4001,535788,53622,214345,200791,67030,0
ta60,50,15,750,ATSA,6,3150,750296,750000,1912,40.007,rand_lt_st,continuous,seed,False,40,0.2,4,10,-5.0,5.0,be99d56,2026-07-16T12:08:00+00:00,1.4009,535547,53704,214709,200491,66643,0
ta60,50,15,750,ATSA,7,3201,750374,750000,1912,40.367,rand_lt_st,continuous,seed,False,40,0.2,4,10,-5.0,5.0,be99d56,2026-07-16T12:08:00+00:00,1.3989,536365,53559,213969,201477,67360,0
ta60,50,15,750,ATSA,8,3087,750357,750000,1917,40.382,rand_lt_st,continuous,seed,False,40,0.2,4,10,-5.0,5.0,be99d56,2026-07-16T12:08:00+00:00,1.3994,536163,53778,214154,201205,67026,0
ta60,50,15,750,ATSA,9,3096,750326,750000,1912,40.749,rand_lt_st,continuous,seed,False,40,0.2,4,10,-5.0,5.0,be99d56,2026-07-16T12:08:01+00:00,1.4,535932,53289,214354,201453,66836,0
ta60,50,15,750,ATSA,10,3133,750050,750000,1913,40.549,rand_lt_st,continuous,seed,False,40,0.2,4,10,-5.0,5.0,be99d56,2026-07-16T12:08:00+00:00,1.3996,535865,53338,214145,201617,66765,0
ta60,50,15,750,ATSA,11,3098,750074,750000,1914,37.969,rand_lt_st,continuous,seed,False,40,0.2,4,10,-5.0,5.0,be99d56,2026-07-16T12:07:58+00:00,1.3994,535971,53412,214063,201213,67283,0
ta60,50,15,750,ATSA,12,3042,750229,750000,1913,39.483,rand_lt_st,continuous,seed,False,40,0.2,4,10,-5.0,5.0,be99d56,2026-07-16T12:07:59+00:00,1.4006,535636,53130,214553,200898,67055,0
ta60,50,15,750,ATSA,13,3037,750128,750000,1915,38.277,rand_lt_st,continuous,seed,False,40,0.2,4,10,-5.0,5.0,be99d56,2026-07-16T12:07:58+00:00,1.4001,535744,53547,214344,200999,66854,0
ta60,50,15,750,ATSA,14,3199,750223,750000,1913,40.174,rand_lt_st,continuous,seed,False,40,0.2,4,10,-5.0,5.0,be99d56,2026-07-16T12:08:00+00:00,1.4001,535822,53412,214361,201198,66851,0
ta60,50,15,750,ATSA,15,3093,750147,750000,1914,40.026,rand_lt_st,continuous,seed,False,40,0.2,4,10,-5.0,5.0,be99d56,2026-07-16T12:08:00+00:00,1.4002,535700,53361,214407,200765,67167,0
ta60,50,15,750,ATSA,16,3265,750083,750000,1908,41.138,rand_lt_st,continuous,seed,False,40,0.2,4,10,-5.0,5.0,be99d56,2026-07-16T12:08:01+00:00,1.401,535375,53459,214668,200368,66880,0
ta60,50,15,750,ATSA,17,3250,750321,750000,1916,40.257,rand_lt_st,continuous,seed,False,40,0.2,4,10,-5.0,5.0,be99d56,2026-07-16T12:08:00+00:00,1.4009,535566,53433,214715,200624,66794,0
ta60,50,15,750,ATSA,18,3050,750069,750000,1914,40.81,rand_lt_st,continuous,seed,False,40,0.2,4,10,-5.0,5.0,be99d56,2026-07-16T12:08:01+00:00,1.3988,536207,53702,213822,201232,67451,0
ta60,50,15,750,ATSA,19,3042,750179,750000,1915,40.011,rand_lt_st,continuous,seed,False,40,0.2,4,10,-5.0,5.0,be99d56,2026-07-16T12:08:00+00:00,1.401,535449,53469,214690,200953,66337,0
ta61,50,20,1000,ATSA,0,3396,1000212,1000000,2558,70.425,rand_lt_st,continuous,seed,False,40,0.2,4,10,-5.0,5.0,be99d56,2026-07-16T12:09:11+00:00,1.3994,714736,71520,285436,268617,89163,0
ta61,50,20,1000,ATSA,1,3529,1000065,1000000,2551,74.838,rand_lt_st,continuous,seed,False,40,0.2,4,10,-5.0,5.0,be99d56,2026-07-16T12:09:16+00:00,1.3994,714594,71737,285431,267938,89488,0
ta61,50,20,1000,ATSA,2,3576,1000334,1000000,2551,70.96,rand_lt_st,continuous,seed,False,40,0.2,4,10,-5.0,5.0,be99d56,2026-07-16T12:09:12+00:00,1.3999,714552,71422,285742,268071,89317,0
ta61,50,20,1000,ATSA,3,3598,1000078,1000000,2551,74.441,rand_lt_st,continuous,seed,False,40,0.2,4,10,-5.0,5.0,be99d56,2026-07-16T12:09:15+00:00,1.4001,714250,71333,285788,267890,89239,0
ta61,50,20,1000,ATSA,4,3566,1000048,1000000,2546,71.335,rand_lt_st,continuous,seed,False,40,0.2,4,10,-5.0,5.0,be99d56,2026-07-16T12:09:12+00:00,1.4006,714003,71277,286005,267645,89076,0
ta61,50,20,1000,ATSA,5,3393,1000172,1000000,2550,71.237,rand_lt_st,continuous,seed,False,40,0.2,4,10,-5.0,5.0,be99d56,2026-07-16T12:09:12+00:00,1.3998,714475,71525,285657,267759,89534,0
ta61,50,20,1000,ATSA,6,3453,1000275,1000000,2557,74.87,rand_lt_st,continuous,seed,False,40,0.2,4,10,-5.0,5.0,be99d56,2026-07-16T12:09:16+00:00,1.4006,714168,71286,286067,267599,89216,0
ta61,50,20,1000,ATSA,7,3484,1000274,1000000,2548,74.113,rand_lt_st,continuous,seed,False,40,0.2,4,10,-5.0,5.0,be99d56,2026-07-16T12:09:15+00:00,1.4007,714099,71446,286135,266934,89584,0
ta61,50,20,1000,ATSA,8,3601,1000042,1000000,2555,74.436,rand_lt_st,continuous,seed,False,40,0.2,4,10,-5.0,5.0,be99d56,2026-07-16T12:09:15+00:00,1.3997,714455,71145,285547,268282,89481,0
ta61,50,20,1000,ATSA,9,3549,1000157,1000000,2551,72.671,rand_lt_st,continuous,seed,False,40,0.2,4,10,-5.0,5.0,be99d56,2026-07-16T12:09:14+00:00,1.4,714367,71412,285750,267820,89385,0
ta61,50,20,1000,ATSA,10,3539,1000171,1000000,2549,74.884,rand_lt_st,continuous,seed,False,40,0.2,4,10,-5.0,5.0,be99d56,2026-07-16T12:09:16+00:00,1.4005,714101,71515,286030,267388,89168,0
ta61,50,20,1000,ATSA,11,3609,1000117,1000000,2553,74.985,rand_lt_st,continuous,seed,False,40,0.2,4,10,-5.0,5.0,be99d56,2026-07-16T12:09:16+00:00,1.3998,714418,71048,285659,267847,89864,0
ta61,50,20,1000,ATSA,12,3521,1000363,1000000,2557,70.903,rand_lt_st,continuous,seed,False,40,0.2,4,10,-5.0,5.0,be99d56,2026-07-16T12:09:12+00:00,1.4001,714456,71066,285867,268219,89304,0
ta61,50,20,1000,ATSA,13,3534,1000190,1000000,2549,74.352,rand_lt_st,continuous,seed,False,40,0.2,4,10,-5.0,5.0,be99d56,2026-07-16T12:09:15+00:00,1.3995,714661,71337,285489,268229,89606,0
ta61,50,20,1000,ATSA,14,3529,1000302,1000000,2550,75.289,rand_lt_st,continuous,seed,False,40,0.2,4,10,-5.0,5.0,be99d56,2026-07-16T12:09:16+00:00,1.3998,714587,71271,285675,268548,89093,0
ta61,50,20,1000,ATSA,15,3551,1000371,1000000,2553,74.841,rand_lt_st,continuous,seed,False,40,0.2,4,10,-5.0,5.0,be99d56,2026-07-16T12:09:16+00:00,1.3993,714859,72042,285472,267927,89418,0
ta61,50,20,1000,ATSA,16,3587,1000126,1000000,2550,75.481,rand_lt_st,continuous,seed,False,40,0.2,4,10,-5.0,5.0,be99d56,2026-07-16T12:09:16+00:00,1.4012,713713,71262,286373,267045,89033,0
ta61,50,20,1000,ATSA,17,3584,1000067,1000000,2549,74.954,rand_lt_st,continuous,seed,False,40,0.2,4,10,-5.0,5.0,be99d56,2026-07-16T12:09:16+00:00,1.4001,714253,71191,285774,268585,88703,0
ta61,50,20,1000,ATSA,18,3400,1000236,1000000,2553,74.88,rand_lt_st,continuous,seed,False,40,0.2,4,10,-5.0,5.0,be99d56,2026-07-16T12:09:16+00:00,1.4,714403,71726,285793,267740,89144,0
ta61,50,20,1000,ATSA,19,3451,1000359,1000000,2554,74.34,rand_lt_st,continuous,seed,False,40,0.2,4,10,-5.0,5.0,be99d56,2026-07-16T12:09:15+00:00,1.4001,714477,71879,285842,267639,89117,0
ta62,50,20,1000,ATSA,0,3588,1000212,1000000,2558,71.308,rand_lt_st,continuous,seed,False,40,0.2,4,10,-5.0,5.0,be99d56,2026-07-16T12:10:28+00:00,1.3994,714736,71520,285436,268617,89163,0
ta62,50,20,1000,ATSA,1,3500,1000065,1000000,2551,74.924,rand_lt_st,continuous,seed,False,40,0.2,4,10,-5.0,5.0,be99d56,2026-07-16T12:10:31+00:00,1.3994,714594,71737,285431,267938,89488,0
ta62,50,20,1000,ATSA,2,3627,1000334,1000000,2551,75.14,rand_lt_st,continuous,seed,False,40,0.2,4,10,-5.0,5.0,be99d56,2026-07-16T12:10:32+00:00,1.3999,714552,71422,285742,268071,89317,0
ta62,50,20,1000,ATSA,3,3606,1000078,1000000,2551,75.222,rand_lt_st,continuous,seed,False,40,0.2,4,10,-5.0,5.0,be99d56,2026-07-16T12:10:32+00:00,1.4001,714250,71333,285788,267890,89239,0
ta62,50,20,1000,ATSA,4,3642,1000048,1000000,2546,75.231,rand_lt_st,continuous,seed,False,40,0.2,4,10,-5.0,5.0,be99d56,2026-07-16T12:10:32+00:00,1.4006,714003,71277,286005,267645,89076,0
ta62,50,20,1000,ATSA,5,3686,1000172,1000000,2550,74.963,rand_lt_st,continuous,seed,False,40,0.2,4,10,-5.0,5.0,be99d56,2026-07-16T12:10:31+00:00,1.3998,714475,71525,285657,267759,89534,0
ta62,50,20,1000,ATSA,6,3549,1000275,1000000,2557,75.164,rand_lt_st,continuous,seed,False,40,0.2,4,10,-5.0,5.0,be99d56,2026-07-16T12:10:32+00:00,1.4006,714168,71286,286067,267599,89216,0
ta62,50,20,1000,ATSA,7,3527,1000274,1000000,2548,70.886,rand_lt_st,continuous,seed,False,40,0.2,4,10,-5.0,5.0,be99d56,2026-07-16T12:10:27+00:00,1.4007,714099,71446,286135,266934,89584,0
ta62,50,20,1000,ATSA,8,3562,1000042,1000000,2555,74.806,rand_lt_st,continuous,seed,False,40,0.2,4,10,-5.0,5.0,be99d56,2026-07-16T12:10:31+00:00,1.3997,714455,71145,285547,268282,89481,0
ta62,50,20,1000,ATSA,9,3563,1000157,1000000,2551,75.151,rand_lt_st,continuous,seed,False,40,0.2,4,10,-5.0,5.0,be99d56,2026-07-16T12:10:32+00:00,1.4,714367,71412,285750,267820,89385,0
ta62,50,20,1000,ATSA,10,3481,1000171,1000000,2549,74.89,rand_lt_st,continuous,seed,False,40,0.2,4,10,-5.0,5.0,be99d56,2026-07-16T12:10:31+00:00,1.4005,714101,71515,286030,267388,89168,0
ta62,50,20,1000,ATSA,11,3697,1000117,1000000,2553,75.001,rand_lt_st,continuous,seed,False,40,0.2,4,10,-5.0,5.0,be99d56,2026-07-16T12:10:32+00:00,1.3998,714418,71048,285659,267847,89864,0
ta62,50,20,1000,ATSA,12,3590,1000363,1000000,2557,73.985,rand_lt_st,continuous,seed,False,40,0.2,4,10,-5.0,5.0,be99d56,2026-07-16T12:10:31+00:00,1.4001,714456,71066,285867,268219,89304,0
ta62,50,20,1000,ATSA,13,3553,1000190,1000000,2549,72.627,rand_lt_st,continuous,seed,False,40,0.2,4,10,-5.0,5.0,be99d56,2026-07-16T12:10:29+00:00,1.3995,714661,71337,285489,268229,89606,0
ta62,50,20,1000,ATSA,14,3510,1000302,1000000,2550,74.996,rand_lt_st,continuous,seed,False,40,0.2,4,10,-5.0,5.0,be99d56,2026-07-16T12:10:32+00:00,1.3998,714587,71271,285675,268548,89093,0
ta62,50,20,1000,ATSA,15,3602,1000371,1000000,2553,75.273,rand_lt_st,continuous,seed,False,40,0.2,4,10,-5.0,5.0,be99d56,2026-07-16T12:10:32+00:00,1.3993,714859,72042,285472,267927,89418,0
ta62,50,20,1000,ATSA,16,3503,1000126,1000000,2550,75.007,rand_lt_st,continuous,seed,False,40,0.2,4,10,-5.0,5.0,be99d56,2026-07-16T12:10:32+00:00,1.4012,713713,71262,286373,267045,89033,0
ta62,50,20,1000,ATSA,17,3524,1000067,1000000,2549,74.895,rand_lt_st,continuous,seed,False,40,0.2,4,10,-5.0,5.0,be99d56,2026-07-16T12:10:31+00:00,1.4001,714253,71191,285774,268585,88703,0
ta62,50,20,1000,ATSA,18,3676,1000236,1000000,2553,71.435,rand_lt_st,continuous,seed,False,40,0.2,4,10,-5.0,5.0,be99d56,2026-07-16T12:10:28+00:00,1.4,714403,71726,285793,267740,89144,0
ta62,50,20,1000,ATSA,19,3649,1000359,1000000,2554,75.229,rand_lt_st,continuous,seed,False,40,0.2,4,10,-5.0,5.0,be99d56,2026-07-16T12:10:32+00:00,1.4001,714477,71879,285842,267639,89117,0
ta63,50,20,1000,ATSA,0,3323,1000212,1000000,2558,72.531,rand_lt_st,continuous,seed,False,40,0.2,4,10,-5.0,5.0,be99d56,2026-07-16T12:11:44+00:00,1.3994,714736,71520,285436,268617,89163,0
ta63,50,20,1000,ATSA,1,3308,1000065,1000000,2551,76.101,rand_lt_st,continuous,seed,False,40,0.2,4,10,-5.0,5.0,be99d56,2026-07-16T12:11:48+00:00,1.3994,714594,71737,285431,267938,89488,0
ta63,50,20,1000,ATSA,2,3276,1000334,1000000,2551,76.001,rand_lt_st,continuous,seed,False,40,0.2,4,10,-5.0,5.0,be99d56,2026-07-16T12:11:48+00:00,1.3999,714552,71422,285742,268071,89317,0
ta63,50,20,1000,ATSA,3,3558,1000078,1000000,2551,76.034,rand_lt_st,continuous,seed,False,40,0.2,4,10,-5.0,5.0,be99d56,2026-07-16T12:11:48+00:00,1.4001,714250,71333,285788,267890,89239,0
ta63,50,20,1000,ATSA,4,3330,1000048,1000000,2546,75.743,rand_lt_st,continuous,seed,False,40,0.2,4,10,-5.0,5.0,be99d56,2026-07-16T12:11:48+00:00,1.4006,714003,71277,286005,267645,89076,0
ta63,50,20,1000,ATSA,5,3300,1000172,1000000,2550,73.25,rand_lt_st,continuous,seed,False,40,0.2,4,10,-5.0,5.0,be99d56,2026-07-16T12:11:45+00:00,1.3998,714475,71525,285657,267759,89534,0
ta63,50,20,1000,ATSA,6,3316,1000275,1000000,2557,76.058,rand_lt_st,continuous,seed,False,40,0.2,4,10,-5.0,5.0,be99d56,2026-07-16T12:11:48+00:00,1.4006,714168,71286,286067,267599,89216,0
ta63,50,20,1000,ATSA,7,3319,1000274,1000000,2548,75.88,rand_lt_st,continuous,seed,False,40,0.2,4,10,-5.0,5.0,be99d56,2026-07-16T12:11:48+00:00,1.4007,714099,71446,286135,266934,89584,0
ta63,50,20,1000,ATSA,8,3380,1000042,1000000,2555,73.837,rand_lt_st,continuous,seed,False,40,0.2,4,10,-5.0,5.0,be99d56,2026-07-16T12:11:46+00:00,1.3997,714455,71145,285547,268282,89481,0
ta63,50,20,1000,ATSA,9,3310,1000157,1000000,2551,72.125,rand_lt_st,continuous,seed,False,40,0.2,4,10,-5.0,5.0,be99d56,2026-07-16T12:11:44+00:00,1.4,714367,71412,285750,267820,89385,0
ta63,50,20,1000,ATSA,10,3292,1000171,1000000,2549,75.968,rand_lt_st,continuous,seed,False,40,0.2,4,10,-5.0,5.0,be99d56,2026-07-16T12:11:48+00:00,1.4005,714101,71515,286030,267388,89168,0
ta63,50,20,1000,ATSA,11,3350,1000117,1000000,2553,72.997,rand_lt_st,continuous,seed,False,40,0.2,4,10,-5.0,5.0,be99d56,2026-07-16T12:11:45+00:00,1.3998,714418,71048,285659,267847,89864,0
ta63,50,20,1000,ATSA,12,3293,1000363,1000000,2557,75.925,rand_lt_st,continuous,seed,False,40,0.2,4,10,-5.0,5.0,be99d56,2026-07-16T12:11:48+00:00,1.4001,714456,71066,285867,268219,89304,0
ta63,50,20,1000,ATSA,13,3389,1000190,1000000,2549,73.353,rand_lt_st,continuous,seed,False,40,0.2,4,10,-5.0,5.0,be99d56,2026-07-16T12:11:45+00:00,1.3995,714661,71337,285489,268229,89606,0
ta63,50,20,1000,ATSA,14,3362,1000302,1000000,2550,75.878,rand_lt_st,continuous,seed,False,40,0.2,4,10,-5.0,5.0,be99d56,2026-07-16T12:11:48+00:00,1.3998,714587,71271,285675,268548,89093,0
ta63,50,20,1000,ATSA,15,3264,1000371,1000000,2553,71.642,rand_lt_st,continuous,seed,False,40,0.2,4,10,-5.0,5.0,be99d56,2026-07-16T12:11:43+00:00,1.3993,714859,72042,285472,267927,89418,0
ta63,50,20,1000,ATSA,16,3389,1000126,1000000,2550,74.949,rand_lt_st,continuous,seed,False,40,0.2,4,10,-5.0,5.0,be99d56,2026-07-16T12:11:47+00:00,1.4012,713713,71262,286373,267045,89033,0
ta63,50,20,1000,ATSA,17,3339,1000067,1000000,2549,73.287,rand_lt_st,continuous,seed,False,40,0.2,4,10,-5.0,5.0,be99d56,2026-07-16T12:11:45+00:00,1.4001,714253,71191,285774,268585,88703,0
ta63,50,20,1000,ATSA,18,3516,1000236,1000000,2553,76.044,rand_lt_st,continuous,seed,False,40,0.2,4,10,-5.0,5.0,be99d56,2026-07-16T12:11:48+00:00,1.4,714403,71726,285793,267740,89144,0
ta63,50,20,1000,ATSA,19,3424,1000359,1000000,2554,72.163,rand_lt_st,continuous,seed,False,40,0.2,4,10,-5.0,5.0,be99d56,2026-07-16T12:11:44+00:00,1.4001,714477,71879,285842,267639,89117,0
ta64,50,20,1000,ATSA,0,3246,1000212,1000000,2558,73.926,rand_lt_st,continuous,seed,False,40,0.2,4,10,-5.0,5.0,be99d56,2026-07-16T12:13:02+00:00,1.3994,714736,71520,285436,268617,89163,0
ta64,50,20,1000,ATSA,1,3331,1000065,1000000,2551,73.433,rand_lt_st,continuous,seed,False,40,0.2,4,10,-5.0,5.0,be99d56,2026-07-16T12:13:01+00:00,1.3994,714594,71737,285431,267938,89488,0
ta64,50,20,1000,ATSA,2,3223,1000334,1000000,2551,70.682,rand_lt_st,continuous,seed,False,40,0.2,4,10,-5.0,5.0,be99d56,2026-07-16T12:12:59+00:00,1.3999,714552,71422,285742,268071,89317,0
ta64,50,20,1000,ATSA,3,3211,1000078,1000000,2551,70.692,rand_lt_st,continuous,seed,False,40,0.2,4,10,-5.0,5.0,be99d56,2026-07-16T12:12:59+00:00,1.4001,714250,71333,285788,267890,89239,0
ta64,50,20,1000,ATSA,4,3283,1000048,1000000,2546,73.274,rand_lt_st,continuous,seed,False,40,0.2,4,10,-5.0,5.0,be99d56,2026-07-16T12:13:01+00:00,1.4006,714003,71277,286005,267645,89076,0
ta64,50,20,1000,ATSA,5,3328,1000172,1000000,2550,73.352,rand_lt_st,continuous,seed,False,40,0.2,4,10,-5.0,5.0,be99d56,2026-07-16T12:13:01+00:00,1.3998,714475,71525,285657,267759,89534,0
ta64,50,20,1000,ATSA,6,3332,1000275,1000000,2557,70.816,rand_lt_st,continuous,seed,False,40,0.2,4,10,-5.0,5.0,be99d56,2026-07-16T12:12:59+00:00,1.4006,714168,71286,286067,267599,89216,0
ta64,50,20,1000,ATSA,7,3390,1000274,1000000,2548,69.396,rand_lt_st,continuous,seed,False,40,0.2,4,10,-5.0,5.0,be99d56,2026-07-16T12:12:57+00:00,1.4007,714099,71446,286135,266934,89584,0
ta64,50,20,1000,ATSA,8,3239,1000042,1000000,2555,73.687,rand_lt_st,continuous,seed,False,40,0.2,4,10,-5.0,5.0,be99d56,2026-07-16T12:13:02+00:00,1.3997,714455,71145,285547,268282,89481,0
ta64,50,20,1000,ATSA,9,3342,1000157,1000000,2551,73.548,rand_lt_st,continuous,seed,False,40,0.2,4,10,-5.0,5.0,be99d56,2026-07-16T12:13:01+00:00,1.4,714367,71412,285750,267820,89385,0
ta64,50,20,1000,ATSA,10,3313,1000171,1000000,2549,70.361,rand_lt_st,continuous,seed,False,40,0.2,4,10,-5.0,5.0,be99d56,2026-07-16T12:12:58+00:00,1.4005,714101,71515,286030,267388,89168,0
ta64,50,20,1000,ATSA,11,3322,1000117,1000000,2553,72.91,rand_lt_st,continuous,seed,False,40,0.2,4,10,-5.0,5.0,be99d56,2026-07-16T12:13:01+00:00,1.3998,714418,71048,285659,267847,89864,0
ta64,50,20,1000,ATSA,12,3329,1000363,1000000,2557,70.529,rand_lt_st,continuous,seed,False,40,0.2,4,10,-5.0,5.0,be99d56,2026-07-16T12:12:58+00:00,1.4001,714456,71066,285867,268219,89304,0
ta64,50,20,1000,ATSA,13,3473,1000190,1000000,2549,73.647,rand_lt_st,continuous,seed,False,40,0.2,4,10,-5.0,5.0,be99d56,2026-07-16T12:13:02+00:00,1.3995,714661,71337,285489,268229,89606,0
ta64,50,20,1000,ATSA,14,3326,1000302,1000000,2550,73.162,rand_lt_st,continuous,seed,False,40,0.2,4,10,-5.0,5.0,be99d56,2026-07-16T12:13:01+00:00,1.3998,714587,71271,285675,268548,89093,0
ta64,50,20,1000,ATSA,15,3412,1000371,1000000,2553,73.637,rand_lt_st,continuous,seed,False,40,0.2,4,10,-5.0,5.0,be99d56,2026-07-16T12:13:02+00:00,1.3993,714859,72042,285472,267927,89418,0
ta64,50,20,1000,ATSA,16,3492,1000126,1000000,2550,73.258,rand_lt_st,continuous,seed,False,40,0.2,4,10,-5.0,5.0,be99d56,2026-07-16T12:13:01+00:00,1.4012,713713,71262,286373,267045,89033,0
ta64,50,20,1000,ATSA,17,3306,1000067,1000000,2549,70.474,rand_lt_st,continuous,seed,False,40,0.2,4,10,-5.0,5.0,be99d56,2026-07-16T12:12:58+00:00,1.4001,714253,71191,285774,268585,88703,0
ta64,50,20,1000,ATSA,18,3278,1000236,1000000,2553,73.163,rand_lt_st,continuous,seed,False,40,0.2,4,10,-5.0,5.0,be99d56,2026-07-16T12:13:01+00:00,1.4,714403,71726,285793,267740,89144,0
ta64,50,20,1000,ATSA,19,3211,1000359,1000000,2554,73.472,rand_lt_st,continuous,seed,False,40,0.2,4,10,-5.0,5.0,be99d56,2026-07-16T12:13:01+00:00,1.4001,714477,71879,285842,267639,89117,0
ta65,50,20,1000,ATSA,0,3369,1000212,1000000,2558,76.755,rand_lt_st,continuous,seed,False,40,0.2,4,10,-5.0,5.0,be99d56,2026-07-16T12:14:19+00:00,1.3994,714736,71520,285436,268617,89163,0
ta65,50,20,1000,ATSA,1,3257,1000065,1000000,2551,77.354,rand_lt_st,continuous,seed,False,40,0.2,4,10,-5.0,5.0,be99d56,2026-07-16T12:14:19+00:00,1.3994,714594,71737,285431,267938,89488,0
ta65,50,20,1000,ATSA,2,3403,1000334,1000000,2551,76.507,rand_lt_st,continuous,seed,False,40,0.2,4,10,-5.0,5.0,be99d56,2026-07-16T12:14:18+00:00,1.3999,714552,71422,285742,268071,89317,0
ta65,50,20,1000,ATSA,3,3438,1000078,1000000,2551,76.863,rand_lt_st,continuous,seed,False,40,0.2,4,10,-5.0,5.0,be99d56,2026-07-16T12:14:19+00:00,1.4001,714250,71333,285788,267890,89239,0
ta65,50,20,1000,ATSA,4,3341,1000048,1000000,2546,76.92,rand_lt_st,continuous,seed,False,40,0.2,4,10,-5.0,5.0,be99d56,2026-07-16T12:14:19+00:00,1.4006,714003,71277,286005,267645,89076,0
ta65,50,20,1000,ATSA,5,3314,1000172,1000000,2550,76.717,rand_lt_st,continuous,seed,False,40,0.2,4,10,-5.0,5.0,be99d56,2026-07-16T12:14:19+00:00,1.3998,714475,71525,285657,267759,89534,0
ta65,50,20,1000,ATSA,6,3441,1000275,1000000,2557,73.701,rand_lt_st,continuous,seed,False,40,0.2,4,10,-5.0,5.0,be99d56,2026-07-16T12:14:16+00:00,1.4006,714168,71286,286067,267599,89216,0
ta65,50,20,1000,ATSA,7,3283,1000274,1000000,2548,76.847,rand_lt_st,continuous,seed,False,40,0.2,4,10,-5.0,5.0,be99d56,2026-07-16T12:14:19+00:00,1.4007,714099,71446,286135,266934,89584,0
ta65,50,20,1000,ATSA,8,3427,1000042,1000000,2555,76.679,rand_lt_st,continuous,seed,False,40,0.2,4,10,-5.0,5.0,be99d56,2026-07-16T12:14:19+00:00,1.3997,714455,71145,285547,268282,89481,0
ta65,50,20,1000,ATSA,9,3359,1000157,1000000,2551,72.804,rand_lt_st,continuous,seed,False,40,0.2,4,10,-5.0,5.0,be99d56,2026-07-16T12:14:15+00:00,1.4,714367,71412,285750,267820,89385,0
ta65,50,20,1000,ATSA,10,3477,1000171,1000000,2549,77.611,rand_lt_st,continuous,seed,False,40,0.2,4,10,-5.0,5.0,be99d56,2026-07-16T12:14:20+00:00,1.4005,714101,71515,286030,267388,89168,0
ta65,50,20,1000,ATSA,11,3330,1000117,1000000,2553,77.1,rand_lt_st,continuous,seed,False,40,0.2,4,10,-5.0,5.0,be99d56,2026-07-16T12:14:19+00:00,1.3998,714418,71048,285659,267847,89864,0
ta65,50,20,1000,ATSA,12,3350,1000363,1000000,2557,74.242,rand_lt_st,continuous,seed,False,40,0.2,4,10,-5.0,5.0,be99d56,2026-07-16T12:14:16+00:00,1.4001,714456,71066,285867,268219,89304,0
ta65,50,20,1000,ATSA,13,3276,1000190,1000000,2549,77.168,rand_lt_st,continuous,seed,False,40,0.2,4,10,-5.0,5.0,be99d56,2026-07-16T12:14:19+00:00,1.3995,714661,71337,285489,268229,89606,0
ta65,50,20,1000,ATSA,14,3272,1000302,1000000,2550,73.486,rand_lt_st,continuous,seed,False,40,0.2,4,10,-5.0,5.0,be99d56,2026-07-16T12:14:15+00:00,1.3998,714587,71271,285675,268548,89093,0
ta65,50,20,1000,ATSA,15,3330,1000371,1000000,2553,77.014,rand_lt_st,continuous,seed,False,40,0.2,4,10,-5.0,5.0,be99d56,2026-07-16T12:14:19+00:00,1.3993,714859,72042,285472,267927,89418,0
ta65,50,20,1000,ATSA,16,3602,1000126,1000000,2550,72.572,rand_lt_st,continuous,seed,False,40,0.2,4,10,-5.0,5.0,be99d56,2026-07-16T12:14:14+00:00,1.4012,713713,71262,286373,267045,89033,0
ta65,50,20,1000,ATSA,17,3376,1000067,1000000,2549,76.902,rand_lt_st,continuous,seed,False,40,0.2,4,10,-5.0,5.0,be99d56,2026-07-16T12:14:19+00:00,1.4001,714253,71191,285774,268585,88703,0
ta65,50,20,1000,ATSA,18,3488,1000236,1000000,2553,76.683,rand_lt_st,continuous,seed,False,40,0.2,4,10,-5.0,5.0,be99d56,2026-07-16T12:14:19+00:00,1.4,714403,71726,285793,267740,89144,0
ta65,50,20,1000,ATSA,19,3467,1000359,1000000,2554,77.053,rand_lt_st,continuous,seed,False,40,0.2,4,10,-5.0,5.0,be99d56,2026-07-16T12:14:19+00:00,1.4001,714477,71879,285842,267639,89117,0
ta66,50,20,1000,ATSA,0,3404,1000212,1000000,2558,74.754,rand_lt_st,continuous,seed,False,40,0.2,4,10,-5.0,5.0,be99d56,2026-07-16T12:15:34+00:00,1.3994,714736,71520,285436,268617,89163,0
ta66,50,20,1000,ATSA,1,3317,1000065,1000000,2551,74.524,rand_lt_st,continuous,seed,False,40,0.2,4,10,-5.0,5.0,be99d56,2026-07-16T12:15:34+00:00,1.3994,714594,71737,285431,267938,89488,0
ta66,50,20,1000,ATSA,2,3617,1000334,1000000,2551,71.109,rand_lt_st,continuous,seed,False,40,0.2,4,10,-5.0,5.0,be99d56,2026-07-16T12:15:31+00:00,1.3999,714552,71422,285742,268071,89317,0
ta66,50,20,1000,ATSA,3,3442,1000078,1000000,2551,72.634,rand_lt_st,continuous,seed,False,40,0.2,4,10,-5.0,5.0,be99d56,2026-07-16T12:15:32+00:00,1.4001,714250,71333,285788,267890,89239,0
ta66,50,20,1000,ATSA,4,3465,1000048,1000000,2546,74.606,rand_lt_st,continuous,seed,False,40,0.2,4,10,-5.0,5.0,be99d56,2026-07-16T12:15:34+00:00,1.4006,714003,71277,286005,267645,89076,0
ta66,50,20,1000,ATSA,5,3475,1000172,1000000,2550,70.432,rand_lt_st,continuous,seed,False,40,0.2,4,10,-5.0,5.0,be99d56,2026-07-16T12:15:30+00:00,1.3998,714475,71525,285657,267759,89534,0
ta66,50,20,1000,ATSA,6,3450,1000275,1000000,2557,74.445,rand_lt_st,continuous,seed,False,40,0.2,4,10,-5.0,5.0,be99d56,2026-07-16T12:15:34+00:00,1.4006,714168,71286,286067,267599,89216,0
ta66,50,20,1000,ATSA,7,3404,1000274,1000000,2548,74.238,rand_lt_st,continuous,seed,False,40,0.2,4,10,-5.0,5.0,be99d56,2026-07-16T12:15:34+00:00,1.4007,714099,71446,286135,266934,89584,0
ta66,50,20,1000,ATSA,8,3516,1000042,1000000,2555,70.964,rand_lt_st,continuous,seed,False,40,0.2,4,10,-5.0,5.0,be99d56,2026-07-16T12:15:31+00:00,1.3997,714455,71145,285547,268282,89481,0
ta66,50,20,1000,ATSA,9,3688,1000157,1000000,2551,75.331,rand_lt_st,continuous,seed,False,40,0.2,4,10,-5.0,5.0,be99d56,2026-07-16T12:15:35+00:00,1.4,714367,71412,285750,267820,89385,0
ta66,50,20,1000,ATSA,10,3474,1000171,1000000,2549,74.699,rand_lt_st,continuous,seed,False,40,0.2,4,10,-5.0,5.0,be99d56,2026-07-16T12:15:34+00:00,1.4005,714101,71515,286030,267388,89168,0
ta66,50,20,1000,ATSA,11,3487,1000117,1000000,2553,74.881,rand_lt_st,continuous,seed,False,40,0.2,4,10,-5.0,5.0,be99d56,2026-07-16T12:15:34+00:00,1.3998,714418,71048,285659,267847,89864,0
ta66,50,20,1000,ATSA,12,3568,1000363,1000000,2557,74.924,rand_lt_st,continuous,seed,False,40,0.2,4,10,-5.0,5.0,be99d56,2026-07-16T12:15:34+00:00,1.4001,714456,71066,285867,268219,89304,0
ta66,50,20,1000,ATSA,13,3390,1000190,1000000,2549,74.773,rand_lt_st,continuous,seed,False,40,0.2,4,10,-5.0,5.0,be99d56,2026-07-16T12:15:34+00:00,1.3995,714661,71337,285489,268229,89606,0
ta66,50,20,1000,ATSA,14,3691,1000302,1000000,2550,75.011,rand_lt_st,continuous,seed,False,40,0.2,4,10,-5.0,5.0,be99d56,2026-07-16T12:15:35+00:00,1.3998,714587,71271,285675,268548,89093,0
ta66,50,20,1000,ATSA,15,3528,1000371,1000000,2553,75.171,rand_lt_st,continuous,seed,False,40,0.2,4,10,-5.0,5.0,be99d56,2026-07-16T12:15:35+00:00,1.3993,714859,72042,285472,267927,89418,0
ta66,50,20,1000,ATSA,16,3456,1000126,1000000,2550,74.295,rand_lt_st,continuous,seed,False,40,0.2,4,10,-5.0,5.0,be99d56,2026-07-16T12:15:34+00:00,1.4012,713713,71262,286373,267045,89033,0
ta66,50,20,1000,ATSA,17,3503,1000067,1000000,2549,74.743,rand_lt_st,continuous,seed,False,40,0.2,4,10,-5.0,5.0,be99d56,2026-07-16T12:15:34+00:00,1.4001,714253,71191,285774,268585,88703,0
ta66,50,20,1000,ATSA,18,3384,1000236,1000000,2553,74.144,rand_lt_st,continuous,seed,False,40,0.2,4,10,-5.0,5.0,be99d56,2026-07-16T12:15:34+00:00,1.4,714403,71726,285793,267740,89144,0
ta66,50,20,1000,ATSA,19,3475,1000359,1000000,2554,74.313,rand_lt_st,continuous,seed,False,40,0.2,4,10,-5.0,5.0,be99d56,2026-07-16T12:15:34+00:00,1.4001,714477,71879,285842,267639,89117,0
ta67,50,20,1000,ATSA,0,3550,1000212,1000000,2558,75.279,rand_lt_st,continuous,seed,False,40,0.2,4,10,-5.0,5.0,be99d56,2026-07-16T12:16:50+00:00,1.3994,714736,71520,285436,268617,89163,0
ta67,50,20,1000,ATSA,1,3701,1000065,1000000,2551,75.576,rand_lt_st,continuous,seed,False,40,0.2,4,10,-5.0,5.0,be99d56,2026-07-16T12:16:50+00:00,1.3994,714594,71737,285431,267938,89488,0
ta67,50,20,1000,ATSA,2,3385,1000334,1000000,2551,75.47,rand_lt_st,continuous,seed,False,40,0.2,4,10,-5.0,5.0,be99d56,2026-07-16T12:16:50+00:00,1.3999,714552,71422,285742,268071,89317,0
ta67,50,20,1000,ATSA,3,3596,1000078,1000000,2551,75.658,rand_lt_st,continuous,seed,False,40,0.2,4,10,-5.0,5.0,be99d56,2026-07-16T12:16:51+00:00,1.4001,714250,71333,285788,267890,89239,0
ta67,50,20,1000,ATSA,4,3527,1000048,1000000,2546,71.896,rand_lt_st,continuous,seed,False,40,0.2,4,10,-5.0,5.0,be99d56,2026-07-16T12:16:47+00:00,1.4006,714003,71277,286005,267645,89076,0
ta67,50,20,1000,ATSA,5,3651,1000172,1000000,2550,75.432,rand_lt_st,continuous,seed,False,40,0.2,4,10,-5.0,5.0,be99d56,2026-07-16T12:16:50+00:00,1.3998,714475,71525,285657,267759,89534,0
ta67,50,20,1000,ATSA,6,3381,1000275,1000000,2557,75.612,rand_lt_st,continuous,seed,False,40,0.2,4,10,-5.0,5.0,be99d56,2026-07-16T12:16:51+00:00,1.4006,714168,71286,286067,267599,89216,0
ta67,50,20,1000,ATSA,7,3642,1000274,1000000,2548,75.873,rand_lt_st,continuous,seed,False,40,0.2,4,10,-5.0,5.0,be99d56,2026-07-16T12:16:51+00:00,1.4007,714099,71446,286135,266934,89584,0
ta67,50,20,1000,ATSA,8,3468,1000042,1000000,2555,71.875,rand_lt_st,continuous,seed,False,40,0.2,4,10,-5.0,5.0,be99d56,2026-07-16T12:16:47+00:00,1.3997,714455,71145,285547,268282,89481,0
ta67,50,20,1000,ATSA,9,3518,1000157,1000000,2551,75.254,rand_lt_st,continuous,seed,False,40,0.2,4,10,-5.0,5.0,be99d56,2026-07-16T12:16:50+00:00,1.4,714367,71412,285750,267820,89385,0
ta67,50,20,1000,ATSA,10,3717,1000171,1000000,2549,75.241,rand_lt_st,continuous,seed,False,40,0.2,4,10,-5.0,5.0,be99d56,2026-07-16T12:16:50+00:00,1.4005,714101,71515,286030,267388,89168,0
ta67,50,20,1000,ATSA,11,3611,1000117,1000000,2553,75.17,rand_lt_st,continuous,seed,False,40,0.2,4,10,-5.0,5.0,be99d56,2026-07-16T12:16:50+00:00,1.3998,714418,71048,285659,267847,89864,0
ta67,50,20,1000,ATSA,12,3466,1000363,1000000,2557,75.306,rand_lt_st,continuous,seed,False,40,0.2,4,10,-5.0,5.0,be99d56,2026-07-16T12:16:50+00:00,1.4001,714456,71066,285867,268219,89304,0
ta67,50,20,1000,ATSA,13,3614,1000190,1000000,2549,75.262,rand_lt_st,continuous,seed,False,40,0.2,4,10,-5.0,5.0,be99d56,2026-07-16T12:16:50+00:00,1.3995,714661,71337,285489,268229,89606,0
ta67,50,20,1000,ATSA,14,3574,1000302,1000000,2550,75.492,rand_lt_st,continuous,seed,False,40,0.2,4,10,-5.0,5.0,be99d56,2026-07-16T12:16:50+00:00,1.3998,714587,71271,285675,268548,89093,0
ta67,50,20,1000,ATSA,15,3508,1000371,1000000,2553,72.641,rand_lt_st,continuous,seed,False,40,0.2,4,10,-5.0,5.0,be99d56,2026-07-16T12:16:48+00:00,1.3993,714859,72042,285472,267927,89418,0
ta67,50,20,1000,ATSA,16,3456,1000126,1000000,2550,72.329,rand_lt_st,continuous,seed,False,40,0.2,4,10,-5.0,5.0,be99d56,2026-07-16T12:16:47+00:00,1.4012,713713,71262,286373,267045,89033,0
ta67,50,20,1000,ATSA,17,3566,1000067,1000000,2549,75.383,rand_lt_st,continuous,seed,False,40,0.2,4,10,-5.0,5.0,be99d56,2026-07-16T12:16:50+00:00,1.4001,714253,71191,285774,268585,88703,0
ta67,50,20,1000,ATSA,18,3611,1000236,1000000,2553,72.411,rand_lt_st,continuous,seed,False,40,0.2,4,10,-5.0,5.0,be99d56,2026-07-16T12:16:47+00:00,1.4,714403,71726,285793,267740,89144,0
ta67,50,20,1000,ATSA,19,3442,1000359,1000000,2554,75.666,rand_lt_st,continuous,seed,False,40,0.2,4,10,-5.0,5.0,be99d56,2026-07-16T12:16:51+00:00,1.4001,714477,71879,285842,267639,89117,0
ta68,50,20,1000,ATSA,0,3419,1000212,1000000,2558,72.261,rand_lt_st,continuous,seed,False,40,0.2,4,10,-5.0,5.0,be99d56,2026-07-16T12:18:03+00:00,1.3994,714736,71520,285436,268617,89163,0
ta68,50,20,1000,ATSA,1,3282,1000065,1000000,2551,76.003,rand_lt_st,continuous,seed,False,40,0.2,4,10,-5.0,5.0,be99d56,2026-07-16T12:18:07+00:00,1.3994,714594,71737,285431,267938,89488,0
ta68,50,20,1000,ATSA,2,3504,1000334,1000000,2551,76.466,rand_lt_st,continuous,seed,False,40,0.2,4,10,-5.0,5.0,be99d56,2026-07-16T12:18:07+00:00,1.3999,714552,71422,285742,268071,89317,0
ta68,50,20,1000,ATSA,3,3459,1000078,1000000,2551,76.751,rand_lt_st,continuous,seed,False,40,0.2,4,10,-5.0,5.0,be99d56,2026-07-16T12:18:08+00:00,1.4001,714250,71333,285788,267890,89239,0
ta68,50,20,1000,ATSA,4,3318,1000048,1000000,2546,73.054,rand_lt_st,continuous,seed,False,40,0.2,4,10,-5.0,5.0,be99d56,2026-07-16T12:18:04+00:00,1.4006,714003,71277,286005,267645,89076,0
ta68,50,20,1000,ATSA,5,3380,1000172,1000000,2550,72.867,rand_lt_st,continuous,seed,False,40,0.2,4,10,-5.0,5.0,be99d56,2026-07-16T12:18:04+00:00,1.3998,714475,71525,285657,267759,89534,0
ta68,50,20,1000,ATSA,6,3350,1000275,1000000,2557,75.88,rand_lt_st,continuous,seed,False,40,0.2,4,10,-5.0,5.0,be99d56,2026-07-16T12:18:07+00:00,1.4006,714168,71286,286067,267599,89216,0
ta68,50,20,1000,ATSA,7,3578,1000274,1000000,2548,75.944,rand_lt_st,continuous,seed,False,40,0.2,4,10,-5.0,5.0,be99d56,2026-07-16T12:18:07+00:00,1.4007,714099,71446,286135,266934,89584,0
ta68,50,20,1000,ATSA,8,3445,1000042,1000000,2555,76.246,rand_lt_st,continuous,seed,False,40,0.2,4,10,-5.0,5.0,be99d56,2026-07-16T12:18:07+00:00,1.3997,714455,71145,285547,268282,89481,0
ta68,50,20,1000,ATSA,9,3381,1000157,1000000,2551,73.376,rand_lt_st,continuous,seed,False,40,0.2,4,10,-5.0,5.0,be99d56,2026-07-16T12:18:04+00:00,1.4,714367,71412,285750,267820,89385,0
ta68,50,20,1000,ATSA,10,3338,1000171,1000000,2549,76.109,rand_lt_st,continuous,seed,False,40,0.2,4,10,-5.0,5.0,be99d56,2026-07-16T12:18:07+00:00,1.4005,714101,71515,286030,267388,89168,0
ta68,50,20,1000,ATSA,11,3313,1000117,1000000,2553,76.374,rand_lt_st,continuous,seed,False,40,0.2,4,10,-5.0,5.0,be99d56,2026-07-16T12:18:07+00:00,1.3998,714418,71048,285659,267847,89864,0
ta68,50,20,1000,ATSA,12,3313,1000363,1000000,2557,76.66,rand_lt_st,continuous,seed,False,40,0.2,4,10,-5.0,5.0,be99d56,2026-07-16T12:18:07+00:00,1.4001,714456,71066,285867,268219,89304,0
ta68,50,20,1000,ATSA,13,3475,1000190,1000000,2549,72.938,rand_lt_st,continuous,seed,False,40,0.2,4,10,-5.0,5.0,be99d56,2026-07-16T12:18:04+00:00,1.3995,714661,71337,285489,268229,89606,0
ta68,50,20,1000,ATSA,14,3490,1000302,1000000,2550,74.03,rand_lt_st,continuous,seed,False,40,0.2,4,10,-5.0,5.0,be99d56,2026-07-16T12:18:05+00:00,1.3998,714587,71271,285675,268548,89093,0
ta68,50,20,1000,ATSA,15,3336,1000371,1000000,2553,76.314,rand_lt_st,continuous,seed,False,40,0.2,4,10,-5.0,5.0,be99d56,2026-07-16T12:18:07+00:00,1.3993,714859,72042,285472,267927,89418,0
ta68,50,20,1000,ATSA,16,3398,1000126,1000000,2550,76.278,rand_lt_st,continuous,seed,False,40,0.2,4,10,-5.0,5.0,be99d56,2026-07-16T12:18:07+00:00,1.4012,713713,71262,286373,267045,89033,0
ta68,50,20,1000,ATSA,17,3479,1000067,1000000,2549,76.618,rand_lt_st,continuous,seed,False,40,0.2,4,10,-5.0,5.0,be99d56,2026-07-16T12:18:07+00:00,1.4001,714253,71191,285774,268585,88703,0
ta68,50,20,1000,ATSA,18,3447,1000236,1000000,2553,76.607,rand_lt_st,continuous,seed,False,40,0.2,4,10,-5.0,5.0,be99d56,2026-07-16T12:18:07+00:00,1.4,714403,71726,285793,267740,89144,0
ta68,50,20,1000,ATSA,19,3484,1000359,1000000,2554,76.102,rand_lt_st,continuous,seed,False,40,0.2,4,10,-5.0,5.0,be99d56,2026-07-16T12:18:07+00:00,1.4001,714477,71879,285842,267639,89117,0
ta69,50,20,1000,ATSA,0,3824,1000212,1000000,2558,75.78,rand_lt_st,continuous,seed,False,40,0.2,4,10,-5.0,5.0,be99d56,2026-07-16T12:19:23+00:00,1.3994,714736,71520,285436,268617,89163,0
ta69,50,20,1000,ATSA,1,3599,1000065,1000000,2551,76.118,rand_lt_st,continuous,seed,False,40,0.2,4,10,-5.0,5.0,be99d56,2026-07-16T12:19:24+00:00,1.3994,714594,71737,285431,267938,89488,0
ta69,50,20,1000,ATSA,2,3737,1000334,1000000,2551,73.165,rand_lt_st,continuous,seed,False,40,0.2,4,10,-5.0,5.0,be99d56,2026-07-16T12:19:21+00:00,1.3999,714552,71422,285742,268071,89317,0
ta69,50,20,1000,ATSA,3,3679,1000078,1000000,2551,77.073,rand_lt_st,continuous,seed,False,40,0.2,4,10,-5.0,5.0,be99d56,2026-07-16T12:19:25+00:00,1.4001,714250,71333,285788,267890,89239,0
ta69,50,20,1000,ATSA,4,3581,1000048,1000000,2546,72.79,rand_lt_st,continuous,seed,False,40,0.2,4,10,-5.0,5.0,be99d56,2026-07-16T12:19:20+00:00,1.4006,714003,71277,286005,267645,89076,0
ta69,50,20,1000,ATSA,5,3735,1000172,1000000,2550,74.231,rand_lt_st,continuous,seed,False,40,0.2,4,10,-5.0,5.0,be99d56,2026-07-16T12:19:22+00:00,1.3998,714475,71525,285657,267759,89534,0
ta69,50,20,1000,ATSA,6,3620,1000275,1000000,2557,72.515,rand_lt_st,continuous,seed,False,40,0.2,4,10,-5.0,5.0,be99d56,2026-07-16T12:19:20+00:00,1.4006,714168,71286,286067,267599,89216,0
ta69,50,20,1000,ATSA,7,3742,1000274,1000000,2548,76.361,rand_lt_st,continuous,seed,False,40,0.2,4,10,-5.0,5.0,be99d56,2026-07-16T12:19:24+00:00,1.4007,714099,71446,286135,266934,89584,0
ta69,50,20,1000,ATSA,8,3645,1000042,1000000,2555,76.211,rand_lt_st,continuous,seed,False,40,0.2,4,10,-5.0,5.0,be99d56,2026-07-16T12:19:24+00:00,1.3997,714455,71145,285547,268282,89481,0
ta69,50,20,1000,ATSA,9,3638,1000157,1000000,2551,76.712,rand_lt_st,continuous,seed,False,40,0.2,4,10,-5.0,5.0,be99d56,2026-07-16T12:19:24+00:00,1.4,714367,71412,285750,267820,89385,0
ta69,50,20,1000,ATSA,10,3726,1000171,1000000,2549,76.376,rand_lt_st,continuous,seed,False,40,0.2,4,10,-5.0,5.0,be99d56,2026-07-16T12:19:24+00:00,1.4005,714101,71515,286030,267388,89168,0
ta69,50,20,1000,ATSA,11,3650,1000117,1000000,2553,76.555,rand_lt_st,continuous,seed,False,40,0.2,4,10,-5.0,5.0,be99d56,2026-07-16T12:19:24+00:00,1.3998,714418,71048,285659,267847,89864,0
ta69,50,20,1000,ATSA,12,3668,1000363,1000000,2557,76.452,rand_lt_st,continuous,seed,False,40,0.2,4,10,-5.0,5.0,be99d56,2026-07-16T12:19:24+00:00,1.4001,714456,71066,285867,268219,89304,0
ta69,50,20,1000,ATSA,13,3739,1000190,1000000,2549,75.742,rand_lt_st,continuous,seed,False,40,0.2,4,10,-5.0,5.0,be99d56,2026-07-16T12:19:23+00:00,1.3995,714661,71337,285489,268229,89606,0
ta69,50,20,1000,ATSA,14,3637,1000302,1000000,2550,74.005,rand_lt_st,continuous,seed,False,40,0.2,4,10,-5.0,5.0,be99d56,2026-07-16T12:19:22+00:00,1.3998,714587,71271,285675,268548,89093,0
ta69,50,20,1000,ATSA,15,3709,1000371,1000000,2553,76.656,rand_lt_st,continuous,seed,False,40,0.2,4,10,-5.0,5.0,be99d56,2026-07-16T12:19:24+00:00,1.3993,714859,72042,285472,267927,89418,0
ta69,50,20,1000,ATSA,16,3707,1000126,1000000,2550,76.499,rand_lt_st,continuous,seed,False,40,0.2,4,10,-5.0,5.0,be99d56,2026-07-16T12:19:24+00:00,1.4012,713713,71262,286373,267045,89033,0
ta69,50,20,1000,ATSA,17,3705,1000067,1000000,2549,76.808,rand_lt_st,continuous,seed,False,40,0.2,4,10,-5.0,5.0,be99d56,2026-07-16T12:19:24+00:00,1.4001,714253,71191,285774,268585,88703,0
ta69,50,20,1000,ATSA,18,3615,1000236,1000000,2553,76.437,rand_lt_st,continuous,seed,False,40,0.2,4,10,-5.0,5.0,be99d56,2026-07-16T12:19:24+00:00,1.4,714403,71726,285793,267740,89144,0
ta69,50,20,1000,ATSA,19,3591,1000359,1000000,2554,75.801,rand_lt_st,continuous,seed,False,40,0.2,4,10,-5.0,5.0,be99d56,2026-07-16T12:19:23+00:00,1.4001,714477,71879,285842,267639,89117,0
ta70,50,20,1000,ATSA,0,3602,1000212,1000000,2558,76.304,rand_lt_st,continuous,seed,False,40,0.2,4,10,-5.0,5.0,be99d56,2026-07-16T12:20:41+00:00,1.3994,714736,71520,285436,268617,89163,0
ta70,50,20,1000,ATSA,1,3776,1000065,1000000,2551,76.135,rand_lt_st,continuous,seed,False,40,0.2,4,10,-5.0,5.0,be99d56,2026-07-16T12:20:41+00:00,1.3994,714594,71737,285431,267938,89488,0
ta70,50,20,1000,ATSA,2,3715,1000334,1000000,2551,76.948,rand_lt_st,continuous,seed,False,40,0.2,4,10,-5.0,5.0,be99d56,2026-07-16T12:20:42+00:00,1.3999,714552,71422,285742,268071,89317,0
ta70,50,20,1000,ATSA,3,3538,1000078,1000000,2551,76.646,rand_lt_st,continuous,seed,False,40,0.2,4,10,-5.0,5.0,be99d56,2026-07-16T12:20:41+00:00,1.4001,714250,71333,285788,267890,89239,0
ta70,50,20,1000,ATSA,4,3679,1000048,1000000,2546,72.234,rand_lt_st,continuous,seed,False,40,0.2,4,10,-5.0,5.0,be99d56,2026-07-16T12:20:37+00:00,1.4006,714003,71277,286005,267645,89076,0
ta70,50,20,1000,ATSA,5,3686,1000172,1000000,2550,76.295,rand_lt_st,continuous,seed,False,40,0.2,4,10,-5.0,5.0,be99d56,2026-07-16T12:20:41+00:00,1.3998,714475,71525,285657,267759,89534,0
ta70,50,20,1000,ATSA,6,3593,1000275,1000000,2557,76.901,rand_lt_st,continuous,seed,False,40,0.2,4,10,-5.0,5.0,be99d56,2026-07-16T12:20:42+00:00,1.4006,714168,71286,286067,267599,89216,0
ta70,50,20,1000,ATSA,7,3669,1000274,1000000,2548,76.345,rand_lt_st,continuous,seed,False,40,0.2,4,10,-5.0,5.0,be99d56,2026-07-16T12:20:41+00:00,1.4007,714099,71446,286135,266934,89584,0
ta70,50,20,1000,ATSA,8,3641,1000042,1000000,2555,77.089,rand_lt_st,continuous,seed,False,40,0.2,4,10,-5.0,5.0,be99d56,2026-07-16T12:20:42+00:00,1.3997,714455,71145,285547,268282,89481,0
ta70,50,20,1000,ATSA,9,3642,1000157,1000000,2551,73.276,rand_lt_st,continuous,seed,False,40,0.2,4,10,-5.0,5.0,be99d56,2026-07-16T12:20:38+00:00,1.4,714367,71412,285750,267820,89385,0
ta70,50,20,1000,ATSA,10,3733,1000171,1000000,2549,75.914,rand_lt_st,continuous,seed,False,40,0.2,4,10,-5.0,5.0,be99d56,2026-07-16T12:20:41+00:00,1.4005,714101,71515,286030,267388,89168,0
ta70,50,20,1000,ATSA,11,3606,1000117,1000000,2553,76.784,rand_lt_st,continuous,seed,False,40,0.2,4,10,-5.0,5.0,be99d56,2026-07-16T12:20:41+00:00,1.3998,714418,71048,285659,267847,89864,0
ta70,50,20,1000,ATSA,12,3779,1000363,1000000,2557,76.165,rand_lt_st,continuous,seed,False,40,0.2,4,10,-5.0,5.0,be99d56,2026-07-16T12:20:41+00:00,1.4001,714456,71066,285867,268219,89304,0
ta70,50,20,1000,ATSA,13,3572,1000190,1000000,2549,76.569,rand_lt_st,continuous,seed,False,40,0.2,4,10,-5.0,5.0,be99d56,2026-07-16T12:20:41+00:00,1.3995,714661,71337,285489,268229,89606,0
ta70,50,20,1000,ATSA,14,3596,1000302,1000000,2550,76.515,rand_lt_st,continuous,seed,False,40,0.2,4,10,-5.0,5.0,be99d56,2026-07-16T12:20:41+00:00,1.3998,714587,71271,285675,268548,89093,0
ta70,50,20,1000,ATSA,15,3792,1000371,1000000,2553,69.826,rand_lt_st,continuous,seed,False,40,0.2,4,10,-5.0,5.0,be99d56,2026-07-16T12:20:34+00:00,1.3993,714859,72042,285472,267927,89418,0
ta70,50,20,1000,ATSA,16,3640,1000126,1000000,2550,76.729,rand_lt_st,continuous,seed,False,40,0.2,4,10,-5.0,5.0,be99d56,2026-07-16T12:20:41+00:00,1.4012,713713,71262,286373,267045,89033,0
ta70,50,20,1000,ATSA,17,3678,1000067,1000000,2549,75.983,rand_lt_st,continuous,seed,False,40,0.2,4,10,-5.0,5.0,be99d56,2026-07-16T12:20:41+00:00,1.4001,714253,71191,285774,268585,88703,0
ta70,50,20,1000,ATSA,18,3682,1000236,1000000,2553,75.901,rand_lt_st,continuous,seed,False,40,0.2,4,10,-5.0,5.0,be99d56,2026-07-16T12:20:41+00:00,1.4,714403,71726,285793,267740,89144,0
ta70,50,20,1000,ATSA,19,3612,1000359,1000000,2554,72.609,rand_lt_st,continuous,seed,False,40,0.2,4,10,-5.0,5.0,be99d56,2026-07-16T12:20:37+00:00,1.4001,714477,71879,285842,267639,89117,0
ta71,100,20,2000,ATSA,0,6633,2000129,2000000,5105,363.003,rand_lt_st,continuous,seed,False,40,0.2,4,10,-5.0,5.0,be99d56,2026-07-16T12:26:45+00:00,1.3995,1429141,143236,570948,536508,178449,0
ta71,100,20,2000,ATSA,1,6427,2000122,2000000,5103,361.537,rand_lt_st,continuous,seed,False,40,0.2,4,10,-5.0,5.0,be99d56,2026-07-16T12:26:43+00:00,1.3998,1428826,142621,571256,536321,178628,0
ta71,100,20,2000,ATSA,2,6288,2000114,2000000,5103,363.011,rand_lt_st,continuous,seed,False,40,0.2,4,10,-5.0,5.0,be99d56,2026-07-16T12:26:45+00:00,1.3993,1429304,142903,570770,536909,178722,0
ta71,100,20,2000,ATSA,3,6417,2000049,2000000,5106,363.386,rand_lt_st,continuous,seed,False,40,0.2,4,10,-5.0,5.0,be99d56,2026-07-16T12:26:45+00:00,1.3995,1429063,143049,570946,536046,179022,0
ta71,100,20,2000,ATSA,4,6424,2000271,2000000,5107,361.856,rand_lt_st,continuous,seed,False,40,0.2,4,10,-5.0,5.0,be99d56,2026-07-16T12:26:44+00:00,1.3994,1429364,143140,570867,536451,178906,0
ta71,100,20,2000,ATSA,5,6353,2000339,2000000,5104,363.5,rand_lt_st,continuous,seed,False,40,0.2,4,10,-5.0,5.0,be99d56,2026-07-16T12:26:45+00:00,1.3995,1429346,143041,570953,536645,178707,0
ta71,100,20,2000,ATSA,6,6402,2000343,2000000,5104,361.798,rand_lt_st,continuous,seed,False,40,0.2,4,10,-5.0,5.0,be99d56,2026-07-16T12:26:44+00:00,1.4,1428829,142913,571474,535394,179048,0
ta71,100,20,2000,ATSA,7,6436,2000242,2000000,5106,362.455,rand_lt_st,continuous,seed,False,40,0.2,4,10,-5.0,5.0,be99d56,2026-07-16T12:26:44+00:00,1.4,1428756,142706,571446,536289,178315,0
ta71,100,20,2000,ATSA,8,6327,2000398,2000000,5103,344.482,rand_lt_st,continuous,seed,False,40,0.2,4,10,-5.0,5.0,be99d56,2026-07-16T12:26:26+00:00,1.3998,1429021,142997,571337,535769,178918,0
ta71,100,20,2000,ATSA,9,6256,2000013,2000000,5101,363.092,rand_lt_st,continuous,seed,False,40,0.2,4,10,-5.0,5.0,be99d56,2026-07-16T12:26:45+00:00,1.3997,1428856,142704,571117,536517,178518,0
ta71,100,20,2000,ATSA,10,6334,2000397,2000000,5105,361.762,rand_lt_st,continuous,seed,False,40,0.2,4,10,-5.0,5.0,be99d56,2026-07-16T12:26:44+00:00,1.4003,1428479,142541,571878,535750,178310,0
ta71,100,20,2000,ATSA,11,6474,2000269,2000000,5103,348.521,rand_lt_st,continuous,seed,False,40,0.2,4,10,-5.0,5.0,be99d56,2026-07-16T12:26:30+00:00,1.4,1428706,141968,571523,536246,178969,0
ta71,100,20,2000,ATSA,12,6326,2000105,2000000,5102,343.397,rand_lt_st,continuous,seed,False,40,0.2,4,10,-5.0,5.0,be99d56,2026-07-16T12:26:25+00:00,1.4002,1428374,142574,571691,535044,179065,0
ta71,100,20,2000,ATSA,13,6357,2000366,2000000,5099,344.416,rand_lt_st,continuous,seed,False,40,0.2,4,10,-5.0,5.0,be99d56,2026-07-16T12:26:26+00:00,1.3998,1429056,142923,571270,535960,178903,0
ta71,100,20,2000,ATSA,14,6395,2000288,2000000,5101,362.722,rand_lt_st,continuous,seed,False,40,0.2,4,10,-5.0,5.0,be99d56,2026-07-16T12:26:44+00:00,1.3995,1429222,143349,571026,535984,178863,0
ta71,100,20,2000,ATSA,15,6261,2000248,2000000,5107,362.024,rand_lt_st,continuous,seed,False,40,0.2,4,10,-5.0,5.0,be99d56,2026-07-16T12:26:44+00:00,1.3997,1429066,143042,571142,536106,178776,0
ta71,100,20,2000,ATSA,16,6463,2000173,2000000,5101,362.688,rand_lt_st,continuous,seed,False,40,0.2,4,10,-5.0,5.0,be99d56,2026-07-16T12:26:44+00:00,1.3998,1428898,142651,571235,536145,178867,0
ta71,100,20,2000,ATSA,17,6235,2000186,2000000,5099,343.345,rand_lt_st,continuous,seed,False,40,0.2,4,10,-5.0,5.0,be99d56,2026-07-16T12:26:25+00:00,1.4003,1428397,142612,571749,536097,177939,0
ta71,100,20,2000,ATSA,18,6391,2000077,2000000,5100,363.187,rand_lt_st,continuous,seed,False,40,0.2,4,10,-5.0,5.0,be99d56,2026-07-16T12:26:45+00:00,1.3999,1428698,142871,571339,535920,178568,0
ta71,100,20,2000,ATSA,19,6413,2000139,2000000,5101,362.688,rand_lt_st,continuous,seed,False,40,0.2,4,10,-5.0,5.0,be99d56,2026-07-16T12:26:44+00:00,1.4008,1427869,142557,572230,535040,178042,0
ta72,100,20,2000,ATSA,0,6009,2000129,2000000,5105,346.423,rand_lt_st,continuous,seed,False,40,0.2,4,10,-5.0,5.0,be99d56,2026-07-16T12:32:32+00:00,1.3995,1429141,143236,570948,536508,178449,0
ta72,100,20,2000,ATSA,1,6110,2000122,2000000,5103,364.172,rand_lt_st,continuous,seed,False,40,0.2,4,10,-5.0,5.0,be99d56,2026-07-16T12:32:49+00:00,1.3998,1428826,142621,571256,536321,178628,0
ta72,100,20,2000,ATSA,2,6009,2000114,2000000,5103,364.24,rand_lt_st,continuous,seed,False,40,0.2,4,10,-5.0,5.0,be99d56,2026-07-16T12:32:50+00:00,1.3993,1429304,142903,570770,536909,178722,0
ta72,100,20,2000,ATSA,3,5756,2000049,2000000,5106,363.15,rand_lt_st,continuous,seed,False,40,0.2,4,10,-5.0,5.0,be99d56,2026-07-16T12:32:48+00:00,1.3995,1429063,143049,570946,536046,179022,0
ta72,100,20,2000,ATSA,4,5978,2000271,2000000,5107,363.881,rand_lt_st,continuous,seed,False,40,0.2,4,10,-5.0,5.0,be99d56,2026-07-16T12:32:49+00:00,1.3994,1429364,143140,570867,536451,178906,0
ta72,100,20,2000,ATSA,5,5970,2000339,2000000,5104,364.136,rand_lt_st,continuous,seed,False,40,0.2,4,10,-5.0,5.0,be99d56,2026-07-16T12:32:49+00:00,1.3995,1429346,143041,570953,536645,178707,0
ta72,100,20,2000,ATSA,6,6056,2000343,2000000,5104,365.01,rand_lt_st,continuous,seed,False,40,0.2,4,10,-5.0,5.0,be99d56,2026-07-16T12:32:50+00:00,1.4,1428829,142913,571474,535394,179048,0
ta72,100,20,2000,ATSA,7,6137,2000242,2000000,5106,349.64,rand_lt_st,continuous,seed,False,40,0.2,4,10,-5.0,5.0,be99d56,2026-07-16T12:32:35+00:00,1.4,1428756,142706,571446,536289,178315,0
ta72,100,20,2000,ATSA,8,5999,2000398,2000000,5103,348.892,rand_lt_st,continuous,seed,False,40,0.2,4,10,-5.0,5.0,be99d56,2026-07-16T12:32:34+00:00,1.3998,1429021,142997,571337,535769,178918,0
ta72,100,20,2000,ATSA,9,6012,2000013,2000000,5101,363.565,rand_lt_st,continuous,seed,False,40,0.2,4,10,-5.0,5.0,be99d56,2026-07-16T12:32:49+00:00,1.3997,1428856,142704,571117,536517,178518,0
ta72,100,20,2000,ATSA,10,5889,2000397,2000000,5105,362.786,rand_lt_st,continuous,seed,False,40,0.2,4,10,-5.0,5.0,be99d56,2026-07-16T12:32:48+00:00,1.4003,1428479,142541,571878,535750,178310,0
ta72,100,20,2000,ATSA,11,5875,2000269,2000000,5103,364.233,rand_lt_st,continuous,seed,False,40,0.2,4,10,-5.0,5.0,be99d56,2026-07-16T12:32:50+00:00,1.4,1428706,141968,571523,536246,178969,0
ta72,100,20,2000,ATSA,12,5794,2000105,2000000,5102,364.792,rand_lt_st,continuous,seed,False,40,0.2,4,10,-5.0,5.0,be99d56,2026-07-16T12:32:50+00:00,1.4002,1428374,142574,571691,535044,179065,0
ta72,100,20,2000,ATSA,13,5881,2000366,2000000,5099,363.326,rand_lt_st,continuous,seed,False,40,0.2,4,10,-5.0,5.0,be99d56,2026-07-16T12:32:49+00:00,1.3998,1429056,142923,571270,535960,178903,0
ta72,100,20,2000,ATSA,14,6030,2000288,2000000,5101,364.58,rand_lt_st,continuous,seed,False,40,0.2,4,10,-5.0,5.0,be99d56,2026-07-16T12:32:50+00:00,1.3995,1429222,143349,571026,535984,178863,0
ta72,100,20,2000,ATSA,15,5909,2000248,2000000,5107,363.334,rand_lt_st,continuous,seed,False,40,0.2,4,10,-5.0,5.0,be99d56,2026-07-16T12:32:49+00:00,1.3997,1429066,143042,571142,536106,178776,0
ta72,100,20,2000,ATSA,16,5954,2000173,2000000,5101,347.374,rand_lt_st,continuous,seed,False,40,0.2,4,10,-5.0,5.0,be99d56,2026-07-16T12:32:33+00:00,1.3998,1428898,142651,571235,536145,178867,0
ta72,100,20,2000,ATSA,17,5876,2000186,2000000,5099,363.172,rand_lt_st,continuous,seed,False,40,0.2,4,10,-5.0,5.0,be99d56,2026-07-16T12:32:48+00:00,1.4003,1428397,142612,571749,536097,177939,0
ta72,100,20,2000,ATSA,18,5929,2000077,2000000,5100,349.801,rand_lt_st,continuous,seed,False,40,0.2,4,10,-5.0,5.0,be99d56,2026-07-16T12:32:35+00:00,1.3999,1428698,142871,571339,535920,178568,0
ta72,100,20,2000,ATSA,19,5974,2000139,2000000,5101,349.496,rand_lt_st,continuous,seed,False,40,0.2,4,10,-5.0,5.0,be99d56,2026-07-16T12:32:35+00:00,1.4008,1427869,142557,572230,535040,178042,0
ta73,100,20,2000,ATSA,0,6554,2000129,2000000,5105,359.382,rand_lt_st,continuous,seed,False,40,0.2,4,10,-5.0,5.0,be99d56,2026-07-16T12:38:50+00:00,1.3995,1429141,143236,570948,536508,178449,0
ta73,100,20,2000,ATSA,1,6597,2000122,2000000,5103,359.981,rand_lt_st,continuous,seed,False,40,0.2,4,10,-5.0,5.0,be99d56,2026-07-16T12:38:50+00:00,1.3998,1428826,142621,571256,536321,178628,0
ta73,100,20,2000,ATSA,2,6674,2000114,2000000,5103,343.529,rand_lt_st,continuous,seed,False,40,0.2,4,10,-5.0,5.0,be99d56,2026-07-16T12:38:34+00:00,1.3993,1429304,142903,570770,536909,178722,0
ta73,100,20,2000,ATSA,3,6765,2000049,2000000,5106,359.421,rand_lt_st,continuous,seed,False,40,0.2,4,10,-5.0,5.0,be99d56,2026-07-16T12:38:50+00:00,1.3995,1429063,143049,570946,536046,179022,0
ta73,100,20,2000,ATSA,4,6507,2000271,2000000,5107,358.95,rand_lt_st,continuous,seed,False,40,0.2,4,10,-5.0,5.0,be99d56,2026-07-16T12:38:49+00:00,1.3994,1429364,143140,570867,536451,178906,0
ta73,100,20,2000,ATSA,5,6541,2000339,2000000,5104,345.901,rand_lt_st,continuous,seed,False,40,0.2,4,10,-5.0,5.0,be99d56,2026-07-16T12:38:36+00:00,1.3995,1429346,143041,570953,536645,178707,0
ta73,100,20,2000,ATSA,6,6742,2000343,2000000,5104,359.696,rand_lt_st,continuous,seed,False,40,0.2,4,10,-5.0,5.0,be99d56,2026-07-16T12:38:50+00:00,1.4,1428829,142913,571474,535394,179048,0
ta73,100,20,2000,ATSA,7,6498,2000242,2000000,5106,341.931,rand_lt_st,continuous,seed,False,40,0.2,4,10,-5.0,5.0,be99d56,2026-07-16T12:38:32+00:00,1.4,1428756,142706,571446,536289,178315,0
ta73,100,20,2000,ATSA,8,6663,2000398,2000000,5103,345.015,rand_lt_st,continuous,seed,False,40,0.2,4,10,-5.0,5.0,be99d56,2026-07-16T12:38:35+00:00,1.3998,1429021,142997,571337,535769,178918,0
ta73,100,20,2000,ATSA,9,6516,2000013,2000000,5101,361.986,rand_lt_st,continuous,seed,False,40,0.2,4,10,-5.0,5.0,be99d56,2026-07-16T12:38:52+00:00,1.3997,1428856,142704,571117,536517,178518,0
ta73,100,20,2000,ATSA,10,6474,2000397,2000000,5105,359.289,rand_lt_st,continuous,seed,False,40,0.2,4,10,-5.0,5.0,be99d56,2026-07-16T12:38:50+00:00,1.4003,1428479,142541,571878,535750,178310,0
ta73,100,20,2000,ATSA,11,6402,2000269,2000000,5103,360.097,rand_lt_st,continuous,seed,False,40,0.2,4,10,-5.0,5.0,be99d56,2026-07-16T12:38:50+00:00,1.4,1428706,141968,571523,536246,178969,0
ta73,100,20,2000,ATSA,12,6390,2000105,2000000,5102,359.812,rand_lt_st,continuous,seed,False,40,0.2,4,10,-5.0,5.0,be99d56,2026-07-16T12:38:50+00:00,1.4002,1428374,142574,571691,535044,179065,0
ta73,100,20,2000,ATSA,13,6678,2000366,2000000,5099,360.123,rand_lt_st,continuous,seed,False,40,0.2,4,10,-5.0,5.0,be99d56,2026-07-16T12:38:51+00:00,1.3998,1429056,142923,571270,535960,178903,0
ta73,100,20,2000,ATSA,14,6465,2000288,2000000,5101,359.882,rand_lt_st,continuous,seed,False,40,0.2,4,10,-5.0,5.0,be99d56,2026-07-16T12:38:50+00:00,1.3995,1429222,143349,571026,535984,178863,0
ta73,100,20,2000,ATSA,15,6439,2000248,2000000,5107,359.091,rand_lt_st,continuous,seed,False,40,0.2,4,10,-5.0,5.0,be99d56,2026-07-16T12:38:49+00:00,1.3997,1429066,143042,571142,536106,178776,0
ta73,100,20,2000,ATSA,16,6545,2000173,2000000,5101,358.771,rand_lt_st,continuous,seed,False,40,0.2,4,10,-5.0,5.0,be99d56,2026-07-16T12:38:49+00:00,1.3998,1428898,142651,571235,536145,178867,0
ta73,100,20,2000,ATSA,17,6562,2000186,2000000,5099,359.334,rand_lt_st,continuous,seed,False,40,0.2,4,10,-5.0,5.0,be99d56,2026-07-16T12:38:50+00:00,1.4003,1428397,142612,571749,536097,177939,0
ta73,100,20,2000,ATSA,18,6550,2000077,2000000,5100,359.815,rand_lt_st,continuous,seed,False,40,0.2,4,10,-5.0,5.0,be99d56,2026-07-16T12:38:50+00:00,1.3999,1428698,142871,571339,535920,178568,0
ta73,100,20,2000,ATSA,19,6433,2000139,2000000,5101,347.023,rand_lt_st,continuous,seed,False,40,0.2,4,10,-5.0,5.0,be99d56,2026-07-16T12:38:37+00:00,1.4008,1427869,142557,572230,535040,178042,0
ta74,100,20,2000,ATSA,0,5991,2000129,2000000,5105,362.942,rand_lt_st,continuous,seed,False,40,0.2,4,10,-5.0,5.0,be99d56,2026-07-16T12:44:55+00:00,1.3995,1429141,143236,570948,536508,178449,0
ta74,100,20,2000,ATSA,1,5977,2000122,2000000,5103,364.022,rand_lt_st,continuous,seed,False,40,0.2,4,10,-5.0,5.0,be99d56,2026-07-16T12:44:56+00:00,1.3998,1428826,142621,571256,536321,178628,0
ta74,100,20,2000,ATSA,2,5831,2000114,2000000,5103,364.536,rand_lt_st,continuous,seed,False,40,0.2,4,10,-5.0,5.0,be99d56,2026-07-16T12:44:57+00:00,1.3993,1429304,142903,570770,536909,178722,0
ta74,100,20,2000,ATSA,3,5936,2000049,2000000,5106,346.557,rand_lt_st,continuous,seed,False,40,0.2,4,10,-5.0,5.0,be99d56,2026-07-16T12:44:39+00:00,1.3995,1429063,143049,570946,536046,179022,0
ta74,100,20,2000,ATSA,4,5887,2000271,2000000,5107,364.457,rand_lt_st,continuous,seed,False,40,0.2,4,10,-5.0,5.0,be99d56,2026-07-16T12:44:57+00:00,1.3994,1429364,143140,570867,536451,178906,0
ta74,100,20,2000,ATSA,5,6064,2000339,2000000,5104,363.841,rand_lt_st,continuous,seed,False,40,0.2,4,10,-5.0,5.0,be99d56,2026-07-16T12:44:56+00:00,1.3995,1429346,143041,570953,536645,178707,0
ta74,100,20,2000,ATSA,6,6077,2000343,2000000,5104,364.924,rand_lt_st,continuous,seed,False,40,0.2,4,10,-5.0,5.0,be99d56,2026-07-16T12:44:57+00:00,1.4,1428829,142913,571474,535394,179048,0
ta74,100,20,2000,ATSA,7,5877,2000242,2000000,5106,350.835,rand_lt_st,continuous,seed,False,40,0.2,4,10,-5.0,5.0,be99d56,2026-07-16T12:44:43+00:00,1.4,1428756,142706,571446,536289,178315,0
ta74,100,20,2000,ATSA,8,5966,2000398,2000000,5103,364.037,rand_lt_st,continuous,seed,False,40,0.2,4,10,-5.0,5.0,be99d56,2026-07-16T12:44:56+00:00,1.3998,1429021,142997,571337,535769,178918,0
ta74,100,20,2000,ATSA,9,5980,2000013,2000000,5101,363.242,rand_lt_st,continuous,seed,False,40,0.2,4,10,-5.0,5.0,be99d56,2026-07-16T12:44:56+00:00,1.3997,1428856,142704,571117,536517,178518,0
ta74,100,20,2000,ATSA,10,5931,2000397,2000000,5105,346.877,rand_lt_st,continuous,seed,False,40,0.2,4,10,-5.0,5.0,be99d56,2026-07-16T12:44:39+00:00,1.4003,1428479,142541,571878,535750,178310,0
ta74,100,20,2000,ATSA,11,5931,2000269,2000000,5103,363.423,rand_lt_st,continuous,seed,False,40,0.2,4,10,-5.0,5.0,be99d56,2026-07-16T12:44:56+00:00,1.4,1428706,141968,571523,536246,178969,0
ta74,100,20,2000,ATSA,12,5894,2000105,2000000,5102,364.194,rand_lt_st,continuous,seed,False,40,0.2,4,10,-5.0,5.0,be99d56,2026-07-16T12:44:57+00:00,1.4002,1428374,142574,571691,535044,179065,0
ta74,100,20,2000,ATSA,13,5870,2000366,2000000,5099,364.04,rand_lt_st,continuous,seed,False,40,0.2,4,10,-5.0,5.0,be99d56,2026-07-16T12:44:56+00:00,1.3998,1429056,142923,571270,535960,178903,0
ta74,100,20,2000,ATSA,14,5964,2000288,2000000,5101,363.639,rand_lt_st,continuous,seed,False,40,0.2,4,10,-5.0,5.0,be99d56,2026-07-16T12:44:56+00:00,1.3995,1429222,143349,571026,535984,178863,0
ta74,100,20,2000,ATSA,15,6010,2000248,2000000,5107,363.935,rand_lt_st,continuous,seed,False,40,0.2,4,10,-5.0,5.0,be99d56,2026-07-16T12:44:56+00:00,1.3997,1429066,143042,571142,536106,178776,0
ta74,100,20,2000,ATSA,16,6065,2000173,2000000,5101,351.551,rand_lt_st,continuous,seed,False,40,0.2,4,10,-5.0,5.0,be99d56,2026-07-16T12:44:44+00:00,1.3998,1428898,142651,571235,536145,178867,0
ta74,100,20,2000,ATSA,17,6079,2000186,2000000,5099,349.165,rand_lt_st,continuous,seed,False,40,0.2,4,10,-5.0,5.0,be99d56,2026-07-16T12:44:42+00:00,1.4003,1428397,142612,571749,536097,177939,0
ta74,100,20,2000,ATSA,18,6006,2000077,2000000,5100,364.756,rand_lt_st,continuous,seed,False,40,0.2,4,10,-5.0,5.0,be99d56,2026-07-16T12:44:57+00:00,1.3999,1428698,142871,571339,535920,178568,0
ta74,100,20,2000,ATSA,19,6079,2000139,2000000,5101,347.015,rand_lt_st,continuous,seed,False,40,0.2,4,10,-5.0,5.0,be99d56,2026-07-16T12:44:39+00:00,1.4008,1427869,142557,572230,535040,178042,0
ta75,100,20,2000,ATSA,0,6260,2000129,2000000,5105,361.106,rand_lt_st,continuous,seed,False,40,0.2,4,10,-5.0,5.0,be99d56,2026-07-16T12:50:58+00:00,1.3995,1429141,143236,570948,536508,178449,0
ta75,100,20,2000,ATSA,1,6193,2000122,2000000,5103,361.442,rand_lt_st,continuous,seed,False,40,0.2,4,10,-5.0,5.0,be99d56,2026-07-16T12:50:59+00:00,1.3998,1428826,142621,571256,536321,178628,0
ta75,100,20,2000,ATSA,2,6126,2000114,2000000,5103,360.925,rand_lt_st,continuous,seed,False,40,0.2,4,10,-5.0,5.0,be99d56,2026-07-16T12:50:58+00:00,1.3993,1429304,142903,570770,536909,178722,0
ta75,100,20,2000,ATSA,3,6417,2000049,2000000,5106,344.753,rand_lt_st,continuous,seed,False,40,0.2,4,10,-5.0,5.0,be99d56,2026-07-16T12:50:42+00:00,1.3995,1429063,143049,570946,536046,179022,0
ta75,100,20,2000,ATSA,4,6309,2000271,2000000,5107,341.968,rand_lt_st,continuous,seed,False,40,0.2,4,10,-5.0,5.0,be99d56,2026-07-16T12:50:39+00:00,1.3994,1429364,143140,570867,536451,178906,0
ta75,100,20,2000,ATSA,5,6407,2000339,2000000,5104,361.095,rand_lt_st,continuous,seed,False,40,0.2,4,10,-5.0,5.0,be99d56,2026-07-16T12:50:58+00:00,1.3995,1429346,143041,570953,536645,178707,0
ta75,100,20,2000,ATSA,6,6212,2000343,2000000,5104,360.096,rand_lt_st,continuous,seed,False,40,0.2,4,10,-5.0,5.0,be99d56,2026-07-16T12:50:57+00:00,1.4,1428829,142913,571474,535394,179048,0
ta75,100,20,2000,ATSA,7,6360,2000242,2000000,5106,360.683,rand_lt_st,continuous,seed,False,40,0.2,4,10,-5.0,5.0,be99d56,2026-07-16T12:50:58+00:00,1.4,1428756,142706,571446,536289,178315,0
ta75,100,20,2000,ATSA,8,6231,2000398,2000000,5103,359.356,rand_lt_st,continuous,seed,False,40,0.2,4,10,-5.0,5.0,be99d56,2026-07-16T12:50:57+00:00,1.3998,1429021,142997,571337,535769,178918,0
ta75,100,20,2000,ATSA,9,6248,2000013,2000000,5101,360.748,rand_lt_st,continuous,seed,False,40,0.2,4,10,-5.0,5.0,be99d56,2026-07-16T12:50:58+00:00,1.3997,1428856,142704,571117,536517,178518,0
ta75,100,20,2000,ATSA,10,6329,2000397,2000000,5105,343.951,rand_lt_st,continuous,seed,False,40,0.2,4,10,-5.0,5.0,be99d56,2026-07-16T12:50:41+00:00,1.4003,1428479,142541,571878,535750,178310,0
ta75,100,20,2000,ATSA,11,6287,2000269,2000000,5103,360.514,rand_lt_st,continuous,seed,False,40,0.2,4,10,-5.0,5.0,be99d56,2026-07-16T12:50:58+00:00,1.4,1428706,141968,571523,536246,178969,0
ta75,100,20,2000,ATSA,12,6409,2000105,2000000,5102,361.126,rand_lt_st,continuous,seed,False,40,0.2,4,10,-5.0,5.0,be99d56,2026-07-16T12:50:59+00:00,1.4002,1428374,142574,571691,535044,179065,0
ta75,100,20,2000,ATSA,13,6446,2000366,2000000,5099,361.701,rand_lt_st,continuous,seed,False,40,0.2,4,10,-5.0,5.0,be99d56,2026-07-16T12:50:59+00:00,1.3998,1429056,142923,571270,535960,178903,0
ta75,100,20,2000,ATSA,14,6456,2000288,2000000,5101,361.376,rand_lt_st,continuous,seed,False,40,0.2,4,10,-5.0,5.0,be99d56,2026-07-16T12:50:59+00:00,1.3995,1429222,143349,571026,535984,178863,0
ta75,100,20,2000,ATSA,15,6193,2000248,2000000,5107,361.397,rand_lt_st,continuous,seed,False,40,0.2,4,10,-5.0,5.0,be99d56,2026-07-16T12:50:59+00:00,1.3997,1429066,143042,571142,536106,178776,0
ta75,100,20,2000,ATSA,16,6295,2000173,2000000,5101,363.19,rand_lt_st,continuous,seed,False,40,0.2,4,10,-5.0,5.0,be99d56,2026-07-16T12:51:01+00:00,1.3998,1428898,142651,571235,536145,178867,0
ta75,100,20,2000,ATSA,17,6311,2000186,2000000,5099,361.146,rand_lt_st,continuous,seed,False,40,0.2,4,10,-5.0,5.0,be99d56,2026-07-16T12:50:59+00:00,1.4003,1428397,142612,571749,536097,177939,0
ta75,100,20,2000,ATSA,18,6421,2000077,2000000,5100,360.465,rand_lt_st,continuous,seed,False,40,0.2,4,10,-5.0,5.0,be99d56,2026-07-16T12:50:58+00:00,1.3999,1428698,142871,571339,535920,178568,0
ta75,100,20,2000,ATSA,19,6439,2000139,2000000,5101,344.24,rand_lt_st,continuous,seed,False,40,0.2,4,10,-5.0,5.0,be99d56,2026-07-16T12:50:42+00:00,1.4008,1427869,142557,572230,535040,178042,0
ta76,100,20,2000,ATSA,0,6321,2000129,2000000,5105,362.802,rand_lt_st,continuous,seed,False,40,0.2,4,10,-5.0,5.0,be99d56,2026-07-16T12:57:03+00:00,1.3995,1429141,143236,570948,536508,178449,0
ta76,100,20,2000,ATSA,1,6225,2000122,2000000,5103,362.332,rand_lt_st,continuous,seed,False,40,0.2,4,10,-5.0,5.0,be99d56,2026-07-16T12:57:03+00:00,1.3998,1428826,142621,571256,536321,178628,0
ta76,100,20,2000,ATSA,2,6299,2000114,2000000,5103,362.922,rand_lt_st,continuous,seed,False,40,0.2,4,10,-5.0,5.0,be99d56,2026-07-16T12:57:04+00:00,1.3993,1429304,142903,570770,536909,178722,0
ta76,100,20,2000,ATSA,3,6148,2000049,2000000,5106,348.623,rand_lt_st,continuous,seed,False,40,0.2,4,10,-5.0,5.0,be99d56,2026-07-16T12:56:49+00:00,1.3995,1429063,143049,570946,536046,179022,0
ta76,100,20,2000,ATSA,4,6218,2000271,2000000,5107,363.059,rand_lt_st,continuous,seed,False,40,0.2,4,10,-5.0,5.0,be99d56,2026-07-16T12:57:04+00:00,1.3994,1429364,143140,570867,536451,178906,0
ta76,100,20,2000,ATSA,5,6124,2000339,2000000,5104,362.079,rand_lt_st,continuous,seed,False,40,0.2,4,10,-5.0,5.0,be99d56,2026-07-16T12:57:03+00:00,1.3995,1429346,143041,570953,536645,178707,0
ta76,100,20,2000,ATSA,6,6254,2000343,2000000,5104,362.479,rand_lt_st,continuous,seed,False,40,0.2,4,10,-5.0,5.0,be99d56,2026-07-16T12:57:03+00:00,1.4,1428829,142913,571474,535394,179048,0
ta76,100,20,2000,ATSA,7,6204,2000242,2000000,5106,343.191,rand_lt_st,continuous,seed,False,40,0.2,4,10,-5.0,5.0,be99d56,2026-07-16T12:56:44+00:00,1.4,1428756,142706,571446,536289,178315,0
ta76,100,20,2000,ATSA,8,6095,2000398,2000000,5103,361.763,rand_lt_st,continuous,seed,False,40,0.2,4,10,-5.0,5.0,be99d56,2026-07-16T12:57:02+00:00,1.3998,1429021,142997,571337,535769,178918,0
ta76,100,20,2000,ATSA,9,6335,2000013,2000000,5101,347.221,rand_lt_st,continuous,seed,False,40,0.2,4,10,-5.0,5.0,be99d56,2026-07-16T12:56:48+00:00,1.3997,1428856,142704,571117,536517,178518,0
ta76,100,20,2000,ATSA,10,6117,2000397,2000000,5105,348.128,rand_lt_st,continuous,seed,False,40,0.2,4,10,-5.0,5.0,be99d56,2026-07-16T12:56:49+00:00,1.4003,1428479,142541,571878,535750,178310,0
ta76,100,20,2000,ATSA,11,6162,2000269,2000000,5103,362.618,rand_lt_st,continuous,seed,False,40,0.2,4,10,-5.0,5.0,be99d56,2026-07-16T12:57:03+00:00,1.4,1428706,141968,571523,536246,178969,0
ta76,100,20,2000,ATSA,12,6282,2000105,2000000,5102,361.712,rand_lt_st,continuous,seed,False,40,0.2,4,10,-5.0,5.0,be99d56,2026-07-16T12:57:02+00:00,1.4002,1428374,142574,571691,535044,179065,0
ta76,100,20,2000,ATSA,13,6291,2000366,2000000,5099,361.158,rand_lt_st,continuous,seed,False,40,0.2,4,10,-5.0,5.0,be99d56,2026-07-16T12:57:02+00:00,1.3998,1429056,142923,571270,535960,178903,0
ta76,100,20,2000,ATSA,14,6147,2000288,2000000,5101,345.545,rand_lt_st,continuous,seed,False,40,0.2,4,10,-5.0,5.0,be99d56,2026-07-16T12:56:46+00:00,1.3995,1429222,143349,571026,535984,178863,0
ta76,100,20,2000,ATSA,15,6078,2000248,2000000,5107,362.738,rand_lt_st,continuous,seed,False,40,0.2,4,10,-5.0,5.0,be99d56,2026-07-16T12:57:03+00:00,1.3997,1429066,143042,571142,536106,178776,0
ta76,100,20,2000,ATSA,16,6159,2000173,2000000,5101,349.526,rand_lt_st,continuous,seed,False,40,0.2,4,10,-5.0,5.0,be99d56,2026-07-16T12:56:50+00:00,1.3998,1428898,142651,571235,536145,178867,0
ta76,100,20,2000,ATSA,17,6053,2000186,2000000,5099,362.305,rand_lt_st,continuous,seed,False,40,0.2,4,10,-5.0,5.0,be99d56,2026-07-16T12:57:03+00:00,1.4003,1428397,142612,571749,536097,177939,0
ta76,100,20,2000,ATSA,18,6271,2000077,2000000,5100,362.567,rand_lt_st,continuous,seed,False,40,0.2,4,10,-5.0,5.0,be99d56,2026-07-16T12:57:03+00:00,1.3999,1428698,142871,571339,535920,178568,0
ta76,100,20,2000,ATSA,19,6017,2000139,2000000,5101,362.576,rand_lt_st,continuous,seed,False,40,0.2,4,10,-5.0,5.0,be99d56,2026-07-16T12:57:03+00:00,1.4008,1427869,142557,572230,535040,178042,0
ta77,100,20,2000,ATSA,0,6276,2000129,2000000,5105,354.018,rand_lt_st,continuous,seed,False,40,0.2,4,10,-5.0,5.0,be99d56,2026-07-16T13:02:58+00:00,1.3995,1429141,143236,570948,536508,178449,0
ta77,100,20,2000,ATSA,1,6260,2000122,2000000,5103,354.019,rand_lt_st,continuous,seed,False,40,0.2,4,10,-5.0,5.0,be99d56,2026-07-16T13:02:58+00:00,1.3998,1428826,142621,571256,536321,178628,0
ta77,100,20,2000,ATSA,2,6132,2000114,2000000,5103,353.414,rand_lt_st,continuous,seed,False,40,0.2,4,10,-5.0,5.0,be99d56,2026-07-16T13:02:57+00:00,1.3993,1429304,142903,570770,536909,178722,0
ta77,100,20,2000,ATSA,3,6278,2000049,2000000,5106,334.489,rand_lt_st,continuous,seed,False,40,0.2,4,10,-5.0,5.0,be99d56,2026-07-16T13:02:38+00:00,1.3995,1429063,143049,570946,536046,179022,0
ta77,100,20,2000,ATSA,4,6200,2000271,2000000,5107,353.206,rand_lt_st,continuous,seed,False,40,0.2,4,10,-5.0,5.0,be99d56,2026-07-16T13:02:57+00:00,1.3994,1429364,143140,570867,536451,178906,0
ta77,100,20,2000,ATSA,5,6375,2000339,2000000,5104,352.86,rand_lt_st,continuous,seed,False,40,0.2,4,10,-5.0,5.0,be99d56,2026-07-16T13:02:57+00:00,1.3995,1429346,143041,570953,536645,178707,0
ta77,100,20,2000,ATSA,6,6162,2000343,2000000,5104,353.741,rand_lt_st,continuous,seed,False,40,0.2,4,10,-5.0,5.0,be99d56,2026-07-16T13:02:57+00:00,1.4,1428829,142913,571474,535394,179048,0
ta77,100,20,2000,ATSA,7,6289,2000242,2000000,5106,353.597,rand_lt_st,continuous,seed,False,40,0.2,4,10,-5.0,5.0,be99d56,2026-07-16T13:02:57+00:00,1.4,1428756,142706,571446,536289,178315,0
ta77,100,20,2000,ATSA,8,6197,2000398,2000000,5103,336.475,rand_lt_st,continuous,seed,False,40,0.2,4,10,-5.0,5.0,be99d56,2026-07-16T13:02:40+00:00,1.3998,1429021,142997,571337,535769,178918,0
ta77,100,20,2000,ATSA,9,6090,2000013,2000000,5101,335.988,rand_lt_st,continuous,seed,False,40,0.2,4,10,-5.0,5.0,be99d56,2026-07-16T13:02:40+00:00,1.3997,1428856,142704,571117,536517,178518,0
ta77,100,20,2000,ATSA,10,6093,2000397,2000000,5105,348.571,rand_lt_st,continuous,seed,False,40,0.2,4,10,-5.0,5.0,be99d56,2026-07-16T13:02:52+00:00,1.4003,1428479,142541,571878,535750,178310,0
ta77,100,20,2000,ATSA,11,6097,2000269,2000000,5103,353.002,rand_lt_st,continuous,seed,False,40,0.2,4,10,-5.0,5.0,be99d56,2026-07-16T13:02:57+00:00,1.4,1428706,141968,571523,536246,178969,0
ta77,100,20,2000,ATSA,12,6119,2000105,2000000,5102,335.925,rand_lt_st,continuous,seed,False,40,0.2,4,10,-5.0,5.0,be99d56,2026-07-16T13:02:40+00:00,1.4002,1428374,142574,571691,535044,179065,0
ta77,100,20,2000,ATSA,13,6286,2000366,2000000,5099,353.621,rand_lt_st,continuous,seed,False,40,0.2,4,10,-5.0,5.0,be99d56,2026-07-16T13:02:57+00:00,1.3998,1429056,142923,571270,535960,178903,0
ta77,100,20,2000,ATSA,14,6268,2000288,2000000,5101,337.041,rand_lt_st,continuous,seed,False,40,0.2,4,10,-5.0,5.0,be99d56,2026-07-16T13:02:41+00:00,1.3995,1429222,143349,571026,535984,178863,0
ta77,100,20,2000,ATSA,15,6153,2000248,2000000,5107,354.186,rand_lt_st,continuous,seed,False,40,0.2,4,10,-5.0,5.0,be99d56,2026-07-16T13:02:58+00:00,1.3997,1429066,143042,571142,536106,178776,0
ta77,100,20,2000,ATSA,16,6208,2000173,2000000,5101,353.113,rand_lt_st,continuous,seed,False,40,0.2,4,10,-5.0,5.0,be99d56,2026-07-16T13:02:57+00:00,1.3998,1428898,142651,571235,536145,178867,0
ta77,100,20,2000,ATSA,17,6233,2000186,2000000,5099,353.756,rand_lt_st,continuous,seed,False,40,0.2,4,10,-5.0,5.0,be99d56,2026-07-16T13:02:58+00:00,1.4003,1428397,142612,571749,536097,177939,0
ta77,100,20,2000,ATSA,18,6204,2000077,2000000,5100,353.251,rand_lt_st,continuous,seed,False,40,0.2,4,10,-5.0,5.0,be99d56,2026-07-16T13:02:57+00:00,1.3999,1428698,142871,571339,535920,178568,0
ta77,100,20,2000,ATSA,19,6236,2000139,2000000,5101,351.707,rand_lt_st,continuous,seed,False,40,0.2,4,10,-5.0,5.0,be99d56,2026-07-16T13:02:55+00:00,1.4008,1427869,142557,572230,535040,178042,0
ta78,100,20,2000,ATSA,0,6227,2000129,2000000,5105,340.024,rand_lt_st,continuous,seed,False,40,0.2,4,10,-5.0,5.0,be99d56,2026-07-16T13:08:38+00:00,1.3995,1429141,143236,570948,536508,178449,0
ta78,100,20,2000,ATSA,1,6113,2000122,2000000,5103,352.056,rand_lt_st,continuous,seed,False,40,0.2,4,10,-5.0,5.0,be99d56,2026-07-16T13:08:50+00:00,1.3998,1428826,142621,571256,536321,178628,0
ta78,100,20,2000,ATSA,2,6331,2000114,2000000,5103,353.491,rand_lt_st,continuous,seed,False,40,0.2,4,10,-5.0,5.0,be99d56,2026-07-16T13:08:51+00:00,1.3993,1429304,142903,570770,536909,178722,0
ta78,100,20,2000,ATSA,3,6104,2000049,2000000,5106,352.483,rand_lt_st,continuous,seed,False,40,0.2,4,10,-5.0,5.0,be99d56,2026-07-16T13:08:50+00:00,1.3995,1429063,143049,570946,536046,179022,0
ta78,100,20,2000,ATSA,4,6014,2000271,2000000,5107,353.663,rand_lt_st,continuous,seed,False,40,0.2,4,10,-5.0,5.0,be99d56,2026-07-16T13:08:52+00:00,1.3994,1429364,143140,570867,536451,178906,0
ta78,100,20,2000,ATSA,5,6177,2000339,2000000,5104,338.901,rand_lt_st,continuous,seed,False,40,0.2,4,10,-5.0,5.0,be99d56,2026-07-16T13:08:37+00:00,1.3995,1429346,143041,570953,536645,178707,0
ta78,100,20,2000,ATSA,6,6121,2000343,2000000,5104,335.493,rand_lt_st,continuous,seed,False,40,0.2,4,10,-5.0,5.0,be99d56,2026-07-16T13:08:33+00:00,1.4,1428829,142913,571474,535394,179048,0
ta78,100,20,2000,ATSA,7,6190,2000242,2000000,5106,336.691,rand_lt_st,continuous,seed,False,40,0.2,4,10,-5.0,5.0,be99d56,2026-07-16T13:08:35+00:00,1.4,1428756,142706,571446,536289,178315,0
ta78,100,20,2000,ATSA,8,6117,2000398,2000000,5103,337.708,rand_lt_st,continuous,seed,False,40,0.2,4,10,-5.0,5.0,be99d56,2026-07-16T13:08:36+00:00,1.3998,1429021,142997,571337,535769,178918,0
ta78,100,20,2000,ATSA,9,6360,2000013,2000000,5101,352.944,rand_lt_st,continuous,seed,False,40,0.2,4,10,-5.0,5.0,be99d56,2026-07-16T13:08:51+00:00,1.3997,1428856,142704,571117,536517,178518,0
ta78,100,20,2000,ATSA,10,6088,2000397,2000000,5105,348.832,rand_lt_st,continuous,seed,False,40,0.2,4,10,-5.0,5.0,be99d56,2026-07-16T13:08:47+00:00,1.4003,1428479,142541,571878,535750,178310,0
ta78,100,20,2000,ATSA,11,6068,2000269,2000000,5103,351.497,rand_lt_st,continuous,seed,False,40,0.2,4,10,-5.0,5.0,be99d56,2026-07-16T13:08:49+00:00,1.4,1428706,141968,571523,536246,178969,0
ta78,100,20,2000,ATSA,12,6260,2000105,2000000,5102,351.999,rand_lt_st,continuous,seed,False,40,0.2,4,10,-5.0,5.0,be99d56,2026-07-16T13:08:50+00:00,1.4002,1428374,142574,571691,535044,179065,0
ta78,100,20,2000,ATSA,13,6153,2000366,2000000,5099,352.334,rand_lt_st,continuous,seed,False,40,0.2,4,10,-5.0,5.0,be99d56,2026-07-16T13:08:50+00:00,1.3998,1429056,142923,571270,535960,178903,0
ta78,100,20,2000,ATSA,14,6109,2000288,2000000,5101,353.041,rand_lt_st,continuous,seed,False,40,0.2,4,10,-5.0,5.0,be99d56,2026-07-16T13:08:51+00:00,1.3995,1429222,143349,571026,535984,178863,0
ta78,100,20,2000,ATSA,15,6033,2000248,2000000,5107,351.9,rand_lt_st,continuous,seed,False,40,0.2,4,10,-5.0,5.0,be99d56,2026-07-16T13:08:50+00:00,1.3997,1429066,143042,571142,536106,178776,0
ta78,100,20,2000,ATSA,16,6227,2000173,2000000,5101,348.208,rand_lt_st,continuous,seed,False,40,0.2,4,10,-5.0,5.0,be99d56,2026-07-16T13:08:46+00:00,1.3998,1428898,142651,571235,536145,178867,0
ta78,100,20,2000,ATSA,17,6124,2000186,2000000,5099,352.628,rand_lt_st,continuous,seed,False,40,0.2,4,10,-5.0,5.0,be99d56,2026-07-16T13:08:51+00:00,1.4003,1428397,142612,571749,536097,177939,0
ta78,100,20,2000,ATSA,18,6514,2000077,2000000,5100,352.589,rand_lt_st,continuous,seed,False,40,0.2,4,10,-5.0,5.0,be99d56,2026-07-16T13:08:51+00:00,1.3999,1428698,142871,571339,535920,178568,0
ta78,100,20,2000,ATSA,19,6104,2000139,2000000,5101,352.837,rand_lt_st,continuous,seed,False,40,0.2,4,10,-5.0,5.0,be99d56,2026-07-16T13:08:51+00:00,1.4008,1427869,142557,572230,535040,178042,0
ta79,100,20,2000,ATSA,0,6005,2000129,2000000,5105,353.342,rand_lt_st,continuous,seed,False,40,0.2,4,10,-5.0,5.0,be99d56,2026-07-16T13:14:45+00:00,1.3995,1429141,143236,570948,536508,178449,0
ta79,100,20,2000,ATSA,1,5912,2000122,2000000,5103,334.887,rand_lt_st,continuous,seed,False,40,0.2,4,10,-5.0,5.0,be99d56,2026-07-16T13:14:27+00:00,1.3998,1428826,142621,571256,536321,178628,0
ta79,100,20,2000,ATSA,2,6014,2000114,2000000,5103,352.967,rand_lt_st,continuous,seed,False,40,0.2,4,10,-5.0,5.0,be99d56,2026-07-16T13:14:45+00:00,1.3993,1429304,142903,570770,536909,178722,0
ta79,100,20,2000,ATSA,3,6180,2000049,2000000,5106,353.494,rand_lt_st,continuous,seed,False,40,0.2,4,10,-5.0,5.0,be99d56,2026-07-16T13:14:45+00:00,1.3995,1429063,143049,570946,536046,179022,0
ta79,100,20,2000,ATSA,4,5905,2000271,2000000,5107,353.966,rand_lt_st,continuous,seed,False,40,0.2,4,10,-5.0,5.0,be99d56,2026-07-16T13:14:46+00:00,1.3994,1429364,143140,570867,536451,178906,0
ta79,100,20,2000,ATSA,5,6060,2000339,2000000,5104,352.534,rand_lt_st,continuous,seed,False,40,0.2,4,10,-5.0,5.0,be99d56,2026-07-16T13:14:44+00:00,1.3995,1429346,143041,570953,536645,178707,0
ta79,100,20,2000,ATSA,6,6066,2000343,2000000,5104,353.723,rand_lt_st,continuous,seed,False,40,0.2,4,10,-5.0,5.0,be99d56,2026-07-16T13:14:45+00:00,1.4,1428829,142913,571474,535394,179048,0
ta79,100,20,2000,ATSA,7,5939,2000242,2000000,5106,353.233,rand_lt_st,continuous,seed,False,40,0.2,4,10,-5.0,5.0,be99d56,2026-07-16T13:14:45+00:00,1.4,1428756,142706,571446,536289,178315,0
ta79,100,20,2000,ATSA,8,6044,2000398,2000000,5103,335.888,rand_lt_st,continuous,seed,False,40,0.2,4,10,-5.0,5.0,be99d56,2026-07-16T13:14:28+00:00,1.3998,1429021,142997,571337,535769,178918,0
ta79,100,20,2000,ATSA,9,6093,2000013,2000000,5101,352.894,rand_lt_st,continuous,seed,False,40,0.2,4,10,-5.0,5.0,be99d56,2026-07-16T13:14:45+00:00,1.3997,1428856,142704,571117,536517,178518,0
ta79,100,20,2000,ATSA,10,6063,2000397,2000000,5105,352.485,rand_lt_st,continuous,seed,False,40,0.2,4,10,-5.0,5.0,be99d56,2026-07-16T13:14:44+00:00,1.4003,1428479,142541,571878,535750,178310,0
ta79,100,20,2000,ATSA,11,6140,2000269,2000000,5103,344.343,rand_lt_st,continuous,seed,False,40,0.2,4,10,-5.0,5.0,be99d56,2026-07-16T13:14:36+00:00,1.4,1428706,141968,571523,536246,178969,0
ta79,100,20,2000,ATSA,12,6055,2000105,2000000,5102,353.548,rand_lt_st,continuous,seed,False,40,0.2,4,10,-5.0,5.0,be99d56,2026-07-16T13:14:45+00:00,1.4002,1428374,142574,571691,535044,179065,0
ta79,100,20,2000,ATSA,13,6183,2000366,2000000,5099,333.776,rand_lt_st,continuous,seed,False,40,0.2,4,10,-5.0,5.0,be99d56,2026-07-16T13:14:25+00:00,1.3998,1429056,142923,571270,535960,178903,0
ta79,100,20,2000,ATSA,14,5959,2000288,2000000,5101,352.454,rand_lt_st,continuous,seed,False,40,0.2,4,10,-5.0,5.0,be99d56,2026-07-16T13:14:44+00:00,1.3995,1429222,143349,571026,535984,178863,0
ta79,100,20,2000,ATSA,15,5887,2000248,2000000,5107,352.802,rand_lt_st,continuous,seed,False,40,0.2,4,10,-5.0,5.0,be99d56,2026-07-16T13:14:44+00:00,1.3997,1429066,143042,571142,536106,178776,0
ta79,100,20,2000,ATSA,16,5896,2000173,2000000,5101,338.076,rand_lt_st,continuous,seed,False,40,0.2,4,10,-5.0,5.0,be99d56,2026-07-16T13:14:30+00:00,1.3998,1428898,142651,571235,536145,178867,0
ta79,100,20,2000,ATSA,17,5919,2000186,2000000,5099,352.095,rand_lt_st,continuous,seed,False,40,0.2,4,10,-5.0,5.0,be99d56,2026-07-16T13:14:44+00:00,1.4003,1428397,142612,571749,536097,177939,0
ta79,100,20,2000,ATSA,18,5947,2000077,2000000,5100,337.651,rand_lt_st,continuous,seed,False,40,0.2,4,10,-5.0,5.0,be99d56,2026-07-16T13:14:29+00:00,1.3999,1428698,142871,571339,535920,178568,0
ta79,100,20,2000,ATSA,19,6119,2000139,2000000,5101,341.078,rand_lt_st,continuous,seed,False,40,0.2,4,10,-5.0,5.0,be99d56,2026-07-16T13:14:33+00:00,1.4008,1427869,142557,572230,535040,178042,0
ta80,100,20,2000,ATSA,0,6071,2000129,2000000,5105,352.547,rand_lt_st,continuous,seed,False,40,0.2,4,10,-5.0,5.0,be99d56,2026-07-16T13:20:38+00:00,1.3995,1429141,143236,570948,536508,178449,0
ta80,100,20,2000,ATSA,1,6053,2000122,2000000,5103,351.863,rand_lt_st,continuous,seed,False,40,0.2,4,10,-5.0,5.0,be99d56,2026-07-16T13:20:38+00:00,1.3998,1428826,142621,571256,536321,178628,0
ta80,100,20,2000,ATSA,2,6091,2000114,2000000,5103,338.03,rand_lt_st,continuous,seed,False,40,0.2,4,10,-5.0,5.0,be99d56,2026-07-16T13:20:24+00:00,1.3993,1429304,142903,570770,536909,178722,0
ta80,100,20,2000,ATSA,3,5991,2000049,2000000,5106,350.55,rand_lt_st,continuous,seed,False,40,0.2,4,10,-5.0,5.0,be99d56,2026-07-16T13:20:36+00:00,1.3995,1429063,143049,570946,536046,179022,0
ta80,100,20,2000,ATSA,4,6033,2000271,2000000,5107,351.231,rand_lt_st,continuous,seed,False,40,0.2,4,10,-5.0,5.0,be99d56,2026-07-16T13:20:37+00:00,1.3994,1429364,143140,570867,536451,178906,0
ta80,100,20,2000,ATSA,5,6175,2000339,2000000,5104,351.693,rand_lt_st,continuous,seed,False,40,0.2,4,10,-5.0,5.0,be99d56,2026-07-16T13:20:37+00:00,1.3995,1429346,143041,570953,536645,178707,0
ta80,100,20,2000,ATSA,6,6079,2000343,2000000,5104,336.67,rand_lt_st,continuous,seed,False,40,0.2,4,10,-5.0,5.0,be99d56,2026-07-16T13:20:22+00:00,1.4,1428829,142913,571474,535394,179048,0
ta80,100,20,2000,ATSA,7,6051,2000242,2000000,5106,337.399,rand_lt_st,continuous,seed,False,40,0.2,4,10,-5.0,5.0,be99d56,2026-07-16T13:20:23+00:00,1.4,1428756,142706,571446,536289,178315,0
ta80,100,20,2000,ATSA,8,5983,2000398,2000000,5103,351.84,rand_lt_st,continuous,seed,False,40,0.2,4,10,-5.0,5.0,be99d56,2026-07-16T13:20:38+00:00,1.3998,1429021,142997,571337,535769,178918,0
ta80,100,20,2000,ATSA,9,6034,2000013,2000000,5101,351.148,rand_lt_st,continuous,seed,False,40,0.2,4,10,-5.0,5.0,be99d56,2026-07-16T13:20:37+00:00,1.3997,1428856,142704,571117,536517,178518,0
ta80,100,20,2000,ATSA,10,6010,2000397,2000000,5105,338.175,rand_lt_st,continuous,seed,False,40,0.2,4,10,-5.0,5.0,be99d56,2026-07-16T13:20:24+00:00,1.4003,1428479,142541,571878,535750,178310,0
ta80,100,20,2000,ATSA,11,6062,2000269,2000000,5103,350.665,rand_lt_st,continuous,seed,False,40,0.2,4,10,-5.0,5.0,be99d56,2026-07-16T13:20:36+00:00,1.4,1428706,141968,571523,536246,178969,0
ta80,100,20,2000,ATSA,12,5992,2000105,2000000,5102,351.642,rand_lt_st,continuous,seed,False,40,0.2,4,10,-5.0,5.0,be99d56,2026-07-16T13:20:37+00:00,1.4002,1428374,142574,571691,535044,179065,0
ta80,100,20,2000,ATSA,13,6002,2000366,2000000,5099,340.025,rand_lt_st,continuous,seed,False,40,0.2,4,10,-5.0,5.0,be99d56,2026-07-16T13:20:26+00:00,1.3998,1429056,142923,571270,535960,178903,0
ta80,100,20,2000,ATSA,14,5963,2000288,2000000,5101,337.538,rand_lt_st,continuous,seed,False,40,0.2,4,10,-5.0,5.0,be99d56,2026-07-16T13:20:23+00:00,1.3995,1429222,143349,571026,535984,178863,0
ta80,100,20,2000,ATSA,15,6003,2000248,2000000,5107,338.815,rand_lt_st,continuous,seed,False,40,0.2,4,10,-5.0,5.0,be99d56,2026-07-16T13:20:25+00:00,1.3997,1429066,143042,571142,536106,178776,0
ta80,100,20,2000,ATSA,16,6089,2000173,2000000,5101,352.009,rand_lt_st,continuous,seed,False,40,0.2,4,10,-5.0,5.0,be99d56,2026-07-16T13:20:38+00:00,1.3998,1428898,142651,571235,536145,178867,0
ta80,100,20,2000,ATSA,17,6030,2000186,2000000,5099,336.867,rand_lt_st,continuous,seed,False,40,0.2,4,10,-5.0,5.0,be99d56,2026-07-16T13:20:23+00:00,1.4003,1428397,142612,571749,536097,177939,0
ta80,100,20,2000,ATSA,18,5983,2000077,2000000,5100,351.233,rand_lt_st,continuous,seed,False,40,0.2,4,10,-5.0,5.0,be99d56,2026-07-16T13:20:37+00:00,1.3999,1428698,142871,571339,535920,178568,0
ta80,100,20,2000,ATSA,19,5849,2000139,2000000,5101,351.009,rand_lt_st,continuous,seed,False,40,0.2,4,10,-5.0,5.0,be99d56,2026-07-16T13:20:37+00:00,1.4008,1427869,142557,572230,535040,178042,0
